[{"path":"src/main/java/Duke.java","fileType":"java","lines":[{"lineNumber":1,"author":{"gitId":"siyingpng"},"content":"import java.util.ArrayList;","lastModifiedDate":"2022-11-02"},{"lineNumber":2,"author":{"gitId":"siyingpng"},"content":"import java.util.EmptyStackException;","lastModifiedDate":"2022-11-02"},{"lineNumber":3,"author":{"gitId":"siyingpng"},"content":"import java.util.Scanner;","lastModifiedDate":"2022-09-13"},{"lineNumber":4,"author":{"gitId":"siyingpng"},"content":"","lastModifiedDate":"2022-09-13"},{"lineNumber":5,"author":{"gitId":"-"},"content":"public class Duke {","lastModifiedDate":"2019-07-29"},{"lineNumber":6,"author":{"gitId":"siyingpng"},"content":"    private static final ArrayList\u003cTask\u003e tasklist \u003d new ArrayList\u003c\u003e();","lastModifiedDate":"2022-11-02"},{"lineNumber":7,"author":{"gitId":"siyingpng"},"content":"    protected static int indexTask \u003d 0;","lastModifiedDate":"2022-11-02"},{"lineNumber":8,"author":{"gitId":"siyingpng"},"content":"","lastModifiedDate":"2022-10-24"},{"lineNumber":9,"author":{"gitId":"siyingpng"},"content":"    public static class Ui {","lastModifiedDate":"2022-11-01"},{"lineNumber":10,"author":{"gitId":"siyingpng"},"content":"        private static final String DIVIDER \u003d \"____________________________________________________________\";","lastModifiedDate":"2022-11-01"},{"lineNumber":11,"author":{"gitId":"siyingpng"},"content":"        private static final String LOGO \u003d \" ____        _        \\n\"","lastModifiedDate":"2022-11-01"},{"lineNumber":12,"author":{"gitId":"-"},"content":"                + \"|  _ \\\\ _   _| | _____ \\n\"","lastModifiedDate":"2019-07-29"},{"lineNumber":13,"author":{"gitId":"-"},"content":"                + \"| | | | | | | |/ / _ \\\\\\n\"","lastModifiedDate":"2019-07-29"},{"lineNumber":14,"author":{"gitId":"-"},"content":"                + \"| |_| | |_| |   \u003c  __/\\n\"","lastModifiedDate":"2019-07-29"},{"lineNumber":15,"author":{"gitId":"-"},"content":"                + \"|____/ \\\\__,_|_|\\\\_\\\\___|\\n\";","lastModifiedDate":"2019-07-29"},{"lineNumber":16,"author":{"gitId":"siyingpng"},"content":"","lastModifiedDate":"2022-09-13"},{"lineNumber":17,"author":{"gitId":"siyingpng"},"content":"        public static void greet() {","lastModifiedDate":"2022-11-01"},{"lineNumber":18,"author":{"gitId":"siyingpng"},"content":"            System.out.println(\"Hello from\\n\" + LOGO);","lastModifiedDate":"2022-11-01"},{"lineNumber":19,"author":{"gitId":"siyingpng"},"content":"            System.out.println(\"Hello Siying!\\n\" + \"How\u0027s your day today?\\n\" + DIVIDER + System.lineSeparator() + \"Below are your tasks due today\\n\" + DIVIDER );","lastModifiedDate":"2022-11-01"},{"lineNumber":20,"author":{"gitId":"siyingpng"},"content":"            System.out.println(\"What would you like to do now?\");","lastModifiedDate":"2022-10-24"},{"lineNumber":21,"author":{"gitId":"siyingpng"},"content":"        }","lastModifiedDate":"2022-10-24"},{"lineNumber":22,"author":{"gitId":"siyingpng"},"content":"","lastModifiedDate":"2022-09-13"},{"lineNumber":23,"author":{"gitId":"siyingpng"},"content":"        public static void readInput(){","lastModifiedDate":"2022-11-01"},{"lineNumber":24,"author":{"gitId":"siyingpng"},"content":"            String userInput;","lastModifiedDate":"2022-11-01"},{"lineNumber":25,"author":{"gitId":"siyingpng"},"content":"            Scanner in;","lastModifiedDate":"2022-11-01"},{"lineNumber":26,"author":{"gitId":"siyingpng"},"content":"","lastModifiedDate":"2022-09-13"},{"lineNumber":27,"author":{"gitId":"siyingpng"},"content":"            do {","lastModifiedDate":"2022-11-01"},{"lineNumber":28,"author":{"gitId":"siyingpng"},"content":"                in \u003d new Scanner(System.in);","lastModifiedDate":"2022-09-13"},{"lineNumber":29,"author":{"gitId":"siyingpng"},"content":"                userInput \u003d in.nextLine();","lastModifiedDate":"2022-11-01"},{"lineNumber":30,"author":{"gitId":"siyingpng"},"content":"","lastModifiedDate":"2022-11-01"},{"lineNumber":31,"author":{"gitId":"siyingpng"},"content":"                Parser.identifyCommand(userInput);","lastModifiedDate":"2022-11-01"},{"lineNumber":32,"author":{"gitId":"siyingpng"},"content":"            } while (!userInput.equals(\"bye\"));","lastModifiedDate":"2022-11-01"},{"lineNumber":33,"author":{"gitId":"siyingpng"},"content":"        }","lastModifiedDate":"2022-10-24"},{"lineNumber":34,"author":{"gitId":"siyingpng"},"content":"","lastModifiedDate":"2022-10-24"},{"lineNumber":35,"author":{"gitId":"siyingpng"},"content":"        public static void printList(){","lastModifiedDate":"2022-11-02"},{"lineNumber":36,"author":{"gitId":"siyingpng"},"content":"            for (int i \u003d 0; i \u003c indexTask; i++) {","lastModifiedDate":"2022-11-02"},{"lineNumber":37,"author":{"gitId":"siyingpng"},"content":"                System.out.println(i + 1 + \".[\" + tasklist.get(i).getTypetask() + \"]\" +","lastModifiedDate":"2022-11-02"},{"lineNumber":38,"author":{"gitId":"siyingpng"},"content":"                        \"[\" + tasklist.get(i).getDone() + \"] \" +","lastModifiedDate":"2022-11-02"},{"lineNumber":39,"author":{"gitId":"siyingpng"},"content":"                        tasklist.get(i).getDescription() + \" \" +","lastModifiedDate":"2022-11-02"},{"lineNumber":40,"author":{"gitId":"siyingpng"},"content":"                        tasklist.get(i).getString());","lastModifiedDate":"2022-11-02"},{"lineNumber":41,"author":{"gitId":"siyingpng"},"content":"            }","lastModifiedDate":"2022-11-02"},{"lineNumber":42,"author":{"gitId":"siyingpng"},"content":"        }","lastModifiedDate":"2022-11-02"},{"lineNumber":43,"author":{"gitId":"siyingpng"},"content":"        public static void printTask(int index){","lastModifiedDate":"2022-11-02"},{"lineNumber":44,"author":{"gitId":"siyingpng"},"content":"            System.out.println(\"[\" + tasklist.get(index).getTypetask() + \"]\" +","lastModifiedDate":"2022-11-02"},{"lineNumber":45,"author":{"gitId":"siyingpng"},"content":"                            \"[\" + tasklist.get(index).getDone() + \"] \" +","lastModifiedDate":"2022-11-02"},{"lineNumber":46,"author":{"gitId":"siyingpng"},"content":"                            tasklist.get(index).getDescription() + \" \" +","lastModifiedDate":"2022-11-02"},{"lineNumber":47,"author":{"gitId":"siyingpng"},"content":"                            tasklist.get(index).getString());","lastModifiedDate":"2022-11-02"},{"lineNumber":48,"author":{"gitId":"siyingpng"},"content":"        }","lastModifiedDate":"2022-11-02"},{"lineNumber":49,"author":{"gitId":"siyingpng"},"content":"        public static void printAdded(int index){","lastModifiedDate":"2022-11-02"},{"lineNumber":50,"author":{"gitId":"siyingpng"},"content":"            System.out.println(\"Got it. I\u0027ve added this task:\");","lastModifiedDate":"2022-11-02"},{"lineNumber":51,"author":{"gitId":"siyingpng"},"content":"            Ui.printTask(index);","lastModifiedDate":"2022-11-02"},{"lineNumber":52,"author":{"gitId":"siyingpng"},"content":"            System.out.println(\"Now you have \" + (indexTask+1) + \" tasks in the list\");","lastModifiedDate":"2022-11-02"},{"lineNumber":53,"author":{"gitId":"siyingpng"},"content":"        }","lastModifiedDate":"2022-11-02"},{"lineNumber":54,"author":{"gitId":"siyingpng"},"content":"        public static void printDeleted(int index){","lastModifiedDate":"2022-11-02"},{"lineNumber":55,"author":{"gitId":"siyingpng"},"content":"            System.out.println(\"Noted. I\u0027ve removed this task:\");","lastModifiedDate":"2022-11-02"},{"lineNumber":56,"author":{"gitId":"siyingpng"},"content":"            Ui.printTask(index);","lastModifiedDate":"2022-11-02"},{"lineNumber":57,"author":{"gitId":"siyingpng"},"content":"            System.out.println(\"Now you have \" + (indexTask-1) + \" tasks in the list\");","lastModifiedDate":"2022-11-02"},{"lineNumber":58,"author":{"gitId":"siyingpng"},"content":"        }","lastModifiedDate":"2022-11-02"},{"lineNumber":59,"author":{"gitId":"siyingpng"},"content":"        public static void printFind(int index, int countfind){","lastModifiedDate":"2022-11-02"},{"lineNumber":60,"author":{"gitId":"siyingpng"},"content":"            System.out.print(countfind + \".\");","lastModifiedDate":"2022-11-02"},{"lineNumber":61,"author":{"gitId":"siyingpng"},"content":"            printTask(index);","lastModifiedDate":"2022-11-02"},{"lineNumber":62,"author":{"gitId":"siyingpng"},"content":"        }","lastModifiedDate":"2022-11-02"},{"lineNumber":63,"author":{"gitId":"siyingpng"},"content":"","lastModifiedDate":"2022-11-02"},{"lineNumber":64,"author":{"gitId":"siyingpng"},"content":"        public static void exit() {","lastModifiedDate":"2022-11-01"},{"lineNumber":65,"author":{"gitId":"siyingpng"},"content":"            System.out.println(\"Bye Siying!\" + System.lineSeparator() + \"Enjoy your day ;)\");","lastModifiedDate":"2022-11-01"},{"lineNumber":66,"author":{"gitId":"siyingpng"},"content":"        }","lastModifiedDate":"2022-10-24"},{"lineNumber":67,"author":{"gitId":"siyingpng"},"content":"    }","lastModifiedDate":"2022-11-01"},{"lineNumber":68,"author":{"gitId":"siyingpng"},"content":"","lastModifiedDate":"2022-10-24"},{"lineNumber":69,"author":{"gitId":"siyingpng"},"content":"    public static class Parser {","lastModifiedDate":"2022-11-01"},{"lineNumber":70,"author":{"gitId":"siyingpng"},"content":"","lastModifiedDate":"2022-11-01"},{"lineNumber":71,"author":{"gitId":"siyingpng"},"content":"        public static void identifyCommand(String input) {","lastModifiedDate":"2022-11-01"},{"lineNumber":72,"author":{"gitId":"siyingpng"},"content":"            int desPosition \u003d input.indexOf(\" \");","lastModifiedDate":"2022-11-02"},{"lineNumber":73,"author":{"gitId":"siyingpng"},"content":"            int timePosition \u003d input.indexOf(\"/\");","lastModifiedDate":"2022-11-02"},{"lineNumber":74,"author":{"gitId":"siyingpng"},"content":"            String command;","lastModifiedDate":"2022-11-02"},{"lineNumber":75,"author":{"gitId":"siyingpng"},"content":"            String desTask;","lastModifiedDate":"2022-11-02"},{"lineNumber":76,"author":{"gitId":"siyingpng"},"content":"            String timedateTask \u003d null;","lastModifiedDate":"2022-11-02"},{"lineNumber":77,"author":{"gitId":"siyingpng"},"content":"","lastModifiedDate":"2022-11-02"},{"lineNumber":78,"author":{"gitId":"siyingpng"},"content":"            if(input.isEmpty()){","lastModifiedDate":"2022-11-02"},{"lineNumber":79,"author":{"gitId":"siyingpng"},"content":"                throw new EmptyStackException();","lastModifiedDate":"2022-11-02"},{"lineNumber":80,"author":{"gitId":"siyingpng"},"content":"            } else {","lastModifiedDate":"2022-11-02"},{"lineNumber":81,"author":{"gitId":"siyingpng"},"content":"                // command mark, unmark","lastModifiedDate":"2022-11-02"},{"lineNumber":82,"author":{"gitId":"siyingpng"},"content":"                if (desPosition \u003c 0) {","lastModifiedDate":"2022-11-02"},{"lineNumber":83,"author":{"gitId":"siyingpng"},"content":"                    command \u003d input;","lastModifiedDate":"2022-11-02"},{"lineNumber":84,"author":{"gitId":"siyingpng"},"content":"                    desTask \u003d \"\";","lastModifiedDate":"2022-11-02"},{"lineNumber":85,"author":{"gitId":"siyingpng"},"content":"                } else if (timePosition \u003c 0){","lastModifiedDate":"2022-11-02"},{"lineNumber":86,"author":{"gitId":"siyingpng"},"content":"                    command \u003d input.substring(0, desPosition);","lastModifiedDate":"2022-11-02"},{"lineNumber":87,"author":{"gitId":"siyingpng"},"content":"                    desTask \u003d input.substring(desPosition + 1);","lastModifiedDate":"2022-11-02"},{"lineNumber":88,"author":{"gitId":"siyingpng"},"content":"                    // command event, deadline","lastModifiedDate":"2022-11-02"},{"lineNumber":89,"author":{"gitId":"siyingpng"},"content":"                } else {","lastModifiedDate":"2022-11-02"},{"lineNumber":90,"author":{"gitId":"siyingpng"},"content":"                    command \u003d input.substring(0, desPosition);","lastModifiedDate":"2022-11-02"},{"lineNumber":91,"author":{"gitId":"siyingpng"},"content":"                    desTask \u003d input.substring(desPosition + 1, timePosition - 1);","lastModifiedDate":"2022-11-02"},{"lineNumber":92,"author":{"gitId":"siyingpng"},"content":"                    timedateTask \u003d input.substring(timePosition + 4);","lastModifiedDate":"2022-11-02"},{"lineNumber":93,"author":{"gitId":"siyingpng"},"content":"                }","lastModifiedDate":"2022-11-01"},{"lineNumber":94,"author":{"gitId":"siyingpng"},"content":"","lastModifiedDate":"2022-11-02"},{"lineNumber":95,"author":{"gitId":"siyingpng"},"content":"                switch (command) {","lastModifiedDate":"2022-11-02"},{"lineNumber":96,"author":{"gitId":"siyingpng"},"content":"                    case \"list\":","lastModifiedDate":"2022-11-02"},{"lineNumber":97,"author":{"gitId":"siyingpng"},"content":"                        System.out.println(\"Here are the tasks in your list:\");","lastModifiedDate":"2022-11-02"},{"lineNumber":98,"author":{"gitId":"siyingpng"},"content":"                        Ui.printList();","lastModifiedDate":"2022-11-02"},{"lineNumber":99,"author":{"gitId":"siyingpng"},"content":"                        break;","lastModifiedDate":"2022-11-02"},{"lineNumber":100,"author":{"gitId":"siyingpng"},"content":"                    case \"todo\":","lastModifiedDate":"2022-11-02"},{"lineNumber":101,"author":{"gitId":"siyingpng"},"content":"                        addTodo(desTask, indexTask);","lastModifiedDate":"2022-11-02"},{"lineNumber":102,"author":{"gitId":"siyingpng"},"content":"                        indexTask++;","lastModifiedDate":"2022-11-02"},{"lineNumber":103,"author":{"gitId":"siyingpng"},"content":"                        break;","lastModifiedDate":"2022-11-02"},{"lineNumber":104,"author":{"gitId":"siyingpng"},"content":"                    case \"event\":","lastModifiedDate":"2022-11-02"},{"lineNumber":105,"author":{"gitId":"siyingpng"},"content":"                        addEvent(desTask, timedateTask, indexTask);","lastModifiedDate":"2022-11-02"},{"lineNumber":106,"author":{"gitId":"siyingpng"},"content":"                        indexTask++;","lastModifiedDate":"2022-11-02"},{"lineNumber":107,"author":{"gitId":"siyingpng"},"content":"                        break;","lastModifiedDate":"2022-11-02"},{"lineNumber":108,"author":{"gitId":"siyingpng"},"content":"                    case \"deadline\":","lastModifiedDate":"2022-11-02"},{"lineNumber":109,"author":{"gitId":"siyingpng"},"content":"                        addDeadline(desTask, timedateTask, indexTask);","lastModifiedDate":"2022-11-02"},{"lineNumber":110,"author":{"gitId":"siyingpng"},"content":"                        indexTask++;","lastModifiedDate":"2022-11-02"},{"lineNumber":111,"author":{"gitId":"siyingpng"},"content":"                        break;","lastModifiedDate":"2022-11-02"},{"lineNumber":112,"author":{"gitId":"siyingpng"},"content":"                    case \"mark\":","lastModifiedDate":"2022-11-02"},{"lineNumber":113,"author":{"gitId":"siyingpng"},"content":"                        markCommand(Integer.parseInt(desTask)-1);","lastModifiedDate":"2022-11-02"},{"lineNumber":114,"author":{"gitId":"siyingpng"},"content":"                        break;","lastModifiedDate":"2022-11-02"},{"lineNumber":115,"author":{"gitId":"siyingpng"},"content":"                    case \"unmark\":","lastModifiedDate":"2022-11-02"},{"lineNumber":116,"author":{"gitId":"siyingpng"},"content":"                        unmarkCommand(Integer.parseInt(desTask)-1);","lastModifiedDate":"2022-11-02"},{"lineNumber":117,"author":{"gitId":"siyingpng"},"content":"                        break;","lastModifiedDate":"2022-11-01"},{"lineNumber":118,"author":{"gitId":"siyingpng"},"content":"                    case \"delete\":","lastModifiedDate":"2022-11-02"},{"lineNumber":119,"author":{"gitId":"siyingpng"},"content":"                        deleteCommand(Integer.parseInt(desTask)-1);","lastModifiedDate":"2022-11-02"},{"lineNumber":120,"author":{"gitId":"siyingpng"},"content":"                        indexTask--;","lastModifiedDate":"2022-11-02"},{"lineNumber":121,"author":{"gitId":"siyingpng"},"content":"                        break;","lastModifiedDate":"2022-11-02"},{"lineNumber":122,"author":{"gitId":"siyingpng"},"content":"                    case \"find\":","lastModifiedDate":"2022-11-02"},{"lineNumber":123,"author":{"gitId":"siyingpng"},"content":"                        findCommand(desTask);","lastModifiedDate":"2022-11-02"},{"lineNumber":124,"author":{"gitId":"siyingpng"},"content":"                    case \"bye\":","lastModifiedDate":"2022-11-01"},{"lineNumber":125,"author":{"gitId":"siyingpng"},"content":"                        break;","lastModifiedDate":"2022-11-01"},{"lineNumber":126,"author":{"gitId":"siyingpng"},"content":"                    default:","lastModifiedDate":"2022-11-01"},{"lineNumber":127,"author":{"gitId":"siyingpng"},"content":"                        tasklist.add(new Task(input));","lastModifiedDate":"2022-11-02"},{"lineNumber":128,"author":{"gitId":"siyingpng"},"content":"                        indexTask++;","lastModifiedDate":"2022-11-02"},{"lineNumber":129,"author":{"gitId":"siyingpng"},"content":"                        addCommand(input);","lastModifiedDate":"2022-11-02"},{"lineNumber":130,"author":{"gitId":"siyingpng"},"content":"                        break;","lastModifiedDate":"2022-11-01"},{"lineNumber":131,"author":{"gitId":"siyingpng"},"content":"                }","lastModifiedDate":"2022-11-01"},{"lineNumber":132,"author":{"gitId":"siyingpng"},"content":"            }","lastModifiedDate":"2022-11-02"},{"lineNumber":133,"author":{"gitId":"siyingpng"},"content":"        }","lastModifiedDate":"2022-11-02"},{"lineNumber":134,"author":{"gitId":"siyingpng"},"content":"        public static void addTodo(String destask, int index){","lastModifiedDate":"2022-11-02"},{"lineNumber":135,"author":{"gitId":"siyingpng"},"content":"            tasklist.add(new Todo(destask));","lastModifiedDate":"2022-11-02"},{"lineNumber":136,"author":{"gitId":"siyingpng"},"content":"            Ui.printAdded(index);","lastModifiedDate":"2022-11-02"},{"lineNumber":137,"author":{"gitId":"siyingpng"},"content":"        }","lastModifiedDate":"2022-11-02"},{"lineNumber":138,"author":{"gitId":"siyingpng"},"content":"        public static void addEvent(String destask, String timedatetask, int index){","lastModifiedDate":"2022-11-02"},{"lineNumber":139,"author":{"gitId":"siyingpng"},"content":"            tasklist.add(new Event(destask, timedatetask));","lastModifiedDate":"2022-11-02"},{"lineNumber":140,"author":{"gitId":"siyingpng"},"content":"            Ui.printAdded(index);","lastModifiedDate":"2022-11-02"},{"lineNumber":141,"author":{"gitId":"siyingpng"},"content":"        }","lastModifiedDate":"2022-11-02"},{"lineNumber":142,"author":{"gitId":"siyingpng"},"content":"        public static void addDeadline(String destask, String timedatetask, int index){","lastModifiedDate":"2022-11-02"},{"lineNumber":143,"author":{"gitId":"siyingpng"},"content":"            tasklist.add(new Deadline(destask, timedatetask));","lastModifiedDate":"2022-11-02"},{"lineNumber":144,"author":{"gitId":"siyingpng"},"content":"            Ui.printAdded(index);","lastModifiedDate":"2022-11-02"},{"lineNumber":145,"author":{"gitId":"siyingpng"},"content":"        }","lastModifiedDate":"2022-11-02"},{"lineNumber":146,"author":{"gitId":"siyingpng"},"content":"        public static void addCommand(String input){","lastModifiedDate":"2022-11-02"},{"lineNumber":147,"author":{"gitId":"siyingpng"},"content":"            System.out.println(\"added: \" + input);","lastModifiedDate":"2022-11-02"},{"lineNumber":148,"author":{"gitId":"siyingpng"},"content":"        }","lastModifiedDate":"2022-11-02"},{"lineNumber":149,"author":{"gitId":"siyingpng"},"content":"        public static void markCommand(int index){","lastModifiedDate":"2022-11-02"},{"lineNumber":150,"author":{"gitId":"siyingpng"},"content":"            tasklist.get(index).markDone();","lastModifiedDate":"2022-11-02"},{"lineNumber":151,"author":{"gitId":"siyingpng"},"content":"            System.out.println(\"Nice! I\u0027ve marked this task as done:\");","lastModifiedDate":"2022-11-02"},{"lineNumber":152,"author":{"gitId":"siyingpng"},"content":"            Ui.printTask(index);","lastModifiedDate":"2022-11-02"},{"lineNumber":153,"author":{"gitId":"siyingpng"},"content":"        }","lastModifiedDate":"2022-11-02"},{"lineNumber":154,"author":{"gitId":"siyingpng"},"content":"        public static void unmarkCommand(int index){","lastModifiedDate":"2022-11-02"},{"lineNumber":155,"author":{"gitId":"siyingpng"},"content":"            tasklist.get(index).unmarkDone();","lastModifiedDate":"2022-11-02"},{"lineNumber":156,"author":{"gitId":"siyingpng"},"content":"            System.out.println(\"OK, I\u0027ve marked this task as not done yet:\");","lastModifiedDate":"2022-11-02"},{"lineNumber":157,"author":{"gitId":"siyingpng"},"content":"            Ui.printTask(index);","lastModifiedDate":"2022-11-02"},{"lineNumber":158,"author":{"gitId":"siyingpng"},"content":"        }","lastModifiedDate":"2022-11-02"},{"lineNumber":159,"author":{"gitId":"siyingpng"},"content":"        public static void deleteCommand(int index){","lastModifiedDate":"2022-11-02"},{"lineNumber":160,"author":{"gitId":"siyingpng"},"content":"            Ui.printDeleted(index);","lastModifiedDate":"2022-11-02"},{"lineNumber":161,"author":{"gitId":"siyingpng"},"content":"            tasklist.remove(index);","lastModifiedDate":"2022-11-02"},{"lineNumber":162,"author":{"gitId":"siyingpng"},"content":"        }","lastModifiedDate":"2022-11-02"},{"lineNumber":163,"author":{"gitId":"siyingpng"},"content":"        public static void findCommand(String find){","lastModifiedDate":"2022-11-02"},{"lineNumber":164,"author":{"gitId":"siyingpng"},"content":"            int findCount \u003d 0;","lastModifiedDate":"2022-11-02"},{"lineNumber":165,"author":{"gitId":"siyingpng"},"content":"","lastModifiedDate":"2022-11-02"},{"lineNumber":166,"author":{"gitId":"siyingpng"},"content":"            System.out.println(\"Here are the matching tasks in your list:\");","lastModifiedDate":"2022-11-02"},{"lineNumber":167,"author":{"gitId":"siyingpng"},"content":"            for (int i \u003d 0; i \u003c indexTask; i++){","lastModifiedDate":"2022-11-02"},{"lineNumber":168,"author":{"gitId":"siyingpng"},"content":"                if(tasklist.get(i).find(find)){","lastModifiedDate":"2022-11-02"},{"lineNumber":169,"author":{"gitId":"siyingpng"},"content":"                    findCount++;","lastModifiedDate":"2022-11-02"},{"lineNumber":170,"author":{"gitId":"siyingpng"},"content":"                    Ui.printFind(i, findCount);","lastModifiedDate":"2022-11-02"},{"lineNumber":171,"author":{"gitId":"siyingpng"},"content":"                }","lastModifiedDate":"2022-11-02"},{"lineNumber":172,"author":{"gitId":"siyingpng"},"content":"            }","lastModifiedDate":"2022-11-02"},{"lineNumber":173,"author":{"gitId":"siyingpng"},"content":"        }","lastModifiedDate":"2022-11-02"},{"lineNumber":174,"author":{"gitId":"siyingpng"},"content":"","lastModifiedDate":"2022-11-01"},{"lineNumber":175,"author":{"gitId":"siyingpng"},"content":"    }","lastModifiedDate":"2022-11-01"},{"lineNumber":176,"author":{"gitId":"siyingpng"},"content":"","lastModifiedDate":"2022-11-01"},{"lineNumber":177,"author":{"gitId":"siyingpng"},"content":"    public static class Task {","lastModifiedDate":"2022-11-02"},{"lineNumber":178,"author":{"gitId":"siyingpng"},"content":"","lastModifiedDate":"2022-11-02"},{"lineNumber":179,"author":{"gitId":"siyingpng"},"content":"        private String description;","lastModifiedDate":"2022-11-02"},{"lineNumber":180,"author":{"gitId":"siyingpng"},"content":"        private Boolean isDone;","lastModifiedDate":"2022-11-02"},{"lineNumber":181,"author":{"gitId":"siyingpng"},"content":"        protected String typeTask;","lastModifiedDate":"2022-11-02"},{"lineNumber":182,"author":{"gitId":"siyingpng"},"content":"","lastModifiedDate":"2022-11-02"},{"lineNumber":183,"author":{"gitId":"siyingpng"},"content":"        public Task(String description){","lastModifiedDate":"2022-11-02"},{"lineNumber":184,"author":{"gitId":"siyingpng"},"content":"            this.description \u003d description;","lastModifiedDate":"2022-11-02"},{"lineNumber":185,"author":{"gitId":"siyingpng"},"content":"            this.isDone \u003d false;","lastModifiedDate":"2022-11-02"},{"lineNumber":186,"author":{"gitId":"siyingpng"},"content":"            this.typeTask \u003d \" \";","lastModifiedDate":"2022-11-02"},{"lineNumber":187,"author":{"gitId":"siyingpng"},"content":"        }","lastModifiedDate":"2022-11-01"},{"lineNumber":188,"author":{"gitId":"siyingpng"},"content":"","lastModifiedDate":"2022-11-01"},{"lineNumber":189,"author":{"gitId":"siyingpng"},"content":"        public String getDescription(){","lastModifiedDate":"2022-11-02"},{"lineNumber":190,"author":{"gitId":"siyingpng"},"content":"            return this.description;","lastModifiedDate":"2022-11-02"},{"lineNumber":191,"author":{"gitId":"siyingpng"},"content":"        }","lastModifiedDate":"2022-11-02"},{"lineNumber":192,"author":{"gitId":"siyingpng"},"content":"        public String getDone(){","lastModifiedDate":"2022-11-02"},{"lineNumber":193,"author":{"gitId":"siyingpng"},"content":"            return (this.isDone ? \"X\" : \" \");","lastModifiedDate":"2022-11-02"},{"lineNumber":194,"author":{"gitId":"-"},"content":"        }","lastModifiedDate":"2019-07-29"},{"lineNumber":195,"author":{"gitId":"siyingpng"},"content":"        public String getTypetask(){","lastModifiedDate":"2022-11-02"},{"lineNumber":196,"author":{"gitId":"siyingpng"},"content":"            return this.typeTask;","lastModifiedDate":"2022-11-02"},{"lineNumber":197,"author":{"gitId":"siyingpng"},"content":"        }","lastModifiedDate":"2022-11-02"},{"lineNumber":198,"author":{"gitId":"siyingpng"},"content":"        public String getString(){","lastModifiedDate":"2022-11-02"},{"lineNumber":199,"author":{"gitId":"siyingpng"},"content":"            return \"\";","lastModifiedDate":"2022-11-02"},{"lineNumber":200,"author":{"gitId":"siyingpng"},"content":"        }","lastModifiedDate":"2022-11-02"},{"lineNumber":201,"author":{"gitId":"siyingpng"},"content":"","lastModifiedDate":"2022-11-02"},{"lineNumber":202,"author":{"gitId":"siyingpng"},"content":"        public void markDone(){","lastModifiedDate":"2022-11-02"},{"lineNumber":203,"author":{"gitId":"siyingpng"},"content":"            this.isDone \u003d true;","lastModifiedDate":"2022-11-02"},{"lineNumber":204,"author":{"gitId":"siyingpng"},"content":"        }","lastModifiedDate":"2022-11-02"},{"lineNumber":205,"author":{"gitId":"siyingpng"},"content":"        public void unmarkDone(){","lastModifiedDate":"2022-11-02"},{"lineNumber":206,"author":{"gitId":"siyingpng"},"content":"            this.isDone \u003d false;","lastModifiedDate":"2022-11-02"},{"lineNumber":207,"author":{"gitId":"-"},"content":"        }","lastModifiedDate":"2019-07-29"},{"lineNumber":208,"author":{"gitId":"siyingpng"},"content":"        public boolean find(String find){","lastModifiedDate":"2022-11-02"},{"lineNumber":209,"author":{"gitId":"siyingpng"},"content":"            return this.description.contains(find);","lastModifiedDate":"2022-11-02"},{"lineNumber":210,"author":{"gitId":"siyingpng"},"content":"        }","lastModifiedDate":"2022-11-02"},{"lineNumber":211,"author":{"gitId":"siyingpng"},"content":"    }","lastModifiedDate":"2022-11-02"},{"lineNumber":212,"author":{"gitId":"siyingpng"},"content":"    public static class Todo extends Task{","lastModifiedDate":"2022-11-02"},{"lineNumber":213,"author":{"gitId":"siyingpng"},"content":"        public Todo(String description){","lastModifiedDate":"2022-11-02"},{"lineNumber":214,"author":{"gitId":"siyingpng"},"content":"            super(description);","lastModifiedDate":"2022-11-02"},{"lineNumber":215,"author":{"gitId":"siyingpng"},"content":"            super.typeTask \u003d \"T\";","lastModifiedDate":"2022-11-02"},{"lineNumber":216,"author":{"gitId":"siyingpng"},"content":"        }","lastModifiedDate":"2022-11-02"},{"lineNumber":217,"author":{"gitId":"siyingpng"},"content":"    }","lastModifiedDate":"2022-11-02"},{"lineNumber":218,"author":{"gitId":"siyingpng"},"content":"    public static class Event extends Task{","lastModifiedDate":"2022-11-02"},{"lineNumber":219,"author":{"gitId":"siyingpng"},"content":"        private String at;","lastModifiedDate":"2022-11-02"},{"lineNumber":220,"author":{"gitId":"siyingpng"},"content":"        public Event(String description, String at){","lastModifiedDate":"2022-11-02"},{"lineNumber":221,"author":{"gitId":"siyingpng"},"content":"            super(description);","lastModifiedDate":"2022-11-02"},{"lineNumber":222,"author":{"gitId":"siyingpng"},"content":"            super.typeTask \u003d \"E\";","lastModifiedDate":"2022-11-02"},{"lineNumber":223,"author":{"gitId":"siyingpng"},"content":"            this.at \u003d at;","lastModifiedDate":"2022-11-02"},{"lineNumber":224,"author":{"gitId":"siyingpng"},"content":"        }","lastModifiedDate":"2022-11-02"},{"lineNumber":225,"author":{"gitId":"siyingpng"},"content":"        public String getString(){","lastModifiedDate":"2022-11-02"},{"lineNumber":226,"author":{"gitId":"siyingpng"},"content":"            return super.getString() + \"(at: \" + this.at + \")\";","lastModifiedDate":"2022-11-02"},{"lineNumber":227,"author":{"gitId":"siyingpng"},"content":"        }","lastModifiedDate":"2022-11-02"},{"lineNumber":228,"author":{"gitId":"siyingpng"},"content":"    }","lastModifiedDate":"2022-11-02"},{"lineNumber":229,"author":{"gitId":"siyingpng"},"content":"    public static class Deadline extends Task{","lastModifiedDate":"2022-11-02"},{"lineNumber":230,"author":{"gitId":"siyingpng"},"content":"        private String by;","lastModifiedDate":"2022-11-02"},{"lineNumber":231,"author":{"gitId":"siyingpng"},"content":"        public Deadline(String description, String by){","lastModifiedDate":"2022-11-02"},{"lineNumber":232,"author":{"gitId":"siyingpng"},"content":"            super(description);","lastModifiedDate":"2022-11-02"},{"lineNumber":233,"author":{"gitId":"siyingpng"},"content":"            super.typeTask \u003d \"D\";","lastModifiedDate":"2022-11-02"},{"lineNumber":234,"author":{"gitId":"siyingpng"},"content":"            this.by \u003d by;","lastModifiedDate":"2022-11-02"},{"lineNumber":235,"author":{"gitId":"siyingpng"},"content":"        }","lastModifiedDate":"2022-11-02"},{"lineNumber":236,"author":{"gitId":"siyingpng"},"content":"        public String getString(){","lastModifiedDate":"2022-11-02"},{"lineNumber":237,"author":{"gitId":"siyingpng"},"content":"            return super.getString() + \"(by: \" + this.by + \")\";","lastModifiedDate":"2022-11-02"},{"lineNumber":238,"author":{"gitId":"siyingpng"},"content":"        }","lastModifiedDate":"2022-11-02"},{"lineNumber":239,"author":{"gitId":"siyingpng"},"content":"    }","lastModifiedDate":"2022-11-02"},{"lineNumber":240,"author":{"gitId":"siyingpng"},"content":"","lastModifiedDate":"2022-11-02"},{"lineNumber":241,"author":{"gitId":"siyingpng"},"content":"    public static void main(String[] args) {","lastModifiedDate":"2022-11-02"},{"lineNumber":242,"author":{"gitId":"siyingpng"},"content":"        Ui.greet();","lastModifiedDate":"2022-11-02"},{"lineNumber":243,"author":{"gitId":"siyingpng"},"content":"        Ui.readInput();","lastModifiedDate":"2022-11-02"},{"lineNumber":244,"author":{"gitId":"siyingpng"},"content":"        Ui.exit();","lastModifiedDate":"2022-11-02"},{"lineNumber":245,"author":{"gitId":"-"},"content":"    }","lastModifiedDate":"2022-11-02"},{"lineNumber":246,"author":{"gitId":"siyingpng"},"content":"","lastModifiedDate":"2022-11-02"},{"lineNumber":247,"author":{"gitId":"siyingpng"},"content":"}","lastModifiedDate":"2022-11-02"}],"authorContributionMap":{"siyingpng":239,"-":8}}]
