{"authorDailyContributionsMap":{"siyingpng":[{"date":"2022-09-13","commitResults":[{"hash":"290cd7c5ec5af003d998eb7770915345f87903c9","messageTitle":"Level-1","messageBody":"","fileTypesAndContributionMap":{"java":{"insertions":16,"deletions":0}}}]},{"date":"2022-10-24","commitResults":[{"hash":"6e7101fe2e38939b52cbb21b1f71f694dc7de72c","messageTitle":"Increment 2","messageBody":"","fileTypesAndContributionMap":{"java":{"insertions":45,"deletions":7}}}]},{"date":"2022-11-01","commitResults":[{"hash":"b0447bbbf4305870201fd5ac9daae00a0f59b1be","messageTitle":"Level 1","messageBody":"","fileTypesAndContributionMap":{"java":{"insertions":30,"deletions":48}}},{"hash":"20b26f4e2e62b2db2e721172edb955fbec04294b","messageTitle":"Level 2","messageBody":"","fileTypesAndContributionMap":{"java":{"insertions":26,"deletions":1}}}]},{"date":"2022-11-02","commitResults":[{"hash":"9e355f5dafc8570423f0587a664ac9d5cd2088f2","messageTitle":"Level 3","messageBody":"","fileTypesAndContributionMap":{"java":{"insertions":80,"deletions":20}}},{"hash":"eba7302892117020a999d6cbe5e393abc5192cf7","messageTitle":"Level 4","messageBody":"","fileTypesAndContributionMap":{"java":{"insertions":95,"deletions":13}}},{"hash":"ce8094edfabdf63e0edf3c94deaaee54a54efc95","messageTitle":"Level 6","messageBody":"","fileTypesAndContributionMap":{"java":{"insertions":61,"deletions":46}}}]}]},"authorFileTypeContributionMap":{"siyingpng":{"java":220,"md":0,"fxml":0,"sh":0,"bat":0,"gradle":0,"txt":0}},"authorContributionVariance":{"siyingpng":1269.8013},"authorDisplayNameMap":{"siyingpng":"PNG ..YING"}}
