{"authorDailyContributionsMap":{"siyingpng":[{"date":"2022-09-13","commitResults":[{"hash":"290cd7c5ec5af003d998eb7770915345f87903c9","messageTitle":"Level-1","messageBody":"","fileTypesAndContributionMap":{"java":{"insertions":16,"deletions":0}}}]},{"date":"2022-10-24","commitResults":[{"hash":"6e7101fe2e38939b52cbb21b1f71f694dc7de72c","messageTitle":"Increment 2","messageBody":"","fileTypesAndContributionMap":{"java":{"insertions":45,"deletions":7}}}]},{"date":"2022-11-01","commitResults":[{"hash":"b0447bbbf4305870201fd5ac9daae00a0f59b1be","messageTitle":"Level 1","messageBody":"","fileTypesAndContributionMap":{"java":{"insertions":30,"deletions":48}}},{"hash":"20b26f4e2e62b2db2e721172edb955fbec04294b","messageTitle":"Level 2","messageBody":"","fileTypesAndContributionMap":{"java":{"insertions":26,"deletions":1}}}]},{"date":"2022-11-02","commitResults":[{"hash":"9e355f5dafc8570423f0587a664ac9d5cd2088f2","messageTitle":"Level 3","messageBody":"","fileTypesAndContributionMap":{"java":{"insertions":80,"deletions":20}}},{"hash":"eba7302892117020a999d6cbe5e393abc5192cf7","messageTitle":"Level 4","messageBody":"","fileTypesAndContributionMap":{"java":{"insertions":95,"deletions":13}}},{"hash":"ce8094edfabdf63e0edf3c94deaaee54a54efc95","messageTitle":"Level 6","messageBody":"","fileTypesAndContributionMap":{"java":{"insertions":61,"deletions":46}}},{"hash":"8c725f79d4ead1dd62a60693e400eec1a1916e3e","messageTitle":"Level 9","messageBody":"","fileTypesAndContributionMap":{"java":{"insertions":21,"deletions":2}}},{"hash":"d2923ac3d13fa4d1f3f132d28d117e3a69a1b9f4","messageTitle":"Level 8+ind feature","messageBody":"","fileTypesAndContributionMap":{"java":{"insertions":70,"deletions":25}}}]},{"date":"2022-11-19","commitResults":[{"hash":"75770a581e8a3924df83c4b279e68821d015d749","messageTitle":"Gradle","messageBody":"","fileTypesAndContributionMap":{"gradle":{"insertions":21,"deletions":0},"bat":{"insertions":89,"deletions":0}}},{"hash":"5798113465644f00ff4ce5e88b4a1cf2e209923f","messageTitle":"Gradle remove","messageBody":"","fileTypesAndContributionMap":{"gradle":{"insertions":0,"deletions":2},"bat":{"insertions":0,"deletions":89}}},{"hash":"e7cd34a66a602d42b94fc4f81a58f130f1c49eca","messageTitle":"Gradle","messageBody":"","fileTypesAndContributionMap":{"gradle":{"insertions":2,"deletions":0},"bat":{"insertions":89,"deletions":0}}}]},{"date":"2022-11-24","commitResults":[{"hash":"7f998c83f1f7c1b08e4938243d8cea5ec0092fb0","messageTitle":"reformat into OOP requirements, reimplementation increment 1-9 and individual feature","messageBody":"","fileTypesAndContributionMap":{"gradle":{"insertions":18,"deletions":1},"txt":{"insertions":14,"deletions":0},"java":{"insertions":898,"deletions":278}}}]},{"date":"2022-11-26","commitResults":[{"hash":"e6ce3a69c42766138c19a5b8575943f9a0f7d410","messageTitle":"Final submission - fix exceptions, added JavaDoc, JUnit, Assertions","messageBody":"","fileTypesAndContributionMap":{"gradle":{"insertions":2,"deletions":0},"txt":{"insertions":9,"deletions":2},"java":{"insertions":565,"deletions":137}}}]}]},"authorFileTypeContributionMap":{"siyingpng":{"java":1337,"md":0,"fxml":0,"sh":0,"bat":89,"gradle":40,"txt":21}},"authorContributionVariance":{"siyingpng":19710.803},"authorDisplayNameMap":{"siyingpng":"PNG ..YING"}}
