[{"path":"src/main/java/Deadline.java","fileType":"java","lines":[{"lineNumber":1,"author":{"gitId":"Alaskaredfish"},"content":"public class Deadline extends Task {","lastModifiedDate":"2022-09-24"},{"lineNumber":2,"author":{"gitId":"Alaskaredfish"},"content":"","lastModifiedDate":"2022-09-24"},{"lineNumber":3,"author":{"gitId":"Alaskaredfish"},"content":"    protected String by;","lastModifiedDate":"2022-09-24"},{"lineNumber":4,"author":{"gitId":"Alaskaredfish"},"content":"","lastModifiedDate":"2022-09-24"},{"lineNumber":5,"author":{"gitId":"Alaskaredfish"},"content":"    public Deadline(String description, String by) {","lastModifiedDate":"2022-09-24"},{"lineNumber":6,"author":{"gitId":"Alaskaredfish"},"content":"        super(description);","lastModifiedDate":"2022-09-24"},{"lineNumber":7,"author":{"gitId":"Alaskaredfish"},"content":"        this.by \u003d by;","lastModifiedDate":"2022-09-24"},{"lineNumber":8,"author":{"gitId":"Alaskaredfish"},"content":"    }","lastModifiedDate":"2022-09-24"},{"lineNumber":9,"author":{"gitId":"Alaskaredfish"},"content":"    public String getDescription() {","lastModifiedDate":"2022-10-02"},{"lineNumber":10,"author":{"gitId":"Alaskaredfish"},"content":"        return this.description;","lastModifiedDate":"2022-10-02"},{"lineNumber":11,"author":{"gitId":"Alaskaredfish"},"content":"    }","lastModifiedDate":"2022-10-02"},{"lineNumber":12,"author":{"gitId":"Alaskaredfish"},"content":"    public String getDateAndTime() {","lastModifiedDate":"2022-10-02"},{"lineNumber":13,"author":{"gitId":"Alaskaredfish"},"content":"        return this.by;","lastModifiedDate":"2022-10-02"},{"lineNumber":14,"author":{"gitId":"Alaskaredfish"},"content":"    }","lastModifiedDate":"2022-10-02"},{"lineNumber":15,"author":{"gitId":"Alaskaredfish"},"content":"    @Override","lastModifiedDate":"2022-09-24"},{"lineNumber":16,"author":{"gitId":"Alaskaredfish"},"content":"    public String toString() {","lastModifiedDate":"2022-09-24"},{"lineNumber":17,"author":{"gitId":"Alaskaredfish"},"content":"        String[] parts \u003d this.by.split(\" \", 2);","lastModifiedDate":"2022-09-24"},{"lineNumber":18,"author":{"gitId":"Alaskaredfish"},"content":"        return \"[D]\" +  super.toString() + \" (\" + parts[0] + \": \" + parts[1] + \")\";","lastModifiedDate":"2022-09-24"},{"lineNumber":19,"author":{"gitId":"Alaskaredfish"},"content":"    }","lastModifiedDate":"2022-09-24"},{"lineNumber":20,"author":{"gitId":"Alaskaredfish"},"content":"}","lastModifiedDate":"2022-09-24"}],"authorContributionMap":{"Alaskaredfish":20}},{"path":"src/main/java/Duke.java","fileType":"java","lines":[{"lineNumber":1,"author":{"gitId":"Alaskaredfish"},"content":"import java.util.Scanner;","lastModifiedDate":"2022-09-08"},{"lineNumber":2,"author":{"gitId":"Alaskaredfish"},"content":"import java.util.ArrayList;","lastModifiedDate":"2022-10-12"},{"lineNumber":3,"author":{"gitId":"-"},"content":"public class Duke {","lastModifiedDate":"2019-07-29"},{"lineNumber":4,"author":{"gitId":"Alaskaredfish"},"content":"    //static private Task[] list \u003d new Task[100];","lastModifiedDate":"2022-10-12"},{"lineNumber":5,"author":{"gitId":"Alaskaredfish"},"content":"    static private ArrayList\u003cTask\u003e list \u003d new ArrayList\u003cTask\u003e();","lastModifiedDate":"2022-10-12"},{"lineNumber":6,"author":{"gitId":"Alaskaredfish"},"content":"    static private int listCount \u003d 0;","lastModifiedDate":"2022-09-08"},{"lineNumber":7,"author":{"gitId":"-"},"content":"    public static void main(String[] args) {","lastModifiedDate":"2019-07-29"},{"lineNumber":8,"author":{"gitId":"-"},"content":"        String logo \u003d \" ____        _        \\n\"","lastModifiedDate":"2019-07-29"},{"lineNumber":9,"author":{"gitId":"-"},"content":"                + \"|  _ \\\\ _   _| | _____ \\n\"","lastModifiedDate":"2019-07-29"},{"lineNumber":10,"author":{"gitId":"-"},"content":"                + \"| | | | | | | |/ / _ \\\\\\n\"","lastModifiedDate":"2019-07-29"},{"lineNumber":11,"author":{"gitId":"-"},"content":"                + \"| |_| | |_| |   \u003c  __/\\n\"","lastModifiedDate":"2019-07-29"},{"lineNumber":12,"author":{"gitId":"-"},"content":"                + \"|____/ \\\\__,_|_|\\\\_\\\\___|\\n\";","lastModifiedDate":"2019-07-29"},{"lineNumber":13,"author":{"gitId":"-"},"content":"        System.out.println(\"Hello from\\n\" + logo);","lastModifiedDate":"2019-07-29"},{"lineNumber":14,"author":{"gitId":"Alaskaredfish"},"content":"        System.out.println(\"Wakanda forever! I\u0027m Winston Duke\");","lastModifiedDate":"2022-09-18"},{"lineNumber":15,"author":{"gitId":"Alaskaredfish"},"content":"        System.out.println(\"What can I do for you?\");","lastModifiedDate":"2022-09-18"},{"lineNumber":16,"author":{"gitId":"Alaskaredfish"},"content":"        readInput();","lastModifiedDate":"2022-09-08"},{"lineNumber":17,"author":{"gitId":"-"},"content":"    }","lastModifiedDate":"2019-07-29"},{"lineNumber":18,"author":{"gitId":"Alaskaredfish"},"content":"    public static void clearScreen() {","lastModifiedDate":"2022-09-08"},{"lineNumber":19,"author":{"gitId":"Alaskaredfish"},"content":"        System.out.print(\"\\033[H\\033[2J\");","lastModifiedDate":"2022-09-08"},{"lineNumber":20,"author":{"gitId":"Alaskaredfish"},"content":"        System.out.flush();","lastModifiedDate":"2022-09-08"},{"lineNumber":21,"author":{"gitId":"Alaskaredfish"},"content":"    }","lastModifiedDate":"2022-09-08"},{"lineNumber":22,"author":{"gitId":"Alaskaredfish"},"content":"    public static void readInput() {","lastModifiedDate":"2022-09-08"},{"lineNumber":23,"author":{"gitId":"Alaskaredfish"},"content":"        String command;","lastModifiedDate":"2022-09-08"},{"lineNumber":24,"author":{"gitId":"Alaskaredfish"},"content":"        do {","lastModifiedDate":"2022-09-08"},{"lineNumber":25,"author":{"gitId":"Alaskaredfish"},"content":"            Scanner userInput \u003d new Scanner(System.in);","lastModifiedDate":"2022-09-08"},{"lineNumber":26,"author":{"gitId":"Alaskaredfish"},"content":"            command \u003d userInput.nextLine();","lastModifiedDate":"2022-09-08"},{"lineNumber":27,"author":{"gitId":"Alaskaredfish"},"content":"            identifyInput(command);","lastModifiedDate":"2022-09-18"},{"lineNumber":28,"author":{"gitId":"Alaskaredfish"},"content":"        } while (!(command.equals(\"bye\")));","lastModifiedDate":"2022-09-18"},{"lineNumber":29,"author":{"gitId":"Alaskaredfish"},"content":"    }","lastModifiedDate":"2022-09-18"},{"lineNumber":30,"author":{"gitId":"Alaskaredfish"},"content":"","lastModifiedDate":"2022-09-18"},{"lineNumber":31,"author":{"gitId":"Alaskaredfish"},"content":"    public static void identifyInput(String command) {","lastModifiedDate":"2022-09-18"},{"lineNumber":32,"author":{"gitId":"Alaskaredfish"},"content":"        boolean exist \u003d false;","lastModifiedDate":"2022-09-18"},{"lineNumber":33,"author":{"gitId":"Alaskaredfish"},"content":"        if (command.equals(\"bye\")) {","lastModifiedDate":"2022-09-08"},{"lineNumber":34,"author":{"gitId":"Alaskaredfish"},"content":"            exit();","lastModifiedDate":"2022-09-08"},{"lineNumber":35,"author":{"gitId":"Alaskaredfish"},"content":"        } else if (command.isEmpty()) {","lastModifiedDate":"2022-09-18"},{"lineNumber":36,"author":{"gitId":"Alaskaredfish"},"content":"            print(\"Empty input detected, please re-enter\\n\");","lastModifiedDate":"2022-09-18"},{"lineNumber":37,"author":{"gitId":"Alaskaredfish"},"content":"        } else if (command.equals(\"list\")) {","lastModifiedDate":"2022-09-08"},{"lineNumber":38,"author":{"gitId":"Alaskaredfish"},"content":"            printList();","lastModifiedDate":"2022-09-08"},{"lineNumber":39,"author":{"gitId":"Alaskaredfish"},"content":"        } else if (command.contains(\"mark\") || command.contains(\"unmark\") || command.contains(\"delete\") ) {","lastModifiedDate":"2022-10-12"},{"lineNumber":40,"author":{"gitId":"Alaskaredfish"},"content":"            String[] split \u003d command.split(\" \");","lastModifiedDate":"2022-09-18"},{"lineNumber":41,"author":{"gitId":"Alaskaredfish"},"content":"            try {","lastModifiedDate":"2022-09-18"},{"lineNumber":42,"author":{"gitId":"Alaskaredfish"},"content":"                identifyTaskNumber(split);","lastModifiedDate":"2022-10-12"},{"lineNumber":43,"author":{"gitId":"Alaskaredfish"},"content":"            } catch (NullPointerException e) {","lastModifiedDate":"2022-09-18"},{"lineNumber":44,"author":{"gitId":"Alaskaredfish"},"content":"                print(\"Task number not exist!\\n\");","lastModifiedDate":"2022-09-18"},{"lineNumber":45,"author":{"gitId":"Alaskaredfish"},"content":"            } catch (IndexOutOfBoundsException e) {","lastModifiedDate":"2022-10-12"},{"lineNumber":46,"author":{"gitId":"Alaskaredfish"},"content":"                print(\"Task number out of list range! Please enter number from 1 -  \" + listCount + \".\\n\");","lastModifiedDate":"2022-10-12"},{"lineNumber":47,"author":{"gitId":"Alaskaredfish"},"content":"            }","lastModifiedDate":"2022-09-18"},{"lineNumber":48,"author":{"gitId":"Alaskaredfish"},"content":"        } else {","lastModifiedDate":"2022-09-08"},{"lineNumber":49,"author":{"gitId":"Alaskaredfish"},"content":"            try {","lastModifiedDate":"2022-09-24"},{"lineNumber":50,"author":{"gitId":"Alaskaredfish"},"content":"                addTask(command);","lastModifiedDate":"2022-09-18"},{"lineNumber":51,"author":{"gitId":"Alaskaredfish"},"content":"            } catch (DukeException.notATask e) {","lastModifiedDate":"2022-10-02"},{"lineNumber":52,"author":{"gitId":"Alaskaredfish"},"content":"                print(\"OOPS!!! I\u0027m sorry, but I dont\u0027t know what that means :-( \\n\" );","lastModifiedDate":"2022-10-02"},{"lineNumber":53,"author":{"gitId":"Alaskaredfish"},"content":"                print(\"Please use keywords: todo, deadlines or events.\\n\");","lastModifiedDate":"2022-10-02"},{"lineNumber":54,"author":{"gitId":"Alaskaredfish"},"content":"            }","lastModifiedDate":"2022-09-18"},{"lineNumber":55,"author":{"gitId":"Alaskaredfish"},"content":"        }","lastModifiedDate":"2022-09-18"},{"lineNumber":56,"author":{"gitId":"Alaskaredfish"},"content":"    }","lastModifiedDate":"2022-09-18"},{"lineNumber":57,"author":{"gitId":"Alaskaredfish"},"content":"    public static void addTask(String command) throws DukeException.notATask {","lastModifiedDate":"2022-10-02"},{"lineNumber":58,"author":{"gitId":"Alaskaredfish"},"content":"        String[] split \u003d command.split(\"/\");","lastModifiedDate":"2022-09-24"},{"lineNumber":59,"author":{"gitId":"Alaskaredfish"},"content":"        String dateAndTime \u003d \"\";","lastModifiedDate":"2022-10-02"},{"lineNumber":60,"author":{"gitId":"Alaskaredfish"},"content":"        String[] description;","lastModifiedDate":"2022-10-02"},{"lineNumber":61,"author":{"gitId":"Alaskaredfish"},"content":"        // Check event description is not empty.","lastModifiedDate":"2022-10-02"},{"lineNumber":62,"author":{"gitId":"Alaskaredfish"},"content":"        try{","lastModifiedDate":"2022-09-24"},{"lineNumber":63,"author":{"gitId":"Alaskaredfish"},"content":"            description \u003d checkAndSplitDescription(split[0]);","lastModifiedDate":"2022-10-02"},{"lineNumber":64,"author":{"gitId":"Alaskaredfish"},"content":"        } catch (DukeException.noTaskDescription e) {","lastModifiedDate":"2022-10-02"},{"lineNumber":65,"author":{"gitId":"Alaskaredfish"},"content":"            print(\"Task description cannot be empty!\\n\");","lastModifiedDate":"2022-10-02"},{"lineNumber":66,"author":{"gitId":"Alaskaredfish"},"content":"            return;","lastModifiedDate":"2022-09-24"},{"lineNumber":67,"author":{"gitId":"Alaskaredfish"},"content":"        }","lastModifiedDate":"2022-09-24"},{"lineNumber":68,"author":{"gitId":"Alaskaredfish"},"content":"        //check if Deadline and Event has a valid date/time.","lastModifiedDate":"2022-10-02"},{"lineNumber":69,"author":{"gitId":"Alaskaredfish"},"content":"        try {","lastModifiedDate":"2022-09-24"},{"lineNumber":70,"author":{"gitId":"Alaskaredfish"},"content":"            dateAndTime \u003d split[1];","lastModifiedDate":"2022-09-24"},{"lineNumber":71,"author":{"gitId":"Alaskaredfish"},"content":"            checkDateAndTime(description, dateAndTime);","lastModifiedDate":"2022-10-02"},{"lineNumber":72,"author":{"gitId":"Alaskaredfish"},"content":"        } catch (IndexOutOfBoundsException e){","lastModifiedDate":"2022-09-24"},{"lineNumber":73,"author":{"gitId":"Alaskaredfish"},"content":"            switch (description[0]){","lastModifiedDate":"2022-10-02"},{"lineNumber":74,"author":{"gitId":"Alaskaredfish"},"content":"                case \"deadline\":","lastModifiedDate":"2022-10-02"},{"lineNumber":75,"author":{"gitId":"Alaskaredfish"},"content":"                    print(\"Invalid command! Date and time for deadline cannot be empty.\\n\");","lastModifiedDate":"2022-10-02"},{"lineNumber":76,"author":{"gitId":"Alaskaredfish"},"content":"                    return;","lastModifiedDate":"2022-10-02"},{"lineNumber":77,"author":{"gitId":"Alaskaredfish"},"content":"                case \"event\":","lastModifiedDate":"2022-10-02"},{"lineNumber":78,"author":{"gitId":"Alaskaredfish"},"content":"                    print(\"Invalid command! Date and time for event cannot be empty.\\n\");","lastModifiedDate":"2022-10-02"},{"lineNumber":79,"author":{"gitId":"Alaskaredfish"},"content":"                    return;","lastModifiedDate":"2022-10-02"},{"lineNumber":80,"author":{"gitId":"Alaskaredfish"},"content":"                default:","lastModifiedDate":"2022-10-02"},{"lineNumber":81,"author":{"gitId":"Alaskaredfish"},"content":"                    break;","lastModifiedDate":"2022-10-02"},{"lineNumber":82,"author":{"gitId":"Alaskaredfish"},"content":"            }","lastModifiedDate":"2022-10-02"},{"lineNumber":83,"author":{"gitId":"Alaskaredfish"},"content":"        } catch (DukeException.notTimeSlotException e) {","lastModifiedDate":"2022-10-02"},{"lineNumber":84,"author":{"gitId":"Alaskaredfish"},"content":"            print(\"Please enter a timeslot for the event! Or use deadline instead. \\n\");","lastModifiedDate":"2022-10-02"},{"lineNumber":85,"author":{"gitId":"Alaskaredfish"},"content":"            return;","lastModifiedDate":"2022-09-24"},{"lineNumber":86,"author":{"gitId":"Alaskaredfish"},"content":"        }","lastModifiedDate":"2022-10-02"},{"lineNumber":87,"author":{"gitId":"Alaskaredfish"},"content":"        //check if the task to be added is existed","lastModifiedDate":"2022-10-02"},{"lineNumber":88,"author":{"gitId":"Alaskaredfish"},"content":"        if (listCount \u003e 0) {","lastModifiedDate":"2022-10-02"},{"lineNumber":89,"author":{"gitId":"Alaskaredfish"},"content":"            try {","lastModifiedDate":"2022-10-02"},{"lineNumber":90,"author":{"gitId":"Alaskaredfish"},"content":"                isDuplicate(description, dateAndTime);","lastModifiedDate":"2022-10-02"},{"lineNumber":91,"author":{"gitId":"Alaskaredfish"},"content":"            } catch (DukeException.isDuplicateException e) {","lastModifiedDate":"2022-10-02"},{"lineNumber":92,"author":{"gitId":"Alaskaredfish"},"content":"                print(\"Task exist!\\n\");","lastModifiedDate":"2022-10-02"},{"lineNumber":93,"author":{"gitId":"Alaskaredfish"},"content":"                return;","lastModifiedDate":"2022-09-24"},{"lineNumber":94,"author":{"gitId":"Alaskaredfish"},"content":"            }","lastModifiedDate":"2022-09-24"},{"lineNumber":95,"author":{"gitId":"Alaskaredfish"},"content":"        }","lastModifiedDate":"2022-10-02"},{"lineNumber":96,"author":{"gitId":"Alaskaredfish"},"content":"        switch (description[0]) {","lastModifiedDate":"2022-10-02"},{"lineNumber":97,"author":{"gitId":"Alaskaredfish"},"content":"            case \"todo\":","lastModifiedDate":"2022-10-02"},{"lineNumber":98,"author":{"gitId":"Alaskaredfish"},"content":"                    list.add(new Todo(description[1]));","lastModifiedDate":"2022-10-12"},{"lineNumber":99,"author":{"gitId":"Alaskaredfish"},"content":"                break;","lastModifiedDate":"2022-10-02"},{"lineNumber":100,"author":{"gitId":"Alaskaredfish"},"content":"            case \"deadline\":","lastModifiedDate":"2022-10-02"},{"lineNumber":101,"author":{"gitId":"Alaskaredfish"},"content":"                list.add(new Deadline(description[1], dateAndTime));","lastModifiedDate":"2022-10-12"},{"lineNumber":102,"author":{"gitId":"Alaskaredfish"},"content":"                break;","lastModifiedDate":"2022-10-02"},{"lineNumber":103,"author":{"gitId":"Alaskaredfish"},"content":"            case \"event\":","lastModifiedDate":"2022-10-02"},{"lineNumber":104,"author":{"gitId":"Alaskaredfish"},"content":"                list.add(new Event(description[1], dateAndTime));","lastModifiedDate":"2022-10-12"},{"lineNumber":105,"author":{"gitId":"Alaskaredfish"},"content":"                break;","lastModifiedDate":"2022-09-24"},{"lineNumber":106,"author":{"gitId":"Alaskaredfish"},"content":"            default:","lastModifiedDate":"2022-09-24"},{"lineNumber":107,"author":{"gitId":"Alaskaredfish"},"content":"                throw new DukeException.notATask();","lastModifiedDate":"2022-10-02"},{"lineNumber":108,"author":{"gitId":"Alaskaredfish"},"content":"        }","lastModifiedDate":"2022-09-24"},{"lineNumber":109,"author":{"gitId":"Alaskaredfish"},"content":"        listCount ++;","lastModifiedDate":"2022-09-08"},{"lineNumber":110,"author":{"gitId":"Alaskaredfish"},"content":"        echo(list.get(listCount - 1).toString(), \"added\");","lastModifiedDate":"2022-10-12"},{"lineNumber":111,"author":{"gitId":"Alaskaredfish"},"content":"    }","lastModifiedDate":"2022-09-08"},{"lineNumber":112,"author":{"gitId":"Alaskaredfish"},"content":"","lastModifiedDate":"2022-09-08"},{"lineNumber":113,"author":{"gitId":"Alaskaredfish"},"content":"    public static void deleteTask(int taskNumber) {","lastModifiedDate":"2022-10-12"},{"lineNumber":114,"author":{"gitId":"Alaskaredfish"},"content":"        String removedTask \u003d list.get(taskNumber).toString();","lastModifiedDate":"2022-10-12"},{"lineNumber":115,"author":{"gitId":"Alaskaredfish"},"content":"        list.remove(taskNumber);","lastModifiedDate":"2022-10-12"},{"lineNumber":116,"author":{"gitId":"Alaskaredfish"},"content":"        listCount--;","lastModifiedDate":"2022-10-12"},{"lineNumber":117,"author":{"gitId":"Alaskaredfish"},"content":"        echo(removedTask, \"removed\");","lastModifiedDate":"2022-10-12"},{"lineNumber":118,"author":{"gitId":"Alaskaredfish"},"content":"    }","lastModifiedDate":"2022-10-12"},{"lineNumber":119,"author":{"gitId":"Alaskaredfish"},"content":"    public static void identifyTaskNumber(String[] split) {","lastModifiedDate":"2022-10-12"},{"lineNumber":120,"author":{"gitId":"Alaskaredfish"},"content":"        if (isNumeric(split[1])) {","lastModifiedDate":"2022-09-18"},{"lineNumber":121,"author":{"gitId":"Alaskaredfish"},"content":"            int taskNumber \u003d Integer.parseInt(split[1]) - 1;","lastModifiedDate":"2022-09-18"},{"lineNumber":122,"author":{"gitId":"Alaskaredfish"},"content":"            switch (split[0]) {","lastModifiedDate":"2022-10-12"},{"lineNumber":123,"author":{"gitId":"Alaskaredfish"},"content":"                case \"mark\":","lastModifiedDate":"2022-10-12"},{"lineNumber":124,"author":{"gitId":"Alaskaredfish"},"content":"                    list.get(taskNumber).markAsDone();","lastModifiedDate":"2022-10-12"},{"lineNumber":125,"author":{"gitId":"Alaskaredfish"},"content":"                    break;","lastModifiedDate":"2022-10-12"},{"lineNumber":126,"author":{"gitId":"Alaskaredfish"},"content":"                case \"unmark\":","lastModifiedDate":"2022-10-12"},{"lineNumber":127,"author":{"gitId":"Alaskaredfish"},"content":"                    list.get(taskNumber).markAsUndone();","lastModifiedDate":"2022-10-12"},{"lineNumber":128,"author":{"gitId":"Alaskaredfish"},"content":"                    break;","lastModifiedDate":"2022-10-12"},{"lineNumber":129,"author":{"gitId":"Alaskaredfish"},"content":"                case \"delete\":","lastModifiedDate":"2022-10-12"},{"lineNumber":130,"author":{"gitId":"Alaskaredfish"},"content":"                    deleteTask(taskNumber);","lastModifiedDate":"2022-10-12"},{"lineNumber":131,"author":{"gitId":"Alaskaredfish"},"content":"                    break;","lastModifiedDate":"2022-10-12"},{"lineNumber":132,"author":{"gitId":"Alaskaredfish"},"content":"                default:","lastModifiedDate":"2022-10-12"},{"lineNumber":133,"author":{"gitId":"Alaskaredfish"},"content":"                    return;","lastModifiedDate":"2022-10-12"},{"lineNumber":134,"author":{"gitId":"Alaskaredfish"},"content":"            }","lastModifiedDate":"2022-09-08"},{"lineNumber":135,"author":{"gitId":"Alaskaredfish"},"content":"        }","lastModifiedDate":"2022-09-08"},{"lineNumber":136,"author":{"gitId":"Alaskaredfish"},"content":"    }","lastModifiedDate":"2022-09-08"},{"lineNumber":137,"author":{"gitId":"Alaskaredfish"},"content":"    public static boolean isNumeric(String strNum) {","lastModifiedDate":"2022-09-18"},{"lineNumber":138,"author":{"gitId":"Alaskaredfish"},"content":"        if (strNum \u003d\u003d null) {","lastModifiedDate":"2022-09-18"},{"lineNumber":139,"author":{"gitId":"Alaskaredfish"},"content":"            return false;","lastModifiedDate":"2022-09-18"},{"lineNumber":140,"author":{"gitId":"Alaskaredfish"},"content":"        }","lastModifiedDate":"2022-09-18"},{"lineNumber":141,"author":{"gitId":"Alaskaredfish"},"content":"        try {","lastModifiedDate":"2022-09-18"},{"lineNumber":142,"author":{"gitId":"Alaskaredfish"},"content":"            double d \u003d Double.parseDouble(strNum);","lastModifiedDate":"2022-09-18"},{"lineNumber":143,"author":{"gitId":"Alaskaredfish"},"content":"        } catch (NumberFormatException nfe) {","lastModifiedDate":"2022-09-18"},{"lineNumber":144,"author":{"gitId":"Alaskaredfish"},"content":"            return false;","lastModifiedDate":"2022-09-18"},{"lineNumber":145,"author":{"gitId":"Alaskaredfish"},"content":"        }","lastModifiedDate":"2022-09-18"},{"lineNumber":146,"author":{"gitId":"Alaskaredfish"},"content":"        return true;","lastModifiedDate":"2022-09-18"},{"lineNumber":147,"author":{"gitId":"Alaskaredfish"},"content":"    }","lastModifiedDate":"2022-09-08"},{"lineNumber":148,"author":{"gitId":"Alaskaredfish"},"content":"","lastModifiedDate":"2022-10-02"},{"lineNumber":149,"author":{"gitId":"Alaskaredfish"},"content":"    public static void checkDateAndTime(String[] description, String dateAndTime) throws DukeException.notTimeSlotException{","lastModifiedDate":"2022-10-02"},{"lineNumber":150,"author":{"gitId":"Alaskaredfish"},"content":"        switch (description[0]){","lastModifiedDate":"2022-10-02"},{"lineNumber":151,"author":{"gitId":"Alaskaredfish"},"content":"            case \"todo\":","lastModifiedDate":"2022-10-02"},{"lineNumber":152,"author":{"gitId":"Alaskaredfish"},"content":"                return;","lastModifiedDate":"2022-10-02"},{"lineNumber":153,"author":{"gitId":"Alaskaredfish"},"content":"            case \"event\":","lastModifiedDate":"2022-10-02"},{"lineNumber":154,"author":{"gitId":"Alaskaredfish"},"content":"                try{","lastModifiedDate":"2022-10-02"},{"lineNumber":155,"author":{"gitId":"Alaskaredfish"},"content":"                    checkTimeSlot(dateAndTime);","lastModifiedDate":"2022-10-02"},{"lineNumber":156,"author":{"gitId":"Alaskaredfish"},"content":"                } catch (DukeException.notTimeSlotException e) {","lastModifiedDate":"2022-10-02"},{"lineNumber":157,"author":{"gitId":"Alaskaredfish"},"content":"                    throw new DukeException.notTimeSlotException();","lastModifiedDate":"2022-10-02"},{"lineNumber":158,"author":{"gitId":"Alaskaredfish"},"content":"                }","lastModifiedDate":"2022-10-02"},{"lineNumber":159,"author":{"gitId":"Alaskaredfish"},"content":"                break;","lastModifiedDate":"2022-10-02"},{"lineNumber":160,"author":{"gitId":"Alaskaredfish"},"content":"            default:","lastModifiedDate":"2022-10-02"},{"lineNumber":161,"author":{"gitId":"Alaskaredfish"},"content":"                break;","lastModifiedDate":"2022-10-02"},{"lineNumber":162,"author":{"gitId":"Alaskaredfish"},"content":"        }","lastModifiedDate":"2022-10-02"},{"lineNumber":163,"author":{"gitId":"Alaskaredfish"},"content":"    }","lastModifiedDate":"2022-10-02"},{"lineNumber":164,"author":{"gitId":"Alaskaredfish"},"content":"    public static void isDuplicate (String[] description, String dateAndTime) throws DukeException.isDuplicateException{","lastModifiedDate":"2022-10-02"},{"lineNumber":165,"author":{"gitId":"Alaskaredfish"},"content":"        for (int i \u003d 0; i \u003c listCount; i++) {","lastModifiedDate":"2022-10-02"},{"lineNumber":166,"author":{"gitId":"Alaskaredfish"},"content":"            switch (description[0]) {","lastModifiedDate":"2022-10-02"},{"lineNumber":167,"author":{"gitId":"Alaskaredfish"},"content":"                case \"todo\":","lastModifiedDate":"2022-10-02"},{"lineNumber":168,"author":{"gitId":"Alaskaredfish"},"content":"                    if(list.get(i).getDescription().equals(description[1])){","lastModifiedDate":"2022-10-12"},{"lineNumber":169,"author":{"gitId":"Alaskaredfish"},"content":"                        throw new DukeException.isDuplicateException();","lastModifiedDate":"2022-10-02"},{"lineNumber":170,"author":{"gitId":"Alaskaredfish"},"content":"                    }","lastModifiedDate":"2022-10-02"},{"lineNumber":171,"author":{"gitId":"Alaskaredfish"},"content":"                    break;","lastModifiedDate":"2022-10-02"},{"lineNumber":172,"author":{"gitId":"Alaskaredfish"},"content":"                case \"deadline\":","lastModifiedDate":"2022-10-02"},{"lineNumber":173,"author":{"gitId":"Alaskaredfish"},"content":"                case \"event\":","lastModifiedDate":"2022-10-02"},{"lineNumber":174,"author":{"gitId":"Alaskaredfish"},"content":"                    if(list.get(i).getDescription().equals(description[1])){","lastModifiedDate":"2022-10-12"},{"lineNumber":175,"author":{"gitId":"Alaskaredfish"},"content":"                        if (list.get(i).getDateAndTime().equals(dateAndTime)) {","lastModifiedDate":"2022-10-12"},{"lineNumber":176,"author":{"gitId":"Alaskaredfish"},"content":"                            throw new DukeException.isDuplicateException();","lastModifiedDate":"2022-10-02"},{"lineNumber":177,"author":{"gitId":"Alaskaredfish"},"content":"                        }","lastModifiedDate":"2022-10-02"},{"lineNumber":178,"author":{"gitId":"Alaskaredfish"},"content":"                    }","lastModifiedDate":"2022-10-02"},{"lineNumber":179,"author":{"gitId":"Alaskaredfish"},"content":"                    break;","lastModifiedDate":"2022-10-02"},{"lineNumber":180,"author":{"gitId":"Alaskaredfish"},"content":"                default:","lastModifiedDate":"2022-10-02"},{"lineNumber":181,"author":{"gitId":"Alaskaredfish"},"content":"                    return;","lastModifiedDate":"2022-10-02"},{"lineNumber":182,"author":{"gitId":"Alaskaredfish"},"content":"            }","lastModifiedDate":"2022-10-02"},{"lineNumber":183,"author":{"gitId":"Alaskaredfish"},"content":"        }","lastModifiedDate":"2022-10-02"},{"lineNumber":184,"author":{"gitId":"-"},"content":"    }","lastModifiedDate":"2019-07-29"},{"lineNumber":185,"author":{"gitId":"Alaskaredfish"},"content":"","lastModifiedDate":"2022-09-24"},{"lineNumber":186,"author":{"gitId":"Alaskaredfish"},"content":"    public static void checkTimeSlot(String dateAndTime) throws DukeException.notTimeSlotException {","lastModifiedDate":"2022-10-02"},{"lineNumber":187,"author":{"gitId":"Alaskaredfish"},"content":"        if (dateAndTime.contains(\"-\")) {","lastModifiedDate":"2022-09-24"},{"lineNumber":188,"author":{"gitId":"Alaskaredfish"},"content":"        } else {","lastModifiedDate":"2022-09-24"},{"lineNumber":189,"author":{"gitId":"Alaskaredfish"},"content":"            throw new DukeException.notTimeSlotException();","lastModifiedDate":"2022-10-02"},{"lineNumber":190,"author":{"gitId":"Alaskaredfish"},"content":"        }","lastModifiedDate":"2022-10-02"},{"lineNumber":191,"author":{"gitId":"Alaskaredfish"},"content":"    }","lastModifiedDate":"2022-10-02"},{"lineNumber":192,"author":{"gitId":"Alaskaredfish"},"content":"","lastModifiedDate":"2022-10-02"},{"lineNumber":193,"author":{"gitId":"Alaskaredfish"},"content":"    public static String[] checkAndSplitDescription(String description) throws DukeException.noTaskDescription, DukeException.notATask{","lastModifiedDate":"2022-10-02"},{"lineNumber":194,"author":{"gitId":"Alaskaredfish"},"content":"        String[] split;","lastModifiedDate":"2022-10-02"},{"lineNumber":195,"author":{"gitId":"Alaskaredfish"},"content":"","lastModifiedDate":"2022-10-02"},{"lineNumber":196,"author":{"gitId":"Alaskaredfish"},"content":"        split \u003d description.split(\" \", 2);","lastModifiedDate":"2022-10-02"},{"lineNumber":197,"author":{"gitId":"Alaskaredfish"},"content":"        if (split.length \u003c 2) {","lastModifiedDate":"2022-10-02"},{"lineNumber":198,"author":{"gitId":"Alaskaredfish"},"content":"            if (split[0].equals(\"todo\") || split[0].equals(\"deadline\") || split[0].equals(\"event\")) {","lastModifiedDate":"2022-10-02"},{"lineNumber":199,"author":{"gitId":"Alaskaredfish"},"content":"                throw new DukeException.noTaskDescription();","lastModifiedDate":"2022-10-02"},{"lineNumber":200,"author":{"gitId":"Alaskaredfish"},"content":"            } else {","lastModifiedDate":"2022-10-02"},{"lineNumber":201,"author":{"gitId":"Alaskaredfish"},"content":"                throw new DukeException.notATask();","lastModifiedDate":"2022-10-02"},{"lineNumber":202,"author":{"gitId":"Alaskaredfish"},"content":"            }","lastModifiedDate":"2022-09-24"},{"lineNumber":203,"author":{"gitId":"Alaskaredfish"},"content":"        }","lastModifiedDate":"2022-09-24"},{"lineNumber":204,"author":{"gitId":"Alaskaredfish"},"content":"        return split;","lastModifiedDate":"2022-10-02"},{"lineNumber":205,"author":{"gitId":"Alaskaredfish"},"content":"    }","lastModifiedDate":"2022-10-02"},{"lineNumber":206,"author":{"gitId":"Alaskaredfish"},"content":"","lastModifiedDate":"2022-10-02"},{"lineNumber":207,"author":{"gitId":"Alaskaredfish"},"content":"    public static void print(String toPrint){","lastModifiedDate":"2022-10-02"},{"lineNumber":208,"author":{"gitId":"Alaskaredfish"},"content":"        String indentFive \u003d \"     \";","lastModifiedDate":"2022-10-02"},{"lineNumber":209,"author":{"gitId":"Alaskaredfish"},"content":"        System.out.print(indentFive + toPrint);","lastModifiedDate":"2022-10-02"},{"lineNumber":210,"author":{"gitId":"Alaskaredfish"},"content":"    }","lastModifiedDate":"2022-10-02"},{"lineNumber":211,"author":{"gitId":"Alaskaredfish"},"content":"","lastModifiedDate":"2022-09-24"},{"lineNumber":212,"author":{"gitId":"Alaskaredfish"},"content":"    public static void printList() {","lastModifiedDate":"2022-10-12"},{"lineNumber":213,"author":{"gitId":"Alaskaredfish"},"content":"        print(\"Here are the tasks in your list:\\n\");","lastModifiedDate":"2022-10-12"},{"lineNumber":214,"author":{"gitId":"Alaskaredfish"},"content":"        for(int i \u003d 0; i \u003c listCount; i++) {","lastModifiedDate":"2022-10-12"},{"lineNumber":215,"author":{"gitId":"Alaskaredfish"},"content":"            String count \u003d (i + 1) + \". \";","lastModifiedDate":"2022-10-12"},{"lineNumber":216,"author":{"gitId":"Alaskaredfish"},"content":"            print(count);","lastModifiedDate":"2022-10-12"},{"lineNumber":217,"author":{"gitId":"Alaskaredfish"},"content":"            list.get(i).printTask();","lastModifiedDate":"2022-10-12"},{"lineNumber":218,"author":{"gitId":"Alaskaredfish"},"content":"        }","lastModifiedDate":"2022-10-12"},{"lineNumber":219,"author":{"gitId":"Alaskaredfish"},"content":"    }","lastModifiedDate":"2022-10-12"},{"lineNumber":220,"author":{"gitId":"Alaskaredfish"},"content":"    public static void echo(String toEcho, String mode) {","lastModifiedDate":"2022-10-12"},{"lineNumber":221,"author":{"gitId":"Alaskaredfish"},"content":"        print(\"Got it. I\u0027ve \" + mode + \" this task:\\n\");","lastModifiedDate":"2022-10-12"},{"lineNumber":222,"author":{"gitId":"Alaskaredfish"},"content":"        print(\"  \" + toEcho + \"\\n\");","lastModifiedDate":"2022-10-12"},{"lineNumber":223,"author":{"gitId":"Alaskaredfish"},"content":"        print(\"Now you have \" + listCount + \" tasks in the list.\\n\");","lastModifiedDate":"2022-10-12"},{"lineNumber":224,"author":{"gitId":"Alaskaredfish"},"content":"    }","lastModifiedDate":"2022-10-12"},{"lineNumber":225,"author":{"gitId":"Alaskaredfish"},"content":"    public static void exit() {","lastModifiedDate":"2022-10-02"},{"lineNumber":226,"author":{"gitId":"Alaskaredfish"},"content":"        print(\"Bye. Remember!\\n\");","lastModifiedDate":"2022-10-02"},{"lineNumber":227,"author":{"gitId":"Alaskaredfish"},"content":"        print(\"In times of crisis, the wise build bridges while the foolish build barriers.\\n\");","lastModifiedDate":"2022-10-02"},{"lineNumber":228,"author":{"gitId":"Alaskaredfish"},"content":"","lastModifiedDate":"2022-10-02"},{"lineNumber":229,"author":{"gitId":"-"},"content":"    }","lastModifiedDate":"2022-10-02"},{"lineNumber":230,"author":{"gitId":"-"},"content":"}","lastModifiedDate":"2022-09-18"},{"lineNumber":231,"author":{"gitId":"Alaskaredfish"},"content":"","lastModifiedDate":"2022-09-18"},{"lineNumber":232,"author":{"gitId":"Alaskaredfish"},"content":"","lastModifiedDate":"2022-09-18"}],"authorContributionMap":{"Alaskaredfish":220,"-":12}},{"path":"src/main/java/DukeException.java","fileType":"java","lines":[{"lineNumber":1,"author":{"gitId":"Alaskaredfish"},"content":"public class DukeException{","lastModifiedDate":"2022-10-02"},{"lineNumber":2,"author":{"gitId":"Alaskaredfish"},"content":"","lastModifiedDate":"2022-10-02"},{"lineNumber":3,"author":{"gitId":"Alaskaredfish"},"content":"    public static class notTimeSlotException extends Exception{}","lastModifiedDate":"2022-10-02"},{"lineNumber":4,"author":{"gitId":"Alaskaredfish"},"content":"","lastModifiedDate":"2022-10-02"},{"lineNumber":5,"author":{"gitId":"Alaskaredfish"},"content":"    public static class notATask extends Exception{}","lastModifiedDate":"2022-10-02"},{"lineNumber":6,"author":{"gitId":"Alaskaredfish"},"content":"","lastModifiedDate":"2022-10-02"},{"lineNumber":7,"author":{"gitId":"Alaskaredfish"},"content":"    public static class isDuplicateException extends Exception{}","lastModifiedDate":"2022-10-02"},{"lineNumber":8,"author":{"gitId":"Alaskaredfish"},"content":"","lastModifiedDate":"2022-10-02"},{"lineNumber":9,"author":{"gitId":"Alaskaredfish"},"content":"    public static class noTaskDescription extends Exception{}","lastModifiedDate":"2022-10-02"},{"lineNumber":10,"author":{"gitId":"Alaskaredfish"},"content":"","lastModifiedDate":"2022-10-02"},{"lineNumber":11,"author":{"gitId":"Alaskaredfish"},"content":"","lastModifiedDate":"2022-10-02"},{"lineNumber":12,"author":{"gitId":"Alaskaredfish"},"content":"","lastModifiedDate":"2022-10-02"},{"lineNumber":13,"author":{"gitId":"Alaskaredfish"},"content":"}","lastModifiedDate":"2022-10-02"}],"authorContributionMap":{"Alaskaredfish":13}},{"path":"src/main/java/Event.java","fileType":"java","lines":[{"lineNumber":1,"author":{"gitId":"Alaskaredfish"},"content":"public class Event extends Task{","lastModifiedDate":"2022-09-24"},{"lineNumber":2,"author":{"gitId":"Alaskaredfish"},"content":"    protected String at;","lastModifiedDate":"2022-09-24"},{"lineNumber":3,"author":{"gitId":"Alaskaredfish"},"content":"","lastModifiedDate":"2022-09-24"},{"lineNumber":4,"author":{"gitId":"Alaskaredfish"},"content":"    public Event(String description, String at) {","lastModifiedDate":"2022-09-24"},{"lineNumber":5,"author":{"gitId":"Alaskaredfish"},"content":"        super(description);","lastModifiedDate":"2022-09-24"},{"lineNumber":6,"author":{"gitId":"Alaskaredfish"},"content":"        this.at \u003d at;","lastModifiedDate":"2022-09-24"},{"lineNumber":7,"author":{"gitId":"Alaskaredfish"},"content":"    }","lastModifiedDate":"2022-09-24"},{"lineNumber":8,"author":{"gitId":"Alaskaredfish"},"content":"    public String getDescription() {","lastModifiedDate":"2022-10-02"},{"lineNumber":9,"author":{"gitId":"Alaskaredfish"},"content":"        return this.description;","lastModifiedDate":"2022-10-02"},{"lineNumber":10,"author":{"gitId":"Alaskaredfish"},"content":"    }","lastModifiedDate":"2022-10-02"},{"lineNumber":11,"author":{"gitId":"Alaskaredfish"},"content":"    public String getDateAndTime() {","lastModifiedDate":"2022-10-02"},{"lineNumber":12,"author":{"gitId":"Alaskaredfish"},"content":"        return this.at;","lastModifiedDate":"2022-10-02"},{"lineNumber":13,"author":{"gitId":"Alaskaredfish"},"content":"    }","lastModifiedDate":"2022-10-02"},{"lineNumber":14,"author":{"gitId":"Alaskaredfish"},"content":"    @Override","lastModifiedDate":"2022-09-24"},{"lineNumber":15,"author":{"gitId":"Alaskaredfish"},"content":"    public String toString() {","lastModifiedDate":"2022-09-24"},{"lineNumber":16,"author":{"gitId":"Alaskaredfish"},"content":"        String[] parts \u003d this.at.split(\" \", 2);","lastModifiedDate":"2022-09-24"},{"lineNumber":17,"author":{"gitId":"Alaskaredfish"},"content":"        return \"[E]\" +  super.toString() + \" (\" + parts[0] + \": \" + parts[1] + \")\";","lastModifiedDate":"2022-09-24"},{"lineNumber":18,"author":{"gitId":"Alaskaredfish"},"content":"    }","lastModifiedDate":"2022-09-24"},{"lineNumber":19,"author":{"gitId":"Alaskaredfish"},"content":"","lastModifiedDate":"2022-09-24"},{"lineNumber":20,"author":{"gitId":"Alaskaredfish"},"content":"}","lastModifiedDate":"2022-09-24"}],"authorContributionMap":{"Alaskaredfish":20}},{"path":"src/main/java/Task.java","fileType":"java","lines":[{"lineNumber":1,"author":{"gitId":"Alaskaredfish"},"content":"public class Task {","lastModifiedDate":"2022-09-18"},{"lineNumber":2,"author":{"gitId":"Alaskaredfish"},"content":"    protected String description;","lastModifiedDate":"2022-09-18"},{"lineNumber":3,"author":{"gitId":"Alaskaredfish"},"content":"    protected boolean isDone;","lastModifiedDate":"2022-09-18"},{"lineNumber":4,"author":{"gitId":"Alaskaredfish"},"content":"","lastModifiedDate":"2022-09-18"},{"lineNumber":5,"author":{"gitId":"Alaskaredfish"},"content":"    public Task(String description) {","lastModifiedDate":"2022-09-18"},{"lineNumber":6,"author":{"gitId":"Alaskaredfish"},"content":"        this.description \u003d description;","lastModifiedDate":"2022-09-18"},{"lineNumber":7,"author":{"gitId":"Alaskaredfish"},"content":"        this.isDone \u003d false;","lastModifiedDate":"2022-09-18"},{"lineNumber":8,"author":{"gitId":"Alaskaredfish"},"content":"    }","lastModifiedDate":"2022-09-18"},{"lineNumber":9,"author":{"gitId":"Alaskaredfish"},"content":"","lastModifiedDate":"2022-09-18"},{"lineNumber":10,"author":{"gitId":"Alaskaredfish"},"content":"    public String getDescription() {","lastModifiedDate":"2022-10-02"},{"lineNumber":11,"author":{"gitId":"Alaskaredfish"},"content":"        return this.description;","lastModifiedDate":"2022-10-02"},{"lineNumber":12,"author":{"gitId":"Alaskaredfish"},"content":"    }","lastModifiedDate":"2022-10-02"},{"lineNumber":13,"author":{"gitId":"Alaskaredfish"},"content":"    public String getDateAndTime() {","lastModifiedDate":"2022-10-02"},{"lineNumber":14,"author":{"gitId":"Alaskaredfish"},"content":"        return null;","lastModifiedDate":"2022-10-02"},{"lineNumber":15,"author":{"gitId":"Alaskaredfish"},"content":"    }","lastModifiedDate":"2022-10-02"},{"lineNumber":16,"author":{"gitId":"Alaskaredfish"},"content":"    public String getStatusIcon() {","lastModifiedDate":"2022-09-18"},{"lineNumber":17,"author":{"gitId":"Alaskaredfish"},"content":"        return (isDone ? \"X\" : \" \"); // mark done task with X","lastModifiedDate":"2022-09-18"},{"lineNumber":18,"author":{"gitId":"Alaskaredfish"},"content":"    }","lastModifiedDate":"2022-09-18"},{"lineNumber":19,"author":{"gitId":"Alaskaredfish"},"content":"","lastModifiedDate":"2022-09-18"},{"lineNumber":20,"author":{"gitId":"Alaskaredfish"},"content":"    public void markAsDone() {","lastModifiedDate":"2022-09-18"},{"lineNumber":21,"author":{"gitId":"Alaskaredfish"},"content":"        this.isDone \u003d true;","lastModifiedDate":"2022-09-18"},{"lineNumber":22,"author":{"gitId":"Alaskaredfish"},"content":"        print(\"Nice! I\u0027ve marked this task as done:\\n\");","lastModifiedDate":"2022-09-18"},{"lineNumber":23,"author":{"gitId":"Alaskaredfish"},"content":"        print(\"       \" + this.toString()+ \"\\n\");","lastModifiedDate":"2022-09-18"},{"lineNumber":24,"author":{"gitId":"Alaskaredfish"},"content":"    }","lastModifiedDate":"2022-09-18"},{"lineNumber":25,"author":{"gitId":"Alaskaredfish"},"content":"","lastModifiedDate":"2022-09-18"},{"lineNumber":26,"author":{"gitId":"Alaskaredfish"},"content":"    public void markAsUndone() {","lastModifiedDate":"2022-09-18"},{"lineNumber":27,"author":{"gitId":"Alaskaredfish"},"content":"        this.isDone \u003d false;","lastModifiedDate":"2022-09-18"},{"lineNumber":28,"author":{"gitId":"Alaskaredfish"},"content":"        print(\"OK, I\u0027ve marked this task as not done yet:\\n\");","lastModifiedDate":"2022-09-18"},{"lineNumber":29,"author":{"gitId":"Alaskaredfish"},"content":"        print(\"       \" + this.toString() + \"\\n\");","lastModifiedDate":"2022-09-18"},{"lineNumber":30,"author":{"gitId":"Alaskaredfish"},"content":"    }","lastModifiedDate":"2022-09-18"},{"lineNumber":31,"author":{"gitId":"Alaskaredfish"},"content":"","lastModifiedDate":"2022-09-18"},{"lineNumber":32,"author":{"gitId":"Alaskaredfish"},"content":"    public void printTask(){","lastModifiedDate":"2022-09-18"},{"lineNumber":33,"author":{"gitId":"Alaskaredfish"},"content":"        System.out.print(this.toString() + \"\\n\");","lastModifiedDate":"2022-09-18"},{"lineNumber":34,"author":{"gitId":"Alaskaredfish"},"content":"    }","lastModifiedDate":"2022-09-18"},{"lineNumber":35,"author":{"gitId":"Alaskaredfish"},"content":"","lastModifiedDate":"2022-09-18"},{"lineNumber":36,"author":{"gitId":"Alaskaredfish"},"content":"    public String toString(){","lastModifiedDate":"2022-09-18"},{"lineNumber":37,"author":{"gitId":"Alaskaredfish"},"content":"        return \"[\" + this.getStatusIcon() + \"] \" + this.description;","lastModifiedDate":"2022-09-18"},{"lineNumber":38,"author":{"gitId":"Alaskaredfish"},"content":"    }","lastModifiedDate":"2022-09-18"},{"lineNumber":39,"author":{"gitId":"Alaskaredfish"},"content":"    public static void print(String toPrint){","lastModifiedDate":"2022-09-18"},{"lineNumber":40,"author":{"gitId":"Alaskaredfish"},"content":"        String indentFive \u003d \"     \";","lastModifiedDate":"2022-09-18"},{"lineNumber":41,"author":{"gitId":"Alaskaredfish"},"content":"        System.out.print(indentFive + toPrint);","lastModifiedDate":"2022-09-18"},{"lineNumber":42,"author":{"gitId":"Alaskaredfish"},"content":"    }","lastModifiedDate":"2022-09-18"},{"lineNumber":43,"author":{"gitId":"Alaskaredfish"},"content":"    //...","lastModifiedDate":"2022-09-18"},{"lineNumber":44,"author":{"gitId":"Alaskaredfish"},"content":"}","lastModifiedDate":"2022-09-18"},{"lineNumber":45,"author":{"gitId":"Alaskaredfish"},"content":"","lastModifiedDate":"2022-09-18"}],"authorContributionMap":{"Alaskaredfish":45}},{"path":"src/main/java/Todo.java","fileType":"java","lines":[{"lineNumber":1,"author":{"gitId":"Alaskaredfish"},"content":"public class Todo extends Task{","lastModifiedDate":"2022-09-24"},{"lineNumber":2,"author":{"gitId":"Alaskaredfish"},"content":"","lastModifiedDate":"2022-09-24"},{"lineNumber":3,"author":{"gitId":"Alaskaredfish"},"content":"    public Todo(String description) {","lastModifiedDate":"2022-09-24"},{"lineNumber":4,"author":{"gitId":"Alaskaredfish"},"content":"        super(description);","lastModifiedDate":"2022-09-24"},{"lineNumber":5,"author":{"gitId":"Alaskaredfish"},"content":"    }","lastModifiedDate":"2022-09-24"},{"lineNumber":6,"author":{"gitId":"Alaskaredfish"},"content":"","lastModifiedDate":"2022-09-24"},{"lineNumber":7,"author":{"gitId":"Alaskaredfish"},"content":"    public String getDescription() {","lastModifiedDate":"2022-10-02"},{"lineNumber":8,"author":{"gitId":"Alaskaredfish"},"content":"        return this.description;","lastModifiedDate":"2022-10-02"},{"lineNumber":9,"author":{"gitId":"Alaskaredfish"},"content":"    }","lastModifiedDate":"2022-10-02"},{"lineNumber":10,"author":{"gitId":"Alaskaredfish"},"content":"    public String getDateAndTime() {","lastModifiedDate":"2022-10-02"},{"lineNumber":11,"author":{"gitId":"Alaskaredfish"},"content":"        return null;","lastModifiedDate":"2022-10-02"},{"lineNumber":12,"author":{"gitId":"Alaskaredfish"},"content":"    }","lastModifiedDate":"2022-10-02"},{"lineNumber":13,"author":{"gitId":"Alaskaredfish"},"content":"","lastModifiedDate":"2022-10-02"},{"lineNumber":14,"author":{"gitId":"Alaskaredfish"},"content":"    @Override","lastModifiedDate":"2022-09-24"},{"lineNumber":15,"author":{"gitId":"Alaskaredfish"},"content":"    public String toString() {","lastModifiedDate":"2022-09-24"},{"lineNumber":16,"author":{"gitId":"Alaskaredfish"},"content":"        return \"[T]\" + super.toString();","lastModifiedDate":"2022-09-24"},{"lineNumber":17,"author":{"gitId":"Alaskaredfish"},"content":"    }","lastModifiedDate":"2022-09-24"},{"lineNumber":18,"author":{"gitId":"Alaskaredfish"},"content":"}","lastModifiedDate":"2022-09-24"}],"authorContributionMap":{"Alaskaredfish":18}}]
