[{"path":"src/seedu/Duke.java","fileType":"java","lines":[{"lineNumber":1,"author":{"gitId":"Alaskaredfish"},"content":"package seedu;","lastModifiedDate":"2022-10-22"},{"lineNumber":2,"author":{"gitId":"Alaskaredfish"},"content":"","lastModifiedDate":"2022-10-22"},{"lineNumber":3,"author":{"gitId":"Alaskaredfish"},"content":"import seedu.nusduke.data.DukeException;","lastModifiedDate":"2022-10-22"},{"lineNumber":4,"author":{"gitId":"Alaskaredfish"},"content":"import seedu.nusduke.parser.Command;","lastModifiedDate":"2022-10-22"},{"lineNumber":5,"author":{"gitId":"Alaskaredfish"},"content":"import seedu.nusduke.parser.Parser;","lastModifiedDate":"2022-10-22"},{"lineNumber":6,"author":{"gitId":"Alaskaredfish"},"content":"import seedu.nusduke.storage.Storage;","lastModifiedDate":"2022-10-22"},{"lineNumber":7,"author":{"gitId":"Alaskaredfish"},"content":"import seedu.nusduke.tasklist.TaskList;","lastModifiedDate":"2022-10-22"},{"lineNumber":8,"author":{"gitId":"Alaskaredfish"},"content":"import seedu.nusduke.ui.Ui;","lastModifiedDate":"2022-10-22"},{"lineNumber":9,"author":{"gitId":"Alaskaredfish"},"content":"","lastModifiedDate":"2022-10-22"},{"lineNumber":10,"author":{"gitId":"Alaskaredfish"},"content":"","lastModifiedDate":"2022-10-22"},{"lineNumber":11,"author":{"gitId":"Alaskaredfish"},"content":"/**","lastModifiedDate":"2022-10-22"},{"lineNumber":12,"author":{"gitId":"Alaskaredfish"},"content":" * Entry point of the Address nus-Duke application.","lastModifiedDate":"2022-10-22"},{"lineNumber":13,"author":{"gitId":"Alaskaredfish"},"content":" * Initializes the application and starts the interaction with the user.","lastModifiedDate":"2022-10-22"},{"lineNumber":14,"author":{"gitId":"Alaskaredfish"},"content":" */","lastModifiedDate":"2022-10-22"},{"lineNumber":15,"author":{"gitId":"Alaskaredfish"},"content":"public class Duke {","lastModifiedDate":"2022-10-22"},{"lineNumber":16,"author":{"gitId":"Alaskaredfish"},"content":"","lastModifiedDate":"2022-10-22"},{"lineNumber":17,"author":{"gitId":"Alaskaredfish"},"content":"    /** Version info of the program. */","lastModifiedDate":"2022-10-22"},{"lineNumber":18,"author":{"gitId":"Alaskaredfish"},"content":"    public static final String VERSION \u003d \"Duke Level 7 - Version 1.0\";","lastModifiedDate":"2022-10-22"},{"lineNumber":19,"author":{"gitId":"Alaskaredfish"},"content":"    private Storage storage;","lastModifiedDate":"2022-10-22"},{"lineNumber":20,"author":{"gitId":"Alaskaredfish"},"content":"    private TaskList tasks;","lastModifiedDate":"2022-10-22"},{"lineNumber":21,"author":{"gitId":"Alaskaredfish"},"content":"    private Ui ui;","lastModifiedDate":"2022-10-22"},{"lineNumber":22,"author":{"gitId":"Alaskaredfish"},"content":"","lastModifiedDate":"2022-10-22"},{"lineNumber":23,"author":{"gitId":"Alaskaredfish"},"content":"    public Duke(String filePath) {","lastModifiedDate":"2022-10-22"},{"lineNumber":24,"author":{"gitId":"Alaskaredfish"},"content":"        ui \u003d new Ui();","lastModifiedDate":"2022-10-22"},{"lineNumber":25,"author":{"gitId":"Alaskaredfish"},"content":"        storage \u003d new Storage(filePath);","lastModifiedDate":"2022-10-22"},{"lineNumber":26,"author":{"gitId":"Alaskaredfish"},"content":"        try {","lastModifiedDate":"2022-10-22"},{"lineNumber":27,"author":{"gitId":"Alaskaredfish"},"content":"            tasks \u003d new TaskList(storage.load());","lastModifiedDate":"2022-10-22"},{"lineNumber":28,"author":{"gitId":"Alaskaredfish"},"content":"        } catch (DukeException e) {","lastModifiedDate":"2022-10-22"},{"lineNumber":29,"author":{"gitId":"Alaskaredfish"},"content":"            ui.showLoadingError(e);","lastModifiedDate":"2022-10-22"},{"lineNumber":30,"author":{"gitId":"Alaskaredfish"},"content":"            tasks \u003d new TaskList();","lastModifiedDate":"2022-10-22"},{"lineNumber":31,"author":{"gitId":"Alaskaredfish"},"content":"        }","lastModifiedDate":"2022-10-22"},{"lineNumber":32,"author":{"gitId":"Alaskaredfish"},"content":"    }","lastModifiedDate":"2022-10-22"},{"lineNumber":33,"author":{"gitId":"Alaskaredfish"},"content":"","lastModifiedDate":"2022-10-22"},{"lineNumber":34,"author":{"gitId":"Alaskaredfish"},"content":"    public void run() {","lastModifiedDate":"2022-10-22"},{"lineNumber":35,"author":{"gitId":"Alaskaredfish"},"content":"        ui.showWelcome();","lastModifiedDate":"2022-10-22"},{"lineNumber":36,"author":{"gitId":"Alaskaredfish"},"content":"        boolean isExit \u003d false;","lastModifiedDate":"2022-10-22"},{"lineNumber":37,"author":{"gitId":"Alaskaredfish"},"content":"        while (!isExit) {","lastModifiedDate":"2022-10-22"},{"lineNumber":38,"author":{"gitId":"Alaskaredfish"},"content":"            try {","lastModifiedDate":"2022-10-22"},{"lineNumber":39,"author":{"gitId":"Alaskaredfish"},"content":"                String fullCommand \u003d ui.readCommand();","lastModifiedDate":"2022-10-22"},{"lineNumber":40,"author":{"gitId":"Alaskaredfish"},"content":"                ui.showLine(); // show the divider line (\"_______\")","lastModifiedDate":"2022-10-22"},{"lineNumber":41,"author":{"gitId":"Alaskaredfish"},"content":"                Command c \u003d Parser.parse(fullCommand);","lastModifiedDate":"2022-10-22"},{"lineNumber":42,"author":{"gitId":"Alaskaredfish"},"content":"                c.execute(tasks, ui, storage);","lastModifiedDate":"2022-10-22"},{"lineNumber":43,"author":{"gitId":"Alaskaredfish"},"content":"                isExit \u003d c.isExit();","lastModifiedDate":"2022-10-22"},{"lineNumber":44,"author":{"gitId":"Alaskaredfish"},"content":"            } catch (DukeException e) {","lastModifiedDate":"2022-10-22"},{"lineNumber":45,"author":{"gitId":"Alaskaredfish"},"content":"                ui.showError(e.getMessage());","lastModifiedDate":"2022-10-22"},{"lineNumber":46,"author":{"gitId":"Alaskaredfish"},"content":"            } finally {","lastModifiedDate":"2022-10-22"},{"lineNumber":47,"author":{"gitId":"Alaskaredfish"},"content":"                ui.showLine();","lastModifiedDate":"2022-10-22"},{"lineNumber":48,"author":{"gitId":"Alaskaredfish"},"content":"            }","lastModifiedDate":"2022-10-22"},{"lineNumber":49,"author":{"gitId":"Alaskaredfish"},"content":"        }","lastModifiedDate":"2022-10-22"},{"lineNumber":50,"author":{"gitId":"Alaskaredfish"},"content":"    }","lastModifiedDate":"2022-10-22"},{"lineNumber":51,"author":{"gitId":"Alaskaredfish"},"content":"","lastModifiedDate":"2022-10-22"},{"lineNumber":52,"author":{"gitId":"Alaskaredfish"},"content":"    public static void main(String[] args) {","lastModifiedDate":"2022-10-22"},{"lineNumber":53,"author":{"gitId":"Alaskaredfish"},"content":"        new Duke(\"tasks.txt\").run();","lastModifiedDate":"2022-10-22"},{"lineNumber":54,"author":{"gitId":"Alaskaredfish"},"content":"    }","lastModifiedDate":"2022-10-22"},{"lineNumber":55,"author":{"gitId":"Alaskaredfish"},"content":"","lastModifiedDate":"2022-10-22"},{"lineNumber":56,"author":{"gitId":"Alaskaredfish"},"content":"}","lastModifiedDate":"2022-10-22"}],"authorContributionMap":{"Alaskaredfish":56}},{"path":"src/seedu/nusduke/data/DukeException.java","fileType":"java","lines":[{"lineNumber":1,"author":{"gitId":"Alaskaredfish"},"content":"package seedu.nusduke.data;","lastModifiedDate":"2022-10-22"},{"lineNumber":2,"author":{"gitId":"Alaskaredfish"},"content":"","lastModifiedDate":"2022-10-22"},{"lineNumber":3,"author":{"gitId":"Alaskaredfish"},"content":"public class DukeException extends Exception{","lastModifiedDate":"2022-10-22"},{"lineNumber":4,"author":{"gitId":"Alaskaredfish"},"content":"    public DukeException(String Message){","lastModifiedDate":"2022-10-22"},{"lineNumber":5,"author":{"gitId":"Alaskaredfish"},"content":"        super(Message);","lastModifiedDate":"2022-10-22"},{"lineNumber":6,"author":{"gitId":"Alaskaredfish"},"content":"    }","lastModifiedDate":"2022-10-22"},{"lineNumber":7,"author":{"gitId":"Alaskaredfish"},"content":"","lastModifiedDate":"2022-10-22"},{"lineNumber":8,"author":{"gitId":"Alaskaredfish"},"content":"}","lastModifiedDate":"2022-10-22"}],"authorContributionMap":{"Alaskaredfish":8}},{"path":"src/seedu/nusduke/parser/Command.java","fileType":"java","lines":[{"lineNumber":1,"author":{"gitId":"Alaskaredfish"},"content":"package seedu.nusduke.parser;","lastModifiedDate":"2022-10-22"},{"lineNumber":2,"author":{"gitId":"Alaskaredfish"},"content":"","lastModifiedDate":"2022-10-22"},{"lineNumber":3,"author":{"gitId":"Alaskaredfish"},"content":"import seedu.nusduke.storage.Storage;","lastModifiedDate":"2022-10-22"},{"lineNumber":4,"author":{"gitId":"Alaskaredfish"},"content":"import seedu.nusduke.tasklist.*;","lastModifiedDate":"2022-10-22"},{"lineNumber":5,"author":{"gitId":"Alaskaredfish"},"content":"import seedu.nusduke.ui.Ui;","lastModifiedDate":"2022-10-22"},{"lineNumber":6,"author":{"gitId":"Alaskaredfish"},"content":"import seedu.nusduke.ui.Messages;","lastModifiedDate":"2022-10-22"},{"lineNumber":7,"author":{"gitId":"Alaskaredfish"},"content":"import seedu.nusduke.data.DukeException;","lastModifiedDate":"2022-10-22"},{"lineNumber":8,"author":{"gitId":"Alaskaredfish"},"content":"","lastModifiedDate":"2022-10-22"},{"lineNumber":9,"author":{"gitId":"Alaskaredfish"},"content":"import java.util.ArrayList;","lastModifiedDate":"2022-10-22"},{"lineNumber":10,"author":{"gitId":"Alaskaredfish"},"content":"","lastModifiedDate":"2022-10-22"},{"lineNumber":11,"author":{"gitId":"Alaskaredfish"},"content":"public class Command {","lastModifiedDate":"2022-10-22"},{"lineNumber":12,"author":{"gitId":"Alaskaredfish"},"content":"    static private String command;","lastModifiedDate":"2022-10-22"},{"lineNumber":13,"author":{"gitId":"Alaskaredfish"},"content":"    static private String description;","lastModifiedDate":"2022-10-22"},{"lineNumber":14,"author":{"gitId":"Alaskaredfish"},"content":"    static private String dateAndTime;","lastModifiedDate":"2022-10-22"},{"lineNumber":15,"author":{"gitId":"Alaskaredfish"},"content":"    static private int index;","lastModifiedDate":"2022-10-22"},{"lineNumber":16,"author":{"gitId":"Alaskaredfish"},"content":"    private boolean isEXit \u003d false;","lastModifiedDate":"2022-10-22"},{"lineNumber":17,"author":{"gitId":"Alaskaredfish"},"content":"","lastModifiedDate":"2022-10-22"},{"lineNumber":18,"author":{"gitId":"Alaskaredfish"},"content":"    public Command(String command){","lastModifiedDate":"2022-10-22"},{"lineNumber":19,"author":{"gitId":"Alaskaredfish"},"content":"        this.command \u003d command;","lastModifiedDate":"2022-10-22"},{"lineNumber":20,"author":{"gitId":"Alaskaredfish"},"content":"    }","lastModifiedDate":"2022-10-22"},{"lineNumber":21,"author":{"gitId":"Alaskaredfish"},"content":"","lastModifiedDate":"2022-10-22"},{"lineNumber":22,"author":{"gitId":"Alaskaredfish"},"content":"    public Command(String command, boolean isExit){","lastModifiedDate":"2022-10-22"},{"lineNumber":23,"author":{"gitId":"Alaskaredfish"},"content":"        this.command \u003d command;","lastModifiedDate":"2022-10-22"},{"lineNumber":24,"author":{"gitId":"Alaskaredfish"},"content":"        this.isEXit \u003d isExit;","lastModifiedDate":"2022-10-22"},{"lineNumber":25,"author":{"gitId":"Alaskaredfish"},"content":"    }","lastModifiedDate":"2022-10-22"},{"lineNumber":26,"author":{"gitId":"Alaskaredfish"},"content":"","lastModifiedDate":"2022-10-22"},{"lineNumber":27,"author":{"gitId":"Alaskaredfish"},"content":"    public Command(String command, int index) {","lastModifiedDate":"2022-10-22"},{"lineNumber":28,"author":{"gitId":"Alaskaredfish"},"content":"        this.command \u003d command;","lastModifiedDate":"2022-10-22"},{"lineNumber":29,"author":{"gitId":"Alaskaredfish"},"content":"        this.index \u003d index;","lastModifiedDate":"2022-10-22"},{"lineNumber":30,"author":{"gitId":"Alaskaredfish"},"content":"    }","lastModifiedDate":"2022-10-22"},{"lineNumber":31,"author":{"gitId":"Alaskaredfish"},"content":"","lastModifiedDate":"2022-10-22"},{"lineNumber":32,"author":{"gitId":"Alaskaredfish"},"content":"    public Command(String command, String description) {","lastModifiedDate":"2022-10-22"},{"lineNumber":33,"author":{"gitId":"Alaskaredfish"},"content":"        this.command \u003d command;","lastModifiedDate":"2022-10-22"},{"lineNumber":34,"author":{"gitId":"Alaskaredfish"},"content":"        this.description \u003d description;","lastModifiedDate":"2022-10-22"},{"lineNumber":35,"author":{"gitId":"Alaskaredfish"},"content":"    }","lastModifiedDate":"2022-10-22"},{"lineNumber":36,"author":{"gitId":"Alaskaredfish"},"content":"","lastModifiedDate":"2022-10-22"},{"lineNumber":37,"author":{"gitId":"Alaskaredfish"},"content":"    public Command(String command, String description, String dateAndTime) {","lastModifiedDate":"2022-10-22"},{"lineNumber":38,"author":{"gitId":"Alaskaredfish"},"content":"        this.command \u003d command;","lastModifiedDate":"2022-10-22"},{"lineNumber":39,"author":{"gitId":"Alaskaredfish"},"content":"        this.description \u003d description;","lastModifiedDate":"2022-10-22"},{"lineNumber":40,"author":{"gitId":"Alaskaredfish"},"content":"        this.dateAndTime \u003d dateAndTime;","lastModifiedDate":"2022-10-22"},{"lineNumber":41,"author":{"gitId":"Alaskaredfish"},"content":"    }","lastModifiedDate":"2022-10-22"},{"lineNumber":42,"author":{"gitId":"Alaskaredfish"},"content":"","lastModifiedDate":"2022-10-22"},{"lineNumber":43,"author":{"gitId":"Alaskaredfish"},"content":"    public boolean isExit() {","lastModifiedDate":"2022-10-22"},{"lineNumber":44,"author":{"gitId":"Alaskaredfish"},"content":"        return this.isEXit;","lastModifiedDate":"2022-10-22"},{"lineNumber":45,"author":{"gitId":"Alaskaredfish"},"content":"    }","lastModifiedDate":"2022-10-22"},{"lineNumber":46,"author":{"gitId":"Alaskaredfish"},"content":"","lastModifiedDate":"2022-10-22"},{"lineNumber":47,"author":{"gitId":"Alaskaredfish"},"content":"    public void execute(TaskList tasks, Ui ui, Storage storage) throws DukeException {","lastModifiedDate":"2022-10-22"},{"lineNumber":48,"author":{"gitId":"Alaskaredfish"},"content":"        ArrayList\u003cTask\u003e list \u003d tasks.getList();","lastModifiedDate":"2022-10-22"},{"lineNumber":49,"author":{"gitId":"Alaskaredfish"},"content":"        switch (this.command) {","lastModifiedDate":"2022-10-22"},{"lineNumber":50,"author":{"gitId":"Alaskaredfish"},"content":"            case \"bye\":","lastModifiedDate":"2022-10-22"},{"lineNumber":51,"author":{"gitId":"Alaskaredfish"},"content":"                byeCommand(ui);","lastModifiedDate":"2022-10-22"},{"lineNumber":52,"author":{"gitId":"Alaskaredfish"},"content":"                break;","lastModifiedDate":"2022-10-22"},{"lineNumber":53,"author":{"gitId":"Alaskaredfish"},"content":"            case \"mark\":","lastModifiedDate":"2022-10-22"},{"lineNumber":54,"author":{"gitId":"Alaskaredfish"},"content":"                markCommand(list);","lastModifiedDate":"2022-10-22"},{"lineNumber":55,"author":{"gitId":"Alaskaredfish"},"content":"                storage.save(tasks);","lastModifiedDate":"2022-10-22"},{"lineNumber":56,"author":{"gitId":"Alaskaredfish"},"content":"                break;","lastModifiedDate":"2022-10-22"},{"lineNumber":57,"author":{"gitId":"Alaskaredfish"},"content":"            case \"unmark\":","lastModifiedDate":"2022-10-22"},{"lineNumber":58,"author":{"gitId":"Alaskaredfish"},"content":"                unMarkCommand(list);","lastModifiedDate":"2022-10-22"},{"lineNumber":59,"author":{"gitId":"Alaskaredfish"},"content":"                storage.save(tasks);","lastModifiedDate":"2022-10-22"},{"lineNumber":60,"author":{"gitId":"Alaskaredfish"},"content":"                break;","lastModifiedDate":"2022-10-22"},{"lineNumber":61,"author":{"gitId":"Alaskaredfish"},"content":"            case \"delete\":","lastModifiedDate":"2022-10-22"},{"lineNumber":62,"author":{"gitId":"Alaskaredfish"},"content":"                deleteCommand(tasks, ui);","lastModifiedDate":"2022-10-22"},{"lineNumber":63,"author":{"gitId":"Alaskaredfish"},"content":"                storage.save(tasks);","lastModifiedDate":"2022-10-22"},{"lineNumber":64,"author":{"gitId":"Alaskaredfish"},"content":"                break;","lastModifiedDate":"2022-10-22"},{"lineNumber":65,"author":{"gitId":"Alaskaredfish"},"content":"            case \"list\":","lastModifiedDate":"2022-10-22"},{"lineNumber":66,"author":{"gitId":"Alaskaredfish"},"content":"                tasks.printList();","lastModifiedDate":"2022-10-22"},{"lineNumber":67,"author":{"gitId":"Alaskaredfish"},"content":"                break;","lastModifiedDate":"2022-10-22"},{"lineNumber":68,"author":{"gitId":"Alaskaredfish"},"content":"            case \"todo\":","lastModifiedDate":"2022-10-22"},{"lineNumber":69,"author":{"gitId":"Alaskaredfish"},"content":"            case \"deadline\":","lastModifiedDate":"2022-10-22"},{"lineNumber":70,"author":{"gitId":"Alaskaredfish"},"content":"            case \"event\":","lastModifiedDate":"2022-10-22"},{"lineNumber":71,"author":{"gitId":"Alaskaredfish"},"content":"                try {","lastModifiedDate":"2022-10-22"},{"lineNumber":72,"author":{"gitId":"Alaskaredfish"},"content":"                    addCommand(tasks, ui, storage);","lastModifiedDate":"2022-10-22"},{"lineNumber":73,"author":{"gitId":"Alaskaredfish"},"content":"                } catch (DukeException e){","lastModifiedDate":"2022-10-22"},{"lineNumber":74,"author":{"gitId":"Alaskaredfish"},"content":"                    throw new DukeException(e.getMessage());","lastModifiedDate":"2022-10-22"},{"lineNumber":75,"author":{"gitId":"Alaskaredfish"},"content":"                }","lastModifiedDate":"2022-10-22"},{"lineNumber":76,"author":{"gitId":"Alaskaredfish"},"content":"                break;","lastModifiedDate":"2022-10-22"},{"lineNumber":77,"author":{"gitId":"Alaskaredfish"},"content":"            default:","lastModifiedDate":"2022-10-22"},{"lineNumber":78,"author":{"gitId":"Alaskaredfish"},"content":"                ui.print(Messages.MESSAGE_NOT_A_TASK);","lastModifiedDate":"2022-10-22"},{"lineNumber":79,"author":{"gitId":"Alaskaredfish"},"content":"","lastModifiedDate":"2022-10-22"},{"lineNumber":80,"author":{"gitId":"Alaskaredfish"},"content":"        }","lastModifiedDate":"2022-10-22"},{"lineNumber":81,"author":{"gitId":"Alaskaredfish"},"content":"    }","lastModifiedDate":"2022-10-22"},{"lineNumber":82,"author":{"gitId":"Alaskaredfish"},"content":"","lastModifiedDate":"2022-10-22"},{"lineNumber":83,"author":{"gitId":"Alaskaredfish"},"content":"    public void markCommand(ArrayList\u003cTask\u003e list) throws DukeException {","lastModifiedDate":"2022-10-22"},{"lineNumber":84,"author":{"gitId":"Alaskaredfish"},"content":"        try {","lastModifiedDate":"2022-10-22"},{"lineNumber":85,"author":{"gitId":"Alaskaredfish"},"content":"            list.get(this.index).markAsDone(0);","lastModifiedDate":"2022-10-22"},{"lineNumber":86,"author":{"gitId":"Alaskaredfish"},"content":"        } catch (IndexOutOfBoundsException e){","lastModifiedDate":"2022-10-22"},{"lineNumber":87,"author":{"gitId":"Alaskaredfish"},"content":"            throw new DukeException(Messages.MESSAGE_TASK_NUMBER_OUT_OF_RANGE);","lastModifiedDate":"2022-10-22"},{"lineNumber":88,"author":{"gitId":"Alaskaredfish"},"content":"        }","lastModifiedDate":"2022-10-22"},{"lineNumber":89,"author":{"gitId":"Alaskaredfish"},"content":"    }","lastModifiedDate":"2022-10-22"},{"lineNumber":90,"author":{"gitId":"Alaskaredfish"},"content":"","lastModifiedDate":"2022-10-22"},{"lineNumber":91,"author":{"gitId":"Alaskaredfish"},"content":"    public void unMarkCommand(ArrayList\u003cTask\u003e list) throws DukeException {","lastModifiedDate":"2022-10-22"},{"lineNumber":92,"author":{"gitId":"Alaskaredfish"},"content":"        try {","lastModifiedDate":"2022-10-22"},{"lineNumber":93,"author":{"gitId":"Alaskaredfish"},"content":"            list.get(this.index).markAsUndone(0);","lastModifiedDate":"2022-10-22"},{"lineNumber":94,"author":{"gitId":"Alaskaredfish"},"content":"        } catch (IndexOutOfBoundsException e){","lastModifiedDate":"2022-10-22"},{"lineNumber":95,"author":{"gitId":"Alaskaredfish"},"content":"            throw new DukeException(Messages.MESSAGE_TASK_NUMBER_OUT_OF_RANGE);","lastModifiedDate":"2022-10-22"},{"lineNumber":96,"author":{"gitId":"Alaskaredfish"},"content":"        }","lastModifiedDate":"2022-10-22"},{"lineNumber":97,"author":{"gitId":"Alaskaredfish"},"content":"    }","lastModifiedDate":"2022-10-22"},{"lineNumber":98,"author":{"gitId":"Alaskaredfish"},"content":"","lastModifiedDate":"2022-10-22"},{"lineNumber":99,"author":{"gitId":"Alaskaredfish"},"content":"    public void deleteCommand(TaskList tasks, Ui ui) throws DukeException {","lastModifiedDate":"2022-10-22"},{"lineNumber":100,"author":{"gitId":"Alaskaredfish"},"content":"        ArrayList\u003cTask\u003e list \u003d tasks.getList();","lastModifiedDate":"2022-10-22"},{"lineNumber":101,"author":{"gitId":"Alaskaredfish"},"content":"        String removedTask;","lastModifiedDate":"2022-10-22"},{"lineNumber":102,"author":{"gitId":"Alaskaredfish"},"content":"        try {","lastModifiedDate":"2022-10-22"},{"lineNumber":103,"author":{"gitId":"Alaskaredfish"},"content":"            removedTask \u003d list.get(this.index).toString();","lastModifiedDate":"2022-10-22"},{"lineNumber":104,"author":{"gitId":"Alaskaredfish"},"content":"            list.remove(this.index);","lastModifiedDate":"2022-10-22"},{"lineNumber":105,"author":{"gitId":"Alaskaredfish"},"content":"        }catch (IndexOutOfBoundsException e){","lastModifiedDate":"2022-10-22"},{"lineNumber":106,"author":{"gitId":"Alaskaredfish"},"content":"            throw new DukeException(Messages.MESSAGE_TASK_NUMBER_OUT_OF_RANGE);","lastModifiedDate":"2022-10-22"},{"lineNumber":107,"author":{"gitId":"Alaskaredfish"},"content":"        }","lastModifiedDate":"2022-10-22"},{"lineNumber":108,"author":{"gitId":"Alaskaredfish"},"content":"        tasks.changeListCount(\"-\");","lastModifiedDate":"2022-10-22"},{"lineNumber":109,"author":{"gitId":"Alaskaredfish"},"content":"        ui.echo(removedTask, \"removed\");","lastModifiedDate":"2022-10-22"},{"lineNumber":110,"author":{"gitId":"Alaskaredfish"},"content":"    }","lastModifiedDate":"2022-10-22"},{"lineNumber":111,"author":{"gitId":"Alaskaredfish"},"content":"","lastModifiedDate":"2022-10-22"},{"lineNumber":112,"author":{"gitId":"Alaskaredfish"},"content":"    public void addCommand (TaskList tasks, Ui ui, Storage storage) throws DukeException {","lastModifiedDate":"2022-10-22"},{"lineNumber":113,"author":{"gitId":"Alaskaredfish"},"content":"        ArrayList\u003cTask\u003e list \u003d tasks.getList();","lastModifiedDate":"2022-10-22"},{"lineNumber":114,"author":{"gitId":"Alaskaredfish"},"content":"        //check if the task to be added is existed","lastModifiedDate":"2022-10-22"},{"lineNumber":115,"author":{"gitId":"Alaskaredfish"},"content":"        if (tasks.getListCount() \u003e 0) {","lastModifiedDate":"2022-10-22"},{"lineNumber":116,"author":{"gitId":"Alaskaredfish"},"content":"            try {","lastModifiedDate":"2022-10-22"},{"lineNumber":117,"author":{"gitId":"Alaskaredfish"},"content":"                isDuplicate(tasks, ui);","lastModifiedDate":"2022-10-22"},{"lineNumber":118,"author":{"gitId":"Alaskaredfish"},"content":"            } catch (DukeException e) {","lastModifiedDate":"2022-10-22"},{"lineNumber":119,"author":{"gitId":"Alaskaredfish"},"content":"                throw new DukeException(e.getMessage());","lastModifiedDate":"2022-10-22"},{"lineNumber":120,"author":{"gitId":"Alaskaredfish"},"content":"            }","lastModifiedDate":"2022-10-22"},{"lineNumber":121,"author":{"gitId":"Alaskaredfish"},"content":"        }","lastModifiedDate":"2022-10-22"},{"lineNumber":122,"author":{"gitId":"Alaskaredfish"},"content":"        switch (command) {","lastModifiedDate":"2022-10-22"},{"lineNumber":123,"author":{"gitId":"Alaskaredfish"},"content":"            case \"todo\":","lastModifiedDate":"2022-10-22"},{"lineNumber":124,"author":{"gitId":"Alaskaredfish"},"content":"                list.add(new Todo(description));","lastModifiedDate":"2022-10-22"},{"lineNumber":125,"author":{"gitId":"Alaskaredfish"},"content":"                break;","lastModifiedDate":"2022-10-22"},{"lineNumber":126,"author":{"gitId":"Alaskaredfish"},"content":"            case \"deadline\":","lastModifiedDate":"2022-10-22"},{"lineNumber":127,"author":{"gitId":"Alaskaredfish"},"content":"                list.add(new Deadline(description, dateAndTime));","lastModifiedDate":"2022-10-22"},{"lineNumber":128,"author":{"gitId":"Alaskaredfish"},"content":"                break;","lastModifiedDate":"2022-10-22"},{"lineNumber":129,"author":{"gitId":"Alaskaredfish"},"content":"            case \"event\":","lastModifiedDate":"2022-10-22"},{"lineNumber":130,"author":{"gitId":"Alaskaredfish"},"content":"                list.add(new Event(description, dateAndTime));","lastModifiedDate":"2022-10-22"},{"lineNumber":131,"author":{"gitId":"Alaskaredfish"},"content":"                break;","lastModifiedDate":"2022-10-22"},{"lineNumber":132,"author":{"gitId":"Alaskaredfish"},"content":"            default:","lastModifiedDate":"2022-10-22"},{"lineNumber":133,"author":{"gitId":"Alaskaredfish"},"content":"        }","lastModifiedDate":"2022-10-22"},{"lineNumber":134,"author":{"gitId":"Alaskaredfish"},"content":"        tasks.changeListCount(\"+\");","lastModifiedDate":"2022-10-22"},{"lineNumber":135,"author":{"gitId":"Alaskaredfish"},"content":"        storage.save(tasks);","lastModifiedDate":"2022-10-22"},{"lineNumber":136,"author":{"gitId":"Alaskaredfish"},"content":"        ui.echo(list.get(tasks.getListCount() - 1).toString(), \"added\");","lastModifiedDate":"2022-10-22"},{"lineNumber":137,"author":{"gitId":"Alaskaredfish"},"content":"    }","lastModifiedDate":"2022-10-22"},{"lineNumber":138,"author":{"gitId":"Alaskaredfish"},"content":"","lastModifiedDate":"2022-10-22"},{"lineNumber":139,"author":{"gitId":"Alaskaredfish"},"content":"    public void byeCommand (Ui ui){","lastModifiedDate":"2022-10-22"},{"lineNumber":140,"author":{"gitId":"Alaskaredfish"},"content":"        ui.showByeMessage();","lastModifiedDate":"2022-10-22"},{"lineNumber":141,"author":{"gitId":"Alaskaredfish"},"content":"    }","lastModifiedDate":"2022-10-22"},{"lineNumber":142,"author":{"gitId":"Alaskaredfish"},"content":"    public static void isDuplicate (TaskList tasks, Ui ui) throws DukeException{","lastModifiedDate":"2022-10-22"},{"lineNumber":143,"author":{"gitId":"Alaskaredfish"},"content":"        ArrayList\u003cTask\u003e list \u003d tasks.getList();","lastModifiedDate":"2022-10-22"},{"lineNumber":144,"author":{"gitId":"Alaskaredfish"},"content":"        for (int i \u003d 0; i \u003c tasks.getListCount(); i++) {","lastModifiedDate":"2022-10-22"},{"lineNumber":145,"author":{"gitId":"Alaskaredfish"},"content":"            switch (command) {","lastModifiedDate":"2022-10-22"},{"lineNumber":146,"author":{"gitId":"Alaskaredfish"},"content":"                case \"todo\":","lastModifiedDate":"2022-10-22"},{"lineNumber":147,"author":{"gitId":"Alaskaredfish"},"content":"                    if(list.get(i).getDescription().equals(description)){","lastModifiedDate":"2022-10-22"},{"lineNumber":148,"author":{"gitId":"Alaskaredfish"},"content":"                        throw new DukeException(Messages.MESSAGE_DUPLICATE_TASK);","lastModifiedDate":"2022-10-22"},{"lineNumber":149,"author":{"gitId":"Alaskaredfish"},"content":"                    }","lastModifiedDate":"2022-10-22"},{"lineNumber":150,"author":{"gitId":"Alaskaredfish"},"content":"                    break;","lastModifiedDate":"2022-10-22"},{"lineNumber":151,"author":{"gitId":"Alaskaredfish"},"content":"                case \"deadline\":","lastModifiedDate":"2022-10-22"},{"lineNumber":152,"author":{"gitId":"Alaskaredfish"},"content":"                case \"event\":","lastModifiedDate":"2022-10-22"},{"lineNumber":153,"author":{"gitId":"Alaskaredfish"},"content":"                    if(list.get(i).getDescription().equals(description)){","lastModifiedDate":"2022-10-22"},{"lineNumber":154,"author":{"gitId":"Alaskaredfish"},"content":"                        if (list.get(i).getDateAndTime().equals(dateAndTime)) {","lastModifiedDate":"2022-10-22"},{"lineNumber":155,"author":{"gitId":"Alaskaredfish"},"content":"                            throw new DukeException(Messages.MESSAGE_DUPLICATE_TASK);","lastModifiedDate":"2022-10-22"},{"lineNumber":156,"author":{"gitId":"Alaskaredfish"},"content":"                        }","lastModifiedDate":"2022-10-22"},{"lineNumber":157,"author":{"gitId":"Alaskaredfish"},"content":"                    }","lastModifiedDate":"2022-10-22"},{"lineNumber":158,"author":{"gitId":"Alaskaredfish"},"content":"                    break;","lastModifiedDate":"2022-10-22"},{"lineNumber":159,"author":{"gitId":"Alaskaredfish"},"content":"                default:","lastModifiedDate":"2022-10-22"},{"lineNumber":160,"author":{"gitId":"Alaskaredfish"},"content":"                    return;","lastModifiedDate":"2022-10-22"},{"lineNumber":161,"author":{"gitId":"Alaskaredfish"},"content":"            }","lastModifiedDate":"2022-10-22"},{"lineNumber":162,"author":{"gitId":"Alaskaredfish"},"content":"        }","lastModifiedDate":"2022-10-22"},{"lineNumber":163,"author":{"gitId":"Alaskaredfish"},"content":"    }","lastModifiedDate":"2022-10-22"},{"lineNumber":164,"author":{"gitId":"Alaskaredfish"},"content":"}","lastModifiedDate":"2022-10-22"}],"authorContributionMap":{"Alaskaredfish":164}},{"path":"src/seedu/nusduke/parser/Parser.java","fileType":"java","lines":[{"lineNumber":1,"author":{"gitId":"Alaskaredfish"},"content":"package seedu.nusduke.parser;","lastModifiedDate":"2022-10-22"},{"lineNumber":2,"author":{"gitId":"Alaskaredfish"},"content":"","lastModifiedDate":"2022-10-22"},{"lineNumber":3,"author":{"gitId":"Alaskaredfish"},"content":"","lastModifiedDate":"2022-10-22"},{"lineNumber":4,"author":{"gitId":"Alaskaredfish"},"content":"import seedu.nusduke.data.DukeException;","lastModifiedDate":"2022-10-22"},{"lineNumber":5,"author":{"gitId":"Alaskaredfish"},"content":"import seedu.nusduke.ui.Messages;","lastModifiedDate":"2022-10-22"},{"lineNumber":6,"author":{"gitId":"Alaskaredfish"},"content":"","lastModifiedDate":"2022-10-22"},{"lineNumber":7,"author":{"gitId":"Alaskaredfish"},"content":"public class Parser {","lastModifiedDate":"2022-10-22"},{"lineNumber":8,"author":{"gitId":"Alaskaredfish"},"content":"","lastModifiedDate":"2022-10-22"},{"lineNumber":9,"author":{"gitId":"Alaskaredfish"},"content":"    public static Command parse (String command) throws DukeException {","lastModifiedDate":"2022-10-22"},{"lineNumber":10,"author":{"gitId":"Alaskaredfish"},"content":"        if (command.isEmpty()){","lastModifiedDate":"2022-10-22"},{"lineNumber":11,"author":{"gitId":"Alaskaredfish"},"content":"            throw new DukeException(Messages.MESSAGE_EMPTY_INPUT);","lastModifiedDate":"2022-10-22"},{"lineNumber":12,"author":{"gitId":"Alaskaredfish"},"content":"        }","lastModifiedDate":"2022-10-22"},{"lineNumber":13,"author":{"gitId":"Alaskaredfish"},"content":"        String[] split \u003d command.split(\" \",2);","lastModifiedDate":"2022-10-22"},{"lineNumber":14,"author":{"gitId":"Alaskaredfish"},"content":"        String[] description;","lastModifiedDate":"2022-10-22"},{"lineNumber":15,"author":{"gitId":"Alaskaredfish"},"content":"        Command userInput;","lastModifiedDate":"2022-10-22"},{"lineNumber":16,"author":{"gitId":"Alaskaredfish"},"content":"        switch (split[0]){","lastModifiedDate":"2022-10-22"},{"lineNumber":17,"author":{"gitId":"Alaskaredfish"},"content":"            case \"bye\":","lastModifiedDate":"2022-10-22"},{"lineNumber":18,"author":{"gitId":"Alaskaredfish"},"content":"                userInput \u003d new Command(split[0], true);","lastModifiedDate":"2022-10-22"},{"lineNumber":19,"author":{"gitId":"Alaskaredfish"},"content":"                break;","lastModifiedDate":"2022-10-22"},{"lineNumber":20,"author":{"gitId":"Alaskaredfish"},"content":"            case \"list\":","lastModifiedDate":"2022-10-22"},{"lineNumber":21,"author":{"gitId":"Alaskaredfish"},"content":"                userInput  \u003d new Command(split[0]);","lastModifiedDate":"2022-10-22"},{"lineNumber":22,"author":{"gitId":"Alaskaredfish"},"content":"                break;","lastModifiedDate":"2022-10-22"},{"lineNumber":23,"author":{"gitId":"Alaskaredfish"},"content":"            case \"mark\":","lastModifiedDate":"2022-10-22"},{"lineNumber":24,"author":{"gitId":"Alaskaredfish"},"content":"            case \"unmark\":","lastModifiedDate":"2022-10-22"},{"lineNumber":25,"author":{"gitId":"Alaskaredfish"},"content":"            case \"delete\":","lastModifiedDate":"2022-10-22"},{"lineNumber":26,"author":{"gitId":"Alaskaredfish"},"content":"                if (isNumeric(split[1])) {","lastModifiedDate":"2022-10-22"},{"lineNumber":27,"author":{"gitId":"Alaskaredfish"},"content":"                    int index \u003d Integer.parseInt(split[1]) - 1;","lastModifiedDate":"2022-10-22"},{"lineNumber":28,"author":{"gitId":"Alaskaredfish"},"content":"                    userInput \u003d new Command(split[0], index);","lastModifiedDate":"2022-10-22"},{"lineNumber":29,"author":{"gitId":"Alaskaredfish"},"content":"                } else {","lastModifiedDate":"2022-10-22"},{"lineNumber":30,"author":{"gitId":"Alaskaredfish"},"content":"                    throw new DukeException(Messages.MESSAGE_INDEX_NOT_NUMBER);","lastModifiedDate":"2022-10-22"},{"lineNumber":31,"author":{"gitId":"Alaskaredfish"},"content":"                }","lastModifiedDate":"2022-10-22"},{"lineNumber":32,"author":{"gitId":"Alaskaredfish"},"content":"                break;","lastModifiedDate":"2022-10-22"},{"lineNumber":33,"author":{"gitId":"Alaskaredfish"},"content":"            case \"todo\":","lastModifiedDate":"2022-10-22"},{"lineNumber":34,"author":{"gitId":"Alaskaredfish"},"content":"                try {","lastModifiedDate":"2022-10-22"},{"lineNumber":35,"author":{"gitId":"Alaskaredfish"},"content":"                    checkDescription(split);","lastModifiedDate":"2022-10-22"},{"lineNumber":36,"author":{"gitId":"Alaskaredfish"},"content":"                } catch (DukeException e){","lastModifiedDate":"2022-10-22"},{"lineNumber":37,"author":{"gitId":"Alaskaredfish"},"content":"                    throw new DukeException(e.getMessage());","lastModifiedDate":"2022-10-22"},{"lineNumber":38,"author":{"gitId":"Alaskaredfish"},"content":"                } finally {","lastModifiedDate":"2022-10-22"},{"lineNumber":39,"author":{"gitId":"Alaskaredfish"},"content":"                    userInput \u003d new Command(split[0], split[1]);","lastModifiedDate":"2022-10-22"},{"lineNumber":40,"author":{"gitId":"Alaskaredfish"},"content":"                }","lastModifiedDate":"2022-10-22"},{"lineNumber":41,"author":{"gitId":"Alaskaredfish"},"content":"                break;","lastModifiedDate":"2022-10-22"},{"lineNumber":42,"author":{"gitId":"Alaskaredfish"},"content":"            case \"deadline\":","lastModifiedDate":"2022-10-22"},{"lineNumber":43,"author":{"gitId":"Alaskaredfish"},"content":"            case \"event\":","lastModifiedDate":"2022-10-22"},{"lineNumber":44,"author":{"gitId":"Alaskaredfish"},"content":"                try {","lastModifiedDate":"2022-10-22"},{"lineNumber":45,"author":{"gitId":"Alaskaredfish"},"content":"                    checkDescription(split);","lastModifiedDate":"2022-10-22"},{"lineNumber":46,"author":{"gitId":"Alaskaredfish"},"content":"                    description \u003d splitDescription(split[1]);","lastModifiedDate":"2022-10-22"},{"lineNumber":47,"author":{"gitId":"Alaskaredfish"},"content":"                    checkDateAndTime(split[0], description);","lastModifiedDate":"2022-10-22"},{"lineNumber":48,"author":{"gitId":"Alaskaredfish"},"content":"                } catch (DukeException e){","lastModifiedDate":"2022-10-22"},{"lineNumber":49,"author":{"gitId":"Alaskaredfish"},"content":"                    throw new DukeException(e.getMessage());","lastModifiedDate":"2022-10-22"},{"lineNumber":50,"author":{"gitId":"Alaskaredfish"},"content":"                }","lastModifiedDate":"2022-10-22"},{"lineNumber":51,"author":{"gitId":"Alaskaredfish"},"content":"                userInput \u003d new Command(split[0], description[0], description[1]);","lastModifiedDate":"2022-10-22"},{"lineNumber":52,"author":{"gitId":"Alaskaredfish"},"content":"                break;","lastModifiedDate":"2022-10-22"},{"lineNumber":53,"author":{"gitId":"Alaskaredfish"},"content":"            default:","lastModifiedDate":"2022-10-22"},{"lineNumber":54,"author":{"gitId":"Alaskaredfish"},"content":"                throw new DukeException(Messages.MESSAGE_NOT_A_TASK);","lastModifiedDate":"2022-10-22"},{"lineNumber":55,"author":{"gitId":"Alaskaredfish"},"content":"        }","lastModifiedDate":"2022-10-22"},{"lineNumber":56,"author":{"gitId":"Alaskaredfish"},"content":"","lastModifiedDate":"2022-10-22"},{"lineNumber":57,"author":{"gitId":"Alaskaredfish"},"content":"        return userInput;","lastModifiedDate":"2022-10-22"},{"lineNumber":58,"author":{"gitId":"Alaskaredfish"},"content":"    }","lastModifiedDate":"2022-10-22"},{"lineNumber":59,"author":{"gitId":"Alaskaredfish"},"content":"","lastModifiedDate":"2022-10-22"},{"lineNumber":60,"author":{"gitId":"Alaskaredfish"},"content":"    public static boolean isNumeric(String strNum) {","lastModifiedDate":"2022-10-22"},{"lineNumber":61,"author":{"gitId":"Alaskaredfish"},"content":"        if (strNum \u003d\u003d null) {","lastModifiedDate":"2022-10-22"},{"lineNumber":62,"author":{"gitId":"Alaskaredfish"},"content":"            return false;","lastModifiedDate":"2022-10-22"},{"lineNumber":63,"author":{"gitId":"Alaskaredfish"},"content":"        }","lastModifiedDate":"2022-10-22"},{"lineNumber":64,"author":{"gitId":"Alaskaredfish"},"content":"        try {","lastModifiedDate":"2022-10-22"},{"lineNumber":65,"author":{"gitId":"Alaskaredfish"},"content":"            double d \u003d Double.parseDouble(strNum);","lastModifiedDate":"2022-10-22"},{"lineNumber":66,"author":{"gitId":"Alaskaredfish"},"content":"        } catch (NumberFormatException e) {","lastModifiedDate":"2022-10-22"},{"lineNumber":67,"author":{"gitId":"Alaskaredfish"},"content":"            return false;","lastModifiedDate":"2022-10-22"},{"lineNumber":68,"author":{"gitId":"Alaskaredfish"},"content":"        }","lastModifiedDate":"2022-10-22"},{"lineNumber":69,"author":{"gitId":"Alaskaredfish"},"content":"        return true;","lastModifiedDate":"2022-10-22"},{"lineNumber":70,"author":{"gitId":"Alaskaredfish"},"content":"    }","lastModifiedDate":"2022-10-22"},{"lineNumber":71,"author":{"gitId":"Alaskaredfish"},"content":"","lastModifiedDate":"2022-10-22"},{"lineNumber":72,"author":{"gitId":"Alaskaredfish"},"content":"    public static void checkDescription(String[] description) throws DukeException{","lastModifiedDate":"2022-10-22"},{"lineNumber":73,"author":{"gitId":"Alaskaredfish"},"content":"        if (description.length \u003c 2) {","lastModifiedDate":"2022-10-22"},{"lineNumber":74,"author":{"gitId":"Alaskaredfish"},"content":"                throw new DukeException(Messages.MESSAGE_NO_TASK_DESCRIPTION);","lastModifiedDate":"2022-10-22"},{"lineNumber":75,"author":{"gitId":"Alaskaredfish"},"content":"        }","lastModifiedDate":"2022-10-22"},{"lineNumber":76,"author":{"gitId":"Alaskaredfish"},"content":"    }","lastModifiedDate":"2022-10-22"},{"lineNumber":77,"author":{"gitId":"Alaskaredfish"},"content":"","lastModifiedDate":"2022-10-22"},{"lineNumber":78,"author":{"gitId":"Alaskaredfish"},"content":"    public static String[] splitDescription(String description) throws DukeException{","lastModifiedDate":"2022-10-22"},{"lineNumber":79,"author":{"gitId":"Alaskaredfish"},"content":"","lastModifiedDate":"2022-10-22"},{"lineNumber":80,"author":{"gitId":"Alaskaredfish"},"content":"        if (!description.contains(\"/\")){","lastModifiedDate":"2022-10-22"},{"lineNumber":81,"author":{"gitId":"Alaskaredfish"},"content":"            throw new DukeException(Messages.MESSAGE_NO_KEYWORD_FOR_EVENT_DEADLINE);","lastModifiedDate":"2022-10-22"},{"lineNumber":82,"author":{"gitId":"Alaskaredfish"},"content":"        } else {","lastModifiedDate":"2022-10-22"},{"lineNumber":83,"author":{"gitId":"Alaskaredfish"},"content":"            String[] split \u003d description.split(\"/\", 2);","lastModifiedDate":"2022-10-22"},{"lineNumber":84,"author":{"gitId":"Alaskaredfish"},"content":"            return split;","lastModifiedDate":"2022-10-22"},{"lineNumber":85,"author":{"gitId":"Alaskaredfish"},"content":"        }","lastModifiedDate":"2022-10-22"},{"lineNumber":86,"author":{"gitId":"Alaskaredfish"},"content":"    }","lastModifiedDate":"2022-10-22"},{"lineNumber":87,"author":{"gitId":"Alaskaredfish"},"content":"","lastModifiedDate":"2022-10-22"},{"lineNumber":88,"author":{"gitId":"Alaskaredfish"},"content":"    public static void checkDateAndTime(String command, String[] description) throws DukeException{","lastModifiedDate":"2022-10-22"},{"lineNumber":89,"author":{"gitId":"Alaskaredfish"},"content":"        if (description.length \u003c 2){","lastModifiedDate":"2022-10-22"},{"lineNumber":90,"author":{"gitId":"Alaskaredfish"},"content":"            throw new DukeException(Messages.MESSAGE_NO_TIME_FOR_DEADLINE_EVENT);","lastModifiedDate":"2022-10-22"},{"lineNumber":91,"author":{"gitId":"Alaskaredfish"},"content":"        }","lastModifiedDate":"2022-10-22"},{"lineNumber":92,"author":{"gitId":"Alaskaredfish"},"content":"        if (command.equals(\"event\")){","lastModifiedDate":"2022-10-22"},{"lineNumber":93,"author":{"gitId":"Alaskaredfish"},"content":"            try{","lastModifiedDate":"2022-10-22"},{"lineNumber":94,"author":{"gitId":"Alaskaredfish"},"content":"                checkTimeSlot(description[1]);","lastModifiedDate":"2022-10-22"},{"lineNumber":95,"author":{"gitId":"Alaskaredfish"},"content":"            } catch (DukeException e) {","lastModifiedDate":"2022-10-22"},{"lineNumber":96,"author":{"gitId":"Alaskaredfish"},"content":"                throw new DukeException(e.getMessage());","lastModifiedDate":"2022-10-22"},{"lineNumber":97,"author":{"gitId":"Alaskaredfish"},"content":"            }","lastModifiedDate":"2022-10-22"},{"lineNumber":98,"author":{"gitId":"Alaskaredfish"},"content":"        }","lastModifiedDate":"2022-10-22"},{"lineNumber":99,"author":{"gitId":"Alaskaredfish"},"content":"    }","lastModifiedDate":"2022-10-22"},{"lineNumber":100,"author":{"gitId":"Alaskaredfish"},"content":"","lastModifiedDate":"2022-10-22"},{"lineNumber":101,"author":{"gitId":"Alaskaredfish"},"content":"    public static void checkTimeSlot(String dateAndTime) throws DukeException {","lastModifiedDate":"2022-10-22"},{"lineNumber":102,"author":{"gitId":"Alaskaredfish"},"content":"        if (dateAndTime.contains(\"-\")) {","lastModifiedDate":"2022-10-22"},{"lineNumber":103,"author":{"gitId":"Alaskaredfish"},"content":"        } else {","lastModifiedDate":"2022-10-22"},{"lineNumber":104,"author":{"gitId":"Alaskaredfish"},"content":"            throw new DukeException(Messages.MESSAGE_NOT_TIMESLOT_FOR_EVENT);","lastModifiedDate":"2022-10-22"},{"lineNumber":105,"author":{"gitId":"Alaskaredfish"},"content":"        }","lastModifiedDate":"2022-10-22"},{"lineNumber":106,"author":{"gitId":"Alaskaredfish"},"content":"    }","lastModifiedDate":"2022-10-22"},{"lineNumber":107,"author":{"gitId":"Alaskaredfish"},"content":"","lastModifiedDate":"2022-10-22"},{"lineNumber":108,"author":{"gitId":"Alaskaredfish"},"content":"","lastModifiedDate":"2022-10-22"},{"lineNumber":109,"author":{"gitId":"Alaskaredfish"},"content":"}","lastModifiedDate":"2022-10-22"}],"authorContributionMap":{"Alaskaredfish":109}},{"path":"src/seedu/nusduke/storage/DecodeTasks.java","fileType":"java","lines":[{"lineNumber":1,"author":{"gitId":"Alaskaredfish"},"content":"package seedu.nusduke.storage;","lastModifiedDate":"2022-10-22"},{"lineNumber":2,"author":{"gitId":"Alaskaredfish"},"content":"","lastModifiedDate":"2022-10-22"},{"lineNumber":3,"author":{"gitId":"Alaskaredfish"},"content":"public class DecodeTasks {","lastModifiedDate":"2022-10-22"},{"lineNumber":4,"author":{"gitId":"Alaskaredfish"},"content":"","lastModifiedDate":"2022-10-22"},{"lineNumber":5,"author":{"gitId":"Alaskaredfish"},"content":"    public static String[] decodeTasks (String task){","lastModifiedDate":"2022-10-22"},{"lineNumber":6,"author":{"gitId":"Alaskaredfish"},"content":"    String[] split \u003d task.split(\"]\", 3);","lastModifiedDate":"2022-10-22"},{"lineNumber":7,"author":{"gitId":"Alaskaredfish"},"content":"    if (split.length \u003d\u003d 3) {","lastModifiedDate":"2022-10-22"},{"lineNumber":8,"author":{"gitId":"Alaskaredfish"},"content":"        split[0] \u003d split[0].substring(1);","lastModifiedDate":"2022-10-22"},{"lineNumber":9,"author":{"gitId":"Alaskaredfish"},"content":"        split[1] \u003d split[1].substring(1);","lastModifiedDate":"2022-10-22"},{"lineNumber":10,"author":{"gitId":"Alaskaredfish"},"content":"        split[2] \u003d split[2].trim();","lastModifiedDate":"2022-10-22"},{"lineNumber":11,"author":{"gitId":"Alaskaredfish"},"content":"    }","lastModifiedDate":"2022-10-22"},{"lineNumber":12,"author":{"gitId":"Alaskaredfish"},"content":"    return split;","lastModifiedDate":"2022-10-22"},{"lineNumber":13,"author":{"gitId":"Alaskaredfish"},"content":"}","lastModifiedDate":"2022-10-22"},{"lineNumber":14,"author":{"gitId":"Alaskaredfish"},"content":"}","lastModifiedDate":"2022-10-22"}],"authorContributionMap":{"Alaskaredfish":14}},{"path":"src/seedu/nusduke/storage/Storage.java","fileType":"java","lines":[{"lineNumber":1,"author":{"gitId":"Alaskaredfish"},"content":"package seedu.nusduke.storage;","lastModifiedDate":"2022-10-22"},{"lineNumber":2,"author":{"gitId":"Alaskaredfish"},"content":"","lastModifiedDate":"2022-10-22"},{"lineNumber":3,"author":{"gitId":"Alaskaredfish"},"content":"import seedu.nusduke.data.DukeException;","lastModifiedDate":"2022-10-22"},{"lineNumber":4,"author":{"gitId":"Alaskaredfish"},"content":"import seedu.nusduke.tasklist.TaskList;","lastModifiedDate":"2022-10-22"},{"lineNumber":5,"author":{"gitId":"Alaskaredfish"},"content":"","lastModifiedDate":"2022-10-22"},{"lineNumber":6,"author":{"gitId":"Alaskaredfish"},"content":"","lastModifiedDate":"2022-10-22"},{"lineNumber":7,"author":{"gitId":"Alaskaredfish"},"content":"import java.io.IOException;","lastModifiedDate":"2022-10-22"},{"lineNumber":8,"author":{"gitId":"Alaskaredfish"},"content":"import java.nio.charset.StandardCharsets;","lastModifiedDate":"2022-10-22"},{"lineNumber":9,"author":{"gitId":"Alaskaredfish"},"content":"import java.nio.file.*;","lastModifiedDate":"2022-10-22"},{"lineNumber":10,"author":{"gitId":"Alaskaredfish"},"content":"import java.util.List;","lastModifiedDate":"2022-10-22"},{"lineNumber":11,"author":{"gitId":"Alaskaredfish"},"content":"import java.io.File;","lastModifiedDate":"2022-10-22"},{"lineNumber":12,"author":{"gitId":"Alaskaredfish"},"content":"","lastModifiedDate":"2022-10-22"},{"lineNumber":13,"author":{"gitId":"Alaskaredfish"},"content":"public class Storage {","lastModifiedDate":"2022-10-22"},{"lineNumber":14,"author":{"gitId":"Alaskaredfish"},"content":"","lastModifiedDate":"2022-10-22"},{"lineNumber":15,"author":{"gitId":"Alaskaredfish"},"content":"    /** Default file path used if the user doesn\u0027t provide the file name. */","lastModifiedDate":"2022-10-22"},{"lineNumber":16,"author":{"gitId":"Alaskaredfish"},"content":"    public static final String DEFAULT_STORAGE_FILEPATH \u003d \"tasklist.txt\";","lastModifiedDate":"2022-10-22"},{"lineNumber":17,"author":{"gitId":"Alaskaredfish"},"content":"","lastModifiedDate":"2022-10-22"},{"lineNumber":18,"author":{"gitId":"Alaskaredfish"},"content":"    public final Path path;","lastModifiedDate":"2022-10-22"},{"lineNumber":19,"author":{"gitId":"Alaskaredfish"},"content":"","lastModifiedDate":"2022-10-22"},{"lineNumber":20,"author":{"gitId":"Alaskaredfish"},"content":"    public Storage(){","lastModifiedDate":"2022-10-22"},{"lineNumber":21,"author":{"gitId":"Alaskaredfish"},"content":"        this(DEFAULT_STORAGE_FILEPATH);","lastModifiedDate":"2022-10-22"},{"lineNumber":22,"author":{"gitId":"Alaskaredfish"},"content":"    }","lastModifiedDate":"2022-10-22"},{"lineNumber":23,"author":{"gitId":"Alaskaredfish"},"content":"","lastModifiedDate":"2022-10-22"},{"lineNumber":24,"author":{"gitId":"Alaskaredfish"},"content":"    public Storage(String filePath){","lastModifiedDate":"2022-10-22"},{"lineNumber":25,"author":{"gitId":"Alaskaredfish"},"content":"        path \u003d Paths.get(filePath);","lastModifiedDate":"2022-10-22"},{"lineNumber":26,"author":{"gitId":"Alaskaredfish"},"content":"    }","lastModifiedDate":"2022-10-22"},{"lineNumber":27,"author":{"gitId":"Alaskaredfish"},"content":"","lastModifiedDate":"2022-10-22"},{"lineNumber":28,"author":{"gitId":"Alaskaredfish"},"content":"    public TaskList load() throws DukeException {","lastModifiedDate":"2022-10-22"},{"lineNumber":29,"author":{"gitId":"Alaskaredfish"},"content":"        if (!Files.exists(path) || !Files.isRegularFile(path)){","lastModifiedDate":"2022-10-22"},{"lineNumber":30,"author":{"gitId":"Alaskaredfish"},"content":"            return new TaskList();","lastModifiedDate":"2022-10-22"},{"lineNumber":31,"author":{"gitId":"Alaskaredfish"},"content":"        }","lastModifiedDate":"2022-10-22"},{"lineNumber":32,"author":{"gitId":"Alaskaredfish"},"content":"        TaskList tasks \u003d new TaskList();","lastModifiedDate":"2022-10-22"},{"lineNumber":33,"author":{"gitId":"Alaskaredfish"},"content":"        List\u003cString\u003e lines;","lastModifiedDate":"2022-10-22"},{"lineNumber":34,"author":{"gitId":"Alaskaredfish"},"content":"        try {","lastModifiedDate":"2022-10-22"},{"lineNumber":35,"author":{"gitId":"Alaskaredfish"},"content":"            lines \u003d Files.readAllLines(path, StandardCharsets.UTF_8);","lastModifiedDate":"2022-10-22"},{"lineNumber":36,"author":{"gitId":"Alaskaredfish"},"content":"        } catch (IOException e) {","lastModifiedDate":"2022-10-22"},{"lineNumber":37,"author":{"gitId":"Alaskaredfish"},"content":"            throw new DukeException(e.getMessage());","lastModifiedDate":"2022-10-22"},{"lineNumber":38,"author":{"gitId":"Alaskaredfish"},"content":"        }","lastModifiedDate":"2022-10-22"},{"lineNumber":39,"author":{"gitId":"Alaskaredfish"},"content":"        for (String line: lines) {","lastModifiedDate":"2022-10-22"},{"lineNumber":40,"author":{"gitId":"Alaskaredfish"},"content":"            tasks.loadTasksFromFiles(DecodeTasks.decodeTasks(line));","lastModifiedDate":"2022-10-22"},{"lineNumber":41,"author":{"gitId":"Alaskaredfish"},"content":"        }","lastModifiedDate":"2022-10-22"},{"lineNumber":42,"author":{"gitId":"Alaskaredfish"},"content":"        return tasks;","lastModifiedDate":"2022-10-22"},{"lineNumber":43,"author":{"gitId":"Alaskaredfish"},"content":"    }","lastModifiedDate":"2022-10-22"},{"lineNumber":44,"author":{"gitId":"Alaskaredfish"},"content":"","lastModifiedDate":"2022-10-22"},{"lineNumber":45,"author":{"gitId":"Alaskaredfish"},"content":"    public void save (TaskList toSave) throws DukeException {","lastModifiedDate":"2022-10-22"},{"lineNumber":46,"author":{"gitId":"Alaskaredfish"},"content":"        if (!Files.exists(path) || !Files.isRegularFile(path)){","lastModifiedDate":"2022-10-22"},{"lineNumber":47,"author":{"gitId":"Alaskaredfish"},"content":"            File taskList \u003d new File(String.valueOf(path));","lastModifiedDate":"2022-10-22"},{"lineNumber":48,"author":{"gitId":"Alaskaredfish"},"content":"            try {","lastModifiedDate":"2022-10-22"},{"lineNumber":49,"author":{"gitId":"Alaskaredfish"},"content":"                taskList.createNewFile();","lastModifiedDate":"2022-10-22"},{"lineNumber":50,"author":{"gitId":"Alaskaredfish"},"content":"            } catch (IOException e){","lastModifiedDate":"2022-10-22"},{"lineNumber":51,"author":{"gitId":"Alaskaredfish"},"content":"                throw new DukeException(e.getMessage());","lastModifiedDate":"2022-10-22"},{"lineNumber":52,"author":{"gitId":"Alaskaredfish"},"content":"            }","lastModifiedDate":"2022-10-22"},{"lineNumber":53,"author":{"gitId":"Alaskaredfish"},"content":"        }","lastModifiedDate":"2022-10-22"},{"lineNumber":54,"author":{"gitId":"Alaskaredfish"},"content":"        String toWrite;","lastModifiedDate":"2022-10-22"},{"lineNumber":55,"author":{"gitId":"Alaskaredfish"},"content":"        try {","lastModifiedDate":"2022-10-22"},{"lineNumber":56,"author":{"gitId":"Alaskaredfish"},"content":"            Files.write(path, \"\".getBytes());","lastModifiedDate":"2022-10-22"},{"lineNumber":57,"author":{"gitId":"Alaskaredfish"},"content":"        } catch (IOException e) {","lastModifiedDate":"2022-10-22"},{"lineNumber":58,"author":{"gitId":"Alaskaredfish"},"content":"            throw new DukeException(e.getMessage());","lastModifiedDate":"2022-10-22"},{"lineNumber":59,"author":{"gitId":"Alaskaredfish"},"content":"        }","lastModifiedDate":"2022-10-22"},{"lineNumber":60,"author":{"gitId":"Alaskaredfish"},"content":"        for (int i \u003d 0; i \u003c toSave.getListCount(); i++){","lastModifiedDate":"2022-10-22"},{"lineNumber":61,"author":{"gitId":"Alaskaredfish"},"content":"            toWrite \u003d toSave.getList().get(i).toString() + \"\\n\";","lastModifiedDate":"2022-10-22"},{"lineNumber":62,"author":{"gitId":"Alaskaredfish"},"content":"            try {","lastModifiedDate":"2022-10-22"},{"lineNumber":63,"author":{"gitId":"Alaskaredfish"},"content":"                Files.write(path, toWrite.getBytes(), StandardOpenOption.APPEND);","lastModifiedDate":"2022-10-22"},{"lineNumber":64,"author":{"gitId":"Alaskaredfish"},"content":"            } catch (IOException e){","lastModifiedDate":"2022-10-22"},{"lineNumber":65,"author":{"gitId":"Alaskaredfish"},"content":"                System.out.println(e);","lastModifiedDate":"2022-10-22"},{"lineNumber":66,"author":{"gitId":"Alaskaredfish"},"content":"            }","lastModifiedDate":"2022-10-22"},{"lineNumber":67,"author":{"gitId":"Alaskaredfish"},"content":"        }","lastModifiedDate":"2022-10-22"},{"lineNumber":68,"author":{"gitId":"Alaskaredfish"},"content":"    }","lastModifiedDate":"2022-10-22"},{"lineNumber":69,"author":{"gitId":"Alaskaredfish"},"content":"","lastModifiedDate":"2022-10-22"},{"lineNumber":70,"author":{"gitId":"Alaskaredfish"},"content":"}","lastModifiedDate":"2022-10-22"}],"authorContributionMap":{"Alaskaredfish":70}},{"path":"src/seedu/nusduke/tasklist/Deadline.java","fileType":"java","lines":[{"lineNumber":1,"author":{"gitId":"Alaskaredfish"},"content":"package seedu.nusduke.tasklist;","lastModifiedDate":"2022-10-22"},{"lineNumber":2,"author":{"gitId":"Alaskaredfish"},"content":"","lastModifiedDate":"2022-10-22"},{"lineNumber":3,"author":{"gitId":"Alaskaredfish"},"content":"public class Deadline extends Task {","lastModifiedDate":"2022-10-22"},{"lineNumber":4,"author":{"gitId":"Alaskaredfish"},"content":"","lastModifiedDate":"2022-10-22"},{"lineNumber":5,"author":{"gitId":"Alaskaredfish"},"content":"    protected String by;","lastModifiedDate":"2022-10-22"},{"lineNumber":6,"author":{"gitId":"Alaskaredfish"},"content":"","lastModifiedDate":"2022-10-22"},{"lineNumber":7,"author":{"gitId":"Alaskaredfish"},"content":"    public Deadline(String description, String by) {","lastModifiedDate":"2022-10-22"},{"lineNumber":8,"author":{"gitId":"Alaskaredfish"},"content":"        super(description);","lastModifiedDate":"2022-10-22"},{"lineNumber":9,"author":{"gitId":"Alaskaredfish"},"content":"        this.by \u003d by;","lastModifiedDate":"2022-10-22"},{"lineNumber":10,"author":{"gitId":"Alaskaredfish"},"content":"    }","lastModifiedDate":"2022-10-22"},{"lineNumber":11,"author":{"gitId":"Alaskaredfish"},"content":"    public String getDescription() {","lastModifiedDate":"2022-10-22"},{"lineNumber":12,"author":{"gitId":"Alaskaredfish"},"content":"        return super.getDescription();","lastModifiedDate":"2022-10-22"},{"lineNumber":13,"author":{"gitId":"Alaskaredfish"},"content":"    }","lastModifiedDate":"2022-10-22"},{"lineNumber":14,"author":{"gitId":"Alaskaredfish"},"content":"    public String getDateAndTime() {","lastModifiedDate":"2022-10-22"},{"lineNumber":15,"author":{"gitId":"Alaskaredfish"},"content":"        return this.by;","lastModifiedDate":"2022-10-22"},{"lineNumber":16,"author":{"gitId":"Alaskaredfish"},"content":"    }","lastModifiedDate":"2022-10-22"},{"lineNumber":17,"author":{"gitId":"Alaskaredfish"},"content":"    @Override","lastModifiedDate":"2022-10-22"},{"lineNumber":18,"author":{"gitId":"Alaskaredfish"},"content":"    public String toString() {","lastModifiedDate":"2022-10-22"},{"lineNumber":19,"author":{"gitId":"Alaskaredfish"},"content":"        String[] parts \u003d this.by.split(\" \", 2);","lastModifiedDate":"2022-10-22"},{"lineNumber":20,"author":{"gitId":"Alaskaredfish"},"content":"        return \"[D]\" +  super.toString() + \" (\" + parts[0] + \": \" + parts[1] + \")\";","lastModifiedDate":"2022-10-22"},{"lineNumber":21,"author":{"gitId":"Alaskaredfish"},"content":"    }","lastModifiedDate":"2022-10-22"},{"lineNumber":22,"author":{"gitId":"Alaskaredfish"},"content":"}","lastModifiedDate":"2022-10-22"}],"authorContributionMap":{"Alaskaredfish":22}},{"path":"src/seedu/nusduke/tasklist/Event.java","fileType":"java","lines":[{"lineNumber":1,"author":{"gitId":"Alaskaredfish"},"content":"package seedu.nusduke.tasklist;","lastModifiedDate":"2022-10-22"},{"lineNumber":2,"author":{"gitId":"Alaskaredfish"},"content":"","lastModifiedDate":"2022-10-22"},{"lineNumber":3,"author":{"gitId":"Alaskaredfish"},"content":"public class Event extends Task{","lastModifiedDate":"2022-10-22"},{"lineNumber":4,"author":{"gitId":"Alaskaredfish"},"content":"    protected String at;","lastModifiedDate":"2022-10-22"},{"lineNumber":5,"author":{"gitId":"Alaskaredfish"},"content":"","lastModifiedDate":"2022-10-22"},{"lineNumber":6,"author":{"gitId":"Alaskaredfish"},"content":"    public Event(String description, String at) {","lastModifiedDate":"2022-10-22"},{"lineNumber":7,"author":{"gitId":"Alaskaredfish"},"content":"        super(description);","lastModifiedDate":"2022-10-22"},{"lineNumber":8,"author":{"gitId":"Alaskaredfish"},"content":"        this.at \u003d at;","lastModifiedDate":"2022-10-22"},{"lineNumber":9,"author":{"gitId":"Alaskaredfish"},"content":"    }","lastModifiedDate":"2022-10-22"},{"lineNumber":10,"author":{"gitId":"Alaskaredfish"},"content":"    public String getDescription() {","lastModifiedDate":"2022-10-22"},{"lineNumber":11,"author":{"gitId":"Alaskaredfish"},"content":"        return super.getDescription();","lastModifiedDate":"2022-10-22"},{"lineNumber":12,"author":{"gitId":"Alaskaredfish"},"content":"    }","lastModifiedDate":"2022-10-22"},{"lineNumber":13,"author":{"gitId":"Alaskaredfish"},"content":"    public String getDateAndTime() {","lastModifiedDate":"2022-10-22"},{"lineNumber":14,"author":{"gitId":"Alaskaredfish"},"content":"        return this.at;","lastModifiedDate":"2022-10-22"},{"lineNumber":15,"author":{"gitId":"Alaskaredfish"},"content":"    }","lastModifiedDate":"2022-10-22"},{"lineNumber":16,"author":{"gitId":"Alaskaredfish"},"content":"    @Override","lastModifiedDate":"2022-10-22"},{"lineNumber":17,"author":{"gitId":"Alaskaredfish"},"content":"    public String toString() {","lastModifiedDate":"2022-10-22"},{"lineNumber":18,"author":{"gitId":"Alaskaredfish"},"content":"        String[] parts \u003d this.at.split(\" \", 2);","lastModifiedDate":"2022-10-22"},{"lineNumber":19,"author":{"gitId":"Alaskaredfish"},"content":"        return \"[E]\" +  super.toString() + \" (\" + parts[0] + \": \" + parts[1] + \")\";","lastModifiedDate":"2022-10-22"},{"lineNumber":20,"author":{"gitId":"Alaskaredfish"},"content":"    }","lastModifiedDate":"2022-10-22"},{"lineNumber":21,"author":{"gitId":"Alaskaredfish"},"content":"","lastModifiedDate":"2022-10-22"},{"lineNumber":22,"author":{"gitId":"Alaskaredfish"},"content":"}","lastModifiedDate":"2022-10-22"}],"authorContributionMap":{"Alaskaredfish":22}},{"path":"src/seedu/nusduke/tasklist/Task.java","fileType":"java","lines":[{"lineNumber":1,"author":{"gitId":"Alaskaredfish"},"content":"package seedu.nusduke.tasklist;","lastModifiedDate":"2022-10-22"},{"lineNumber":2,"author":{"gitId":"Alaskaredfish"},"content":"","lastModifiedDate":"2022-10-22"},{"lineNumber":3,"author":{"gitId":"Alaskaredfish"},"content":"import seedu.nusduke.ui.Ui;","lastModifiedDate":"2022-10-22"},{"lineNumber":4,"author":{"gitId":"Alaskaredfish"},"content":"","lastModifiedDate":"2022-10-22"},{"lineNumber":5,"author":{"gitId":"Alaskaredfish"},"content":"public class Task {","lastModifiedDate":"2022-10-22"},{"lineNumber":6,"author":{"gitId":"Alaskaredfish"},"content":"    private final String description;","lastModifiedDate":"2022-10-22"},{"lineNumber":7,"author":{"gitId":"Alaskaredfish"},"content":"    private boolean isDone;","lastModifiedDate":"2022-10-22"},{"lineNumber":8,"author":{"gitId":"Alaskaredfish"},"content":"","lastModifiedDate":"2022-10-22"},{"lineNumber":9,"author":{"gitId":"Alaskaredfish"},"content":"    public Task(String description) {","lastModifiedDate":"2022-10-22"},{"lineNumber":10,"author":{"gitId":"Alaskaredfish"},"content":"        this.description \u003d description;","lastModifiedDate":"2022-10-22"},{"lineNumber":11,"author":{"gitId":"Alaskaredfish"},"content":"        this.isDone \u003d false;","lastModifiedDate":"2022-10-22"},{"lineNumber":12,"author":{"gitId":"Alaskaredfish"},"content":"        }","lastModifiedDate":"2022-10-22"},{"lineNumber":13,"author":{"gitId":"Alaskaredfish"},"content":"","lastModifiedDate":"2022-10-22"},{"lineNumber":14,"author":{"gitId":"Alaskaredfish"},"content":"public String getDescription() {","lastModifiedDate":"2022-10-22"},{"lineNumber":15,"author":{"gitId":"Alaskaredfish"},"content":"        return this.description;","lastModifiedDate":"2022-10-22"},{"lineNumber":16,"author":{"gitId":"Alaskaredfish"},"content":"        }","lastModifiedDate":"2022-10-22"},{"lineNumber":17,"author":{"gitId":"Alaskaredfish"},"content":"public String getDateAndTime() {","lastModifiedDate":"2022-10-22"},{"lineNumber":18,"author":{"gitId":"Alaskaredfish"},"content":"        return null;","lastModifiedDate":"2022-10-22"},{"lineNumber":19,"author":{"gitId":"Alaskaredfish"},"content":"        }","lastModifiedDate":"2022-10-22"},{"lineNumber":20,"author":{"gitId":"Alaskaredfish"},"content":"public String getStatusIcon() {","lastModifiedDate":"2022-10-22"},{"lineNumber":21,"author":{"gitId":"Alaskaredfish"},"content":"        return (isDone ? \"X\" : \" \"); // mark done task with X","lastModifiedDate":"2022-10-22"},{"lineNumber":22,"author":{"gitId":"Alaskaredfish"},"content":"        }","lastModifiedDate":"2022-10-22"},{"lineNumber":23,"author":{"gitId":"Alaskaredfish"},"content":"","lastModifiedDate":"2022-10-22"},{"lineNumber":24,"author":{"gitId":"Alaskaredfish"},"content":"public void markAsDone(int mode) {","lastModifiedDate":"2022-10-22"},{"lineNumber":25,"author":{"gitId":"Alaskaredfish"},"content":"        this.isDone \u003d true;","lastModifiedDate":"2022-10-22"},{"lineNumber":26,"author":{"gitId":"Alaskaredfish"},"content":"        if (mode \u003d\u003d 0) {","lastModifiedDate":"2022-10-22"},{"lineNumber":27,"author":{"gitId":"Alaskaredfish"},"content":"            Ui.print(\"Nice! I\u0027ve marked this task as done:\\n\");","lastModifiedDate":"2022-10-22"},{"lineNumber":28,"author":{"gitId":"Alaskaredfish"},"content":"            Ui.print(Ui.getLinePrefix() + this.toString() + \"\\n\");","lastModifiedDate":"2022-10-22"},{"lineNumber":29,"author":{"gitId":"Alaskaredfish"},"content":"        }","lastModifiedDate":"2022-10-22"},{"lineNumber":30,"author":{"gitId":"Alaskaredfish"},"content":"        }","lastModifiedDate":"2022-10-22"},{"lineNumber":31,"author":{"gitId":"Alaskaredfish"},"content":"","lastModifiedDate":"2022-10-22"},{"lineNumber":32,"author":{"gitId":"Alaskaredfish"},"content":"public void markAsUndone(int mode) {","lastModifiedDate":"2022-10-22"},{"lineNumber":33,"author":{"gitId":"Alaskaredfish"},"content":"        this.isDone \u003d false;","lastModifiedDate":"2022-10-22"},{"lineNumber":34,"author":{"gitId":"Alaskaredfish"},"content":"        if(mode \u003d\u003d 0) {","lastModifiedDate":"2022-10-22"},{"lineNumber":35,"author":{"gitId":"Alaskaredfish"},"content":"            Ui.print(\"OK, I\u0027ve marked this task as not done yet:\\n\");","lastModifiedDate":"2022-10-22"},{"lineNumber":36,"author":{"gitId":"Alaskaredfish"},"content":"            Ui.print(Ui.getLinePrefix() + this.toString() + \"\\n\");","lastModifiedDate":"2022-10-22"},{"lineNumber":37,"author":{"gitId":"Alaskaredfish"},"content":"        }","lastModifiedDate":"2022-10-22"},{"lineNumber":38,"author":{"gitId":"Alaskaredfish"},"content":"        }","lastModifiedDate":"2022-10-22"},{"lineNumber":39,"author":{"gitId":"Alaskaredfish"},"content":"","lastModifiedDate":"2022-10-22"},{"lineNumber":40,"author":{"gitId":"Alaskaredfish"},"content":"public void printTask(){","lastModifiedDate":"2022-10-22"},{"lineNumber":41,"author":{"gitId":"Alaskaredfish"},"content":"        System.out.print(this.toString() + \"\\n\");","lastModifiedDate":"2022-10-22"},{"lineNumber":42,"author":{"gitId":"Alaskaredfish"},"content":"        }","lastModifiedDate":"2022-10-22"},{"lineNumber":43,"author":{"gitId":"Alaskaredfish"},"content":"","lastModifiedDate":"2022-10-22"},{"lineNumber":44,"author":{"gitId":"Alaskaredfish"},"content":"public String toString(){","lastModifiedDate":"2022-10-22"},{"lineNumber":45,"author":{"gitId":"Alaskaredfish"},"content":"        return \"[\" + this.getStatusIcon() + \"] \" + this.description;","lastModifiedDate":"2022-10-22"},{"lineNumber":46,"author":{"gitId":"Alaskaredfish"},"content":"        }","lastModifiedDate":"2022-10-22"},{"lineNumber":47,"author":{"gitId":"Alaskaredfish"},"content":"public static void print(String toPrint){","lastModifiedDate":"2022-10-22"},{"lineNumber":48,"author":{"gitId":"Alaskaredfish"},"content":"        System.out.print(Ui.getLinePrefix() + toPrint);","lastModifiedDate":"2022-10-22"},{"lineNumber":49,"author":{"gitId":"Alaskaredfish"},"content":"        }","lastModifiedDate":"2022-10-22"},{"lineNumber":50,"author":{"gitId":"Alaskaredfish"},"content":"        //...","lastModifiedDate":"2022-10-22"},{"lineNumber":51,"author":{"gitId":"Alaskaredfish"},"content":"}","lastModifiedDate":"2022-10-22"}],"authorContributionMap":{"Alaskaredfish":51}},{"path":"src/seedu/nusduke/tasklist/TaskList.java","fileType":"java","lines":[{"lineNumber":1,"author":{"gitId":"Alaskaredfish"},"content":"package seedu.nusduke.tasklist;","lastModifiedDate":"2022-10-22"},{"lineNumber":2,"author":{"gitId":"Alaskaredfish"},"content":"","lastModifiedDate":"2022-10-22"},{"lineNumber":3,"author":{"gitId":"Alaskaredfish"},"content":"import java.util.ArrayList;","lastModifiedDate":"2022-10-22"},{"lineNumber":4,"author":{"gitId":"Alaskaredfish"},"content":"","lastModifiedDate":"2022-10-22"},{"lineNumber":5,"author":{"gitId":"Alaskaredfish"},"content":"import seedu.nusduke.ui.Messages;","lastModifiedDate":"2022-10-22"},{"lineNumber":6,"author":{"gitId":"Alaskaredfish"},"content":"import seedu.nusduke.ui.Ui;","lastModifiedDate":"2022-10-22"},{"lineNumber":7,"author":{"gitId":"Alaskaredfish"},"content":"","lastModifiedDate":"2022-10-22"},{"lineNumber":8,"author":{"gitId":"Alaskaredfish"},"content":"public class TaskList {","lastModifiedDate":"2022-10-22"},{"lineNumber":9,"author":{"gitId":"Alaskaredfish"},"content":"    /** Container for tasks.  */","lastModifiedDate":"2022-10-22"},{"lineNumber":10,"author":{"gitId":"Alaskaredfish"},"content":"    static private ArrayList\u003cTask\u003e list;","lastModifiedDate":"2022-10-22"},{"lineNumber":11,"author":{"gitId":"Alaskaredfish"},"content":"    /** Keep track of number of tasks in the list.  */","lastModifiedDate":"2022-10-22"},{"lineNumber":12,"author":{"gitId":"Alaskaredfish"},"content":"    static private int listCount;","lastModifiedDate":"2022-10-22"},{"lineNumber":13,"author":{"gitId":"Alaskaredfish"},"content":"    public TaskList(){","lastModifiedDate":"2022-10-22"},{"lineNumber":14,"author":{"gitId":"Alaskaredfish"},"content":"        list \u003d new ArrayList\u003cTask\u003e();","lastModifiedDate":"2022-10-22"},{"lineNumber":15,"author":{"gitId":"Alaskaredfish"},"content":"        listCount \u003d 0;","lastModifiedDate":"2022-10-22"},{"lineNumber":16,"author":{"gitId":"Alaskaredfish"},"content":"    }","lastModifiedDate":"2022-10-22"},{"lineNumber":17,"author":{"gitId":"Alaskaredfish"},"content":"","lastModifiedDate":"2022-10-22"},{"lineNumber":18,"author":{"gitId":"Alaskaredfish"},"content":"    public TaskList(TaskList load) {","lastModifiedDate":"2022-10-22"},{"lineNumber":19,"author":{"gitId":"Alaskaredfish"},"content":"        this.list \u003d load.list;","lastModifiedDate":"2022-10-22"},{"lineNumber":20,"author":{"gitId":"Alaskaredfish"},"content":"        this.listCount \u003d load.listCount;","lastModifiedDate":"2022-10-22"},{"lineNumber":21,"author":{"gitId":"Alaskaredfish"},"content":"    }","lastModifiedDate":"2022-10-22"},{"lineNumber":22,"author":{"gitId":"Alaskaredfish"},"content":"","lastModifiedDate":"2022-10-22"},{"lineNumber":23,"author":{"gitId":"Alaskaredfish"},"content":"    public static int getListCount(){","lastModifiedDate":"2022-10-22"},{"lineNumber":24,"author":{"gitId":"Alaskaredfish"},"content":"        return listCount;","lastModifiedDate":"2022-10-22"},{"lineNumber":25,"author":{"gitId":"Alaskaredfish"},"content":"    }","lastModifiedDate":"2022-10-22"},{"lineNumber":26,"author":{"gitId":"Alaskaredfish"},"content":"","lastModifiedDate":"2022-10-22"},{"lineNumber":27,"author":{"gitId":"Alaskaredfish"},"content":"    public ArrayList getList(){","lastModifiedDate":"2022-10-22"},{"lineNumber":28,"author":{"gitId":"Alaskaredfish"},"content":"        return list;","lastModifiedDate":"2022-10-22"},{"lineNumber":29,"author":{"gitId":"Alaskaredfish"},"content":"    }","lastModifiedDate":"2022-10-22"},{"lineNumber":30,"author":{"gitId":"Alaskaredfish"},"content":"","lastModifiedDate":"2022-10-22"},{"lineNumber":31,"author":{"gitId":"Alaskaredfish"},"content":"    static public void loadTasksFromFiles(String[] task){","lastModifiedDate":"2022-10-22"},{"lineNumber":32,"author":{"gitId":"Alaskaredfish"},"content":"        String[] descriptionTime;","lastModifiedDate":"2022-10-22"},{"lineNumber":33,"author":{"gitId":"Alaskaredfish"},"content":"        switch (task[0]){","lastModifiedDate":"2022-10-22"},{"lineNumber":34,"author":{"gitId":"Alaskaredfish"},"content":"            case \"T\":","lastModifiedDate":"2022-10-22"},{"lineNumber":35,"author":{"gitId":"Alaskaredfish"},"content":"                list.add(new Todo(task[2]));","lastModifiedDate":"2022-10-22"},{"lineNumber":36,"author":{"gitId":"Alaskaredfish"},"content":"                listCount ++;","lastModifiedDate":"2022-10-22"},{"lineNumber":37,"author":{"gitId":"Alaskaredfish"},"content":"                break;","lastModifiedDate":"2022-10-22"},{"lineNumber":38,"author":{"gitId":"Alaskaredfish"},"content":"            case\"D\":","lastModifiedDate":"2022-10-22"},{"lineNumber":39,"author":{"gitId":"Alaskaredfish"},"content":"                descriptionTime \u003d splitDescriptionTime(task[2]);","lastModifiedDate":"2022-10-22"},{"lineNumber":40,"author":{"gitId":"Alaskaredfish"},"content":"                list.add(new Deadline(descriptionTime[0], descriptionTime[1]));","lastModifiedDate":"2022-10-22"},{"lineNumber":41,"author":{"gitId":"Alaskaredfish"},"content":"                listCount ++;","lastModifiedDate":"2022-10-22"},{"lineNumber":42,"author":{"gitId":"Alaskaredfish"},"content":"                break;","lastModifiedDate":"2022-10-22"},{"lineNumber":43,"author":{"gitId":"Alaskaredfish"},"content":"            case \"E\":","lastModifiedDate":"2022-10-22"},{"lineNumber":44,"author":{"gitId":"Alaskaredfish"},"content":"                descriptionTime \u003d splitDescriptionTime(task[2]);","lastModifiedDate":"2022-10-22"},{"lineNumber":45,"author":{"gitId":"Alaskaredfish"},"content":"                list.add(new Event(descriptionTime[0], descriptionTime[1]));","lastModifiedDate":"2022-10-22"},{"lineNumber":46,"author":{"gitId":"Alaskaredfish"},"content":"                listCount ++;","lastModifiedDate":"2022-10-22"},{"lineNumber":47,"author":{"gitId":"Alaskaredfish"},"content":"                break;","lastModifiedDate":"2022-10-22"},{"lineNumber":48,"author":{"gitId":"Alaskaredfish"},"content":"            default:","lastModifiedDate":"2022-10-22"},{"lineNumber":49,"author":{"gitId":"Alaskaredfish"},"content":"                return;","lastModifiedDate":"2022-10-22"},{"lineNumber":50,"author":{"gitId":"Alaskaredfish"},"content":"        }","lastModifiedDate":"2022-10-22"},{"lineNumber":51,"author":{"gitId":"Alaskaredfish"},"content":"        if (task[1].equals(\"X\")){","lastModifiedDate":"2022-10-22"},{"lineNumber":52,"author":{"gitId":"Alaskaredfish"},"content":"            list.get(listCount - 1).markAsDone(1);","lastModifiedDate":"2022-10-22"},{"lineNumber":53,"author":{"gitId":"Alaskaredfish"},"content":"        }","lastModifiedDate":"2022-10-22"},{"lineNumber":54,"author":{"gitId":"Alaskaredfish"},"content":"        Ui.echoTasksLoadingFromFile(list.get(listCount - 1));","lastModifiedDate":"2022-10-22"},{"lineNumber":55,"author":{"gitId":"Alaskaredfish"},"content":"    }","lastModifiedDate":"2022-10-22"},{"lineNumber":56,"author":{"gitId":"Alaskaredfish"},"content":"","lastModifiedDate":"2022-10-22"},{"lineNumber":57,"author":{"gitId":"Alaskaredfish"},"content":"    public static String[] splitDescriptionTime(String description){","lastModifiedDate":"2022-10-22"},{"lineNumber":58,"author":{"gitId":"Alaskaredfish"},"content":"        String[] split \u003d description.split(\" \\\\(\", 2);","lastModifiedDate":"2022-10-22"},{"lineNumber":59,"author":{"gitId":"Alaskaredfish"},"content":"        split[1] \u003d split[1].substring(0, split[1].length() - 1);","lastModifiedDate":"2022-10-22"},{"lineNumber":60,"author":{"gitId":"Alaskaredfish"},"content":"        split[1] \u003d split[1].replace(\":\", \"\");","lastModifiedDate":"2022-10-22"},{"lineNumber":61,"author":{"gitId":"Alaskaredfish"},"content":"        return split;","lastModifiedDate":"2022-10-22"},{"lineNumber":62,"author":{"gitId":"Alaskaredfish"},"content":"    }","lastModifiedDate":"2022-10-22"},{"lineNumber":63,"author":{"gitId":"Alaskaredfish"},"content":"","lastModifiedDate":"2022-10-22"},{"lineNumber":64,"author":{"gitId":"Alaskaredfish"},"content":"    public void changeListCount (String sign){","lastModifiedDate":"2022-10-22"},{"lineNumber":65,"author":{"gitId":"Alaskaredfish"},"content":"        switch (sign){","lastModifiedDate":"2022-10-22"},{"lineNumber":66,"author":{"gitId":"Alaskaredfish"},"content":"            case \"+\":","lastModifiedDate":"2022-10-22"},{"lineNumber":67,"author":{"gitId":"Alaskaredfish"},"content":"                this.listCount ++;","lastModifiedDate":"2022-10-22"},{"lineNumber":68,"author":{"gitId":"Alaskaredfish"},"content":"                break;","lastModifiedDate":"2022-10-22"},{"lineNumber":69,"author":{"gitId":"Alaskaredfish"},"content":"            case \"-\":","lastModifiedDate":"2022-10-22"},{"lineNumber":70,"author":{"gitId":"Alaskaredfish"},"content":"                this.listCount --;","lastModifiedDate":"2022-10-22"},{"lineNumber":71,"author":{"gitId":"Alaskaredfish"},"content":"                break;","lastModifiedDate":"2022-10-22"},{"lineNumber":72,"author":{"gitId":"Alaskaredfish"},"content":"            default:","lastModifiedDate":"2022-10-22"},{"lineNumber":73,"author":{"gitId":"Alaskaredfish"},"content":"                break;","lastModifiedDate":"2022-10-22"},{"lineNumber":74,"author":{"gitId":"Alaskaredfish"},"content":"        }","lastModifiedDate":"2022-10-22"},{"lineNumber":75,"author":{"gitId":"Alaskaredfish"},"content":"    }","lastModifiedDate":"2022-10-22"},{"lineNumber":76,"author":{"gitId":"Alaskaredfish"},"content":"","lastModifiedDate":"2022-10-22"},{"lineNumber":77,"author":{"gitId":"Alaskaredfish"},"content":"    public void printList(){","lastModifiedDate":"2022-10-22"},{"lineNumber":78,"author":{"gitId":"Alaskaredfish"},"content":"        if (listCount \u003d\u003d 0) {","lastModifiedDate":"2022-10-22"},{"lineNumber":79,"author":{"gitId":"Alaskaredfish"},"content":"            Ui.print(Messages.MESSAGE_NO_TASK_IN_LIST);","lastModifiedDate":"2022-10-22"},{"lineNumber":80,"author":{"gitId":"Alaskaredfish"},"content":"            return;","lastModifiedDate":"2022-10-22"},{"lineNumber":81,"author":{"gitId":"Alaskaredfish"},"content":"        }","lastModifiedDate":"2022-10-22"},{"lineNumber":82,"author":{"gitId":"Alaskaredfish"},"content":"        Ui.print(\"Here are the tasks in your list:\\n\");","lastModifiedDate":"2022-10-22"},{"lineNumber":83,"author":{"gitId":"Alaskaredfish"},"content":"        for(int i \u003d 0; i \u003c listCount; i++) {","lastModifiedDate":"2022-10-22"},{"lineNumber":84,"author":{"gitId":"Alaskaredfish"},"content":"            String count \u003d (i + 1) + \". \";","lastModifiedDate":"2022-10-22"},{"lineNumber":85,"author":{"gitId":"Alaskaredfish"},"content":"            Ui.print(count);","lastModifiedDate":"2022-10-22"},{"lineNumber":86,"author":{"gitId":"Alaskaredfish"},"content":"            list.get(i).printTask();","lastModifiedDate":"2022-10-22"},{"lineNumber":87,"author":{"gitId":"Alaskaredfish"},"content":"        }","lastModifiedDate":"2022-10-22"},{"lineNumber":88,"author":{"gitId":"Alaskaredfish"},"content":"    }","lastModifiedDate":"2022-10-22"},{"lineNumber":89,"author":{"gitId":"Alaskaredfish"},"content":"","lastModifiedDate":"2022-10-22"},{"lineNumber":90,"author":{"gitId":"Alaskaredfish"},"content":"}","lastModifiedDate":"2022-10-22"}],"authorContributionMap":{"Alaskaredfish":90}},{"path":"src/seedu/nusduke/tasklist/Todo.java","fileType":"java","lines":[{"lineNumber":1,"author":{"gitId":"Alaskaredfish"},"content":"package seedu.nusduke.tasklist;","lastModifiedDate":"2022-10-22"},{"lineNumber":2,"author":{"gitId":"Alaskaredfish"},"content":"","lastModifiedDate":"2022-10-22"},{"lineNumber":3,"author":{"gitId":"Alaskaredfish"},"content":"public class Todo extends Task{","lastModifiedDate":"2022-10-22"},{"lineNumber":4,"author":{"gitId":"Alaskaredfish"},"content":"","lastModifiedDate":"2022-10-22"},{"lineNumber":5,"author":{"gitId":"Alaskaredfish"},"content":"    public Todo(String description) {","lastModifiedDate":"2022-10-22"},{"lineNumber":6,"author":{"gitId":"Alaskaredfish"},"content":"        super(description);","lastModifiedDate":"2022-10-22"},{"lineNumber":7,"author":{"gitId":"Alaskaredfish"},"content":"    }","lastModifiedDate":"2022-10-22"},{"lineNumber":8,"author":{"gitId":"Alaskaredfish"},"content":"","lastModifiedDate":"2022-10-22"},{"lineNumber":9,"author":{"gitId":"Alaskaredfish"},"content":"    public String getDescription() {","lastModifiedDate":"2022-10-22"},{"lineNumber":10,"author":{"gitId":"Alaskaredfish"},"content":"        return super.getDescription();","lastModifiedDate":"2022-10-22"},{"lineNumber":11,"author":{"gitId":"Alaskaredfish"},"content":"    }","lastModifiedDate":"2022-10-22"},{"lineNumber":12,"author":{"gitId":"Alaskaredfish"},"content":"    public String getDateAndTime() {","lastModifiedDate":"2022-10-22"},{"lineNumber":13,"author":{"gitId":"Alaskaredfish"},"content":"        return null;","lastModifiedDate":"2022-10-22"},{"lineNumber":14,"author":{"gitId":"Alaskaredfish"},"content":"    }","lastModifiedDate":"2022-10-22"},{"lineNumber":15,"author":{"gitId":"Alaskaredfish"},"content":"","lastModifiedDate":"2022-10-22"},{"lineNumber":16,"author":{"gitId":"Alaskaredfish"},"content":"    @Override","lastModifiedDate":"2022-10-22"},{"lineNumber":17,"author":{"gitId":"Alaskaredfish"},"content":"    public String toString() {","lastModifiedDate":"2022-10-22"},{"lineNumber":18,"author":{"gitId":"Alaskaredfish"},"content":"        return \"[T]\" + super.toString();","lastModifiedDate":"2022-10-22"},{"lineNumber":19,"author":{"gitId":"Alaskaredfish"},"content":"    }","lastModifiedDate":"2022-10-22"},{"lineNumber":20,"author":{"gitId":"Alaskaredfish"},"content":"}","lastModifiedDate":"2022-10-22"}],"authorContributionMap":{"Alaskaredfish":20}},{"path":"src/seedu/nusduke/ui/Messages.java","fileType":"java","lines":[{"lineNumber":1,"author":{"gitId":"Alaskaredfish"},"content":"package seedu.nusduke.ui;","lastModifiedDate":"2022-10-22"},{"lineNumber":2,"author":{"gitId":"Alaskaredfish"},"content":"","lastModifiedDate":"2022-10-22"},{"lineNumber":3,"author":{"gitId":"Alaskaredfish"},"content":"","lastModifiedDate":"2022-10-22"},{"lineNumber":4,"author":{"gitId":"Alaskaredfish"},"content":"public class Messages {","lastModifiedDate":"2022-10-22"},{"lineNumber":5,"author":{"gitId":"Alaskaredfish"},"content":"    public static final String MESSAGE_GOODBYE \u003d \"Bye. Remember!\\n\"","lastModifiedDate":"2022-10-22"},{"lineNumber":6,"author":{"gitId":"Alaskaredfish"},"content":"            + \"In times of crisis, the wise build bridges while the foolish build barriers.\\n\";","lastModifiedDate":"2022-10-22"},{"lineNumber":7,"author":{"gitId":"Alaskaredfish"},"content":"    public static final String LOGO \u003d","lastModifiedDate":"2022-10-22"},{"lineNumber":8,"author":{"gitId":"Alaskaredfish"},"content":"              \" ____        _        \\n\"","lastModifiedDate":"2022-10-22"},{"lineNumber":9,"author":{"gitId":"Alaskaredfish"},"content":"            + \"|  _ \\\\ _   _| | _____ \\n\"","lastModifiedDate":"2022-10-22"},{"lineNumber":10,"author":{"gitId":"Alaskaredfish"},"content":"            + \"| | | | | | | |/ / _ \\\\\\n\"","lastModifiedDate":"2022-10-22"},{"lineNumber":11,"author":{"gitId":"Alaskaredfish"},"content":"            + \"| |_| | |_| |   \u003c  __/\\n\"","lastModifiedDate":"2022-10-22"},{"lineNumber":12,"author":{"gitId":"Alaskaredfish"},"content":"            + \"|____/ \\\\__,_|_|\\\\_\\\\___|\\n\";","lastModifiedDate":"2022-10-22"},{"lineNumber":13,"author":{"gitId":"Alaskaredfish"},"content":"    public static final String MESSAGE_WELCOME \u003d","lastModifiedDate":"2022-10-22"},{"lineNumber":14,"author":{"gitId":"Alaskaredfish"},"content":"              \"Hello from\\n\" + LOGO","lastModifiedDate":"2022-10-22"},{"lineNumber":15,"author":{"gitId":"Alaskaredfish"},"content":"            + \"Wakanda forever! I\u0027m Winston Duke\\n\"","lastModifiedDate":"2022-10-22"},{"lineNumber":16,"author":{"gitId":"Alaskaredfish"},"content":"            + \"What can I do for you?\\n\";","lastModifiedDate":"2022-10-22"},{"lineNumber":17,"author":{"gitId":"Alaskaredfish"},"content":"    public static final String MESSAGE_EMPTY_INPUT \u003d \"Empty input detected, please re-enter\\n\";","lastModifiedDate":"2022-10-22"},{"lineNumber":18,"author":{"gitId":"Alaskaredfish"},"content":"    public static final String MESSAGE_INDEX_NOT_NUMBER \u003d \"Index must be numbers!\";","lastModifiedDate":"2022-10-22"},{"lineNumber":19,"author":{"gitId":"Alaskaredfish"},"content":"    public static final String MESSAGE_NO_TASK_DESCRIPTION \u003d \"Task description cannot be empty!\\n\";","lastModifiedDate":"2022-10-22"},{"lineNumber":20,"author":{"gitId":"Alaskaredfish"},"content":"    public static final String MESSAGE_NO_TASK_IN_LIST \u003d \"There is 0 tasks in the list. Please use keyword: todo, deadlines or events to add task if you wish to.\\n\";","lastModifiedDate":"2022-10-22"},{"lineNumber":21,"author":{"gitId":"Alaskaredfish"},"content":"    public static final String MESSAGE_NO_KEYWORD_FOR_EVENT_DEADLINE \u003d \"Please use keyword \\\"/\\\" to represent date and time. E.g. /at 6 Aug 2022 6pm\\n\";","lastModifiedDate":"2022-10-22"},{"lineNumber":22,"author":{"gitId":"Alaskaredfish"},"content":"    public static final String MESSAGE_TASK_NUMBER_NOT_EXIST \u003d \"Task number not exist!\\n\";","lastModifiedDate":"2022-10-22"},{"lineNumber":23,"author":{"gitId":"Alaskaredfish"},"content":"    public static final String MESSAGE_TASK_NUMBER_OUT_OF_RANGE \u003d \"Task number out of list range!\\n\";","lastModifiedDate":"2022-10-22"},{"lineNumber":24,"author":{"gitId":"Alaskaredfish"},"content":"    public static final String MESSAGE_NOT_A_TASK \u003d \"OOPS!!! I\u0027m sorry, but I don\u0027t know what that means :-( \\n\"","lastModifiedDate":"2022-10-22"},{"lineNumber":25,"author":{"gitId":"Alaskaredfish"},"content":"                                                    + \"Please use keywords: bye, list, mark, unmark, delete, todo, deadlines or events.\\n\";","lastModifiedDate":"2022-10-22"},{"lineNumber":26,"author":{"gitId":"Alaskaredfish"},"content":"    public static final String MESSAGE_NO_TIME_FOR_DEADLINE_EVENT \u003d \"Invalid command! Date and time for deadline or event cannot be empty.\\n\";","lastModifiedDate":"2022-10-22"},{"lineNumber":27,"author":{"gitId":"Alaskaredfish"},"content":"    public static final String MESSAGE_NOT_TIMESLOT_FOR_EVENT \u003d \"Please enter a timeslot for the event! Or use deadline instead. \\n\";","lastModifiedDate":"2022-10-22"},{"lineNumber":28,"author":{"gitId":"Alaskaredfish"},"content":"    public static final String MESSAGE_DUPLICATE_TASK \u003d \"Task exist!\\n\";","lastModifiedDate":"2022-10-22"},{"lineNumber":29,"author":{"gitId":"Alaskaredfish"},"content":"}","lastModifiedDate":"2022-10-22"}],"authorContributionMap":{"Alaskaredfish":29}},{"path":"src/seedu/nusduke/ui/Ui.java","fileType":"java","lines":[{"lineNumber":1,"author":{"gitId":"Alaskaredfish"},"content":"package seedu.nusduke.ui;","lastModifiedDate":"2022-10-22"},{"lineNumber":2,"author":{"gitId":"Alaskaredfish"},"content":"","lastModifiedDate":"2022-10-22"},{"lineNumber":3,"author":{"gitId":"Alaskaredfish"},"content":"import seedu.nusduke.data.DukeException;","lastModifiedDate":"2022-10-22"},{"lineNumber":4,"author":{"gitId":"Alaskaredfish"},"content":"import seedu.nusduke.tasklist.TaskList;","lastModifiedDate":"2022-10-22"},{"lineNumber":5,"author":{"gitId":"Alaskaredfish"},"content":"import seedu.nusduke.tasklist.Task;","lastModifiedDate":"2022-10-22"},{"lineNumber":6,"author":{"gitId":"Alaskaredfish"},"content":"import java.io.InputStream;","lastModifiedDate":"2022-10-22"},{"lineNumber":7,"author":{"gitId":"Alaskaredfish"},"content":"import java.io.PrintStream;","lastModifiedDate":"2022-10-22"},{"lineNumber":8,"author":{"gitId":"Alaskaredfish"},"content":"import java.util.Scanner;","lastModifiedDate":"2022-10-22"},{"lineNumber":9,"author":{"gitId":"Alaskaredfish"},"content":"","lastModifiedDate":"2022-10-22"},{"lineNumber":10,"author":{"gitId":"Alaskaredfish"},"content":"","lastModifiedDate":"2022-10-22"},{"lineNumber":11,"author":{"gitId":"Alaskaredfish"},"content":"public class Ui {","lastModifiedDate":"2022-10-22"},{"lineNumber":12,"author":{"gitId":"Alaskaredfish"},"content":"    private static final String DIVIDER\u003d \"____________________________________________________________\";","lastModifiedDate":"2022-10-22"},{"lineNumber":13,"author":{"gitId":"Alaskaredfish"},"content":"    private static final String LINE_PREFIX \u003d \"     \";","lastModifiedDate":"2022-10-22"},{"lineNumber":14,"author":{"gitId":"Alaskaredfish"},"content":"    private final Scanner in;","lastModifiedDate":"2022-10-22"},{"lineNumber":15,"author":{"gitId":"Alaskaredfish"},"content":"    private final PrintStream out;","lastModifiedDate":"2022-10-22"},{"lineNumber":16,"author":{"gitId":"Alaskaredfish"},"content":"","lastModifiedDate":"2022-10-22"},{"lineNumber":17,"author":{"gitId":"Alaskaredfish"},"content":"    public Ui(InputStream in, PrintStream out){","lastModifiedDate":"2022-10-22"},{"lineNumber":18,"author":{"gitId":"Alaskaredfish"},"content":"        this.in \u003d new Scanner(in);","lastModifiedDate":"2022-10-22"},{"lineNumber":19,"author":{"gitId":"Alaskaredfish"},"content":"        this.out \u003d out;","lastModifiedDate":"2022-10-22"},{"lineNumber":20,"author":{"gitId":"Alaskaredfish"},"content":"    }","lastModifiedDate":"2022-10-22"},{"lineNumber":21,"author":{"gitId":"Alaskaredfish"},"content":"","lastModifiedDate":"2022-10-22"},{"lineNumber":22,"author":{"gitId":"Alaskaredfish"},"content":"    public Ui(){","lastModifiedDate":"2022-10-22"},{"lineNumber":23,"author":{"gitId":"Alaskaredfish"},"content":"        this(System.in, System.out);","lastModifiedDate":"2022-10-22"},{"lineNumber":24,"author":{"gitId":"Alaskaredfish"},"content":"    }","lastModifiedDate":"2022-10-22"},{"lineNumber":25,"author":{"gitId":"Alaskaredfish"},"content":"","lastModifiedDate":"2022-10-22"},{"lineNumber":26,"author":{"gitId":"Alaskaredfish"},"content":"    public String readCommand(){","lastModifiedDate":"2022-10-22"},{"lineNumber":27,"author":{"gitId":"Alaskaredfish"},"content":"        out.println(LINE_PREFIX + \"Enter command: \");","lastModifiedDate":"2022-10-22"},{"lineNumber":28,"author":{"gitId":"Alaskaredfish"},"content":"        String command \u003d in.nextLine();","lastModifiedDate":"2022-10-22"},{"lineNumber":29,"author":{"gitId":"Alaskaredfish"},"content":"        return command;","lastModifiedDate":"2022-10-22"},{"lineNumber":30,"author":{"gitId":"Alaskaredfish"},"content":"    }","lastModifiedDate":"2022-10-22"},{"lineNumber":31,"author":{"gitId":"Alaskaredfish"},"content":"","lastModifiedDate":"2022-10-22"},{"lineNumber":32,"author":{"gitId":"Alaskaredfish"},"content":"    public void showError(String error){","lastModifiedDate":"2022-10-22"},{"lineNumber":33,"author":{"gitId":"Alaskaredfish"},"content":"        out.print(LINE_PREFIX + error);","lastModifiedDate":"2022-10-22"},{"lineNumber":34,"author":{"gitId":"Alaskaredfish"},"content":"    }","lastModifiedDate":"2022-10-22"},{"lineNumber":35,"author":{"gitId":"Alaskaredfish"},"content":"    public void showWelcome(){","lastModifiedDate":"2022-10-22"},{"lineNumber":36,"author":{"gitId":"Alaskaredfish"},"content":"        out.print(Messages.MESSAGE_WELCOME);","lastModifiedDate":"2022-10-22"},{"lineNumber":37,"author":{"gitId":"Alaskaredfish"},"content":"        showLine();","lastModifiedDate":"2022-10-22"},{"lineNumber":38,"author":{"gitId":"Alaskaredfish"},"content":"    }","lastModifiedDate":"2022-10-22"},{"lineNumber":39,"author":{"gitId":"Alaskaredfish"},"content":"    public void showLine(){","lastModifiedDate":"2022-10-22"},{"lineNumber":40,"author":{"gitId":"Alaskaredfish"},"content":"        out.println(DIVIDER);","lastModifiedDate":"2022-10-22"},{"lineNumber":41,"author":{"gitId":"Alaskaredfish"},"content":"    }","lastModifiedDate":"2022-10-22"},{"lineNumber":42,"author":{"gitId":"Alaskaredfish"},"content":"","lastModifiedDate":"2022-10-22"},{"lineNumber":43,"author":{"gitId":"Alaskaredfish"},"content":"    public void showByeMessage(){","lastModifiedDate":"2022-10-22"},{"lineNumber":44,"author":{"gitId":"Alaskaredfish"},"content":"        out.print(Messages.MESSAGE_GOODBYE);","lastModifiedDate":"2022-10-22"},{"lineNumber":45,"author":{"gitId":"Alaskaredfish"},"content":"    }","lastModifiedDate":"2022-10-22"},{"lineNumber":46,"author":{"gitId":"Alaskaredfish"},"content":"    public void showLoadingError(DukeException e) {","lastModifiedDate":"2022-10-22"},{"lineNumber":47,"author":{"gitId":"Alaskaredfish"},"content":"    }","lastModifiedDate":"2022-10-22"},{"lineNumber":48,"author":{"gitId":"Alaskaredfish"},"content":"    public static void print(String toPrint){","lastModifiedDate":"2022-10-22"},{"lineNumber":49,"author":{"gitId":"Alaskaredfish"},"content":"        System.out.print(LINE_PREFIX + toPrint);","lastModifiedDate":"2022-10-22"},{"lineNumber":50,"author":{"gitId":"Alaskaredfish"},"content":"    }","lastModifiedDate":"2022-10-22"},{"lineNumber":51,"author":{"gitId":"Alaskaredfish"},"content":"    public static String getLinePrefix(){","lastModifiedDate":"2022-10-22"},{"lineNumber":52,"author":{"gitId":"Alaskaredfish"},"content":"        return LINE_PREFIX;","lastModifiedDate":"2022-10-22"},{"lineNumber":53,"author":{"gitId":"Alaskaredfish"},"content":"    }","lastModifiedDate":"2022-10-22"},{"lineNumber":54,"author":{"gitId":"Alaskaredfish"},"content":"    public static void echoTasksLoadingFromFile (Task added){","lastModifiedDate":"2022-10-22"},{"lineNumber":55,"author":{"gitId":"Alaskaredfish"},"content":"        Ui.print(added.toString() + \" added\\n\");","lastModifiedDate":"2022-10-22"},{"lineNumber":56,"author":{"gitId":"Alaskaredfish"},"content":"    }","lastModifiedDate":"2022-10-22"},{"lineNumber":57,"author":{"gitId":"Alaskaredfish"},"content":"","lastModifiedDate":"2022-10-22"},{"lineNumber":58,"author":{"gitId":"Alaskaredfish"},"content":"    public static void echo(String toEcho, String mode) {","lastModifiedDate":"2022-10-22"},{"lineNumber":59,"author":{"gitId":"Alaskaredfish"},"content":"        print(\"Got it. I\u0027ve \" + mode + \" this task:\\n\");","lastModifiedDate":"2022-10-22"},{"lineNumber":60,"author":{"gitId":"Alaskaredfish"},"content":"        print(\"  \" + toEcho + \"\\n\");","lastModifiedDate":"2022-10-22"},{"lineNumber":61,"author":{"gitId":"Alaskaredfish"},"content":"        print(\"Now you have \" + TaskList.getListCount() + \" tasks in the list.\\n\");","lastModifiedDate":"2022-10-22"},{"lineNumber":62,"author":{"gitId":"Alaskaredfish"},"content":"    }","lastModifiedDate":"2022-10-22"},{"lineNumber":63,"author":{"gitId":"Alaskaredfish"},"content":"}","lastModifiedDate":"2022-10-22"}],"authorContributionMap":{"Alaskaredfish":63}},{"path":"tasks.txt","fileType":"txt","lines":[{"lineNumber":1,"author":{"gitId":"Alaskaredfish"},"content":"[T][X] return book","lastModifiedDate":"2022-10-22"}],"authorContributionMap":{"Alaskaredfish":1}}]
