{"authorDailyContributionsMap":{"Alaskaredfish":[{"date":"2022-09-08","commitResults":[{"hash":"7df927a968b1c21676287da1c9903d849d0c1130","messageTitle":"Greet, Echo, Exit","messageBody":"","tags":["Level-1"],"fileTypesAndContributionMap":{"java":{"insertions":29,"deletions":0}}},{"hash":"ea83190179c72c10e6e7a26868bc3a87c9a5594c","messageTitle":"Level-2: Add, List","messageBody":"","fileTypesAndContributionMap":{"java":{"insertions":23,"deletions":1}}}]},{"date":"2022-09-18","commitResults":[{"hash":"e31e7867ad8993d7b9160ebca41ba64b17c73aef","messageTitle":"Level-3: Mark as Done","messageBody":"","tags":["Level-3"],"fileTypesAndContributionMap":{"java":{"insertions":117,"deletions":28}}}]},{"date":"2022-09-24","commitResults":[{"hash":"f47ed189a4d0be2c6667d0b7edd7cb8cb79604a7","messageTitle":"Level-4: ToDo, Event, Deadlines","messageBody":"","tags":["Level-4"],"fileTypesAndContributionMap":{"java":{"insertions":94,"deletions":7}}}]},{"date":"2022-10-02","commitResults":[{"hash":"8b052bcd74b591891c9492ec1dfcfa609ace7c00","messageTitle":"Level-5: Handle Errors","messageBody":"","tags":["Leve-5"],"fileTypesAndContributionMap":{"java":{"insertions":152,"deletions":50}}}]},{"date":"2022-10-12","commitResults":[{"hash":"46b9d92a5ee4ba88c00866379e043fd3df001c9a","messageTitle":"Level-6: Delete","messageBody":"","tags":["Level-6"],"fileTypesAndContributionMap":{"java":{"insertions":46,"deletions":37}}}]},{"date":"2022-10-22","commitResults":[{"hash":"421c7d0686acdbb3eca52e902cc050177bd8835e","messageTitle":"Level-7: Save","messageBody":"","fileTypesAndContributionMap":{"txt":{"insertions":231,"deletions":0},"java":{"insertions":1243,"deletions":0}}},{"hash":"f7c967873465c9b8dd5d9c72ed64370952dd5998","messageTitle":"Level-7: Save","messageBody":"","tags":["Make-the-code-more-OOP","Divide-classes-into-packages"],"fileTypesAndContributionMap":{"txt":{"insertions":1,"deletions":231},"java":{"insertions":98,"deletions":971}}}]},{"date":"2022-10-27","commitResults":[{"hash":"e54ae7ad2f43485463c036572dc13319d136fffb","messageTitle":"Restructure file for A-Gradle pull.","messageBody":"","fileTypesAndContributionMap":{"txt":{"insertions":2,"deletions":1},"java":{"insertions":750,"deletions":369}}},{"hash":"0f25c63109d28600f186375a87f6a666d7b5edb7","messageTitle":"no message","messageBody":"","fileTypesAndContributionMap":{"txt":{"insertions":9,"deletions":0},"sh":{"insertions":1,"deletions":1}}},{"hash":"2dedfa022956f54737e31caa9835fd06ed96652b","messageTitle":"Revert \"no message\"","messageBody":"This reverts commit 0f25c63109d28600f186375a87f6a666d7b5edb7.\n","fileTypesAndContributionMap":{"txt":{"insertions":0,"deletions":9},"sh":{"insertions":1,"deletions":1}}}]},{"date":"2022-11-08","commitResults":[{"hash":"e90e695b46f0e618f68b6d64ff8d90566303975e","messageTitle":"Level-8: Dates and Times with A-JavaDoc, A-Gradle and A-JUnit project increment.","messageBody":"","tags":["Level-8"],"fileTypesAndContributionMap":{"java":{"insertions":280,"deletions":14}}}]},{"date":"2022-11-09","commitResults":[{"hash":"d56abacb7fe022df2058f770528f2a2419853877","messageTitle":"Level-9: Find Added individual feature DoAfterTasks Amended codes to adhere Coding Standard and increase Code Quality.","messageBody":"","tags":["Level-9"],"fileTypesAndContributionMap":{"txt":{"insertions":2,"deletions":0},"java":{"insertions":362,"deletions":71}}}]},{"date":"2022-11-13","commitResults":[{"hash":"cf2405e8ad447145aeab43610916040692c01053","messageTitle":"Added natural date feature.","messageBody":"","tags":["Level-10"],"fileTypesAndContributionMap":{"gradle":{"insertions":15,"deletions":1},"txt":{"insertions":8,"deletions":1},"java":{"insertions":115,"deletions":11}}},{"hash":"5e416e9019c92a1b3faf1c7dd157b77a7ca73e25","messageTitle":"Final amendment before submission","messageBody":"","fileTypesAndContributionMap":{"gradle":{"insertions":2,"deletions":2},"java":{"insertions":9,"deletions":21}}}]}]},"authorFileTypeContributionMap":{"Alaskaredfish":{"java":1748,"md":0,"fxml":0,"sh":0,"bat":0,"gradle":16,"txt":11}},"authorContributionVariance":{"Alaskaredfish":92872.89},"authorDisplayNameMap":{"Alaskaredfish":"WU J..AYAO"}}
