[{"path":"README.md","fileType":"md","lines":[{"lineNumber":1,"author":{"gitId":"limexpepper"},"content":"# nus.duke.Duke project template","lastModifiedDate":"2022-10-13"},{"lineNumber":2,"author":{"gitId":"-"},"content":"","lastModifiedDate":"2020-05-25"},{"lineNumber":3,"author":{"gitId":"-"},"content":"This is a project template for a greenfield Java project. It\u0027s named after the Java mascot _Duke_. Given below are instructions on how to use it.","lastModifiedDate":"2020-05-25"},{"lineNumber":4,"author":{"gitId":"-"},"content":"","lastModifiedDate":"2020-05-25"},{"lineNumber":5,"author":{"gitId":"-"},"content":"## Setting up in Intellij","lastModifiedDate":"2020-05-25"},{"lineNumber":6,"author":{"gitId":"-"},"content":"","lastModifiedDate":"2020-05-25"},{"lineNumber":7,"author":{"gitId":"-"},"content":"Prerequisites: JDK 11, update Intellij to the most recent version.","lastModifiedDate":"2020-05-25"},{"lineNumber":8,"author":{"gitId":"-"},"content":"","lastModifiedDate":"2020-05-25"},{"lineNumber":9,"author":{"gitId":"-"},"content":"1. Open Intellij (if you are not in the welcome screen, click `File` \u003e `Close Project` to close the existing project first)","lastModifiedDate":"2021-01-17"},{"lineNumber":10,"author":{"gitId":"-"},"content":"1. Open the project into Intellij as follows:","lastModifiedDate":"2021-01-17"},{"lineNumber":11,"author":{"gitId":"-"},"content":"   1. Click `Open`.","lastModifiedDate":"2021-01-17"},{"lineNumber":12,"author":{"gitId":"-"},"content":"   1. Select the project directory, and click `OK`.","lastModifiedDate":"2021-01-17"},{"lineNumber":13,"author":{"gitId":"-"},"content":"   1. If there are any further prompts, accept the defaults.","lastModifiedDate":"2020-05-25"},{"lineNumber":14,"author":{"gitId":"-"},"content":"1. Configure the project to use **JDK 11** (not other versions) as explained in [here](https://www.jetbrains.com/help/idea/sdk.html#set-up-jdk).\u003cbr\u003e","lastModifiedDate":"2021-07-29"},{"lineNumber":15,"author":{"gitId":"-"},"content":"   In the same dialog, set the **Project language level** field to the `SDK default` option.","lastModifiedDate":"2021-07-29"},{"lineNumber":16,"author":{"gitId":"limexpepper"},"content":"3. After that, locate the `src/main/java/nus.duke.Duke.java` file, right-click it, and choose `Run nus.duke.Duke.main()` (if the code editor is showing compile errors, try restarting the IDE). If the setup is correct, you should see something like the below as the output:","lastModifiedDate":"2022-10-13"},{"lineNumber":17,"author":{"gitId":"-"},"content":"   ```","lastModifiedDate":"2020-05-25"},{"lineNumber":18,"author":{"gitId":"-"},"content":"   Hello from","lastModifiedDate":"2020-05-25"},{"lineNumber":19,"author":{"gitId":"-"},"content":"    ____        _        ","lastModifiedDate":"2020-05-25"},{"lineNumber":20,"author":{"gitId":"-"},"content":"   |  _ \\ _   _| | _____ ","lastModifiedDate":"2020-05-25"},{"lineNumber":21,"author":{"gitId":"-"},"content":"   | | | | | | | |/ / _ \\","lastModifiedDate":"2020-05-25"},{"lineNumber":22,"author":{"gitId":"-"},"content":"   | |_| | |_| |   \u003c  __/","lastModifiedDate":"2020-05-25"},{"lineNumber":23,"author":{"gitId":"-"},"content":"   |____/ \\__,_|_|\\_\\___|","lastModifiedDate":"2020-05-25"},{"lineNumber":24,"author":{"gitId":"-"},"content":"   ```","lastModifiedDate":"2020-05-25"}],"authorContributionMap":{"limexpepper":2,"-":22}},{"path":"build.gradle","fileType":"gradle","lines":[{"lineNumber":1,"author":{"gitId":"-"},"content":"plugins {","lastModifiedDate":"2020-05-25"},{"lineNumber":2,"author":{"gitId":"-"},"content":"    id \u0027java\u0027","lastModifiedDate":"2020-05-25"},{"lineNumber":3,"author":{"gitId":"-"},"content":"    id \u0027application\u0027","lastModifiedDate":"2020-05-25"},{"lineNumber":4,"author":{"gitId":"-"},"content":"    id \u0027com.github.johnrengelman.shadow\u0027 version \u00275.1.0\u0027","lastModifiedDate":"2020-05-25"},{"lineNumber":5,"author":{"gitId":"-"},"content":"}","lastModifiedDate":"2020-05-25"},{"lineNumber":6,"author":{"gitId":"-"},"content":"","lastModifiedDate":"2020-05-25"},{"lineNumber":7,"author":{"gitId":"-"},"content":"repositories {","lastModifiedDate":"2020-05-25"},{"lineNumber":8,"author":{"gitId":"-"},"content":"    mavenCentral()","lastModifiedDate":"2020-05-25"},{"lineNumber":9,"author":{"gitId":"-"},"content":"}","lastModifiedDate":"2020-05-25"},{"lineNumber":10,"author":{"gitId":"-"},"content":"","lastModifiedDate":"2020-05-25"},{"lineNumber":11,"author":{"gitId":"-"},"content":"dependencies {","lastModifiedDate":"2020-05-25"},{"lineNumber":12,"author":{"gitId":"-"},"content":"    testImplementation group: \u0027org.junit.jupiter\u0027, name: \u0027junit-jupiter-api\u0027, version: \u00275.5.0\u0027","lastModifiedDate":"2020-05-25"},{"lineNumber":13,"author":{"gitId":"-"},"content":"    testRuntimeOnly group: \u0027org.junit.jupiter\u0027, name: \u0027junit-jupiter-engine\u0027, version: \u00275.5.0\u0027","lastModifiedDate":"2020-05-25"},{"lineNumber":14,"author":{"gitId":"-"},"content":"}","lastModifiedDate":"2020-05-25"},{"lineNumber":15,"author":{"gitId":"-"},"content":"","lastModifiedDate":"2020-05-25"},{"lineNumber":16,"author":{"gitId":"-"},"content":"test {","lastModifiedDate":"2020-05-25"},{"lineNumber":17,"author":{"gitId":"-"},"content":"    useJUnitPlatform()","lastModifiedDate":"2020-05-25"},{"lineNumber":18,"author":{"gitId":"-"},"content":"","lastModifiedDate":"2020-05-25"},{"lineNumber":19,"author":{"gitId":"-"},"content":"    testLogging {","lastModifiedDate":"2020-05-25"},{"lineNumber":20,"author":{"gitId":"-"},"content":"        events \"passed\", \"skipped\", \"failed\"","lastModifiedDate":"2020-05-25"},{"lineNumber":21,"author":{"gitId":"-"},"content":"","lastModifiedDate":"2020-05-25"},{"lineNumber":22,"author":{"gitId":"-"},"content":"        showExceptions true","lastModifiedDate":"2020-05-25"},{"lineNumber":23,"author":{"gitId":"-"},"content":"        exceptionFormat \"full\"","lastModifiedDate":"2020-05-25"},{"lineNumber":24,"author":{"gitId":"-"},"content":"        showCauses true","lastModifiedDate":"2020-05-25"},{"lineNumber":25,"author":{"gitId":"-"},"content":"        showStackTraces true","lastModifiedDate":"2020-05-25"},{"lineNumber":26,"author":{"gitId":"-"},"content":"        showStandardStreams \u003d false","lastModifiedDate":"2020-05-25"},{"lineNumber":27,"author":{"gitId":"-"},"content":"    }","lastModifiedDate":"2020-05-25"},{"lineNumber":28,"author":{"gitId":"-"},"content":"}","lastModifiedDate":"2020-05-25"},{"lineNumber":29,"author":{"gitId":"-"},"content":"","lastModifiedDate":"2020-05-25"},{"lineNumber":30,"author":{"gitId":"-"},"content":"application {","lastModifiedDate":"2020-05-25"},{"lineNumber":31,"author":{"gitId":"limexpepper"},"content":"    mainClassName \u003d \"nus.duke.Duke\"","lastModifiedDate":"2022-10-13"},{"lineNumber":32,"author":{"gitId":"-"},"content":"}","lastModifiedDate":"2020-05-25"},{"lineNumber":33,"author":{"gitId":"-"},"content":"","lastModifiedDate":"2020-05-25"},{"lineNumber":34,"author":{"gitId":"-"},"content":"shadowJar {","lastModifiedDate":"2020-05-25"},{"lineNumber":35,"author":{"gitId":"-"},"content":"    archiveBaseName \u003d \"duke\"","lastModifiedDate":"2020-05-25"},{"lineNumber":36,"author":{"gitId":"-"},"content":"    archiveClassifier \u003d null","lastModifiedDate":"2020-05-25"},{"lineNumber":37,"author":{"gitId":"-"},"content":"}","lastModifiedDate":"2020-05-25"},{"lineNumber":38,"author":{"gitId":"-"},"content":"","lastModifiedDate":"2020-05-25"},{"lineNumber":39,"author":{"gitId":"-"},"content":"run{","lastModifiedDate":"2020-05-25"},{"lineNumber":40,"author":{"gitId":"-"},"content":"    standardInput \u003d System.in","lastModifiedDate":"2020-05-25"},{"lineNumber":41,"author":{"gitId":"-"},"content":"}","lastModifiedDate":"2020-05-25"}],"authorContributionMap":{"limexpepper":1,"-":40}},{"path":"data/DukeTasks.txt","fileType":"txt","lines":[{"lineNumber":1,"author":{"gitId":"limexpepper"},"content":"TODO hello","lastModifiedDate":"2022-10-18"}],"authorContributionMap":{"limexpepper":1}},{"path":"src/main/java/nus/duke/Duke.java","fileType":"java","lines":[{"lineNumber":1,"author":{"gitId":"limexpepper"},"content":"package nus.duke;","lastModifiedDate":"2022-10-13"},{"lineNumber":2,"author":{"gitId":"limexpepper"},"content":"","lastModifiedDate":"2022-10-13"},{"lineNumber":3,"author":{"gitId":"limexpepper"},"content":"import java.io.IOException;","lastModifiedDate":"2022-10-18"},{"lineNumber":4,"author":{"gitId":"limexpepper"},"content":"import java.util.ArrayList;","lastModifiedDate":"2022-10-18"},{"lineNumber":5,"author":{"gitId":"limexpepper"},"content":"import java.util.Scanner;","lastModifiedDate":"2022-08-31"},{"lineNumber":6,"author":{"gitId":"limexpepper"},"content":"","lastModifiedDate":"2022-10-16"},{"lineNumber":7,"author":{"gitId":"limexpepper"},"content":"import nus.duke.exceptions.*;","lastModifiedDate":"2022-10-15"},{"lineNumber":8,"author":{"gitId":"limexpepper"},"content":"import nus.duke.frontend.*;","lastModifiedDate":"2022-10-15"},{"lineNumber":9,"author":{"gitId":"limexpepper"},"content":"import nus.duke.parser.*;","lastModifiedDate":"2022-10-15"},{"lineNumber":10,"author":{"gitId":"limexpepper"},"content":"import nus.duke.storage.*;","lastModifiedDate":"2022-10-16"},{"lineNumber":11,"author":{"gitId":"limexpepper"},"content":"import nus.duke.tasklist.*;","lastModifiedDate":"2022-10-16"},{"lineNumber":12,"author":{"gitId":"limexpepper"},"content":"import nus.duke.task.*;","lastModifiedDate":"2022-10-18"},{"lineNumber":13,"author":{"gitId":"limexpepper"},"content":"import java.io.FileNotFoundException;  // Import this class to handle errors","lastModifiedDate":"2022-10-16"},{"lineNumber":14,"author":{"gitId":"limexpepper"},"content":"","lastModifiedDate":"2022-10-16"},{"lineNumber":15,"author":{"gitId":"limexpepper"},"content":"","lastModifiedDate":"2022-08-31"},{"lineNumber":16,"author":{"gitId":"-"},"content":"public class Duke {","lastModifiedDate":"2019-07-29"},{"lineNumber":17,"author":{"gitId":"limexpepper"},"content":"    private Storage storage;","lastModifiedDate":"2022-10-16"},{"lineNumber":18,"author":{"gitId":"limexpepper"},"content":"    private TaskList tasks;","lastModifiedDate":"2022-10-16"},{"lineNumber":19,"author":{"gitId":"limexpepper"},"content":"    private Ui ui;","lastModifiedDate":"2022-10-16"},{"lineNumber":20,"author":{"gitId":"limexpepper"},"content":"    private Parser parser;","lastModifiedDate":"2022-10-16"},{"lineNumber":21,"author":{"gitId":"limexpepper"},"content":"","lastModifiedDate":"2022-08-31"},{"lineNumber":22,"author":{"gitId":"limexpepper"},"content":"    public Duke(String filePath) {","lastModifiedDate":"2022-10-15"},{"lineNumber":23,"author":{"gitId":"limexpepper"},"content":"        try {","lastModifiedDate":"2022-10-16"},{"lineNumber":24,"author":{"gitId":"limexpepper"},"content":"            storage \u003d new Storage(filePath);","lastModifiedDate":"2022-10-16"},{"lineNumber":25,"author":{"gitId":"limexpepper"},"content":"            ArrayList\u003cTask\u003e hardDiskTaskList \u003d storage.load();","lastModifiedDate":"2022-10-18"},{"lineNumber":26,"author":{"gitId":"limexpepper"},"content":"            tasks \u003d new TaskList(hardDiskTaskList);","lastModifiedDate":"2022-10-18"},{"lineNumber":27,"author":{"gitId":"limexpepper"},"content":"        //} //catch (FileNotFoundException fnfe) {","lastModifiedDate":"2022-10-18"},{"lineNumber":28,"author":{"gitId":"limexpepper"},"content":"           // ui.showHarddiskCreationMessage();","lastModifiedDate":"2022-10-18"},{"lineNumber":29,"author":{"gitId":"limexpepper"},"content":"          //  storage.createHardDiskFile(filePath);","lastModifiedDate":"2022-10-18"},{"lineNumber":30,"author":{"gitId":"limexpepper"},"content":"        } catch (IOException ioe){","lastModifiedDate":"2022-10-18"},{"lineNumber":31,"author":{"gitId":"limexpepper"},"content":"            System.out.println(\"io exception\");","lastModifiedDate":"2022-10-18"},{"lineNumber":32,"author":{"gitId":"limexpepper"},"content":"        }","lastModifiedDate":"2022-10-16"},{"lineNumber":33,"author":{"gitId":"limexpepper"},"content":"    }","lastModifiedDate":"2022-08-31"},{"lineNumber":34,"author":{"gitId":"limexpepper"},"content":"","lastModifiedDate":"2022-08-31"},{"lineNumber":35,"author":{"gitId":"limexpepper"},"content":"    public void run() {","lastModifiedDate":"2022-10-15"},{"lineNumber":36,"author":{"gitId":"limexpepper"},"content":"        ui \u003d new Ui();","lastModifiedDate":"2022-10-16"},{"lineNumber":37,"author":{"gitId":"limexpepper"},"content":"        parser \u003d new Parser();","lastModifiedDate":"2022-10-16"},{"lineNumber":38,"author":{"gitId":"limexpepper"},"content":"","lastModifiedDate":"2022-10-11"},{"lineNumber":39,"author":{"gitId":"limexpepper"},"content":"        ui.awakeDobby();","lastModifiedDate":"2022-10-15"},{"lineNumber":40,"author":{"gitId":"limexpepper"},"content":"        Scanner s \u003d new Scanner(System.in);","lastModifiedDate":"2022-10-11"},{"lineNumber":41,"author":{"gitId":"limexpepper"},"content":"        boolean terminateDobby \u003d false;","lastModifiedDate":"2022-10-11"},{"lineNumber":42,"author":{"gitId":"limexpepper"},"content":"        String command;","lastModifiedDate":"2022-10-18"},{"lineNumber":43,"author":{"gitId":"limexpepper"},"content":"        do{","lastModifiedDate":"2022-08-31"},{"lineNumber":44,"author":{"gitId":"limexpepper"},"content":"            String userInput \u003d ui.getUserInput(s);","lastModifiedDate":"2022-10-15"},{"lineNumber":45,"author":{"gitId":"limexpepper"},"content":"            try {","lastModifiedDate":"2022-10-15"},{"lineNumber":46,"author":{"gitId":"limexpepper"},"content":"                command \u003d parser.parse(userInput);","lastModifiedDate":"2022-10-18"},{"lineNumber":47,"author":{"gitId":"limexpepper"},"content":"                tasks.processTasks(command, userInput);","lastModifiedDate":"2022-10-18"},{"lineNumber":48,"author":{"gitId":"limexpepper"},"content":"            } catch (WrongInputSyntaxException wise){","lastModifiedDate":"2022-10-15"},{"lineNumber":49,"author":{"gitId":"limexpepper"},"content":"                System.out.println(\"OOPS!!! I\u0027m sorry, but I don\u0027t know what that means :-( Please use a command from the command menu\");","lastModifiedDate":"2022-10-15"},{"lineNumber":50,"author":{"gitId":"limexpepper"},"content":"                ui.printCommandMenu();","lastModifiedDate":"2022-10-15"},{"lineNumber":51,"author":{"gitId":"limexpepper"},"content":"            } catch (EmptyTaskException ete){","lastModifiedDate":"2022-10-15"},{"lineNumber":52,"author":{"gitId":"limexpepper"},"content":"                System.out.println(\"OOPS!!! The description of a TODO/DEADLINE/EVENT task cannot be empty.\");","lastModifiedDate":"2022-10-15"},{"lineNumber":53,"author":{"gitId":"limexpepper"},"content":"            }","lastModifiedDate":"2022-08-31"},{"lineNumber":54,"author":{"gitId":"limexpepper"},"content":"        }while(terminateDobby !\u003d true);","lastModifiedDate":"2022-08-31"},{"lineNumber":55,"author":{"gitId":"limexpepper"},"content":"        storage.saveTasks(tasks);","lastModifiedDate":"2022-10-18"},{"lineNumber":56,"author":{"gitId":"limexpepper"},"content":"        ui.exit();","lastModifiedDate":"2022-10-16"},{"lineNumber":57,"author":{"gitId":"limexpepper"},"content":"    }","lastModifiedDate":"2022-10-15"},{"lineNumber":58,"author":{"gitId":"limexpepper"},"content":"","lastModifiedDate":"2022-08-31"},{"lineNumber":59,"author":{"gitId":"limexpepper"},"content":"    public static void main(String[] args) {","lastModifiedDate":"2022-10-15"},{"lineNumber":60,"author":{"gitId":"limexpepper"},"content":"        new Duke(\"/data/DukeTasks.txt\").run();","lastModifiedDate":"2022-10-18"},{"lineNumber":61,"author":{"gitId":"-"},"content":"    }","lastModifiedDate":"2019-07-29"},{"lineNumber":62,"author":{"gitId":"limexpepper"},"content":"","lastModifiedDate":"2022-10-16"},{"lineNumber":63,"author":{"gitId":"-"},"content":"}","lastModifiedDate":"2019-07-29"}],"authorContributionMap":{"limexpepper":60,"-":3}},{"path":"src/main/java/nus/duke/exceptions/EmptyTaskException.java","fileType":"java","lines":[{"lineNumber":1,"author":{"gitId":"limexpepper"},"content":"package nus.duke.exceptions;","lastModifiedDate":"2022-10-15"},{"lineNumber":2,"author":{"gitId":"limexpepper"},"content":"","lastModifiedDate":"2022-10-15"},{"lineNumber":3,"author":{"gitId":"limexpepper"},"content":"public class EmptyTaskException extends Exception{","lastModifiedDate":"2022-10-15"},{"lineNumber":4,"author":{"gitId":"limexpepper"},"content":"    // no other code needed","lastModifiedDate":"2022-10-15"},{"lineNumber":5,"author":{"gitId":"limexpepper"},"content":"}","lastModifiedDate":"2022-10-15"}],"authorContributionMap":{"limexpepper":5}},{"path":"src/main/java/nus/duke/exceptions/WrongInputSyntaxException.java","fileType":"java","lines":[{"lineNumber":1,"author":{"gitId":"limexpepper"},"content":"package nus.duke.exceptions;","lastModifiedDate":"2022-10-15"},{"lineNumber":2,"author":{"gitId":"limexpepper"},"content":"","lastModifiedDate":"2022-10-15"},{"lineNumber":3,"author":{"gitId":"limexpepper"},"content":"public class WrongInputSyntaxException extends Exception {","lastModifiedDate":"2022-10-15"},{"lineNumber":4,"author":{"gitId":"limexpepper"},"content":"    // no other code needed","lastModifiedDate":"2022-10-15"},{"lineNumber":5,"author":{"gitId":"limexpepper"},"content":"}","lastModifiedDate":"2022-10-15"}],"authorContributionMap":{"limexpepper":5}},{"path":"src/main/java/nus/duke/frontend/Ui.java","fileType":"java","lines":[{"lineNumber":1,"author":{"gitId":"limexpepper"},"content":"package nus.duke.frontend;","lastModifiedDate":"2022-10-15"},{"lineNumber":2,"author":{"gitId":"limexpepper"},"content":"","lastModifiedDate":"2022-10-15"},{"lineNumber":3,"author":{"gitId":"limexpepper"},"content":"import java.util.Scanner;","lastModifiedDate":"2022-10-15"},{"lineNumber":4,"author":{"gitId":"limexpepper"},"content":"","lastModifiedDate":"2022-10-15"},{"lineNumber":5,"author":{"gitId":"limexpepper"},"content":"public class Ui {","lastModifiedDate":"2022-10-15"},{"lineNumber":6,"author":{"gitId":"limexpepper"},"content":"","lastModifiedDate":"2022-10-15"},{"lineNumber":7,"author":{"gitId":"limexpepper"},"content":"    public static void printCommandMenu(){","lastModifiedDate":"2022-10-15"},{"lineNumber":8,"author":{"gitId":"limexpepper"},"content":"        showLine();","lastModifiedDate":"2022-10-16"},{"lineNumber":9,"author":{"gitId":"limexpepper"},"content":"        System.out.println(\"COMMAND Menu Below:\");","lastModifiedDate":"2022-10-16"},{"lineNumber":10,"author":{"gitId":"limexpepper"},"content":"        System.out.println(\"MARK | UNMARK | DELETE | VIEW | EXIT\");","lastModifiedDate":"2022-10-16"},{"lineNumber":11,"author":{"gitId":"limexpepper"},"content":"        System.out.println(\"TODO \u003c\u003ctask\u003e\u003e | DEADLINE \u003c\u003ctask\u003e\u003e /by \u003c\u003cdate\u003e\u003e| EVENT \u003c\u003cTASK\u003e\u003e /at \u003c\u003cdate\u003e\u003e\");","lastModifiedDate":"2022-10-16"},{"lineNumber":12,"author":{"gitId":"limexpepper"},"content":"        // System.out.println(\"Automatic Testing: /bin/bash runtest.sh\");","lastModifiedDate":"2022-10-15"},{"lineNumber":13,"author":{"gitId":"limexpepper"},"content":"        showLine();","lastModifiedDate":"2022-10-16"},{"lineNumber":14,"author":{"gitId":"limexpepper"},"content":"    }","lastModifiedDate":"2022-10-15"},{"lineNumber":15,"author":{"gitId":"limexpepper"},"content":"    public static void awakeDobby(){","lastModifiedDate":"2022-10-15"},{"lineNumber":16,"author":{"gitId":"limexpepper"},"content":"        System.out.println(\"My name is Dobby and I am a free elf!\");","lastModifiedDate":"2022-10-15"},{"lineNumber":17,"author":{"gitId":"limexpepper"},"content":"        printCommandMenu();","lastModifiedDate":"2022-10-15"},{"lineNumber":18,"author":{"gitId":"limexpepper"},"content":"    }","lastModifiedDate":"2022-10-15"},{"lineNumber":19,"author":{"gitId":"limexpepper"},"content":"","lastModifiedDate":"2022-10-15"},{"lineNumber":20,"author":{"gitId":"limexpepper"},"content":"    public static void exit(){","lastModifiedDate":"2022-10-15"},{"lineNumber":21,"author":{"gitId":"limexpepper"},"content":"        System.out.print(\"Goodbye, my friend. Dobby must now hurry to Harry Potter.\\n\");","lastModifiedDate":"2022-10-15"},{"lineNumber":22,"author":{"gitId":"limexpepper"},"content":"    }","lastModifiedDate":"2022-10-15"},{"lineNumber":23,"author":{"gitId":"limexpepper"},"content":"","lastModifiedDate":"2022-10-15"},{"lineNumber":24,"author":{"gitId":"limexpepper"},"content":"    public static String getUserInput(Scanner s){","lastModifiedDate":"2022-10-15"},{"lineNumber":25,"author":{"gitId":"limexpepper"},"content":"        String input \u003d s.nextLine();","lastModifiedDate":"2022-10-15"},{"lineNumber":26,"author":{"gitId":"limexpepper"},"content":"        return input;","lastModifiedDate":"2022-10-15"},{"lineNumber":27,"author":{"gitId":"limexpepper"},"content":"    }","lastModifiedDate":"2022-10-15"},{"lineNumber":28,"author":{"gitId":"limexpepper"},"content":"","lastModifiedDate":"2022-10-15"},{"lineNumber":29,"author":{"gitId":"limexpepper"},"content":"    public static void showLine (){","lastModifiedDate":"2022-10-15"},{"lineNumber":30,"author":{"gitId":"limexpepper"},"content":"        System.out.println(\"_____________________________________________________\");","lastModifiedDate":"2022-10-16"},{"lineNumber":31,"author":{"gitId":"limexpepper"},"content":"    }","lastModifiedDate":"2022-10-16"},{"lineNumber":32,"author":{"gitId":"limexpepper"},"content":"","lastModifiedDate":"2022-10-16"},{"lineNumber":33,"author":{"gitId":"limexpepper"},"content":"    public static void showHarddiskCreationMessage(){","lastModifiedDate":"2022-10-16"},{"lineNumber":34,"author":{"gitId":"limexpepper"},"content":"        System.out.println(\"Hard disk file created. You can now save all your tasks and it will be loaded the next time.\");","lastModifiedDate":"2022-10-16"},{"lineNumber":35,"author":{"gitId":"limexpepper"},"content":"    }","lastModifiedDate":"2022-10-15"},{"lineNumber":36,"author":{"gitId":"limexpepper"},"content":"}","lastModifiedDate":"2022-10-15"}],"authorContributionMap":{"limexpepper":36}},{"path":"src/main/java/nus/duke/parser/Parser.java","fileType":"java","lines":[{"lineNumber":1,"author":{"gitId":"limexpepper"},"content":"package nus.duke.parser;","lastModifiedDate":"2022-10-15"},{"lineNumber":2,"author":{"gitId":"limexpepper"},"content":"","lastModifiedDate":"2022-10-15"},{"lineNumber":3,"author":{"gitId":"limexpepper"},"content":"import nus.duke.frontend.*;","lastModifiedDate":"2022-10-15"},{"lineNumber":4,"author":{"gitId":"limexpepper"},"content":"import nus.duke.tasklist.*;","lastModifiedDate":"2022-10-16"},{"lineNumber":5,"author":{"gitId":"limexpepper"},"content":"import nus.duke.exceptions.*;","lastModifiedDate":"2022-10-15"},{"lineNumber":6,"author":{"gitId":"limexpepper"},"content":"","lastModifiedDate":"2022-10-15"},{"lineNumber":7,"author":{"gitId":"limexpepper"},"content":"public class Parser {","lastModifiedDate":"2022-10-15"},{"lineNumber":8,"author":{"gitId":"limexpepper"},"content":"    private static Ui ui;","lastModifiedDate":"2022-10-15"},{"lineNumber":9,"author":{"gitId":"limexpepper"},"content":"    private static TaskList tasks;","lastModifiedDate":"2022-10-16"},{"lineNumber":10,"author":{"gitId":"limexpepper"},"content":"","lastModifiedDate":"2022-10-15"},{"lineNumber":11,"author":{"gitId":"limexpepper"},"content":"    public static String getCommand(String userInput){","lastModifiedDate":"2022-10-15"},{"lineNumber":12,"author":{"gitId":"limexpepper"},"content":"        if (userInput.length() \u003d\u003d 4){","lastModifiedDate":"2022-10-18"},{"lineNumber":13,"author":{"gitId":"limexpepper"},"content":"            return userInput.substring(0, 4);","lastModifiedDate":"2022-10-18"},{"lineNumber":14,"author":{"gitId":"limexpepper"},"content":"        } else {","lastModifiedDate":"2022-10-18"},{"lineNumber":15,"author":{"gitId":"limexpepper"},"content":"            int idx \u003d userInput.indexOf(\" \");","lastModifiedDate":"2022-10-15"},{"lineNumber":16,"author":{"gitId":"limexpepper"},"content":"            String command \u003d userInput.substring(0, idx);","lastModifiedDate":"2022-10-18"},{"lineNumber":17,"author":{"gitId":"limexpepper"},"content":"            return command;","lastModifiedDate":"2022-10-18"},{"lineNumber":18,"author":{"gitId":"limexpepper"},"content":"        }","lastModifiedDate":"2022-10-18"},{"lineNumber":19,"author":{"gitId":"limexpepper"},"content":"    }","lastModifiedDate":"2022-10-15"},{"lineNumber":20,"author":{"gitId":"limexpepper"},"content":"","lastModifiedDate":"2022-10-15"},{"lineNumber":21,"author":{"gitId":"limexpepper"},"content":"    /*","lastModifiedDate":"2022-10-18"},{"lineNumber":22,"author":{"gitId":"limexpepper"},"content":"    public static int getItemNumber(String userInput){","lastModifiedDate":"2022-10-15"},{"lineNumber":23,"author":{"gitId":"limexpepper"},"content":"        int idx \u003d userInput.indexOf(\" \");","lastModifiedDate":"2022-10-15"},{"lineNumber":24,"author":{"gitId":"limexpepper"},"content":"        String itemNumber \u003d userInput.substring(idx+1, userInput.length());","lastModifiedDate":"2022-10-15"},{"lineNumber":25,"author":{"gitId":"limexpepper"},"content":"        idx \u003d Integer.parseInt(itemNumber);","lastModifiedDate":"2022-10-15"},{"lineNumber":26,"author":{"gitId":"limexpepper"},"content":"        return idx;","lastModifiedDate":"2022-10-15"},{"lineNumber":27,"author":{"gitId":"limexpepper"},"content":"    } */","lastModifiedDate":"2022-10-18"},{"lineNumber":28,"author":{"gitId":"limexpepper"},"content":"","lastModifiedDate":"2022-10-15"},{"lineNumber":29,"author":{"gitId":"limexpepper"},"content":"    public static boolean isValidCommand(String command){","lastModifiedDate":"2022-10-15"},{"lineNumber":30,"author":{"gitId":"limexpepper"},"content":"        if ((command.equals(LegalCommandEnumerations.MARK.toString())) || (command.equals(LegalCommandEnumerations.UNMARK.toString())) ||","lastModifiedDate":"2022-10-15"},{"lineNumber":31,"author":{"gitId":"limexpepper"},"content":"            (command.equals(LegalCommandEnumerations.DELETE.toString())) || (command.equals(LegalCommandEnumerations.VIEW.toString())) ||","lastModifiedDate":"2022-10-15"},{"lineNumber":32,"author":{"gitId":"limexpepper"},"content":"            (command.equals(LegalCommandEnumerations.EXIT.toString())) || (command.equals(LegalCommandEnumerations.TODO.toString())) ||","lastModifiedDate":"2022-10-15"},{"lineNumber":33,"author":{"gitId":"limexpepper"},"content":"            (command.equals(LegalCommandEnumerations.DEADLINE.toString())) || (command.equals(LegalCommandEnumerations.EVENT.toString()))){","lastModifiedDate":"2022-10-15"},{"lineNumber":34,"author":{"gitId":"limexpepper"},"content":"                return true;","lastModifiedDate":"2022-10-15"},{"lineNumber":35,"author":{"gitId":"limexpepper"},"content":"        } else {","lastModifiedDate":"2022-10-15"},{"lineNumber":36,"author":{"gitId":"limexpepper"},"content":"                return false;","lastModifiedDate":"2022-10-15"},{"lineNumber":37,"author":{"gitId":"limexpepper"},"content":"        }","lastModifiedDate":"2022-10-15"},{"lineNumber":38,"author":{"gitId":"limexpepper"},"content":"","lastModifiedDate":"2022-10-15"},{"lineNumber":39,"author":{"gitId":"limexpepper"},"content":"    }","lastModifiedDate":"2022-10-15"},{"lineNumber":40,"author":{"gitId":"limexpepper"},"content":"","lastModifiedDate":"2022-10-15"},{"lineNumber":41,"author":{"gitId":"limexpepper"},"content":"    public static boolean isEmptyTask(String userInput){","lastModifiedDate":"2022-10-15"},{"lineNumber":42,"author":{"gitId":"limexpepper"},"content":"        int idx \u003d userInput.indexOf(\" \");","lastModifiedDate":"2022-10-15"},{"lineNumber":43,"author":{"gitId":"limexpepper"},"content":"        String str \u003d userInput.substring(idx, userInput.length());","lastModifiedDate":"2022-10-15"},{"lineNumber":44,"author":{"gitId":"limexpepper"},"content":"        if (str.isBlank()){","lastModifiedDate":"2022-10-15"},{"lineNumber":45,"author":{"gitId":"limexpepper"},"content":"            return true;","lastModifiedDate":"2022-10-15"},{"lineNumber":46,"author":{"gitId":"limexpepper"},"content":"        } else {","lastModifiedDate":"2022-10-15"},{"lineNumber":47,"author":{"gitId":"limexpepper"},"content":"            return false;","lastModifiedDate":"2022-10-15"},{"lineNumber":48,"author":{"gitId":"limexpepper"},"content":"        }","lastModifiedDate":"2022-10-15"},{"lineNumber":49,"author":{"gitId":"limexpepper"},"content":"    }","lastModifiedDate":"2022-10-15"},{"lineNumber":50,"author":{"gitId":"limexpepper"},"content":"","lastModifiedDate":"2022-10-15"},{"lineNumber":51,"author":{"gitId":"limexpepper"},"content":"    public static boolean hasInputErrors(String userInput) throws WrongInputSyntaxException, EmptyTaskException {","lastModifiedDate":"2022-10-15"},{"lineNumber":52,"author":{"gitId":"limexpepper"},"content":"        if (userInput.indexOf(\" \") \u003d\u003d -1){ // e.g. \"TODO\" or \"VIEW\" or \"EXIT\"","lastModifiedDate":"2022-10-15"},{"lineNumber":53,"author":{"gitId":"limexpepper"},"content":"            if (userInput.equals(\"VIEW\") || userInput.equals(\"EXIT\")){","lastModifiedDate":"2022-10-15"},{"lineNumber":54,"author":{"gitId":"limexpepper"},"content":"                return false;","lastModifiedDate":"2022-10-15"},{"lineNumber":55,"author":{"gitId":"limexpepper"},"content":"            } else {","lastModifiedDate":"2022-10-15"},{"lineNumber":56,"author":{"gitId":"limexpepper"},"content":"                throw new EmptyTaskException(); // E.G. \"TODO\"","lastModifiedDate":"2022-10-15"},{"lineNumber":57,"author":{"gitId":"limexpepper"},"content":"            }","lastModifiedDate":"2022-10-15"},{"lineNumber":58,"author":{"gitId":"limexpepper"},"content":"        } else {","lastModifiedDate":"2022-10-15"},{"lineNumber":59,"author":{"gitId":"limexpepper"},"content":"            String command \u003d getCommand(userInput); // e.g. \"TODO buy lunch\" --\u003e \"TODO\" or \"TODO     \" --\u003e \"TODO\"","lastModifiedDate":"2022-10-15"},{"lineNumber":60,"author":{"gitId":"limexpepper"},"content":"            if (isValidCommand(command) \u003d\u003d true) {","lastModifiedDate":"2022-10-15"},{"lineNumber":61,"author":{"gitId":"limexpepper"},"content":"                if (isEmptyTask(userInput) \u003d\u003d true ) { // e.g. \"TODO     \" is an empty task with alot of blank space","lastModifiedDate":"2022-10-15"},{"lineNumber":62,"author":{"gitId":"limexpepper"},"content":"                    throw new EmptyTaskException();","lastModifiedDate":"2022-10-15"},{"lineNumber":63,"author":{"gitId":"limexpepper"},"content":"                } else {","lastModifiedDate":"2022-10-15"},{"lineNumber":64,"author":{"gitId":"limexpepper"},"content":"                    if (command.equals(\"DEADLINE\") \u0026\u0026 (userInput.contains(\"/by\") \u003d\u003d false)){","lastModifiedDate":"2022-10-15"},{"lineNumber":65,"author":{"gitId":"limexpepper"},"content":"                        throw new WrongInputSyntaxException();","lastModifiedDate":"2022-10-15"},{"lineNumber":66,"author":{"gitId":"limexpepper"},"content":"                    } else if (command.equals(\"EVENT\") \u0026\u0026 (userInput.contains(\"/at\") \u003d\u003d false)){","lastModifiedDate":"2022-10-15"},{"lineNumber":67,"author":{"gitId":"limexpepper"},"content":"                        throw new WrongInputSyntaxException();","lastModifiedDate":"2022-10-15"},{"lineNumber":68,"author":{"gitId":"limexpepper"},"content":"                    } else {","lastModifiedDate":"2022-10-15"},{"lineNumber":69,"author":{"gitId":"limexpepper"},"content":"                        return false;","lastModifiedDate":"2022-10-15"},{"lineNumber":70,"author":{"gitId":"limexpepper"},"content":"                    }","lastModifiedDate":"2022-10-15"},{"lineNumber":71,"author":{"gitId":"limexpepper"},"content":"                }","lastModifiedDate":"2022-10-15"},{"lineNumber":72,"author":{"gitId":"limexpepper"},"content":"            } else {","lastModifiedDate":"2022-10-15"},{"lineNumber":73,"author":{"gitId":"limexpepper"},"content":"                throw new WrongInputSyntaxException(); // user does not enter a valid command","lastModifiedDate":"2022-10-15"},{"lineNumber":74,"author":{"gitId":"limexpepper"},"content":"            }","lastModifiedDate":"2022-10-15"},{"lineNumber":75,"author":{"gitId":"limexpepper"},"content":"        }","lastModifiedDate":"2022-10-15"},{"lineNumber":76,"author":{"gitId":"limexpepper"},"content":"    }","lastModifiedDate":"2022-10-15"},{"lineNumber":77,"author":{"gitId":"limexpepper"},"content":"","lastModifiedDate":"2022-10-15"},{"lineNumber":78,"author":{"gitId":"limexpepper"},"content":"    public static String parse(String userInput) throws WrongInputSyntaxException, EmptyTaskException {","lastModifiedDate":"2022-10-18"},{"lineNumber":79,"author":{"gitId":"limexpepper"},"content":"        try {","lastModifiedDate":"2022-10-18"},{"lineNumber":80,"author":{"gitId":"limexpepper"},"content":"            hasInputErrors(userInput);","lastModifiedDate":"2022-10-18"},{"lineNumber":81,"author":{"gitId":"limexpepper"},"content":"        } catch (EmptyTaskException ete){","lastModifiedDate":"2022-10-18"},{"lineNumber":82,"author":{"gitId":"limexpepper"},"content":"            throw new EmptyTaskException();","lastModifiedDate":"2022-10-18"},{"lineNumber":83,"author":{"gitId":"limexpepper"},"content":"        } catch (WrongInputSyntaxException wise){","lastModifiedDate":"2022-10-18"},{"lineNumber":84,"author":{"gitId":"limexpepper"},"content":"            throw new WrongInputSyntaxException();","lastModifiedDate":"2022-10-18"},{"lineNumber":85,"author":{"gitId":"limexpepper"},"content":"        }","lastModifiedDate":"2022-10-18"},{"lineNumber":86,"author":{"gitId":"limexpepper"},"content":"        return getCommand(userInput);","lastModifiedDate":"2022-10-18"},{"lineNumber":87,"author":{"gitId":"limexpepper"},"content":"    }","lastModifiedDate":"2022-10-18"},{"lineNumber":88,"author":{"gitId":"limexpepper"},"content":"    /*","lastModifiedDate":"2022-10-18"},{"lineNumber":89,"author":{"gitId":"limexpepper"},"content":"    public static boolean parse(String userInput) throws WrongInputSyntaxException, EmptyTaskException {","lastModifiedDate":"2022-10-15"},{"lineNumber":90,"author":{"gitId":"limexpepper"},"content":"        boolean hasInputErrors;","lastModifiedDate":"2022-10-15"},{"lineNumber":91,"author":{"gitId":"limexpepper"},"content":"        try {","lastModifiedDate":"2022-10-15"},{"lineNumber":92,"author":{"gitId":"limexpepper"},"content":"            hasInputErrors \u003d hasInputErrors(userInput);","lastModifiedDate":"2022-10-15"},{"lineNumber":93,"author":{"gitId":"limexpepper"},"content":"        } catch (EmptyTaskException ete){","lastModifiedDate":"2022-10-15"},{"lineNumber":94,"author":{"gitId":"limexpepper"},"content":"            throw new EmptyTaskException();","lastModifiedDate":"2022-10-15"},{"lineNumber":95,"author":{"gitId":"limexpepper"},"content":"        } catch (WrongInputSyntaxException wise){","lastModifiedDate":"2022-10-15"},{"lineNumber":96,"author":{"gitId":"limexpepper"},"content":"            throw new WrongInputSyntaxException();","lastModifiedDate":"2022-10-15"},{"lineNumber":97,"author":{"gitId":"limexpepper"},"content":"        }","lastModifiedDate":"2022-10-15"},{"lineNumber":98,"author":{"gitId":"limexpepper"},"content":"","lastModifiedDate":"2022-10-15"},{"lineNumber":99,"author":{"gitId":"limexpepper"},"content":"        if (hasInputErrors \u003d\u003d false) {","lastModifiedDate":"2022-10-15"},{"lineNumber":100,"author":{"gitId":"limexpepper"},"content":"            if (userInput.equals(LegalCommandEnumerations.VIEW.toString())){","lastModifiedDate":"2022-10-15"},{"lineNumber":101,"author":{"gitId":"limexpepper"},"content":"                tasks.viewTasks();","lastModifiedDate":"2022-10-16"},{"lineNumber":102,"author":{"gitId":"limexpepper"},"content":"            } else if (userInput.equals(LegalCommandEnumerations.EXIT.toString())) {","lastModifiedDate":"2022-10-15"},{"lineNumber":103,"author":{"gitId":"limexpepper"},"content":"                ui.exit();","lastModifiedDate":"2022-10-15"},{"lineNumber":104,"author":{"gitId":"limexpepper"},"content":"            } else {","lastModifiedDate":"2022-10-15"},{"lineNumber":105,"author":{"gitId":"limexpepper"},"content":"                String command \u003d getCommand(userInput);","lastModifiedDate":"2022-10-15"},{"lineNumber":106,"author":{"gitId":"limexpepper"},"content":"                if (command.equals(LegalCommandEnumerations.MARK.toString())){","lastModifiedDate":"2022-10-15"},{"lineNumber":107,"author":{"gitId":"limexpepper"},"content":"                    tasks.markTask(getItemNumber(userInput)); // e.g. \"1. TODO buy lunch\" --\u003e 1","lastModifiedDate":"2022-10-16"},{"lineNumber":108,"author":{"gitId":"limexpepper"},"content":"                } else if (command.equals(LegalCommandEnumerations.UNMARK.toString())){","lastModifiedDate":"2022-10-15"},{"lineNumber":109,"author":{"gitId":"limexpepper"},"content":"                    tasks.unmarkTask(getItemNumber(userInput));","lastModifiedDate":"2022-10-16"},{"lineNumber":110,"author":{"gitId":"limexpepper"},"content":"                } else if (command.equals(LegalCommandEnumerations.DELETE.toString())){","lastModifiedDate":"2022-10-15"},{"lineNumber":111,"author":{"gitId":"limexpepper"},"content":"                    tasks.deleteTask(getItemNumber(userInput));","lastModifiedDate":"2022-10-16"},{"lineNumber":112,"author":{"gitId":"limexpepper"},"content":"                } else {","lastModifiedDate":"2022-10-15"},{"lineNumber":113,"author":{"gitId":"limexpepper"},"content":"                    tasks.addTask(userInput);","lastModifiedDate":"2022-10-16"},{"lineNumber":114,"author":{"gitId":"limexpepper"},"content":"                }","lastModifiedDate":"2022-10-15"},{"lineNumber":115,"author":{"gitId":"limexpepper"},"content":"            }","lastModifiedDate":"2022-10-15"},{"lineNumber":116,"author":{"gitId":"limexpepper"},"content":"        }","lastModifiedDate":"2022-10-15"},{"lineNumber":117,"author":{"gitId":"limexpepper"},"content":"        return false; // i.e. do not terminate program","lastModifiedDate":"2022-10-15"},{"lineNumber":118,"author":{"gitId":"limexpepper"},"content":"    }","lastModifiedDate":"2022-10-15"},{"lineNumber":119,"author":{"gitId":"limexpepper"},"content":"    */","lastModifiedDate":"2022-10-18"},{"lineNumber":120,"author":{"gitId":"limexpepper"},"content":"}","lastModifiedDate":"2022-10-15"}],"authorContributionMap":{"limexpepper":120}},{"path":"src/main/java/nus/duke/storage/Storage.java","fileType":"java","lines":[{"lineNumber":1,"author":{"gitId":"limexpepper"},"content":"package nus.duke.storage;","lastModifiedDate":"2022-10-16"},{"lineNumber":2,"author":{"gitId":"limexpepper"},"content":"","lastModifiedDate":"2022-10-16"},{"lineNumber":3,"author":{"gitId":"limexpepper"},"content":"import nus.duke.exceptions.EmptyTaskException;","lastModifiedDate":"2022-10-18"},{"lineNumber":4,"author":{"gitId":"limexpepper"},"content":"import nus.duke.exceptions.WrongInputSyntaxException;","lastModifiedDate":"2022-10-18"},{"lineNumber":5,"author":{"gitId":"limexpepper"},"content":"import nus.duke.task.*;","lastModifiedDate":"2022-10-16"},{"lineNumber":6,"author":{"gitId":"limexpepper"},"content":"import nus.duke.tasklist.*;","lastModifiedDate":"2022-10-16"},{"lineNumber":7,"author":{"gitId":"limexpepper"},"content":"","lastModifiedDate":"2022-10-18"},{"lineNumber":8,"author":{"gitId":"limexpepper"},"content":"import java.nio.file.Path;","lastModifiedDate":"2022-10-18"},{"lineNumber":9,"author":{"gitId":"limexpepper"},"content":"import java.util.ArrayList;","lastModifiedDate":"2022-10-16"},{"lineNumber":10,"author":{"gitId":"limexpepper"},"content":"import java.io.File;  // Import the File class","lastModifiedDate":"2022-10-16"},{"lineNumber":11,"author":{"gitId":"limexpepper"},"content":"import java.util.Scanner; // Import the Scanner class to read text files","lastModifiedDate":"2022-10-16"},{"lineNumber":12,"author":{"gitId":"limexpepper"},"content":"import java.io.FileNotFoundException;  // Import this class to handle errors","lastModifiedDate":"2022-10-16"},{"lineNumber":13,"author":{"gitId":"limexpepper"},"content":"import java.io.FileWriter;   // Import the FileWriter class","lastModifiedDate":"2022-10-16"},{"lineNumber":14,"author":{"gitId":"limexpepper"},"content":"import java.io.IOException;  // Import the IOException class to handle errors","lastModifiedDate":"2022-10-16"},{"lineNumber":15,"author":{"gitId":"limexpepper"},"content":"import java.io.FileReader;","lastModifiedDate":"2022-10-18"},{"lineNumber":16,"author":{"gitId":"limexpepper"},"content":"import java.io.BufferedWriter;","lastModifiedDate":"2022-10-18"},{"lineNumber":17,"author":{"gitId":"limexpepper"},"content":"import java.io.BufferedReader;","lastModifiedDate":"2022-10-18"},{"lineNumber":18,"author":{"gitId":"limexpepper"},"content":"import java.nio.file.Paths;","lastModifiedDate":"2022-10-18"},{"lineNumber":19,"author":{"gitId":"limexpepper"},"content":"import java.nio.file.Files;","lastModifiedDate":"2022-10-18"},{"lineNumber":20,"author":{"gitId":"limexpepper"},"content":"import nus.duke.parser.*;","lastModifiedDate":"2022-10-18"},{"lineNumber":21,"author":{"gitId":"limexpepper"},"content":"","lastModifiedDate":"2022-10-16"},{"lineNumber":22,"author":{"gitId":"limexpepper"},"content":"public class Storage {","lastModifiedDate":"2022-10-16"},{"lineNumber":23,"author":{"gitId":"limexpepper"},"content":"    private static String filePath;","lastModifiedDate":"2022-10-16"},{"lineNumber":24,"author":{"gitId":"limexpepper"},"content":"    private static TaskList hardDiskTaskList;","lastModifiedDate":"2022-10-18"},{"lineNumber":25,"author":{"gitId":"limexpepper"},"content":"    private static Parser parser;","lastModifiedDate":"2022-10-18"},{"lineNumber":26,"author":{"gitId":"limexpepper"},"content":"","lastModifiedDate":"2022-10-18"},{"lineNumber":27,"author":{"gitId":"limexpepper"},"content":"    public Storage(String filePath){","lastModifiedDate":"2022-10-16"},{"lineNumber":28,"author":{"gitId":"limexpepper"},"content":"        this.filePath \u003d filePath;","lastModifiedDate":"2022-10-16"},{"lineNumber":29,"author":{"gitId":"limexpepper"},"content":"    }","lastModifiedDate":"2022-10-16"},{"lineNumber":30,"author":{"gitId":"limexpepper"},"content":"","lastModifiedDate":"2022-10-16"},{"lineNumber":31,"author":{"gitId":"limexpepper"},"content":"    public ArrayList\u003cTask\u003e load() throws IOException {","lastModifiedDate":"2022-10-18"},{"lineNumber":32,"author":{"gitId":"limexpepper"},"content":"        hardDiskTaskList \u003d new TaskList();","lastModifiedDate":"2022-10-18"},{"lineNumber":33,"author":{"gitId":"limexpepper"},"content":"        try {","lastModifiedDate":"2022-10-16"},{"lineNumber":34,"author":{"gitId":"limexpepper"},"content":"            //check if file exist first","lastModifiedDate":"2022-10-18"},{"lineNumber":35,"author":{"gitId":"limexpepper"},"content":"            File file \u003d new File(\"/Users/rebecca/Desktop/Duke/data/DukeTasks.txt\");","lastModifiedDate":"2022-10-18"},{"lineNumber":36,"author":{"gitId":"limexpepper"},"content":"            Scanner s \u003d new Scanner(file);","lastModifiedDate":"2022-10-16"},{"lineNumber":37,"author":{"gitId":"limexpepper"},"content":"            String line;","lastModifiedDate":"2022-10-18"},{"lineNumber":38,"author":{"gitId":"limexpepper"},"content":"            String command;","lastModifiedDate":"2022-10-18"},{"lineNumber":39,"author":{"gitId":"limexpepper"},"content":"            while(s.hasNext()){","lastModifiedDate":"2022-10-18"},{"lineNumber":40,"author":{"gitId":"limexpepper"},"content":"                line \u003d s.nextLine();","lastModifiedDate":"2022-10-18"},{"lineNumber":41,"author":{"gitId":"limexpepper"},"content":"                command \u003d parser.parse(line);","lastModifiedDate":"2022-10-18"},{"lineNumber":42,"author":{"gitId":"limexpepper"},"content":"                hardDiskTaskList.processTasks(command, line);","lastModifiedDate":"2022-10-18"},{"lineNumber":43,"author":{"gitId":"limexpepper"},"content":"            }","lastModifiedDate":"2022-10-16"},{"lineNumber":44,"author":{"gitId":"limexpepper"},"content":"        } catch (IOException ioe){","lastModifiedDate":"2022-10-18"},{"lineNumber":45,"author":{"gitId":"limexpepper"},"content":"            System.out.println(\"do nth\");","lastModifiedDate":"2022-10-18"},{"lineNumber":46,"author":{"gitId":"limexpepper"},"content":"        } catch (WrongInputSyntaxException wise){","lastModifiedDate":"2022-10-18"},{"lineNumber":47,"author":{"gitId":"limexpepper"},"content":"            System.out.println(\"wrong input\");","lastModifiedDate":"2022-10-18"},{"lineNumber":48,"author":{"gitId":"limexpepper"},"content":"        } catch (EmptyTaskException ete){","lastModifiedDate":"2022-10-18"},{"lineNumber":49,"author":{"gitId":"limexpepper"},"content":"            System.out.println(\"empty task\");","lastModifiedDate":"2022-10-18"},{"lineNumber":50,"author":{"gitId":"limexpepper"},"content":"        }","lastModifiedDate":"2022-10-16"},{"lineNumber":51,"author":{"gitId":"limexpepper"},"content":"        return hardDiskTaskList.getTaskList();","lastModifiedDate":"2022-10-18"},{"lineNumber":52,"author":{"gitId":"limexpepper"},"content":"    }","lastModifiedDate":"2022-10-16"},{"lineNumber":53,"author":{"gitId":"limexpepper"},"content":"","lastModifiedDate":"2022-10-16"},{"lineNumber":54,"author":{"gitId":"limexpepper"},"content":"    public static boolean createHardDiskFile(String filePath) {","lastModifiedDate":"2022-10-16"},{"lineNumber":55,"author":{"gitId":"limexpepper"},"content":"        File f \u003d new File(filePath);","lastModifiedDate":"2022-10-16"},{"lineNumber":56,"author":{"gitId":"limexpepper"},"content":"        try {","lastModifiedDate":"2022-10-16"},{"lineNumber":57,"author":{"gitId":"limexpepper"},"content":"            f.createNewFile();","lastModifiedDate":"2022-10-16"},{"lineNumber":58,"author":{"gitId":"limexpepper"},"content":"        } catch (IOException e) {","lastModifiedDate":"2022-10-16"},{"lineNumber":59,"author":{"gitId":"limexpepper"},"content":"            System.out.println(\"An error occurred: Java\u0027s IOException\");","lastModifiedDate":"2022-10-16"},{"lineNumber":60,"author":{"gitId":"limexpepper"},"content":"            e.printStackTrace();","lastModifiedDate":"2022-10-16"},{"lineNumber":61,"author":{"gitId":"limexpepper"},"content":"        }","lastModifiedDate":"2022-10-16"},{"lineNumber":62,"author":{"gitId":"limexpepper"},"content":"        return true;","lastModifiedDate":"2022-10-16"},{"lineNumber":63,"author":{"gitId":"limexpepper"},"content":"    }","lastModifiedDate":"2022-10-16"},{"lineNumber":64,"author":{"gitId":"limexpepper"},"content":"","lastModifiedDate":"2022-10-16"},{"lineNumber":65,"author":{"gitId":"limexpepper"},"content":"    public void saveTasks(TaskList taskList){","lastModifiedDate":"2022-10-18"},{"lineNumber":66,"author":{"gitId":"limexpepper"},"content":"        try {","lastModifiedDate":"2022-10-16"},{"lineNumber":67,"author":{"gitId":"limexpepper"},"content":"            BufferedWriter writer \u003d new BufferedWriter(new FileWriter(\"/Users/rebecca/Desktop/Duke/data/DukeTasks.txt\"));","lastModifiedDate":"2022-10-18"},{"lineNumber":68,"author":{"gitId":"limexpepper"},"content":"            for (int i \u003d 0; i \u003c taskList.getTotalTasks(); i++) {","lastModifiedDate":"2022-10-18"},{"lineNumber":69,"author":{"gitId":"limexpepper"},"content":"                String str \u003d \"[\" + taskList.getTaskList().get(i).getTaskType() + \"]\" + \"[\" + taskList.getTaskList().get(i).getIsDone() + \"]\" + \" \" + taskList.getTaskList().get(i).getTask();","lastModifiedDate":"2022-10-18"},{"lineNumber":70,"author":{"gitId":"limexpepper"},"content":"                writer.write(str);","lastModifiedDate":"2022-10-18"},{"lineNumber":71,"author":{"gitId":"limexpepper"},"content":"            }","lastModifiedDate":"2022-10-18"},{"lineNumber":72,"author":{"gitId":"limexpepper"},"content":"            writer.close();","lastModifiedDate":"2022-10-18"},{"lineNumber":73,"author":{"gitId":"limexpepper"},"content":"            System.out.println(\"Your tasks are saved.\");","lastModifiedDate":"2022-10-18"},{"lineNumber":74,"author":{"gitId":"limexpepper"},"content":"        } catch (IOException e) {","lastModifiedDate":"2022-10-16"},{"lineNumber":75,"author":{"gitId":"limexpepper"},"content":"            System.out.println(\"An error occurred.\");","lastModifiedDate":"2022-10-16"},{"lineNumber":76,"author":{"gitId":"limexpepper"},"content":"            e.printStackTrace();","lastModifiedDate":"2022-10-16"},{"lineNumber":77,"author":{"gitId":"limexpepper"},"content":"        }","lastModifiedDate":"2022-10-16"},{"lineNumber":78,"author":{"gitId":"limexpepper"},"content":"    }","lastModifiedDate":"2022-10-16"},{"lineNumber":79,"author":{"gitId":"limexpepper"},"content":"}","lastModifiedDate":"2022-10-16"}],"authorContributionMap":{"limexpepper":79}},{"path":"src/main/java/nus/duke/task/Deadline.java","fileType":"java","lines":[{"lineNumber":1,"author":{"gitId":"limexpepper"},"content":"package nus.duke.task;","lastModifiedDate":"2022-10-15"},{"lineNumber":2,"author":{"gitId":"limexpepper"},"content":"","lastModifiedDate":"2022-10-13"},{"lineNumber":3,"author":{"gitId":"limexpepper"},"content":"public class Deadline extends Task {","lastModifiedDate":"2022-09-10"},{"lineNumber":4,"author":{"gitId":"limexpepper"},"content":"    protected String by; // i.e. by a certain date or before a certain date","lastModifiedDate":"2022-09-10"},{"lineNumber":5,"author":{"gitId":"limexpepper"},"content":"","lastModifiedDate":"2022-09-10"},{"lineNumber":6,"author":{"gitId":"limexpepper"},"content":"    public Deadline(String wish) {","lastModifiedDate":"2022-09-10"},{"lineNumber":7,"author":{"gitId":"limexpepper"},"content":"        super(wish);","lastModifiedDate":"2022-09-10"},{"lineNumber":8,"author":{"gitId":"limexpepper"},"content":"        this.by \u003d wish;","lastModifiedDate":"2022-09-10"},{"lineNumber":9,"author":{"gitId":"limexpepper"},"content":"    }","lastModifiedDate":"2022-09-10"},{"lineNumber":10,"author":{"gitId":"limexpepper"},"content":"    @Override","lastModifiedDate":"2022-09-10"},{"lineNumber":11,"author":{"gitId":"limexpepper"},"content":"    public String getTaskType(){","lastModifiedDate":"2022-09-10"},{"lineNumber":12,"author":{"gitId":"limexpepper"},"content":"        return \"D\";","lastModifiedDate":"2022-09-10"},{"lineNumber":13,"author":{"gitId":"limexpepper"},"content":"    }","lastModifiedDate":"2022-09-10"},{"lineNumber":14,"author":{"gitId":"limexpepper"},"content":"}","lastModifiedDate":"2022-09-10"}],"authorContributionMap":{"limexpepper":14}},{"path":"src/main/java/nus/duke/task/Event.java","fileType":"java","lines":[{"lineNumber":1,"author":{"gitId":"limexpepper"},"content":"package nus.duke.task;","lastModifiedDate":"2022-10-15"},{"lineNumber":2,"author":{"gitId":"limexpepper"},"content":"","lastModifiedDate":"2022-10-13"},{"lineNumber":3,"author":{"gitId":"limexpepper"},"content":"public class Event extends Task {","lastModifiedDate":"2022-09-10"},{"lineNumber":4,"author":{"gitId":"limexpepper"},"content":"    protected String at; // i.e. at a specific date/time","lastModifiedDate":"2022-09-10"},{"lineNumber":5,"author":{"gitId":"limexpepper"},"content":"","lastModifiedDate":"2022-09-10"},{"lineNumber":6,"author":{"gitId":"limexpepper"},"content":"    public Event(String wish) {","lastModifiedDate":"2022-09-10"},{"lineNumber":7,"author":{"gitId":"limexpepper"},"content":"        super(wish);","lastModifiedDate":"2022-09-10"},{"lineNumber":8,"author":{"gitId":"limexpepper"},"content":"        this.at \u003d wish;","lastModifiedDate":"2022-09-10"},{"lineNumber":9,"author":{"gitId":"limexpepper"},"content":"    }","lastModifiedDate":"2022-09-10"},{"lineNumber":10,"author":{"gitId":"limexpepper"},"content":"","lastModifiedDate":"2022-09-10"},{"lineNumber":11,"author":{"gitId":"limexpepper"},"content":"    @Override","lastModifiedDate":"2022-09-10"},{"lineNumber":12,"author":{"gitId":"limexpepper"},"content":"    public String getTaskType(){","lastModifiedDate":"2022-09-10"},{"lineNumber":13,"author":{"gitId":"limexpepper"},"content":"        return \"E\";","lastModifiedDate":"2022-09-10"},{"lineNumber":14,"author":{"gitId":"limexpepper"},"content":"    }","lastModifiedDate":"2022-09-10"},{"lineNumber":15,"author":{"gitId":"limexpepper"},"content":"}","lastModifiedDate":"2022-09-10"}],"authorContributionMap":{"limexpepper":15}},{"path":"src/main/java/nus/duke/task/Task.java","fileType":"java","lines":[{"lineNumber":1,"author":{"gitId":"limexpepper"},"content":"package nus.duke.task;","lastModifiedDate":"2022-10-15"},{"lineNumber":2,"author":{"gitId":"limexpepper"},"content":"","lastModifiedDate":"2022-10-15"},{"lineNumber":3,"author":{"gitId":"limexpepper"},"content":"import java.util.ArrayList;","lastModifiedDate":"2022-10-15"},{"lineNumber":4,"author":{"gitId":"limexpepper"},"content":"","lastModifiedDate":"2022-10-13"},{"lineNumber":5,"author":{"gitId":"limexpepper"},"content":"public abstract class Task {","lastModifiedDate":"2022-09-10"},{"lineNumber":6,"author":{"gitId":"limexpepper"},"content":"","lastModifiedDate":"2022-10-15"},{"lineNumber":7,"author":{"gitId":"limexpepper"},"content":"    //private static int totalTasks \u003d 0;","lastModifiedDate":"2022-10-18"},{"lineNumber":8,"author":{"gitId":"limexpepper"},"content":"","lastModifiedDate":"2022-10-15"},{"lineNumber":9,"author":{"gitId":"limexpepper"},"content":"    protected String description;","lastModifiedDate":"2022-09-05"},{"lineNumber":10,"author":{"gitId":"limexpepper"},"content":"    protected boolean isDone;","lastModifiedDate":"2022-09-05"},{"lineNumber":11,"author":{"gitId":"limexpepper"},"content":"","lastModifiedDate":"2022-09-05"},{"lineNumber":12,"author":{"gitId":"limexpepper"},"content":"    public Task(String description) {","lastModifiedDate":"2022-09-05"},{"lineNumber":13,"author":{"gitId":"limexpepper"},"content":"        this.description \u003d description;","lastModifiedDate":"2022-09-05"},{"lineNumber":14,"author":{"gitId":"limexpepper"},"content":"        this.isDone \u003d false;","lastModifiedDate":"2022-09-05"},{"lineNumber":15,"author":{"gitId":"limexpepper"},"content":"    }","lastModifiedDate":"2022-09-05"},{"lineNumber":16,"author":{"gitId":"limexpepper"},"content":"","lastModifiedDate":"2022-09-05"},{"lineNumber":17,"author":{"gitId":"limexpepper"},"content":"    public String getTask(){","lastModifiedDate":"2022-09-05"},{"lineNumber":18,"author":{"gitId":"limexpepper"},"content":"        return this.description;","lastModifiedDate":"2022-09-05"},{"lineNumber":19,"author":{"gitId":"limexpepper"},"content":"    }","lastModifiedDate":"2022-09-05"},{"lineNumber":20,"author":{"gitId":"limexpepper"},"content":"","lastModifiedDate":"2022-09-05"},{"lineNumber":21,"author":{"gitId":"limexpepper"},"content":"    public void markAsDone(){","lastModifiedDate":"2022-09-05"},{"lineNumber":22,"author":{"gitId":"limexpepper"},"content":"        this.isDone \u003d true;","lastModifiedDate":"2022-09-05"},{"lineNumber":23,"author":{"gitId":"limexpepper"},"content":"    }","lastModifiedDate":"2022-09-05"},{"lineNumber":24,"author":{"gitId":"limexpepper"},"content":"    public void markAsNotDone(){","lastModifiedDate":"2022-09-10"},{"lineNumber":25,"author":{"gitId":"limexpepper"},"content":"        this.isDone \u003d false;","lastModifiedDate":"2022-09-10"},{"lineNumber":26,"author":{"gitId":"limexpepper"},"content":"    }","lastModifiedDate":"2022-09-10"},{"lineNumber":27,"author":{"gitId":"limexpepper"},"content":"","lastModifiedDate":"2022-09-05"},{"lineNumber":28,"author":{"gitId":"limexpepper"},"content":"    public String getStatusIcon() {","lastModifiedDate":"2022-09-05"},{"lineNumber":29,"author":{"gitId":"limexpepper"},"content":"        return (isDone ? \"X\" : \" \"); // mark done task with X","lastModifiedDate":"2022-09-05"},{"lineNumber":30,"author":{"gitId":"limexpepper"},"content":"    }","lastModifiedDate":"2022-09-05"},{"lineNumber":31,"author":{"gitId":"limexpepper"},"content":"","lastModifiedDate":"2022-09-10"},{"lineNumber":32,"author":{"gitId":"limexpepper"},"content":"    public String getIsDone(){","lastModifiedDate":"2022-10-18"},{"lineNumber":33,"author":{"gitId":"limexpepper"},"content":"        String isDoneStr \u003d Boolean.toString(this.isDone);","lastModifiedDate":"2022-10-18"},{"lineNumber":34,"author":{"gitId":"limexpepper"},"content":"        return isDoneStr;","lastModifiedDate":"2022-10-18"},{"lineNumber":35,"author":{"gitId":"limexpepper"},"content":"    }","lastModifiedDate":"2022-10-18"},{"lineNumber":36,"author":{"gitId":"limexpepper"},"content":"","lastModifiedDate":"2022-10-18"},{"lineNumber":37,"author":{"gitId":"limexpepper"},"content":"    public abstract String getTaskType();","lastModifiedDate":"2022-09-10"},{"lineNumber":38,"author":{"gitId":"limexpepper"},"content":"}","lastModifiedDate":"2022-09-05"}],"authorContributionMap":{"limexpepper":38}},{"path":"src/main/java/nus/duke/task/Todo.java","fileType":"java","lines":[{"lineNumber":1,"author":{"gitId":"limexpepper"},"content":"package nus.duke.task;","lastModifiedDate":"2022-10-15"},{"lineNumber":2,"author":{"gitId":"limexpepper"},"content":"","lastModifiedDate":"2022-10-13"},{"lineNumber":3,"author":{"gitId":"limexpepper"},"content":"public class Todo extends Task {","lastModifiedDate":"2022-09-10"},{"lineNumber":4,"author":{"gitId":"limexpepper"},"content":"","lastModifiedDate":"2022-09-10"},{"lineNumber":5,"author":{"gitId":"limexpepper"},"content":"    public Todo(String wish) {","lastModifiedDate":"2022-09-10"},{"lineNumber":6,"author":{"gitId":"limexpepper"},"content":"        super(wish);","lastModifiedDate":"2022-09-10"},{"lineNumber":7,"author":{"gitId":"limexpepper"},"content":"    }","lastModifiedDate":"2022-09-10"},{"lineNumber":8,"author":{"gitId":"limexpepper"},"content":"","lastModifiedDate":"2022-09-10"},{"lineNumber":9,"author":{"gitId":"limexpepper"},"content":"    @Override","lastModifiedDate":"2022-09-10"},{"lineNumber":10,"author":{"gitId":"limexpepper"},"content":"    public String getTaskType(){","lastModifiedDate":"2022-09-10"},{"lineNumber":11,"author":{"gitId":"limexpepper"},"content":"        return \"T\";","lastModifiedDate":"2022-09-10"},{"lineNumber":12,"author":{"gitId":"limexpepper"},"content":"    }","lastModifiedDate":"2022-09-10"},{"lineNumber":13,"author":{"gitId":"limexpepper"},"content":"}","lastModifiedDate":"2022-09-10"}],"authorContributionMap":{"limexpepper":13}},{"path":"src/main/java/nus/duke/tasklist/LegalCommandEnumerations.java","fileType":"java","lines":[{"lineNumber":1,"author":{"gitId":"limexpepper"},"content":"package nus.duke.tasklist;","lastModifiedDate":"2022-10-16"},{"lineNumber":2,"author":{"gitId":"limexpepper"},"content":"","lastModifiedDate":"2022-10-15"},{"lineNumber":3,"author":{"gitId":"limexpepper"},"content":"public enum LegalCommandEnumerations {","lastModifiedDate":"2022-10-15"},{"lineNumber":4,"author":{"gitId":"limexpepper"},"content":"    MARK, UNMARK, DELETE, VIEW, EXIT, TODO, DEADLINE, EVENT","lastModifiedDate":"2022-10-15"},{"lineNumber":5,"author":{"gitId":"limexpepper"},"content":"}","lastModifiedDate":"2022-10-15"}],"authorContributionMap":{"limexpepper":5}},{"path":"src/main/java/nus/duke/tasklist/TaskList.java","fileType":"java","lines":[{"lineNumber":1,"author":{"gitId":"limexpepper"},"content":"package nus.duke.tasklist;","lastModifiedDate":"2022-10-16"},{"lineNumber":2,"author":{"gitId":"limexpepper"},"content":"","lastModifiedDate":"2022-10-15"},{"lineNumber":3,"author":{"gitId":"limexpepper"},"content":"import nus.duke.task.*;","lastModifiedDate":"2022-10-15"},{"lineNumber":4,"author":{"gitId":"limexpepper"},"content":"import nus.duke.storage.*;","lastModifiedDate":"2022-10-16"},{"lineNumber":5,"author":{"gitId":"limexpepper"},"content":"import nus.duke.frontend.*;","lastModifiedDate":"2022-10-16"},{"lineNumber":6,"author":{"gitId":"limexpepper"},"content":"","lastModifiedDate":"2022-10-16"},{"lineNumber":7,"author":{"gitId":"limexpepper"},"content":"import java.io.FileNotFoundException;","lastModifiedDate":"2022-10-16"},{"lineNumber":8,"author":{"gitId":"limexpepper"},"content":"import java.util.ArrayList;","lastModifiedDate":"2022-10-15"},{"lineNumber":9,"author":{"gitId":"limexpepper"},"content":"import java.util.Collections;","lastModifiedDate":"2022-10-16"},{"lineNumber":10,"author":{"gitId":"limexpepper"},"content":"import nus.duke.frontend.*;","lastModifiedDate":"2022-10-18"},{"lineNumber":11,"author":{"gitId":"limexpepper"},"content":"import java.io.File;  // Import the File class","lastModifiedDate":"2022-10-16"},{"lineNumber":12,"author":{"gitId":"limexpepper"},"content":"import java.io.IOException;  // Import the IOException class to handle errors","lastModifiedDate":"2022-10-16"},{"lineNumber":13,"author":{"gitId":"limexpepper"},"content":"","lastModifiedDate":"2022-10-15"},{"lineNumber":14,"author":{"gitId":"limexpepper"},"content":"public class TaskList {","lastModifiedDate":"2022-10-16"},{"lineNumber":15,"author":{"gitId":"limexpepper"},"content":"    protected static ArrayList\u003cTask\u003e taskList \u003d new ArrayList\u003cTask\u003e();","lastModifiedDate":"2022-10-15"},{"lineNumber":16,"author":{"gitId":"limexpepper"},"content":"    private static int totalTasks \u003d 0;","lastModifiedDate":"2022-10-18"},{"lineNumber":17,"author":{"gitId":"limexpepper"},"content":"","lastModifiedDate":"2022-10-15"},{"lineNumber":18,"author":{"gitId":"limexpepper"},"content":"    public TaskList(ArrayList\u003cTask\u003e loadedTaskList){","lastModifiedDate":"2022-10-16"},{"lineNumber":19,"author":{"gitId":"limexpepper"},"content":"        Collections.copy(this.taskList, loadedTaskList);","lastModifiedDate":"2022-10-16"},{"lineNumber":20,"author":{"gitId":"limexpepper"},"content":"    }","lastModifiedDate":"2022-10-16"},{"lineNumber":21,"author":{"gitId":"limexpepper"},"content":"    public TaskList(){};","lastModifiedDate":"2022-10-18"},{"lineNumber":22,"author":{"gitId":"limexpepper"},"content":"","lastModifiedDate":"2022-10-16"},{"lineNumber":23,"author":{"gitId":"limexpepper"},"content":"    public ArrayList\u003cTask\u003e getTaskList(){","lastModifiedDate":"2022-10-16"},{"lineNumber":24,"author":{"gitId":"limexpepper"},"content":"        return this.taskList;","lastModifiedDate":"2022-10-16"},{"lineNumber":25,"author":{"gitId":"limexpepper"},"content":"    }","lastModifiedDate":"2022-10-16"},{"lineNumber":26,"author":{"gitId":"limexpepper"},"content":"","lastModifiedDate":"2022-10-16"},{"lineNumber":27,"author":{"gitId":"limexpepper"},"content":"    public void incrementTotalTasks(){","lastModifiedDate":"2022-10-18"},{"lineNumber":28,"author":{"gitId":"limexpepper"},"content":"        this.totalTasks \u003d this.totalTasks + 1;","lastModifiedDate":"2022-10-18"},{"lineNumber":29,"author":{"gitId":"limexpepper"},"content":"    }","lastModifiedDate":"2022-10-18"},{"lineNumber":30,"author":{"gitId":"limexpepper"},"content":"    public void decrementTotalTasks(){","lastModifiedDate":"2022-10-18"},{"lineNumber":31,"author":{"gitId":"limexpepper"},"content":"        this.totalTasks \u003d this.totalTasks - 1;","lastModifiedDate":"2022-10-18"},{"lineNumber":32,"author":{"gitId":"limexpepper"},"content":"    }","lastModifiedDate":"2022-10-18"},{"lineNumber":33,"author":{"gitId":"limexpepper"},"content":"    public int getTotalTasks(){ return this.totalTasks; }","lastModifiedDate":"2022-10-18"},{"lineNumber":34,"author":{"gitId":"limexpepper"},"content":"","lastModifiedDate":"2022-10-18"},{"lineNumber":35,"author":{"gitId":"limexpepper"},"content":"    public static int getItemNumber(String userInput){","lastModifiedDate":"2022-10-18"},{"lineNumber":36,"author":{"gitId":"limexpepper"},"content":"        int idx \u003d userInput.indexOf(\" \");","lastModifiedDate":"2022-10-18"},{"lineNumber":37,"author":{"gitId":"limexpepper"},"content":"        String itemNumber \u003d userInput.substring(idx+1, userInput.length());","lastModifiedDate":"2022-10-18"},{"lineNumber":38,"author":{"gitId":"limexpepper"},"content":"        idx \u003d Integer.parseInt(itemNumber);","lastModifiedDate":"2022-10-18"},{"lineNumber":39,"author":{"gitId":"limexpepper"},"content":"        return idx;","lastModifiedDate":"2022-10-18"},{"lineNumber":40,"author":{"gitId":"limexpepper"},"content":"    }","lastModifiedDate":"2022-10-18"},{"lineNumber":41,"author":{"gitId":"limexpepper"},"content":"","lastModifiedDate":"2022-10-16"},{"lineNumber":42,"author":{"gitId":"limexpepper"},"content":"    public static void viewTasks(){","lastModifiedDate":"2022-10-15"},{"lineNumber":43,"author":{"gitId":"limexpepper"},"content":"        for (int i \u003d 0; i \u003c taskList.size(); i++) {","lastModifiedDate":"2022-10-15"},{"lineNumber":44,"author":{"gitId":"limexpepper"},"content":"            System.out.println( \"[\" + taskList.get(i).getTaskType() + \"][\" + taskList.get(i).getStatusIcon() + \"] \" + taskList.get(i).getTask());","lastModifiedDate":"2022-10-15"},{"lineNumber":45,"author":{"gitId":"limexpepper"},"content":"        }","lastModifiedDate":"2022-10-15"},{"lineNumber":46,"author":{"gitId":"limexpepper"},"content":"    }","lastModifiedDate":"2022-10-15"},{"lineNumber":47,"author":{"gitId":"limexpepper"},"content":"","lastModifiedDate":"2022-10-15"},{"lineNumber":48,"author":{"gitId":"limexpepper"},"content":"    public void addTask(String userInput) {","lastModifiedDate":"2022-10-18"},{"lineNumber":49,"author":{"gitId":"limexpepper"},"content":"        Task t;","lastModifiedDate":"2022-10-15"},{"lineNumber":50,"author":{"gitId":"limexpepper"},"content":"        if (userInput.contains(\"/by\")){","lastModifiedDate":"2022-10-15"},{"lineNumber":51,"author":{"gitId":"limexpepper"},"content":"            t \u003d new Deadline(userInput);","lastModifiedDate":"2022-10-18"},{"lineNumber":52,"author":{"gitId":"limexpepper"},"content":"        } else if (userInput.contains(\"/at\")){","lastModifiedDate":"2022-10-15"},{"lineNumber":53,"author":{"gitId":"limexpepper"},"content":"            t \u003d new Event(userInput);","lastModifiedDate":"2022-10-18"},{"lineNumber":54,"author":{"gitId":"limexpepper"},"content":"        } else {","lastModifiedDate":"2022-10-15"},{"lineNumber":55,"author":{"gitId":"limexpepper"},"content":"            t \u003d new Todo(userInput);","lastModifiedDate":"2022-10-18"},{"lineNumber":56,"author":{"gitId":"limexpepper"},"content":"        }","lastModifiedDate":"2022-10-15"},{"lineNumber":57,"author":{"gitId":"limexpepper"},"content":"        taskList.add(t);","lastModifiedDate":"2022-10-15"},{"lineNumber":58,"author":{"gitId":"limexpepper"},"content":"        incrementTotalTasks();","lastModifiedDate":"2022-10-18"},{"lineNumber":59,"author":{"gitId":"limexpepper"},"content":"        System.out.println(\"Added: \" + userInput + \". \");","lastModifiedDate":"2022-10-18"},{"lineNumber":60,"author":{"gitId":"limexpepper"},"content":"    }","lastModifiedDate":"2022-10-15"},{"lineNumber":61,"author":{"gitId":"limexpepper"},"content":"","lastModifiedDate":"2022-10-15"},{"lineNumber":62,"author":{"gitId":"limexpepper"},"content":"    public void deleteTask(int idx) {","lastModifiedDate":"2022-10-18"},{"lineNumber":63,"author":{"gitId":"limexpepper"},"content":"        taskList.remove(idx-1);","lastModifiedDate":"2022-10-15"},{"lineNumber":64,"author":{"gitId":"limexpepper"},"content":"        decrementTotalTasks();","lastModifiedDate":"2022-10-18"},{"lineNumber":65,"author":{"gitId":"limexpepper"},"content":"        System.out.println(\"Removed\");","lastModifiedDate":"2022-10-15"},{"lineNumber":66,"author":{"gitId":"limexpepper"},"content":"    }","lastModifiedDate":"2022-10-15"},{"lineNumber":67,"author":{"gitId":"limexpepper"},"content":"","lastModifiedDate":"2022-10-15"},{"lineNumber":68,"author":{"gitId":"limexpepper"},"content":"    public static void markTask(int idx){ //mark as done","lastModifiedDate":"2022-10-15"},{"lineNumber":69,"author":{"gitId":"limexpepper"},"content":"        (taskList.get(idx-1)).markAsDone();","lastModifiedDate":"2022-10-15"},{"lineNumber":70,"author":{"gitId":"limexpepper"},"content":"        System.out.println(\"marked\");","lastModifiedDate":"2022-10-15"},{"lineNumber":71,"author":{"gitId":"limexpepper"},"content":"    }","lastModifiedDate":"2022-10-15"},{"lineNumber":72,"author":{"gitId":"limexpepper"},"content":"","lastModifiedDate":"2022-10-15"},{"lineNumber":73,"author":{"gitId":"limexpepper"},"content":"    public static void unmarkTask(int idx){ //mark as done","lastModifiedDate":"2022-10-15"},{"lineNumber":74,"author":{"gitId":"limexpepper"},"content":"        (taskList.get(idx-1)).markAsNotDone();","lastModifiedDate":"2022-10-15"},{"lineNumber":75,"author":{"gitId":"limexpepper"},"content":"        System.out.println(\"unmarked\");","lastModifiedDate":"2022-10-15"},{"lineNumber":76,"author":{"gitId":"limexpepper"},"content":"    }","lastModifiedDate":"2022-10-15"},{"lineNumber":77,"author":{"gitId":"limexpepper"},"content":"","lastModifiedDate":"2022-10-16"},{"lineNumber":78,"author":{"gitId":"limexpepper"},"content":"    public void processTasks(String command, String userInput){","lastModifiedDate":"2022-10-18"},{"lineNumber":79,"author":{"gitId":"limexpepper"},"content":"        if (userInput.equals(LegalCommandEnumerations.VIEW.toString())){","lastModifiedDate":"2022-10-18"},{"lineNumber":80,"author":{"gitId":"limexpepper"},"content":"            if ((this.getTotalTasks()) \u003d\u003d 0){","lastModifiedDate":"2022-10-18"},{"lineNumber":81,"author":{"gitId":"limexpepper"},"content":"                System.out.println(\"There are 0 tasks in your list.\");","lastModifiedDate":"2022-10-18"},{"lineNumber":82,"author":{"gitId":"limexpepper"},"content":"            } else {","lastModifiedDate":"2022-10-18"},{"lineNumber":83,"author":{"gitId":"limexpepper"},"content":"                this.viewTasks();","lastModifiedDate":"2022-10-18"},{"lineNumber":84,"author":{"gitId":"limexpepper"},"content":"            }","lastModifiedDate":"2022-10-18"},{"lineNumber":85,"author":{"gitId":"limexpepper"},"content":"        } else if (userInput.equals(LegalCommandEnumerations.EXIT.toString())) {","lastModifiedDate":"2022-10-18"},{"lineNumber":86,"author":{"gitId":"limexpepper"},"content":"            Ui ui \u003d new Ui();","lastModifiedDate":"2022-10-18"},{"lineNumber":87,"author":{"gitId":"limexpepper"},"content":"            ui.exit();","lastModifiedDate":"2022-10-18"},{"lineNumber":88,"author":{"gitId":"limexpepper"},"content":"        } else {","lastModifiedDate":"2022-10-18"},{"lineNumber":89,"author":{"gitId":"limexpepper"},"content":"            if (command.equals(LegalCommandEnumerations.MARK.toString())){","lastModifiedDate":"2022-10-18"},{"lineNumber":90,"author":{"gitId":"limexpepper"},"content":"                this.markTask(getItemNumber(userInput)); // e.g. \"1. TODO buy lunch\" --\u003e 1","lastModifiedDate":"2022-10-18"},{"lineNumber":91,"author":{"gitId":"limexpepper"},"content":"            } else if (command.equals(LegalCommandEnumerations.UNMARK.toString())){","lastModifiedDate":"2022-10-18"},{"lineNumber":92,"author":{"gitId":"limexpepper"},"content":"                this.unmarkTask(getItemNumber(userInput));","lastModifiedDate":"2022-10-18"},{"lineNumber":93,"author":{"gitId":"limexpepper"},"content":"            } else if (command.equals(LegalCommandEnumerations.DELETE.toString())){","lastModifiedDate":"2022-10-18"},{"lineNumber":94,"author":{"gitId":"limexpepper"},"content":"                this.deleteTask(getItemNumber(userInput));","lastModifiedDate":"2022-10-18"},{"lineNumber":95,"author":{"gitId":"limexpepper"},"content":"            } else {","lastModifiedDate":"2022-10-18"},{"lineNumber":96,"author":{"gitId":"limexpepper"},"content":"                this.addTask(userInput);","lastModifiedDate":"2022-10-18"},{"lineNumber":97,"author":{"gitId":"limexpepper"},"content":"            }","lastModifiedDate":"2022-10-18"},{"lineNumber":98,"author":{"gitId":"limexpepper"},"content":"        }","lastModifiedDate":"2022-10-18"},{"lineNumber":99,"author":{"gitId":"limexpepper"},"content":"    }","lastModifiedDate":"2022-10-18"},{"lineNumber":100,"author":{"gitId":"limexpepper"},"content":"","lastModifiedDate":"2022-10-18"},{"lineNumber":101,"author":{"gitId":"limexpepper"},"content":"}","lastModifiedDate":"2022-10-15"}],"authorContributionMap":{"limexpepper":101}},{"path":"text-ui-test/input.txt","fileType":"txt","lines":[{"lineNumber":1,"author":{"gitId":"limexpepper"},"content":"cat","lastModifiedDate":"2022-10-11"},{"lineNumber":2,"author":{"gitId":"limexpepper"},"content":"dog","lastModifiedDate":"2022-10-11"},{"lineNumber":3,"author":{"gitId":"limexpepper"},"content":"house","lastModifiedDate":"2022-10-11"}],"authorContributionMap":{"limexpepper":3}},{"path":"text-ui-test/runtest.bat","fileType":"bat","lines":[{"lineNumber":1,"author":{"gitId":"-"},"content":"@ECHO OFF","lastModifiedDate":"2020-05-25"},{"lineNumber":2,"author":{"gitId":"-"},"content":"","lastModifiedDate":"2020-05-25"},{"lineNumber":3,"author":{"gitId":"-"},"content":"REM create bin directory if it doesn\u0027t exist","lastModifiedDate":"2020-05-25"},{"lineNumber":4,"author":{"gitId":"-"},"content":"if not exist ..\\bin mkdir ..\\bin","lastModifiedDate":"2020-05-25"},{"lineNumber":5,"author":{"gitId":"-"},"content":"","lastModifiedDate":"2020-05-25"},{"lineNumber":6,"author":{"gitId":"-"},"content":"REM delete output from previous run","lastModifiedDate":"2020-05-25"},{"lineNumber":7,"author":{"gitId":"-"},"content":"if exist ACTUAL.TXT del ACTUAL.TXT","lastModifiedDate":"2020-08-25"},{"lineNumber":8,"author":{"gitId":"-"},"content":"","lastModifiedDate":"2020-05-25"},{"lineNumber":9,"author":{"gitId":"-"},"content":"REM compile the code into the bin folder","lastModifiedDate":"2020-05-25"},{"lineNumber":10,"author":{"gitId":"-"},"content":"javac  -cp ..\\src\\main\\java -Xlint:none -d ..\\bin ..\\src\\main\\java\\*.java","lastModifiedDate":"2020-08-25"},{"lineNumber":11,"author":{"gitId":"-"},"content":"IF ERRORLEVEL 1 (","lastModifiedDate":"2020-05-25"},{"lineNumber":12,"author":{"gitId":"-"},"content":"    echo ********** BUILD FAILURE **********","lastModifiedDate":"2020-05-25"},{"lineNumber":13,"author":{"gitId":"-"},"content":"    exit /b 1","lastModifiedDate":"2020-05-25"},{"lineNumber":14,"author":{"gitId":"-"},"content":")","lastModifiedDate":"2020-05-25"},{"lineNumber":15,"author":{"gitId":"-"},"content":"REM no error here, errorlevel \u003d\u003d 0","lastModifiedDate":"2020-05-25"},{"lineNumber":16,"author":{"gitId":"-"},"content":"","lastModifiedDate":"2020-05-25"},{"lineNumber":17,"author":{"gitId":"-"},"content":"REM run the program, feed commands from input.txt file and redirect the output to the ACTUAL.TXT","lastModifiedDate":"2020-05-25"},{"lineNumber":18,"author":{"gitId":"limexpepper"},"content":"java -classpath ..\\bin nus.duke.Duke \u003c input.txt \u003e ACTUAL.TXT","lastModifiedDate":"2022-10-13"},{"lineNumber":19,"author":{"gitId":"-"},"content":"","lastModifiedDate":"2020-05-25"},{"lineNumber":20,"author":{"gitId":"-"},"content":"REM compare the output to the expected output","lastModifiedDate":"2020-05-25"},{"lineNumber":21,"author":{"gitId":"-"},"content":"FC ACTUAL.TXT EXPECTED.TXT","lastModifiedDate":"2020-05-25"}],"authorContributionMap":{"limexpepper":1,"-":20}},{"path":"text-ui-test/runtest.sh","fileType":"sh","lines":[{"lineNumber":1,"author":{"gitId":"-"},"content":"#!/usr/bin/env bash","lastModifiedDate":"2020-05-25"},{"lineNumber":2,"author":{"gitId":"-"},"content":"","lastModifiedDate":"2020-05-25"},{"lineNumber":3,"author":{"gitId":"-"},"content":"# create bin directory if it doesn\u0027t exist","lastModifiedDate":"2020-05-25"},{"lineNumber":4,"author":{"gitId":"-"},"content":"if [ ! -d \"../bin\" ]","lastModifiedDate":"2020-05-25"},{"lineNumber":5,"author":{"gitId":"-"},"content":"then","lastModifiedDate":"2020-05-25"},{"lineNumber":6,"author":{"gitId":"-"},"content":"    mkdir ../bin","lastModifiedDate":"2020-05-25"},{"lineNumber":7,"author":{"gitId":"-"},"content":"fi","lastModifiedDate":"2020-05-25"},{"lineNumber":8,"author":{"gitId":"-"},"content":"","lastModifiedDate":"2020-05-25"},{"lineNumber":9,"author":{"gitId":"-"},"content":"# delete output from previous run","lastModifiedDate":"2020-05-25"},{"lineNumber":10,"author":{"gitId":"-"},"content":"if [ -e \"./ACTUAL.TXT\" ]","lastModifiedDate":"2020-05-25"},{"lineNumber":11,"author":{"gitId":"-"},"content":"then","lastModifiedDate":"2020-05-25"},{"lineNumber":12,"author":{"gitId":"-"},"content":"    rm ACTUAL.TXT","lastModifiedDate":"2020-05-25"},{"lineNumber":13,"author":{"gitId":"-"},"content":"fi","lastModifiedDate":"2020-05-25"},{"lineNumber":14,"author":{"gitId":"-"},"content":"","lastModifiedDate":"2020-05-25"},{"lineNumber":15,"author":{"gitId":"-"},"content":"# compile the code into the bin folder, terminates if error occurred","lastModifiedDate":"2020-05-25"},{"lineNumber":16,"author":{"gitId":"limexpepper"},"content":"if ! javac -cp ../src -Xlint:none -d ../bin ../src/main/java/nus/duke/*.java","lastModifiedDate":"2022-10-13"},{"lineNumber":17,"author":{"gitId":"-"},"content":"then","lastModifiedDate":"2020-05-25"},{"lineNumber":18,"author":{"gitId":"-"},"content":"    echo \"********** BUILD FAILURE **********\"","lastModifiedDate":"2020-05-25"},{"lineNumber":19,"author":{"gitId":"-"},"content":"    exit 1","lastModifiedDate":"2020-05-25"},{"lineNumber":20,"author":{"gitId":"-"},"content":"fi","lastModifiedDate":"2020-05-25"},{"lineNumber":21,"author":{"gitId":"-"},"content":"","lastModifiedDate":"2020-05-25"},{"lineNumber":22,"author":{"gitId":"-"},"content":"# run the program, feed commands from input.txt file and redirect the output to the ACTUAL.TXT","lastModifiedDate":"2020-05-25"},{"lineNumber":23,"author":{"gitId":"limexpepper"},"content":"java -classpath ../bin nus.duke.Duke \u003c input.txt \u003e ACTUAL.TXT","lastModifiedDate":"2022-10-13"},{"lineNumber":24,"author":{"gitId":"-"},"content":"","lastModifiedDate":"2020-05-25"},{"lineNumber":25,"author":{"gitId":"-"},"content":"# convert to UNIX format","lastModifiedDate":"2020-05-25"},{"lineNumber":26,"author":{"gitId":"-"},"content":"cp EXPECTED.TXT EXPECTED-UNIX.TXT","lastModifiedDate":"2020-05-25"},{"lineNumber":27,"author":{"gitId":"-"},"content":"dos2unix ACTUAL.TXT EXPECTED-UNIX.TXT","lastModifiedDate":"2020-05-25"},{"lineNumber":28,"author":{"gitId":"-"},"content":"","lastModifiedDate":"2020-05-25"},{"lineNumber":29,"author":{"gitId":"-"},"content":"# compare the output to the expected output","lastModifiedDate":"2020-05-25"},{"lineNumber":30,"author":{"gitId":"-"},"content":"diff ACTUAL.TXT EXPECTED-UNIX.TXT","lastModifiedDate":"2020-05-25"},{"lineNumber":31,"author":{"gitId":"-"},"content":"if [ $? -eq 0 ]","lastModifiedDate":"2020-05-25"},{"lineNumber":32,"author":{"gitId":"-"},"content":"then","lastModifiedDate":"2020-05-25"},{"lineNumber":33,"author":{"gitId":"-"},"content":"    echo \"Test result: PASSED\"","lastModifiedDate":"2020-05-25"},{"lineNumber":34,"author":{"gitId":"-"},"content":"    exit 0","lastModifiedDate":"2020-05-25"},{"lineNumber":35,"author":{"gitId":"-"},"content":"else","lastModifiedDate":"2020-05-25"},{"lineNumber":36,"author":{"gitId":"-"},"content":"    echo \"Test result: FAILED\"","lastModifiedDate":"2020-05-25"},{"lineNumber":37,"author":{"gitId":"-"},"content":"    exit 1","lastModifiedDate":"2020-05-25"},{"lineNumber":38,"author":{"gitId":"-"},"content":"fi","lastModifiedDate":"2020-05-25"}],"authorContributionMap":{"limexpepper":2,"-":36}}]
