{"authorDailyContributionsMap":{"limexpepper":[{"date":"2022-08-31","commitResults":[{"hash":"dc75824753245426b56a49fee2a560d958800424","messageTitle":"Completed Level-1 (Greet, Echo, Exit) and Level-2 (Add, List)","messageBody":"","tags":["Level-2","Level-1"],"fileTypesAndContributionMap":{"java":{"insertions":78,"deletions":1}}}]},{"date":"2022-09-05","commitResults":[{"hash":"1835371614b79024b5982a29877d9236e19234ae","messageTitle":"Level-3","messageBody":"","tags":["Level-3"],"fileTypesAndContributionMap":{"java":{"insertions":49,"deletions":15}}}]},{"date":"2022-09-10","commitResults":[{"hash":"5f44aed5c7429a22aca3e11c16db07a97f38a237","messageTitle":"Completed Level-4 (ToDos, Events, Deadlines)","messageBody":"","tags":["Level-4"],"fileTypesAndContributionMap":{"java":{"insertions":49,"deletions":4}}},{"hash":"77378b9406b9d98416279073747d577f2fd2ef33","messageTitle":"Implemented the unmarking of wishes i.e. untick checkbox","messageBody":"","fileTypesAndContributionMap":{"java":{"insertions":15,"deletions":1}}}]},{"date":"2022-10-11","commitResults":[{"hash":"1a15db58dab717254cb17b65ba16b848e7dec09e","messageTitle":"WIP","messageBody":"","fileTypesAndContributionMap":{"txt":{"insertions":3,"deletions":0},"java":{"insertions":39,"deletions":40},"sh":{"insertions":2,"deletions":2}}}]},{"date":"2022-10-13","commitResults":[{"hash":"1579dd3a5d08a940dfb5a031e235d259a8a94d9c","messageTitle":"re-configuring gradle","messageBody":"","fileTypesAndContributionMap":{"gradle":{"insertions":1,"deletions":1},"java":{"insertions":10,"deletions":0},"bat":{"insertions":1,"deletions":1},"sh":{"insertions":2,"deletions":2},"md":{"insertions":2,"deletions":2}}}]},{"date":"2022-10-14","commitResults":[{"hash":"2c0a503bf8ab0b0a2609292ee0483122727da6ab","messageTitle":"Level-6 WIP. Built parser.","messageBody":"","fileTypesAndContributionMap":{"java":{"insertions":0,"deletions":0}}}]},{"date":"2022-10-15","commitResults":[{"hash":"ad6630c2680a076eb2b8a1ff8971c0a0bb6511f5","messageTitle":"Completed Level-5 (Handle Errors)","messageBody":"","tags":["Level-5"],"fileTypesAndContributionMap":{"java":{"insertions":226,"deletions":106}}},{"hash":"8a9d793e027521d9196f83fb4ee36e1671730cfd","messageTitle":"Completed Level-6 (Delete and Enumerations)","messageBody":"","tags":["Level-6"],"fileTypesAndContributionMap":{"java":{"insertions":51,"deletions":42}}}]},{"date":"2022-10-16","commitResults":[{"hash":"5056a027ce2c13f2a9da7b17a5c943b7ca7927a2","messageTitle":"WIP Level-7 Save","messageBody":"","fileTypesAndContributionMap":{"txt":{"insertions":0,"deletions":0},"java":{"insertions":126,"deletions":21}}}]},{"date":"2022-10-18","commitResults":[{"hash":"dbbea5adb3524cdd829d2d8e9e58ba8658192a5f","messageTitle":"WIP Level-7 Save.","messageBody":"","fileTypesAndContributionMap":{"txt":{"insertions":1,"deletions":0},"java":{"insertions":129,"deletions":58}}},{"hash":"54229dc15cc31be3581e323ff228b72d6dbb1fa8","messageTitle":"Completed Level-7 Save (Except OS independent file relative file path)","messageBody":"","tags":["Level-7"],"fileTypesAndContributionMap":{"txt":{"insertions":3,"deletions":1},"java":{"insertions":20,"deletions":6}}},{"hash":"30856f26bc3cf5921203dfab547ac3db27e732d0","messageTitle":"Level-7 check if file exists","messageBody":"","fileTypesAndContributionMap":{"txt":{"insertions":0,"deletions":0},"java":{"insertions":20,"deletions":56}}}]},{"date":"2022-10-19","commitResults":[{"hash":"3b6b0ed25720e8d6e7866e243fc8e01dc3a9b27f","messageTitle":"Refactor","messageBody":"","fileTypesAndContributionMap":{"txt":{"insertions":2,"deletions":3},"java":{"insertions":86,"deletions":74}}},{"hash":"76eefa632b1001dcf07a0100eb205c644bce23b5","messageTitle":"Refactor","messageBody":"","fileTypesAndContributionMap":{"java":{"insertions":14,"deletions":23}}}]},{"date":"2022-10-21","commitResults":[{"hash":"91e82f72cdea4cdf379bc70065f29b37da738bd6","messageTitle":"Debugged parser.","messageBody":"","fileTypesAndContributionMap":{"txt":{"insertions":0,"deletions":2},"java":{"insertions":55,"deletions":11}}},{"hash":"20783abe9017b546b3c6d53cdbbeeeaa819eb242","messageTitle":"Debugged saved and marked done.","messageBody":"","fileTypesAndContributionMap":{"txt":{"insertions":3,"deletions":0},"java":{"insertions":28,"deletions":9}}}]},{"date":"2022-10-22","commitResults":[{"hash":"5c2a54268cd7924d0d0fe409a95bbf8ab8444a61","messageTitle":"WIP date formatter","messageBody":"","fileTypesAndContributionMap":{"txt":{"insertions":1,"deletions":3},"java":{"insertions":43,"deletions":9}}}]},{"date":"2022-10-23","commitResults":[{"hash":"b186534ff98926fbd9dd3e19ac6e5d49f0f0a291","messageTitle":"Level-8 completed except JavaDoc","messageBody":"","fileTypesAndContributionMap":{"txt":{"insertions":2,"deletions":1},"java":{"insertions":155,"deletions":51}}}]},{"date":"2022-10-25","commitResults":[{"hash":"aa8dbcc467774fcb44905c8ff475d1ffc673d633","messageTitle":"Completed individual feature 1, B-Reminders.","messageBody":"","tags":["Individual-Feature"],"fileTypesAndContributionMap":{"java":{"insertions":42,"deletions":10}}},{"hash":"82bcccf187914836fc758e261c141d6252fc8dbc","messageTitle":"Completed Level-9 (Find)","messageBody":"","tags":["Level-9"],"fileTypesAndContributionMap":{"java":{"insertions":28,"deletions":4}}},{"hash":"5b8e24a7690dfe4922b1b74c4cdbe90a3d187198","messageTitle":"Refactor EVENT","messageBody":"","fileTypesAndContributionMap":{"txt":{"insertions":8,"deletions":1},"java":{"insertions":41,"deletions":17}}},{"hash":"fe43d0da3b01d98ff7bea1b8cbf5fd603dbf005f","messageTitle":"Refactoring EVENT completed.","messageBody":"","fileTypesAndContributionMap":{"txt":{"insertions":2,"deletions":2},"java":{"insertions":50,"deletions":40}}},{"hash":"265954cc4db3f54c18b946e72407c25dc2c2aee5","messageTitle":"Formatting","messageBody":"","fileTypesAndContributionMap":{"txt":{"insertions":2,"deletions":2},"java":{"insertions":176,"deletions":126}}}]},{"date":"2022-10-26","commitResults":[{"hash":"5aff1c03f8805e7c49f01670451e98295d00494d","messageTitle":"more formatting","messageBody":"","fileTypesAndContributionMap":{"java":{"insertions":156,"deletions":42}}},{"hash":"c553b9947086b2acb2963f7d249b57f11624e63e","messageTitle":"Formatted code.","messageBody":"","fileTypesAndContributionMap":{"java":{"insertions":11,"deletions":13}}}]},{"date":"2022-10-31","commitResults":[{"hash":"cec78763c2ca711934c5e0d5004b822338b4a8dc","messageTitle":"Auto formatting","messageBody":"","fileTypesAndContributionMap":{"gradle":{"insertions":1,"deletions":1},"java":{"insertions":785,"deletions":752},"md":{"insertions":15,"deletions":9}}},{"hash":"40f0dd808bfea3befedcae0a11d625249619f239","messageTitle":"JavaDocs WIP","messageBody":"","fileTypesAndContributionMap":{"java":{"insertions":270,"deletions":18}}},{"hash":"ddb51a280a8c6432ddca1ea8f0ab5fb94521215e","messageTitle":"Completed Week 9\u0027s A-JavaDoc","messageBody":"","fileTypesAndContributionMap":{"java":{"insertions":171,"deletions":7}}},{"hash":"3e06bd09b77ddc59cbc4ef52ff43ee32fb9c6b25","messageTitle":"Completed Week 11 A-Assertions","messageBody":"","fileTypesAndContributionMap":{"java":{"insertions":2,"deletions":0}}}]},{"date":"2022-11-07","commitResults":[{"hash":"91495ce2aed518d62f5871383fb93a412fd9c4ba","messageTitle":"Optimised Reminders.","messageBody":"","fileTypesAndContributionMap":{"java":{"insertions":69,"deletions":26}}},{"hash":"b8ecb2231475f9904ebe7f4a336c4b69628a4647","messageTitle":"Optimised reminders.","messageBody":"","fileTypesAndContributionMap":{"java":{"insertions":9,"deletions":1}}}]},{"date":"2022-11-08","commitResults":[{"hash":"580ec51bea77808c5382a168d3a3a6e18683a453","messageTitle":"Optimised code.","messageBody":"","fileTypesAndContributionMap":{"java":{"insertions":12,"deletions":15}}},{"hash":"0fa811e269d9a21ad348eef8c50186f7d488a8d4","messageTitle":"Optimised error handling.","messageBody":"","fileTypesAndContributionMap":{"java":{"insertions":21,"deletions":12}}},{"hash":"17d2d7611717edb835ca322f31fb9306e0217e94","messageTitle":"removed commented code from parser.","messageBody":"","fileTypesAndContributionMap":{"java":{"insertions":2,"deletions":9}}},{"hash":"316db95c8534209a925a5a1e6a8c39a2c28a77e7","messageTitle":"Reformatted file.","messageBody":"","fileTypesAndContributionMap":{"java":{"insertions":6,"deletions":20}}},{"hash":"2ab9fa9f90f17ebecb67b307fb9e858b21f1f818","messageTitle":"Reformatted file (settings \u003e preferences \u003e java \u003e tabs \u003e uncheck \"use tab character\")","messageBody":"","fileTypesAndContributionMap":{"java":{"insertions":1085,"deletions":1075}}}]}]},"authorFileTypeContributionMap":{"limexpepper":{"java":1422,"md":11,"fxml":0,"sh":2,"bat":1,"gradle":1,"txt":12}},"authorContributionVariance":{"limexpepper":101912.945},"authorDisplayNameMap":{"limexpepper":"ANG ..H YE"}}
