{"authorDailyContributionsMap":{"limexpepper":[{"date":"2022-08-31","commitResults":[{"hash":"dc75824753245426b56a49fee2a560d958800424","messageTitle":"Completed Level-1 (Greet, Echo, Exit) and Level-2 (Add, List)","messageBody":"","tags":["Level-2","Level-1"],"fileTypesAndContributionMap":{"java":{"insertions":78,"deletions":1}}}]},{"date":"2022-09-05","commitResults":[{"hash":"1835371614b79024b5982a29877d9236e19234ae","messageTitle":"Level-3","messageBody":"","tags":["Level-3"],"fileTypesAndContributionMap":{"java":{"insertions":49,"deletions":15}}}]},{"date":"2022-09-10","commitResults":[{"hash":"5f44aed5c7429a22aca3e11c16db07a97f38a237","messageTitle":"Completed Level-4 (ToDos, Events, Deadlines)","messageBody":"","tags":["Level-4"],"fileTypesAndContributionMap":{"java":{"insertions":49,"deletions":4}}},{"hash":"77378b9406b9d98416279073747d577f2fd2ef33","messageTitle":"Implemented the unmarking of wishes i.e. untick checkbox","messageBody":"","fileTypesAndContributionMap":{"java":{"insertions":15,"deletions":1}}}]},{"date":"2022-10-11","commitResults":[{"hash":"1a15db58dab717254cb17b65ba16b848e7dec09e","messageTitle":"WIP","messageBody":"","fileTypesAndContributionMap":{"txt":{"insertions":3,"deletions":0},"java":{"insertions":39,"deletions":40},"sh":{"insertions":2,"deletions":2}}}]},{"date":"2022-10-13","commitResults":[{"hash":"1579dd3a5d08a940dfb5a031e235d259a8a94d9c","messageTitle":"re-configuring gradle","messageBody":"","fileTypesAndContributionMap":{"gradle":{"insertions":1,"deletions":1},"java":{"insertions":10,"deletions":0},"bat":{"insertions":1,"deletions":1},"sh":{"insertions":2,"deletions":2},"md":{"insertions":2,"deletions":2}}}]},{"date":"2022-10-14","commitResults":[{"hash":"2c0a503bf8ab0b0a2609292ee0483122727da6ab","messageTitle":"Level-6 WIP. Built parser.","messageBody":"","fileTypesAndContributionMap":{"java":{"insertions":0,"deletions":0}}}]},{"date":"2022-10-15","commitResults":[{"hash":"ad6630c2680a076eb2b8a1ff8971c0a0bb6511f5","messageTitle":"Completed Level-5 (Handle Errors)","messageBody":"","tags":["Level-5"],"fileTypesAndContributionMap":{"java":{"insertions":226,"deletions":106}}},{"hash":"8a9d793e027521d9196f83fb4ee36e1671730cfd","messageTitle":"Completed Level-6 (Delete and Enumerations)","messageBody":"","tags":["Level-6"],"fileTypesAndContributionMap":{"java":{"insertions":51,"deletions":42}}}]},{"date":"2022-10-16","commitResults":[{"hash":"5056a027ce2c13f2a9da7b17a5c943b7ca7927a2","messageTitle":"WIP Level-7 Save","messageBody":"","fileTypesAndContributionMap":{"txt":{"insertions":0,"deletions":0},"java":{"insertions":126,"deletions":21}}}]},{"date":"2022-10-18","commitResults":[{"hash":"dbbea5adb3524cdd829d2d8e9e58ba8658192a5f","messageTitle":"WIP Level-7 Save.","messageBody":"","fileTypesAndContributionMap":{"txt":{"insertions":1,"deletions":0},"java":{"insertions":129,"deletions":58}}}]}]},"authorFileTypeContributionMap":{"limexpepper":{"java":491,"md":2,"fxml":0,"sh":2,"bat":1,"gradle":1,"txt":4}},"authorContributionVariance":{"limexpepper":3393.8333},"authorDisplayNameMap":{"limexpepper":"ANG ..H YE"}}
