{"authorDailyContributionsMap":{"limexpepper":[{"date":"2022-08-31","commitResults":[{"hash":"dc75824753245426b56a49fee2a560d958800424","messageTitle":"Completed Level-1 (Greet, Echo, Exit) and Level-2 (Add, List)","messageBody":"","tags":["Level-2","Level-1"],"fileTypesAndContributionMap":{"java":{"insertions":78,"deletions":1}}}]},{"date":"2022-09-05","commitResults":[{"hash":"1835371614b79024b5982a29877d9236e19234ae","messageTitle":"Level-3","messageBody":"","tags":["Level-3"],"fileTypesAndContributionMap":{"java":{"insertions":49,"deletions":15}}}]},{"date":"2022-09-10","commitResults":[{"hash":"5f44aed5c7429a22aca3e11c16db07a97f38a237","messageTitle":"Completed Level-4 (ToDos, Events, Deadlines)","messageBody":"","tags":["Level-4"],"fileTypesAndContributionMap":{"java":{"insertions":49,"deletions":4}}},{"hash":"77378b9406b9d98416279073747d577f2fd2ef33","messageTitle":"Implemented the unmarking of wishes i.e. untick checkbox","messageBody":"","fileTypesAndContributionMap":{"java":{"insertions":15,"deletions":1}}}]},{"date":"2022-10-11","commitResults":[{"hash":"1a15db58dab717254cb17b65ba16b848e7dec09e","messageTitle":"WIP","messageBody":"","fileTypesAndContributionMap":{"txt":{"insertions":3,"deletions":0},"java":{"insertions":39,"deletions":40},"sh":{"insertions":2,"deletions":2}}}]},{"date":"2022-10-13","commitResults":[{"hash":"1579dd3a5d08a940dfb5a031e235d259a8a94d9c","messageTitle":"re-configuring gradle","messageBody":"","fileTypesAndContributionMap":{"gradle":{"insertions":1,"deletions":1},"java":{"insertions":10,"deletions":0},"bat":{"insertions":1,"deletions":1},"sh":{"insertions":2,"deletions":2},"md":{"insertions":2,"deletions":2}}}]}]},"authorFileTypeContributionMap":{"limexpepper":{"java":185,"md":2,"fxml":0,"sh":2,"bat":1,"gradle":1,"txt":3}},"authorContributionVariance":{"limexpepper":320.14398},"authorDisplayNameMap":{"limexpepper":"ANG ..H YE"}}
