{"authorDailyContributionsMap":{"Dex-Kee":[{"date":"2022-08-09","commitResults":[{"hash":"009df0e0051c2e9908427e59f55480f9fdb6a382","messageTitle":"dev util class","messageBody":"","fileTypesAndContributionMap":{"java":{"insertions":123,"deletions":0},"bat":{"insertions":1,"deletions":1},"md":{"insertions":2,"deletions":2}}}]},{"date":"2022-08-17","commitResults":[{"hash":"41b0daf747351e3948c71dd6a5173882bca464b2","messageTitle":"weekly exercise","messageBody":"","fileTypesAndContributionMap":{"java":{"insertions":332,"deletions":0}}}]},{"date":"2022-08-21","commitResults":[{"hash":"23a5ce1f7178d746f3b08d75c5f0016501564f62","messageTitle":"add gradle support","messageBody":"","fileTypesAndContributionMap":{"gradle":{"insertions":19,"deletions":0},"java":{"insertions":60,"deletions":19}}}]},{"date":"2022-08-25","commitResults":[{"hash":"746df2e4902a245cb8923716c6bd563b5c4dd648","messageTitle":"Test token","messageBody":"","fileTypesAndContributionMap":{"md":{"insertions":11,"deletions":0}}}]},{"date":"2022-08-29","commitResults":[{"hash":"d2d9e9779792e7dd5e0dd0ae789fd4f44735f66e","messageTitle":"week 4 exercise + build framework","messageBody":"","fileTypesAndContributionMap":{"gradle":{"insertions":2,"deletions":0},"java":{"insertions":667,"deletions":17},"md":{"insertions":3,"deletions":1}}}]},{"date":"2022-08-31","commitResults":[{"hash":"4c55b09d8243fc17cdd93d408de23d12dd95ac96","messageTitle":"project init","messageBody":"","fileTypesAndContributionMap":{"java":{"insertions":34,"deletions":528}}},{"hash":"e03ae0a3ba829b8a15cf8f88fe1d9d2ea243bf47","messageTitle":"implement level 1 feature (greet, echo, exit)","messageBody":"","tags":["level1","Level-1"],"fileTypesAndContributionMap":{"java":{"insertions":35,"deletions":9}}},{"hash":"0875de0f6d31c1b819e1e3525fd4e13edc305533","messageTitle":"implement level 1 feature (add, list)","messageBody":"","tags":["level2","Level-2"],"fileTypesAndContributionMap":{"java":{"insertions":42,"deletions":9}}},{"hash":"9b9de9674ed8b095f25a98d6ce654adca5548834","messageTitle":"implement level 2 feature (add, list), wrong commit message for previous commit (id: 0875de0)","messageBody":"","fileTypesAndContributionMap":{"java":{"insertions":1,"deletions":1}}},{"hash":"ff8d631e4c8237a87824fc2dff71614d23256bd8","messageTitle":"rename `AddTaskCommand`","messageBody":"","fileTypesAndContributionMap":{"java":{"insertions":0,"deletions":0}}},{"hash":"812c9e34c37a5919eed5d0483a27d89b14132554","messageTitle":"rename `AddTaskCommand`","messageBody":"","fileTypesAndContributionMap":{"java":{"insertions":6,"deletions":10}}},{"hash":"d1b835c7a944f39c0c5e4e2234963e03e0c7f0fb","messageTitle":"rename command class","messageBody":"","fileTypesAndContributionMap":{"java":{"insertions":128,"deletions":65}}},{"hash":"b68a67696cac7e23cadd4d14cd439669a40f021b","messageTitle":"implement level 3 feature (mark, unmark) / implement show_command feature","messageBody":"","tags":["level3","Level-3"],"fileTypesAndContributionMap":{"java":{"insertions":182,"deletions":35}}},{"hash":"ddbef93f5c6741eff53212601acb04f19871eb77","messageTitle":"documentation","messageBody":"","fileTypesAndContributionMap":{"java":{"insertions":165,"deletions":6}}}]},{"date":"2022-09-02","commitResults":[{"hash":"cd3bee59b1986a4f96a1b237e48922520cd179ca","messageTitle":"abstract \"Form\" class","messageBody":"","fileTypesAndContributionMap":{"java":{"insertions":114,"deletions":31}}}]},{"date":"2022-09-06","commitResults":[{"hash":"d9c87d98809f31e18ec9155dc7299dc5a7f3781e","messageTitle":"implement level 4 feature (todos, events, deadlines)","messageBody":"","tags":["level4_and_level8","Level-4"],"fileTypesAndContributionMap":{"java":{"insertions":452,"deletions":174}}},{"hash":"e99ef120e29ec3f29093babf5ee691643ad16465","messageTitle":"add command description","messageBody":"","fileTypesAndContributionMap":{"java":{"insertions":21,"deletions":6}}},{"hash":"c0de703b9777b46cb9539b23294e11117fb38d8b","messageTitle":"implement level 5 feature (handle errors)","messageBody":"","tags":["level5","Level-5"],"fileTypesAndContributionMap":{"java":{"insertions":46,"deletions":14}}},{"hash":"e1a0e8bf7e5018ea4da786b5a2dcf676703dd8cb","messageTitle":"implement level 6 feature (delete)","messageBody":"","tags":["level6","Level-6"],"fileTypesAndContributionMap":{"java":{"insertions":107,"deletions":11}}},{"hash":"b8074f02df7e3b4fa328738dcdac68e4ac031a80","messageTitle":"add doc for delete operation","messageBody":"","fileTypesAndContributionMap":{"java":{"insertions":6,"deletions":1}}},{"hash":"bf84b1feb00df7a7a707be8a1f0720c242e3e069","messageTitle":"fix printing issue for `type icon`","messageBody":"","fileTypesAndContributionMap":{"java":{"insertions":1,"deletions":1}}},{"hash":"9dc92d9160d996b6a169c2fdea3910d5f1ca0986","messageTitle":"change program logo \u0026 handle undefined command","messageBody":"","fileTypesAndContributionMap":{"java":{"insertions":113,"deletions":18}}},{"hash":"d07ffad34a9affddafdb833b80f919fa4d1ced21","messageTitle":"doc modification","messageBody":"","fileTypesAndContributionMap":{"java":{"insertions":4,"deletions":4}}}]},{"date":"2022-09-07","commitResults":[{"hash":"acbc811b028c44d088b5ed160e37596049e1d00c","messageTitle":"implement level 7 feature (save)","messageBody":"","tags":["level7","Level-7"],"fileTypesAndContributionMap":{"gradle":{"insertions":1,"deletions":1},"txt":{"insertions":3,"deletions":0},"java":{"insertions":149,"deletions":15}}},{"hash":"199101f00897b162a4eb0137db57590a48241bf4","messageTitle":"implement level 9 feature (find)","messageBody":"","tags":["level9","Level-9"],"fileTypesAndContributionMap":{"txt":{"insertions":6,"deletions":1},"java":{"insertions":100,"deletions":2}}}]},{"date":"2022-09-08","commitResults":[{"hash":"d01eb4718c83220e3eeae39b458b9ba714343c73","messageTitle":"create util class to get user input","messageBody":"","fileTypesAndContributionMap":{"java":{"insertions":17,"deletions":4}}},{"hash":"bbd8c858c12b8fa02bd7787a6041bce343744f0a","messageTitle":"skip corrupted data when load source data from disk","messageBody":"","fileTypesAndContributionMap":{"java":{"insertions":30,"deletions":7}}},{"hash":"b0a0646b9078c1c794e4edcfbd85a34ed92ae61e","messageTitle":"implement extension feature (snooze/reschedule)","messageBody":"","tags":["extension-snooze"],"fileTypesAndContributionMap":{"txt":{"insertions":2,"deletions":2},"java":{"insertions":182,"deletions":26}}},{"hash":"c6635e81f39287d9296987ca7ad6f1f68f7e1e30","messageTitle":"label extension feature - DoWithinPeriodTask (already implemented, detail in the tag `level4-level8`)","messageBody":"","tags":["extension-doWithinPeriodTasks"],"fileTypesAndContributionMap":{"java":{"insertions":1,"deletions":0}}},{"hash":"7975ff269032559c7dac7b13ec2fc06a6b515b0f","messageTitle":"implement async way to persist task data","messageBody":"","fileTypesAndContributionMap":{"txt":{"insertions":4,"deletions":3},"java":{"insertions":46,"deletions":1}}}]},{"date":"2022-09-23","commitResults":[{"hash":"8720aaf137007ec2e5d04fd5348403d57e9d7f68","messageTitle":"implement dynamically output data file location","messageBody":"","fileTypesAndContributionMap":{"java":{"insertions":79,"deletions":26}}},{"hash":"5f77b0991a0c05089d117d8ba74b8700a942fee3","messageTitle":"Test case for command service","messageBody":"","fileTypesAndContributionMap":{"java":{"insertions":190,"deletions":0}}}]},{"date":"2022-10-14","commitResults":[{"hash":"99d458959a557fa7ddeac2cba065c95ec9cbd0a2","messageTitle":"package refactor","messageBody":"","fileTypesAndContributionMap":{"java":{"insertions":164,"deletions":166},"bat":{"insertions":1,"deletions":1},"md":{"insertions":2,"deletions":2}}}]},{"date":"2022-10-16","commitResults":[{"hash":"e7a9d9348cf1c0a6299e3376c4873720af3ac7fc","messageTitle":"add test code for service pck","messageBody":"","fileTypesAndContributionMap":{"java":{"insertions":602,"deletions":193}}}]},{"date":"2022-10-21","commitResults":[{"hash":"cc9aaa2a1b39efdab91736689a1b9bba41fe3f70","messageTitle":"add test code (completed)","messageBody":"","fileTypesAndContributionMap":{"txt":{"insertions":2,"deletions":0},"java":{"insertions":443,"deletions":14}}}]}]},"authorFileTypeContributionMap":{"Dex-Kee":{"java":3235,"md":15,"fxml":0,"sh":0,"bat":1,"gradle":21,"txt":11}},"authorContributionVariance":{"Dex-Kee":51927.074},"authorDisplayNameMap":{"Dex-Kee":"KE Z..IHAO"}}
