[{"path":"src/main/java/Duke.java","fileType":"java","lines":[{"lineNumber":1,"author":{"gitId":"YaoLiangA0227092H"},"content":"import entity.Deadline;","lastModifiedDate":"2022-10-09"},{"lineNumber":2,"author":{"gitId":"YaoLiangA0227092H"},"content":"import entity.Event;","lastModifiedDate":"2022-09-18"},{"lineNumber":3,"author":{"gitId":"YaoLiangA0227092H"},"content":"import entity.Task;","lastModifiedDate":"2022-09-18"},{"lineNumber":4,"author":{"gitId":"YaoLiangA0227092H"},"content":"import entity.ToDo;","lastModifiedDate":"2022-10-09"},{"lineNumber":5,"author":{"gitId":"YaoLiangA0227092H"},"content":"import exception.EmptyActionException;","lastModifiedDate":"2022-09-18"},{"lineNumber":6,"author":{"gitId":"YaoLiangA0227092H"},"content":"import exception.IllegalContentException;","lastModifiedDate":"2022-10-09"},{"lineNumber":7,"author":{"gitId":"YaoLiangA0227092H"},"content":"import exception.IllegalActionException;","lastModifiedDate":"2022-09-18"},{"lineNumber":8,"author":{"gitId":"YaoLiangA0227092H"},"content":"import manager.FileManager;","lastModifiedDate":"2022-10-09"},{"lineNumber":9,"author":{"gitId":"YaoLiangA0227092H"},"content":"import util.PrintUtil;","lastModifiedDate":"2022-09-18"},{"lineNumber":10,"author":{"gitId":"YaoLiangA0227092H"},"content":"import manager.TaskManager;","lastModifiedDate":"2022-10-09"},{"lineNumber":11,"author":{"gitId":"YaoLiangA0227092H"},"content":"","lastModifiedDate":"2022-09-18"},{"lineNumber":12,"author":{"gitId":"YaoLiangA0227092H"},"content":"import java.util.ArrayList;","lastModifiedDate":"2022-08-27"},{"lineNumber":13,"author":{"gitId":"YaoLiangA0227092H"},"content":"import java.util.Arrays;","lastModifiedDate":"2022-09-18"},{"lineNumber":14,"author":{"gitId":"YaoLiangA0227092H"},"content":"import java.util.Scanner;","lastModifiedDate":"2022-08-27"},{"lineNumber":15,"author":{"gitId":"YaoLiangA0227092H"},"content":"","lastModifiedDate":"2022-08-27"},{"lineNumber":16,"author":{"gitId":"-"},"content":"public class Duke {","lastModifiedDate":"2019-07-29"},{"lineNumber":17,"author":{"gitId":"YaoLiangA0227092H"},"content":"    public static final String ACTION_LIST \u003d \"list\";","lastModifiedDate":"2022-09-18"},{"lineNumber":18,"author":{"gitId":"YaoLiangA0227092H"},"content":"    public static final String ACTION_BYE \u003d \"bye\";","lastModifiedDate":"2022-09-18"},{"lineNumber":19,"author":{"gitId":"YaoLiangA0227092H"},"content":"    public static final String ACTION_MARK \u003d \"mark\";","lastModifiedDate":"2022-09-18"},{"lineNumber":20,"author":{"gitId":"YaoLiangA0227092H"},"content":"    public static final String ACTION_UNMARK \u003d \"unmark\";","lastModifiedDate":"2022-09-18"},{"lineNumber":21,"author":{"gitId":"YaoLiangA0227092H"},"content":"","lastModifiedDate":"2022-09-18"},{"lineNumber":22,"author":{"gitId":"YaoLiangA0227092H"},"content":"    public static final String ACTION_ADD \u003d \"add\";","lastModifiedDate":"2022-09-18"},{"lineNumber":23,"author":{"gitId":"YaoLiangA0227092H"},"content":"    public static final String ACTION_TODO \u003d \"todo\";","lastModifiedDate":"2022-09-18"},{"lineNumber":24,"author":{"gitId":"YaoLiangA0227092H"},"content":"    public static final String ACTION_DEADLINE \u003d \"deadline\";","lastModifiedDate":"2022-09-18"},{"lineNumber":25,"author":{"gitId":"YaoLiangA0227092H"},"content":"    public static final String ACTION_EVENT \u003d \"event\";","lastModifiedDate":"2022-09-18"},{"lineNumber":26,"author":{"gitId":"YaoLiangA0227092H"},"content":"    public static final String ACTION_DELETE \u003d \"delete\";","lastModifiedDate":"2022-10-09"},{"lineNumber":27,"author":{"gitId":"YaoLiangA0227092H"},"content":"    public static Scanner scanner;","lastModifiedDate":"2022-08-27"},{"lineNumber":28,"author":{"gitId":"YaoLiangA0227092H"},"content":"    public static String[] inputArr; //[\"action\", \"content\"]","lastModifiedDate":"2022-09-18"},{"lineNumber":29,"author":{"gitId":"YaoLiangA0227092H"},"content":"    public static ArrayList\u003cString\u003e actionList;","lastModifiedDate":"2022-09-18"},{"lineNumber":30,"author":{"gitId":"YaoLiangA0227092H"},"content":"    public static TaskManager taskManager;","lastModifiedDate":"2022-10-09"},{"lineNumber":31,"author":{"gitId":"YaoLiangA0227092H"},"content":"    public static FileManager fileManager;","lastModifiedDate":"2022-10-09"},{"lineNumber":32,"author":{"gitId":"YaoLiangA0227092H"},"content":"","lastModifiedDate":"2022-08-27"},{"lineNumber":33,"author":{"gitId":"YaoLiangA0227092H"},"content":"    public static void getUserInput() throws IllegalActionException, EmptyActionException {","lastModifiedDate":"2022-09-18"},{"lineNumber":34,"author":{"gitId":"YaoLiangA0227092H"},"content":"        String input \u003d scanner.nextLine().trim();","lastModifiedDate":"2022-09-18"},{"lineNumber":35,"author":{"gitId":"YaoLiangA0227092H"},"content":"        if (input.isEmpty()) {","lastModifiedDate":"2022-09-18"},{"lineNumber":36,"author":{"gitId":"YaoLiangA0227092H"},"content":"            throw new EmptyActionException();","lastModifiedDate":"2022-09-18"},{"lineNumber":37,"author":{"gitId":"YaoLiangA0227092H"},"content":"        }","lastModifiedDate":"2022-08-30"},{"lineNumber":38,"author":{"gitId":"YaoLiangA0227092H"},"content":"","lastModifiedDate":"2022-08-30"},{"lineNumber":39,"author":{"gitId":"YaoLiangA0227092H"},"content":"        inputArr \u003d input.split(\" \", 2);","lastModifiedDate":"2022-09-18"},{"lineNumber":40,"author":{"gitId":"YaoLiangA0227092H"},"content":"        inputArr[0] \u003d inputArr[0].toLowerCase();","lastModifiedDate":"2022-09-18"},{"lineNumber":41,"author":{"gitId":"YaoLiangA0227092H"},"content":"        if (!actionList.contains(inputArr[0])) {","lastModifiedDate":"2022-09-18"},{"lineNumber":42,"author":{"gitId":"YaoLiangA0227092H"},"content":"            throw new IllegalActionException();","lastModifiedDate":"2022-09-18"},{"lineNumber":43,"author":{"gitId":"YaoLiangA0227092H"},"content":"        }","lastModifiedDate":"2022-08-30"},{"lineNumber":44,"author":{"gitId":"YaoLiangA0227092H"},"content":"    }","lastModifiedDate":"2022-08-27"},{"lineNumber":45,"author":{"gitId":"YaoLiangA0227092H"},"content":"","lastModifiedDate":"2022-08-27"},{"lineNumber":46,"author":{"gitId":"-"},"content":"    public static void main(String[] args) {","lastModifiedDate":"2022-08-27"},{"lineNumber":47,"author":{"gitId":"YaoLiangA0227092H"},"content":"","lastModifiedDate":"2022-08-27"},{"lineNumber":48,"author":{"gitId":"YaoLiangA0227092H"},"content":"        //greetings","lastModifiedDate":"2022-08-27"},{"lineNumber":49,"author":{"gitId":"YaoLiangA0227092H"},"content":"        PrintUtil.printWithIndentation(\"Hello! I\u0027m Duke\\n \\t What can I do for you?\");","lastModifiedDate":"2022-09-18"},{"lineNumber":50,"author":{"gitId":"YaoLiangA0227092H"},"content":"","lastModifiedDate":"2022-08-27"},{"lineNumber":51,"author":{"gitId":"YaoLiangA0227092H"},"content":"        //init","lastModifiedDate":"2022-08-27"},{"lineNumber":52,"author":{"gitId":"YaoLiangA0227092H"},"content":"        fileManager \u003d FileManager.getInstance();","lastModifiedDate":"2022-10-09"},{"lineNumber":53,"author":{"gitId":"YaoLiangA0227092H"},"content":"        taskManager \u003d TaskManager.getInstance();","lastModifiedDate":"2022-10-09"},{"lineNumber":54,"author":{"gitId":"YaoLiangA0227092H"},"content":"        scanner \u003d new Scanner(System.in);","lastModifiedDate":"2022-08-27"},{"lineNumber":55,"author":{"gitId":"YaoLiangA0227092H"},"content":"        inputArr \u003d new String[]{\"\"};","lastModifiedDate":"2022-09-18"},{"lineNumber":56,"author":{"gitId":"YaoLiangA0227092H"},"content":"        actionList \u003d new ArrayList\u003c\u003e(Arrays.asList(ACTION_LIST, ACTION_BYE, ACTION_MARK, ACTION_UNMARK, ACTION_ADD,","lastModifiedDate":"2022-10-09"},{"lineNumber":57,"author":{"gitId":"YaoLiangA0227092H"},"content":"                ACTION_TODO, ACTION_DEADLINE, ACTION_EVENT, ACTION_DELETE));","lastModifiedDate":"2022-10-09"},{"lineNumber":58,"author":{"gitId":"YaoLiangA0227092H"},"content":"","lastModifiedDate":"2022-08-30"},{"lineNumber":59,"author":{"gitId":"YaoLiangA0227092H"},"content":"        //start","lastModifiedDate":"2022-08-27"},{"lineNumber":60,"author":{"gitId":"YaoLiangA0227092H"},"content":"        while (!inputArr[0].equals(ACTION_BYE)) {","lastModifiedDate":"2022-09-18"},{"lineNumber":61,"author":{"gitId":"YaoLiangA0227092H"},"content":"","lastModifiedDate":"2022-08-27"},{"lineNumber":62,"author":{"gitId":"YaoLiangA0227092H"},"content":"            try {","lastModifiedDate":"2022-09-18"},{"lineNumber":63,"author":{"gitId":"YaoLiangA0227092H"},"content":"                getUserInput();","lastModifiedDate":"2022-09-18"},{"lineNumber":64,"author":{"gitId":"YaoLiangA0227092H"},"content":"            } catch (IllegalActionException e) {","lastModifiedDate":"2022-09-18"},{"lineNumber":65,"author":{"gitId":"YaoLiangA0227092H"},"content":"                PrintUtil.printIllegalActionMessage();","lastModifiedDate":"2022-09-18"},{"lineNumber":66,"author":{"gitId":"YaoLiangA0227092H"},"content":"                continue;","lastModifiedDate":"2022-09-18"},{"lineNumber":67,"author":{"gitId":"YaoLiangA0227092H"},"content":"            } catch (EmptyActionException e) {","lastModifiedDate":"2022-09-18"},{"lineNumber":68,"author":{"gitId":"YaoLiangA0227092H"},"content":"                PrintUtil.printEmptyActionMessage();","lastModifiedDate":"2022-09-18"},{"lineNumber":69,"author":{"gitId":"YaoLiangA0227092H"},"content":"                continue;","lastModifiedDate":"2022-09-18"},{"lineNumber":70,"author":{"gitId":"YaoLiangA0227092H"},"content":"            }","lastModifiedDate":"2022-09-18"},{"lineNumber":71,"author":{"gitId":"YaoLiangA0227092H"},"content":"","lastModifiedDate":"2022-08-27"},{"lineNumber":72,"author":{"gitId":"YaoLiangA0227092H"},"content":"            switch (inputArr[0]) {","lastModifiedDate":"2022-09-18"},{"lineNumber":73,"author":{"gitId":"YaoLiangA0227092H"},"content":"                case ACTION_LIST:","lastModifiedDate":"2022-09-18"},{"lineNumber":74,"author":{"gitId":"YaoLiangA0227092H"},"content":"                    taskManager.printList();","lastModifiedDate":"2022-10-09"},{"lineNumber":75,"author":{"gitId":"YaoLiangA0227092H"},"content":"                    break;","lastModifiedDate":"2022-08-27"},{"lineNumber":76,"author":{"gitId":"YaoLiangA0227092H"},"content":"                case ACTION_MARK:","lastModifiedDate":"2022-09-18"},{"lineNumber":77,"author":{"gitId":"YaoLiangA0227092H"},"content":"                case ACTION_UNMARK:","lastModifiedDate":"2022-09-18"},{"lineNumber":78,"author":{"gitId":"YaoLiangA0227092H"},"content":"                    try {","lastModifiedDate":"2022-09-18"},{"lineNumber":79,"author":{"gitId":"YaoLiangA0227092H"},"content":"                        taskManager.updateTaskStatus(inputArr);","lastModifiedDate":"2022-10-09"},{"lineNumber":80,"author":{"gitId":"YaoLiangA0227092H"},"content":"                    } catch (IllegalActionException e) {","lastModifiedDate":"2022-09-18"},{"lineNumber":81,"author":{"gitId":"YaoLiangA0227092H"},"content":"                        PrintUtil.printErrorMessage(e);","lastModifiedDate":"2022-09-18"},{"lineNumber":82,"author":{"gitId":"YaoLiangA0227092H"},"content":"                    }","lastModifiedDate":"2022-09-18"},{"lineNumber":83,"author":{"gitId":"YaoLiangA0227092H"},"content":"                    break;","lastModifiedDate":"2022-08-30"},{"lineNumber":84,"author":{"gitId":"YaoLiangA0227092H"},"content":"                case ACTION_DELETE:","lastModifiedDate":"2022-10-09"},{"lineNumber":85,"author":{"gitId":"YaoLiangA0227092H"},"content":"                    try {","lastModifiedDate":"2022-10-09"},{"lineNumber":86,"author":{"gitId":"YaoLiangA0227092H"},"content":"                        taskManager.deleteTask(inputArr);","lastModifiedDate":"2022-10-09"},{"lineNumber":87,"author":{"gitId":"YaoLiangA0227092H"},"content":"                    } catch (IllegalContentException e) {","lastModifiedDate":"2022-10-09"},{"lineNumber":88,"author":{"gitId":"YaoLiangA0227092H"},"content":"                        PrintUtil.printErrorMessage(e);","lastModifiedDate":"2022-10-09"},{"lineNumber":89,"author":{"gitId":"YaoLiangA0227092H"},"content":"                    }","lastModifiedDate":"2022-10-09"},{"lineNumber":90,"author":{"gitId":"YaoLiangA0227092H"},"content":"                    break;","lastModifiedDate":"2022-10-09"},{"lineNumber":91,"author":{"gitId":"YaoLiangA0227092H"},"content":"                case ACTION_BYE:","lastModifiedDate":"2022-09-18"},{"lineNumber":92,"author":{"gitId":"YaoLiangA0227092H"},"content":"                    PrintUtil.printByeMessage();","lastModifiedDate":"2022-09-18"},{"lineNumber":93,"author":{"gitId":"YaoLiangA0227092H"},"content":"                    break;","lastModifiedDate":"2022-08-30"},{"lineNumber":94,"author":{"gitId":"YaoLiangA0227092H"},"content":"                default:","lastModifiedDate":"2022-09-18"},{"lineNumber":95,"author":{"gitId":"YaoLiangA0227092H"},"content":"                    try {","lastModifiedDate":"2022-09-18"},{"lineNumber":96,"author":{"gitId":"YaoLiangA0227092H"},"content":"                        taskManager.addTask(inputArr);","lastModifiedDate":"2022-10-09"},{"lineNumber":97,"author":{"gitId":"YaoLiangA0227092H"},"content":"                    } catch (IllegalContentException e) {","lastModifiedDate":"2022-10-09"},{"lineNumber":98,"author":{"gitId":"YaoLiangA0227092H"},"content":"                        PrintUtil.printErrorMessage(e);","lastModifiedDate":"2022-09-18"},{"lineNumber":99,"author":{"gitId":"YaoLiangA0227092H"},"content":"                    }","lastModifiedDate":"2022-09-18"},{"lineNumber":100,"author":{"gitId":"YaoLiangA0227092H"},"content":"                    break;","lastModifiedDate":"2022-08-27"},{"lineNumber":101,"author":{"gitId":"YaoLiangA0227092H"},"content":"            }","lastModifiedDate":"2022-08-27"},{"lineNumber":102,"author":{"gitId":"YaoLiangA0227092H"},"content":"        }","lastModifiedDate":"2022-08-27"},{"lineNumber":103,"author":{"gitId":"-"},"content":"    }","lastModifiedDate":"2019-07-29"},{"lineNumber":104,"author":{"gitId":"-"},"content":"}","lastModifiedDate":"2019-07-29"}],"authorContributionMap":{"-":4,"YaoLiangA0227092H":100}},{"path":"src/main/java/entity/Deadline.java","fileType":"java","lines":[{"lineNumber":1,"author":{"gitId":"YaoLiangA0227092H"},"content":"package entity;","lastModifiedDate":"2022-09-18"},{"lineNumber":2,"author":{"gitId":"YaoLiangA0227092H"},"content":"","lastModifiedDate":"2022-09-18"},{"lineNumber":3,"author":{"gitId":"YaoLiangA0227092H"},"content":"import util.PrintUtil;","lastModifiedDate":"2022-09-18"},{"lineNumber":4,"author":{"gitId":"YaoLiangA0227092H"},"content":"","lastModifiedDate":"2022-09-18"},{"lineNumber":5,"author":{"gitId":"YaoLiangA0227092H"},"content":"public class Deadline extends Task {","lastModifiedDate":"2022-09-18"},{"lineNumber":6,"author":{"gitId":"YaoLiangA0227092H"},"content":"","lastModifiedDate":"2022-09-18"},{"lineNumber":7,"author":{"gitId":"YaoLiangA0227092H"},"content":"    private String deadline;","lastModifiedDate":"2022-09-18"},{"lineNumber":8,"author":{"gitId":"YaoLiangA0227092H"},"content":"","lastModifiedDate":"2022-09-18"},{"lineNumber":9,"author":{"gitId":"YaoLiangA0227092H"},"content":"    public Deadline(String name, String deadline) {","lastModifiedDate":"2022-09-18"},{"lineNumber":10,"author":{"gitId":"YaoLiangA0227092H"},"content":"        super(name);","lastModifiedDate":"2022-09-18"},{"lineNumber":11,"author":{"gitId":"YaoLiangA0227092H"},"content":"        this.deadline \u003d deadline.trim();","lastModifiedDate":"2022-09-18"},{"lineNumber":12,"author":{"gitId":"YaoLiangA0227092H"},"content":"    }","lastModifiedDate":"2022-09-18"},{"lineNumber":13,"author":{"gitId":"YaoLiangA0227092H"},"content":"","lastModifiedDate":"2022-09-18"},{"lineNumber":14,"author":{"gitId":"YaoLiangA0227092H"},"content":"    public Deadline(String name, String deadline, boolean isDone) {","lastModifiedDate":"2022-10-09"},{"lineNumber":15,"author":{"gitId":"YaoLiangA0227092H"},"content":"        super(name, isDone);","lastModifiedDate":"2022-10-09"},{"lineNumber":16,"author":{"gitId":"YaoLiangA0227092H"},"content":"        this.deadline \u003d deadline;","lastModifiedDate":"2022-10-09"},{"lineNumber":17,"author":{"gitId":"YaoLiangA0227092H"},"content":"    }","lastModifiedDate":"2022-10-09"},{"lineNumber":18,"author":{"gitId":"YaoLiangA0227092H"},"content":"","lastModifiedDate":"2022-10-09"},{"lineNumber":19,"author":{"gitId":"YaoLiangA0227092H"},"content":"    public String getDeadline() {","lastModifiedDate":"2022-09-18"},{"lineNumber":20,"author":{"gitId":"YaoLiangA0227092H"},"content":"        return deadline;","lastModifiedDate":"2022-09-18"},{"lineNumber":21,"author":{"gitId":"YaoLiangA0227092H"},"content":"    }","lastModifiedDate":"2022-09-18"},{"lineNumber":22,"author":{"gitId":"YaoLiangA0227092H"},"content":"","lastModifiedDate":"2022-09-18"},{"lineNumber":23,"author":{"gitId":"YaoLiangA0227092H"},"content":"    public void setDeadline(String deadline) {","lastModifiedDate":"2022-09-18"},{"lineNumber":24,"author":{"gitId":"YaoLiangA0227092H"},"content":"        this.deadline \u003d deadline;","lastModifiedDate":"2022-09-18"},{"lineNumber":25,"author":{"gitId":"YaoLiangA0227092H"},"content":"    }","lastModifiedDate":"2022-09-18"},{"lineNumber":26,"author":{"gitId":"YaoLiangA0227092H"},"content":"","lastModifiedDate":"2022-09-18"},{"lineNumber":27,"author":{"gitId":"YaoLiangA0227092H"},"content":"    @Override","lastModifiedDate":"2022-09-18"},{"lineNumber":28,"author":{"gitId":"YaoLiangA0227092H"},"content":"    public String getTypeIcon() {","lastModifiedDate":"2022-09-18"},{"lineNumber":29,"author":{"gitId":"YaoLiangA0227092H"},"content":"        return \"D\";","lastModifiedDate":"2022-10-09"},{"lineNumber":30,"author":{"gitId":"YaoLiangA0227092H"},"content":"    }","lastModifiedDate":"2022-09-18"},{"lineNumber":31,"author":{"gitId":"YaoLiangA0227092H"},"content":"","lastModifiedDate":"2022-09-18"},{"lineNumber":32,"author":{"gitId":"YaoLiangA0227092H"},"content":"    @Override","lastModifiedDate":"2022-09-18"},{"lineNumber":33,"author":{"gitId":"YaoLiangA0227092H"},"content":"    public String getDetails() {","lastModifiedDate":"2022-09-18"},{"lineNumber":34,"author":{"gitId":"YaoLiangA0227092H"},"content":"        return String.format(\"[%s]%s %s (by: %s)\", getTypeIcon(), getStatusIcon(), getDescription(), getDeadline());","lastModifiedDate":"2022-10-09"},{"lineNumber":35,"author":{"gitId":"YaoLiangA0227092H"},"content":"    }","lastModifiedDate":"2022-10-09"},{"lineNumber":36,"author":{"gitId":"YaoLiangA0227092H"},"content":"","lastModifiedDate":"2022-10-09"},{"lineNumber":37,"author":{"gitId":"YaoLiangA0227092H"},"content":"    @Override","lastModifiedDate":"2022-10-09"},{"lineNumber":38,"author":{"gitId":"YaoLiangA0227092H"},"content":"    public String getSavingFormatDetails() {","lastModifiedDate":"2022-10-09"},{"lineNumber":39,"author":{"gitId":"YaoLiangA0227092H"},"content":"        return String.format(\"%s | %d | %s | %s\\n\", getTypeIcon(), isDone() ? 1 : 0, getDescription(), getDeadline());","lastModifiedDate":"2022-10-09"},{"lineNumber":40,"author":{"gitId":"YaoLiangA0227092H"},"content":"    }","lastModifiedDate":"2022-09-18"},{"lineNumber":41,"author":{"gitId":"YaoLiangA0227092H"},"content":"}","lastModifiedDate":"2022-09-18"}],"authorContributionMap":{"YaoLiangA0227092H":41}},{"path":"src/main/java/entity/Event.java","fileType":"java","lines":[{"lineNumber":1,"author":{"gitId":"YaoLiangA0227092H"},"content":"package entity;","lastModifiedDate":"2022-09-18"},{"lineNumber":2,"author":{"gitId":"YaoLiangA0227092H"},"content":"","lastModifiedDate":"2022-09-18"},{"lineNumber":3,"author":{"gitId":"YaoLiangA0227092H"},"content":"public class Event extends Task {","lastModifiedDate":"2022-09-18"},{"lineNumber":4,"author":{"gitId":"YaoLiangA0227092H"},"content":"","lastModifiedDate":"2022-09-18"},{"lineNumber":5,"author":{"gitId":"YaoLiangA0227092H"},"content":"    private String time;","lastModifiedDate":"2022-09-18"},{"lineNumber":6,"author":{"gitId":"YaoLiangA0227092H"},"content":"//    private String endTime;","lastModifiedDate":"2022-09-18"},{"lineNumber":7,"author":{"gitId":"YaoLiangA0227092H"},"content":"","lastModifiedDate":"2022-09-18"},{"lineNumber":8,"author":{"gitId":"YaoLiangA0227092H"},"content":"    public Event(String name, String time) {","lastModifiedDate":"2022-09-18"},{"lineNumber":9,"author":{"gitId":"YaoLiangA0227092H"},"content":"        super(name);","lastModifiedDate":"2022-09-18"},{"lineNumber":10,"author":{"gitId":"YaoLiangA0227092H"},"content":"        this.time \u003d time;","lastModifiedDate":"2022-09-18"},{"lineNumber":11,"author":{"gitId":"YaoLiangA0227092H"},"content":"    }","lastModifiedDate":"2022-09-18"},{"lineNumber":12,"author":{"gitId":"YaoLiangA0227092H"},"content":"","lastModifiedDate":"2022-09-18"},{"lineNumber":13,"author":{"gitId":"YaoLiangA0227092H"},"content":"    public Event(String name, String time, boolean isDone) {","lastModifiedDate":"2022-10-09"},{"lineNumber":14,"author":{"gitId":"YaoLiangA0227092H"},"content":"        super(name, isDone);","lastModifiedDate":"2022-10-09"},{"lineNumber":15,"author":{"gitId":"YaoLiangA0227092H"},"content":"        this.time \u003d time;","lastModifiedDate":"2022-10-09"},{"lineNumber":16,"author":{"gitId":"YaoLiangA0227092H"},"content":"    }","lastModifiedDate":"2022-10-09"},{"lineNumber":17,"author":{"gitId":"YaoLiangA0227092H"},"content":"","lastModifiedDate":"2022-10-09"},{"lineNumber":18,"author":{"gitId":"YaoLiangA0227092H"},"content":"    public String getTime() {","lastModifiedDate":"2022-09-18"},{"lineNumber":19,"author":{"gitId":"YaoLiangA0227092H"},"content":"        return time;","lastModifiedDate":"2022-09-18"},{"lineNumber":20,"author":{"gitId":"YaoLiangA0227092H"},"content":"    }","lastModifiedDate":"2022-09-18"},{"lineNumber":21,"author":{"gitId":"YaoLiangA0227092H"},"content":"","lastModifiedDate":"2022-09-18"},{"lineNumber":22,"author":{"gitId":"YaoLiangA0227092H"},"content":"    public void setTime(String time) {","lastModifiedDate":"2022-09-18"},{"lineNumber":23,"author":{"gitId":"YaoLiangA0227092H"},"content":"        this.time \u003d time;","lastModifiedDate":"2022-09-18"},{"lineNumber":24,"author":{"gitId":"YaoLiangA0227092H"},"content":"    }","lastModifiedDate":"2022-09-18"},{"lineNumber":25,"author":{"gitId":"YaoLiangA0227092H"},"content":"","lastModifiedDate":"2022-09-18"},{"lineNumber":26,"author":{"gitId":"YaoLiangA0227092H"},"content":"    @Override","lastModifiedDate":"2022-09-18"},{"lineNumber":27,"author":{"gitId":"YaoLiangA0227092H"},"content":"    public String getTypeIcon() {","lastModifiedDate":"2022-09-18"},{"lineNumber":28,"author":{"gitId":"YaoLiangA0227092H"},"content":"        return \"E\";","lastModifiedDate":"2022-10-09"},{"lineNumber":29,"author":{"gitId":"YaoLiangA0227092H"},"content":"    }","lastModifiedDate":"2022-09-18"},{"lineNumber":30,"author":{"gitId":"YaoLiangA0227092H"},"content":"","lastModifiedDate":"2022-09-18"},{"lineNumber":31,"author":{"gitId":"YaoLiangA0227092H"},"content":"    @Override","lastModifiedDate":"2022-09-18"},{"lineNumber":32,"author":{"gitId":"YaoLiangA0227092H"},"content":"    public String getDetails() {","lastModifiedDate":"2022-09-18"},{"lineNumber":33,"author":{"gitId":"YaoLiangA0227092H"},"content":"        return String.format(\"[%s]%s %s (at: %s)\", getTypeIcon(), getStatusIcon(), getDescription(), getTime());","lastModifiedDate":"2022-10-09"},{"lineNumber":34,"author":{"gitId":"YaoLiangA0227092H"},"content":"    }","lastModifiedDate":"2022-10-09"},{"lineNumber":35,"author":{"gitId":"YaoLiangA0227092H"},"content":"","lastModifiedDate":"2022-10-09"},{"lineNumber":36,"author":{"gitId":"YaoLiangA0227092H"},"content":"    @Override","lastModifiedDate":"2022-10-09"},{"lineNumber":37,"author":{"gitId":"YaoLiangA0227092H"},"content":"    public String getSavingFormatDetails() {","lastModifiedDate":"2022-10-09"},{"lineNumber":38,"author":{"gitId":"YaoLiangA0227092H"},"content":"        return String.format(\"%s | %d | %s | %s\\n\", getTypeIcon(), isDone() ? 1 : 0, getDescription(), getTime());","lastModifiedDate":"2022-10-09"},{"lineNumber":39,"author":{"gitId":"YaoLiangA0227092H"},"content":"    }","lastModifiedDate":"2022-09-18"},{"lineNumber":40,"author":{"gitId":"YaoLiangA0227092H"},"content":"}","lastModifiedDate":"2022-09-18"}],"authorContributionMap":{"YaoLiangA0227092H":40}},{"path":"src/main/java/entity/Task.java","fileType":"java","lines":[{"lineNumber":1,"author":{"gitId":"YaoLiangA0227092H"},"content":"package entity;","lastModifiedDate":"2022-09-18"},{"lineNumber":2,"author":{"gitId":"YaoLiangA0227092H"},"content":"","lastModifiedDate":"2022-09-18"},{"lineNumber":3,"author":{"gitId":"YaoLiangA0227092H"},"content":"import util.PrintUtil;","lastModifiedDate":"2022-09-18"},{"lineNumber":4,"author":{"gitId":"YaoLiangA0227092H"},"content":"","lastModifiedDate":"2022-09-18"},{"lineNumber":5,"author":{"gitId":"YaoLiangA0227092H"},"content":"public class Task {","lastModifiedDate":"2022-09-18"},{"lineNumber":6,"author":{"gitId":"YaoLiangA0227092H"},"content":"","lastModifiedDate":"2022-09-18"},{"lineNumber":7,"author":{"gitId":"YaoLiangA0227092H"},"content":"    private String description \u003d \"\";","lastModifiedDate":"2022-09-18"},{"lineNumber":8,"author":{"gitId":"YaoLiangA0227092H"},"content":"    private boolean isDone \u003d false;","lastModifiedDate":"2022-09-18"},{"lineNumber":9,"author":{"gitId":"YaoLiangA0227092H"},"content":"","lastModifiedDate":"2022-09-18"},{"lineNumber":10,"author":{"gitId":"YaoLiangA0227092H"},"content":"    public Task(String name) {","lastModifiedDate":"2022-09-18"},{"lineNumber":11,"author":{"gitId":"YaoLiangA0227092H"},"content":"        this.description \u003d name.trim();","lastModifiedDate":"2022-09-18"},{"lineNumber":12,"author":{"gitId":"YaoLiangA0227092H"},"content":"    }","lastModifiedDate":"2022-09-18"},{"lineNumber":13,"author":{"gitId":"YaoLiangA0227092H"},"content":"","lastModifiedDate":"2022-09-18"},{"lineNumber":14,"author":{"gitId":"YaoLiangA0227092H"},"content":"    public Task(String name, boolean isDone) {","lastModifiedDate":"2022-10-09"},{"lineNumber":15,"author":{"gitId":"YaoLiangA0227092H"},"content":"        this.description \u003d name.trim();","lastModifiedDate":"2022-10-09"},{"lineNumber":16,"author":{"gitId":"YaoLiangA0227092H"},"content":"        this.isDone \u003d isDone;","lastModifiedDate":"2022-10-09"},{"lineNumber":17,"author":{"gitId":"YaoLiangA0227092H"},"content":"    }","lastModifiedDate":"2022-10-09"},{"lineNumber":18,"author":{"gitId":"YaoLiangA0227092H"},"content":"","lastModifiedDate":"2022-10-09"},{"lineNumber":19,"author":{"gitId":"YaoLiangA0227092H"},"content":"    public String getDescription() {","lastModifiedDate":"2022-09-18"},{"lineNumber":20,"author":{"gitId":"YaoLiangA0227092H"},"content":"        return description;","lastModifiedDate":"2022-09-18"},{"lineNumber":21,"author":{"gitId":"YaoLiangA0227092H"},"content":"    }","lastModifiedDate":"2022-09-18"},{"lineNumber":22,"author":{"gitId":"YaoLiangA0227092H"},"content":"","lastModifiedDate":"2022-09-18"},{"lineNumber":23,"author":{"gitId":"YaoLiangA0227092H"},"content":"    public void setDescription(String description) {","lastModifiedDate":"2022-09-18"},{"lineNumber":24,"author":{"gitId":"YaoLiangA0227092H"},"content":"        this.description \u003d description;","lastModifiedDate":"2022-09-18"},{"lineNumber":25,"author":{"gitId":"YaoLiangA0227092H"},"content":"    }","lastModifiedDate":"2022-09-18"},{"lineNumber":26,"author":{"gitId":"YaoLiangA0227092H"},"content":"","lastModifiedDate":"2022-09-18"},{"lineNumber":27,"author":{"gitId":"YaoLiangA0227092H"},"content":"    public void updateStatus() {","lastModifiedDate":"2022-09-18"},{"lineNumber":28,"author":{"gitId":"YaoLiangA0227092H"},"content":"        this.isDone \u003d !isDone;","lastModifiedDate":"2022-09-18"},{"lineNumber":29,"author":{"gitId":"YaoLiangA0227092H"},"content":"    }","lastModifiedDate":"2022-09-18"},{"lineNumber":30,"author":{"gitId":"YaoLiangA0227092H"},"content":"","lastModifiedDate":"2022-09-18"},{"lineNumber":31,"author":{"gitId":"YaoLiangA0227092H"},"content":"    public boolean isDone() {","lastModifiedDate":"2022-09-18"},{"lineNumber":32,"author":{"gitId":"YaoLiangA0227092H"},"content":"        return isDone;","lastModifiedDate":"2022-09-18"},{"lineNumber":33,"author":{"gitId":"YaoLiangA0227092H"},"content":"    }","lastModifiedDate":"2022-09-18"},{"lineNumber":34,"author":{"gitId":"YaoLiangA0227092H"},"content":"","lastModifiedDate":"2022-09-18"},{"lineNumber":35,"author":{"gitId":"YaoLiangA0227092H"},"content":"    public String getStatusIcon() {","lastModifiedDate":"2022-09-18"},{"lineNumber":36,"author":{"gitId":"YaoLiangA0227092H"},"content":"        return isDone ? \"[X]\" : \"[ ]\";","lastModifiedDate":"2022-09-18"},{"lineNumber":37,"author":{"gitId":"YaoLiangA0227092H"},"content":"    }","lastModifiedDate":"2022-09-18"},{"lineNumber":38,"author":{"gitId":"YaoLiangA0227092H"},"content":"","lastModifiedDate":"2022-09-18"},{"lineNumber":39,"author":{"gitId":"YaoLiangA0227092H"},"content":"    public String getTypeIcon() {","lastModifiedDate":"2022-09-18"},{"lineNumber":40,"author":{"gitId":"YaoLiangA0227092H"},"content":"        return \" \";","lastModifiedDate":"2022-10-09"},{"lineNumber":41,"author":{"gitId":"YaoLiangA0227092H"},"content":"    }","lastModifiedDate":"2022-09-18"},{"lineNumber":42,"author":{"gitId":"YaoLiangA0227092H"},"content":"","lastModifiedDate":"2022-09-18"},{"lineNumber":43,"author":{"gitId":"YaoLiangA0227092H"},"content":"    public String getDetails() {","lastModifiedDate":"2022-09-18"},{"lineNumber":44,"author":{"gitId":"YaoLiangA0227092H"},"content":"        return String.format(\"[%s]%s %s\", getTypeIcon(), getStatusIcon(), getDescription());","lastModifiedDate":"2022-10-09"},{"lineNumber":45,"author":{"gitId":"YaoLiangA0227092H"},"content":"    }","lastModifiedDate":"2022-10-09"},{"lineNumber":46,"author":{"gitId":"YaoLiangA0227092H"},"content":"","lastModifiedDate":"2022-10-09"},{"lineNumber":47,"author":{"gitId":"YaoLiangA0227092H"},"content":"    public String getSavingFormatDetails() {","lastModifiedDate":"2022-10-09"},{"lineNumber":48,"author":{"gitId":"YaoLiangA0227092H"},"content":"        return String.format(\"%s | %d | %s\\n\", getTypeIcon(), isDone ? 1 : 0, getDescription());","lastModifiedDate":"2022-10-09"},{"lineNumber":49,"author":{"gitId":"YaoLiangA0227092H"},"content":"    }","lastModifiedDate":"2022-09-18"},{"lineNumber":50,"author":{"gitId":"YaoLiangA0227092H"},"content":"}","lastModifiedDate":"2022-09-18"}],"authorContributionMap":{"YaoLiangA0227092H":50}},{"path":"src/main/java/entity/ToDo.java","fileType":"java","lines":[{"lineNumber":1,"author":{"gitId":"YaoLiangA0227092H"},"content":"package entity;","lastModifiedDate":"2022-09-18"},{"lineNumber":2,"author":{"gitId":"YaoLiangA0227092H"},"content":"","lastModifiedDate":"2022-09-18"},{"lineNumber":3,"author":{"gitId":"YaoLiangA0227092H"},"content":"public class ToDo extends Task {","lastModifiedDate":"2022-09-18"},{"lineNumber":4,"author":{"gitId":"YaoLiangA0227092H"},"content":"    public ToDo(String name) {","lastModifiedDate":"2022-09-18"},{"lineNumber":5,"author":{"gitId":"YaoLiangA0227092H"},"content":"        super(name);","lastModifiedDate":"2022-09-18"},{"lineNumber":6,"author":{"gitId":"YaoLiangA0227092H"},"content":"    }","lastModifiedDate":"2022-09-18"},{"lineNumber":7,"author":{"gitId":"YaoLiangA0227092H"},"content":"","lastModifiedDate":"2022-09-18"},{"lineNumber":8,"author":{"gitId":"YaoLiangA0227092H"},"content":"    public ToDo(String name, boolean isDone) {","lastModifiedDate":"2022-10-09"},{"lineNumber":9,"author":{"gitId":"YaoLiangA0227092H"},"content":"        super(name, isDone);","lastModifiedDate":"2022-10-09"},{"lineNumber":10,"author":{"gitId":"YaoLiangA0227092H"},"content":"    }","lastModifiedDate":"2022-10-09"},{"lineNumber":11,"author":{"gitId":"YaoLiangA0227092H"},"content":"","lastModifiedDate":"2022-10-09"},{"lineNumber":12,"author":{"gitId":"YaoLiangA0227092H"},"content":"    @Override","lastModifiedDate":"2022-09-18"},{"lineNumber":13,"author":{"gitId":"YaoLiangA0227092H"},"content":"    public String getTypeIcon() {","lastModifiedDate":"2022-09-18"},{"lineNumber":14,"author":{"gitId":"YaoLiangA0227092H"},"content":"        return \"T\";","lastModifiedDate":"2022-10-09"},{"lineNumber":15,"author":{"gitId":"YaoLiangA0227092H"},"content":"    }","lastModifiedDate":"2022-09-18"},{"lineNumber":16,"author":{"gitId":"YaoLiangA0227092H"},"content":"}","lastModifiedDate":"2022-09-18"}],"authorContributionMap":{"YaoLiangA0227092H":16}},{"path":"src/main/java/exception/EmptyActionException.java","fileType":"java","lines":[{"lineNumber":1,"author":{"gitId":"YaoLiangA0227092H"},"content":"package exception;","lastModifiedDate":"2022-09-18"},{"lineNumber":2,"author":{"gitId":"YaoLiangA0227092H"},"content":"","lastModifiedDate":"2022-09-18"},{"lineNumber":3,"author":{"gitId":"YaoLiangA0227092H"},"content":"public class EmptyActionException extends Throwable {","lastModifiedDate":"2022-09-18"},{"lineNumber":4,"author":{"gitId":"YaoLiangA0227092H"},"content":"}","lastModifiedDate":"2022-09-18"}],"authorContributionMap":{"YaoLiangA0227092H":4}},{"path":"src/main/java/exception/IllegalActionException.java","fileType":"java","lines":[{"lineNumber":1,"author":{"gitId":"YaoLiangA0227092H"},"content":"package exception;","lastModifiedDate":"2022-09-18"},{"lineNumber":2,"author":{"gitId":"YaoLiangA0227092H"},"content":"","lastModifiedDate":"2022-09-18"},{"lineNumber":3,"author":{"gitId":"YaoLiangA0227092H"},"content":"public class IllegalActionException extends Throwable {","lastModifiedDate":"2022-09-18"},{"lineNumber":4,"author":{"gitId":"YaoLiangA0227092H"},"content":"    public IllegalActionException() {","lastModifiedDate":"2022-09-18"},{"lineNumber":5,"author":{"gitId":"YaoLiangA0227092H"},"content":"        super();","lastModifiedDate":"2022-09-18"},{"lineNumber":6,"author":{"gitId":"YaoLiangA0227092H"},"content":"    }","lastModifiedDate":"2022-09-18"},{"lineNumber":7,"author":{"gitId":"YaoLiangA0227092H"},"content":"","lastModifiedDate":"2022-09-18"},{"lineNumber":8,"author":{"gitId":"YaoLiangA0227092H"},"content":"    public IllegalActionException(String message) {","lastModifiedDate":"2022-09-18"},{"lineNumber":9,"author":{"gitId":"YaoLiangA0227092H"},"content":"        super(message);","lastModifiedDate":"2022-09-18"},{"lineNumber":10,"author":{"gitId":"YaoLiangA0227092H"},"content":"    }","lastModifiedDate":"2022-09-18"},{"lineNumber":11,"author":{"gitId":"YaoLiangA0227092H"},"content":"}","lastModifiedDate":"2022-09-18"}],"authorContributionMap":{"YaoLiangA0227092H":11}},{"path":"src/main/java/exception/IllegalContentException.java","fileType":"java","lines":[{"lineNumber":1,"author":{"gitId":"YaoLiangA0227092H"},"content":"package exception;","lastModifiedDate":"2022-10-09"},{"lineNumber":2,"author":{"gitId":"YaoLiangA0227092H"},"content":"","lastModifiedDate":"2022-10-09"},{"lineNumber":3,"author":{"gitId":"YaoLiangA0227092H"},"content":"public class IllegalContentException extends Throwable {","lastModifiedDate":"2022-10-09"},{"lineNumber":4,"author":{"gitId":"YaoLiangA0227092H"},"content":"","lastModifiedDate":"2022-10-09"},{"lineNumber":5,"author":{"gitId":"YaoLiangA0227092H"},"content":"    public IllegalContentException(String message) {","lastModifiedDate":"2022-10-09"},{"lineNumber":6,"author":{"gitId":"YaoLiangA0227092H"},"content":"        super(message);","lastModifiedDate":"2022-10-09"},{"lineNumber":7,"author":{"gitId":"YaoLiangA0227092H"},"content":"    }","lastModifiedDate":"2022-10-09"},{"lineNumber":8,"author":{"gitId":"YaoLiangA0227092H"},"content":"}","lastModifiedDate":"2022-10-09"}],"authorContributionMap":{"YaoLiangA0227092H":8}},{"path":"src/main/java/manager/FileManager.java","fileType":"java","lines":[{"lineNumber":1,"author":{"gitId":"YaoLiangA0227092H"},"content":"package manager;","lastModifiedDate":"2022-10-09"},{"lineNumber":2,"author":{"gitId":"YaoLiangA0227092H"},"content":"","lastModifiedDate":"2022-10-09"},{"lineNumber":3,"author":{"gitId":"YaoLiangA0227092H"},"content":"import entity.Task;","lastModifiedDate":"2022-10-09"},{"lineNumber":4,"author":{"gitId":"YaoLiangA0227092H"},"content":"","lastModifiedDate":"2022-10-09"},{"lineNumber":5,"author":{"gitId":"YaoLiangA0227092H"},"content":"import java.io.File;","lastModifiedDate":"2022-10-09"},{"lineNumber":6,"author":{"gitId":"YaoLiangA0227092H"},"content":"import java.io.FileWriter;","lastModifiedDate":"2022-10-09"},{"lineNumber":7,"author":{"gitId":"YaoLiangA0227092H"},"content":"import java.io.IOException;","lastModifiedDate":"2022-10-09"},{"lineNumber":8,"author":{"gitId":"YaoLiangA0227092H"},"content":"import java.nio.file.Files;","lastModifiedDate":"2022-10-09"},{"lineNumber":9,"author":{"gitId":"YaoLiangA0227092H"},"content":"import java.nio.file.Path;","lastModifiedDate":"2022-10-09"},{"lineNumber":10,"author":{"gitId":"YaoLiangA0227092H"},"content":"import java.util.ArrayList;","lastModifiedDate":"2022-10-09"},{"lineNumber":11,"author":{"gitId":"YaoLiangA0227092H"},"content":"import java.util.Arrays;","lastModifiedDate":"2022-10-09"},{"lineNumber":12,"author":{"gitId":"YaoLiangA0227092H"},"content":"import java.util.Scanner;","lastModifiedDate":"2022-10-09"},{"lineNumber":13,"author":{"gitId":"YaoLiangA0227092H"},"content":"","lastModifiedDate":"2022-10-09"},{"lineNumber":14,"author":{"gitId":"YaoLiangA0227092H"},"content":"public class FileManager {","lastModifiedDate":"2022-10-09"},{"lineNumber":15,"author":{"gitId":"YaoLiangA0227092H"},"content":"","lastModifiedDate":"2022-10-09"},{"lineNumber":16,"author":{"gitId":"YaoLiangA0227092H"},"content":"    private static FileManager instance;","lastModifiedDate":"2022-10-09"},{"lineNumber":17,"author":{"gitId":"YaoLiangA0227092H"},"content":"    private static final String DIRECTORY_PATH \u003d \"/data\";","lastModifiedDate":"2022-10-09"},{"lineNumber":18,"author":{"gitId":"YaoLiangA0227092H"},"content":"    private static final String FILE_NAME \u003d \"duke.txt\";","lastModifiedDate":"2022-10-09"},{"lineNumber":19,"author":{"gitId":"YaoLiangA0227092H"},"content":"    private static String projectDirectory;","lastModifiedDate":"2022-10-09"},{"lineNumber":20,"author":{"gitId":"YaoLiangA0227092H"},"content":"","lastModifiedDate":"2022-10-09"},{"lineNumber":21,"author":{"gitId":"YaoLiangA0227092H"},"content":"    public static void newInstance() {","lastModifiedDate":"2022-10-09"},{"lineNumber":22,"author":{"gitId":"YaoLiangA0227092H"},"content":"        instance \u003d new FileManager();","lastModifiedDate":"2022-10-09"},{"lineNumber":23,"author":{"gitId":"YaoLiangA0227092H"},"content":"        projectDirectory \u003d System.getProperty(\"user.dir\");","lastModifiedDate":"2022-10-09"},{"lineNumber":24,"author":{"gitId":"YaoLiangA0227092H"},"content":"    }","lastModifiedDate":"2022-10-09"},{"lineNumber":25,"author":{"gitId":"YaoLiangA0227092H"},"content":"","lastModifiedDate":"2022-10-09"},{"lineNumber":26,"author":{"gitId":"YaoLiangA0227092H"},"content":"    public static FileManager getInstance() {","lastModifiedDate":"2022-10-09"},{"lineNumber":27,"author":{"gitId":"YaoLiangA0227092H"},"content":"        if (instance \u003d\u003d null) {","lastModifiedDate":"2022-10-09"},{"lineNumber":28,"author":{"gitId":"YaoLiangA0227092H"},"content":"            newInstance();","lastModifiedDate":"2022-10-09"},{"lineNumber":29,"author":{"gitId":"YaoLiangA0227092H"},"content":"        }","lastModifiedDate":"2022-10-09"},{"lineNumber":30,"author":{"gitId":"YaoLiangA0227092H"},"content":"        return instance;","lastModifiedDate":"2022-10-09"},{"lineNumber":31,"author":{"gitId":"YaoLiangA0227092H"},"content":"    }","lastModifiedDate":"2022-10-09"},{"lineNumber":32,"author":{"gitId":"YaoLiangA0227092H"},"content":"","lastModifiedDate":"2022-10-09"},{"lineNumber":33,"author":{"gitId":"YaoLiangA0227092H"},"content":"    private File createFileWithDir() throws IOException {","lastModifiedDate":"2022-10-09"},{"lineNumber":34,"author":{"gitId":"YaoLiangA0227092H"},"content":"        File dir \u003d new File(projectDirectory + DIRECTORY_PATH);","lastModifiedDate":"2022-10-09"},{"lineNumber":35,"author":{"gitId":"YaoLiangA0227092H"},"content":"","lastModifiedDate":"2022-10-09"},{"lineNumber":36,"author":{"gitId":"YaoLiangA0227092H"},"content":"        if (!dir.exists()) {","lastModifiedDate":"2022-10-09"},{"lineNumber":37,"author":{"gitId":"YaoLiangA0227092H"},"content":"            Files.createDirectories(Path.of(dir.getPath()));","lastModifiedDate":"2022-10-09"},{"lineNumber":38,"author":{"gitId":"YaoLiangA0227092H"},"content":"        }","lastModifiedDate":"2022-10-09"},{"lineNumber":39,"author":{"gitId":"YaoLiangA0227092H"},"content":"","lastModifiedDate":"2022-10-09"},{"lineNumber":40,"author":{"gitId":"YaoLiangA0227092H"},"content":"        File file \u003d new File(projectDirectory + DIRECTORY_PATH + \"/\" + FILE_NAME);","lastModifiedDate":"2022-10-09"},{"lineNumber":41,"author":{"gitId":"YaoLiangA0227092H"},"content":"        if (!file.exists()) {","lastModifiedDate":"2022-10-09"},{"lineNumber":42,"author":{"gitId":"YaoLiangA0227092H"},"content":"            Files.createFile(Path.of(file.getPath()));","lastModifiedDate":"2022-10-09"},{"lineNumber":43,"author":{"gitId":"YaoLiangA0227092H"},"content":"        }","lastModifiedDate":"2022-10-09"},{"lineNumber":44,"author":{"gitId":"YaoLiangA0227092H"},"content":"        return file;","lastModifiedDate":"2022-10-09"},{"lineNumber":45,"author":{"gitId":"YaoLiangA0227092H"},"content":"    }","lastModifiedDate":"2022-10-09"},{"lineNumber":46,"author":{"gitId":"YaoLiangA0227092H"},"content":"","lastModifiedDate":"2022-10-09"},{"lineNumber":47,"author":{"gitId":"YaoLiangA0227092H"},"content":"    public void writeToFile(String formattedTasks) throws IOException {","lastModifiedDate":"2022-10-09"},{"lineNumber":48,"author":{"gitId":"YaoLiangA0227092H"},"content":"","lastModifiedDate":"2022-10-09"},{"lineNumber":49,"author":{"gitId":"YaoLiangA0227092H"},"content":"        File file \u003d createFileWithDir();","lastModifiedDate":"2022-10-09"},{"lineNumber":50,"author":{"gitId":"YaoLiangA0227092H"},"content":"","lastModifiedDate":"2022-10-09"},{"lineNumber":51,"author":{"gitId":"YaoLiangA0227092H"},"content":"        FileWriter fw \u003d new FileWriter(file);","lastModifiedDate":"2022-10-09"},{"lineNumber":52,"author":{"gitId":"YaoLiangA0227092H"},"content":"        fw.write(formattedTasks);","lastModifiedDate":"2022-10-09"},{"lineNumber":53,"author":{"gitId":"YaoLiangA0227092H"},"content":"        fw.flush();","lastModifiedDate":"2022-10-09"},{"lineNumber":54,"author":{"gitId":"YaoLiangA0227092H"},"content":"        fw.close();","lastModifiedDate":"2022-10-09"},{"lineNumber":55,"author":{"gitId":"YaoLiangA0227092H"},"content":"    }","lastModifiedDate":"2022-10-09"},{"lineNumber":56,"author":{"gitId":"YaoLiangA0227092H"},"content":"","lastModifiedDate":"2022-10-09"},{"lineNumber":57,"author":{"gitId":"YaoLiangA0227092H"},"content":"    public ArrayList\u003cString\u003e readFromFile() throws IOException {","lastModifiedDate":"2022-10-09"},{"lineNumber":58,"author":{"gitId":"YaoLiangA0227092H"},"content":"        ArrayList\u003cString\u003e taskDetails \u003d new ArrayList\u003c\u003e();","lastModifiedDate":"2022-10-09"},{"lineNumber":59,"author":{"gitId":"YaoLiangA0227092H"},"content":"        File file \u003d createFileWithDir();","lastModifiedDate":"2022-10-09"},{"lineNumber":60,"author":{"gitId":"YaoLiangA0227092H"},"content":"        Scanner s \u003d new Scanner(file);","lastModifiedDate":"2022-10-09"},{"lineNumber":61,"author":{"gitId":"YaoLiangA0227092H"},"content":"        while (s.hasNext()) {","lastModifiedDate":"2022-10-09"},{"lineNumber":62,"author":{"gitId":"YaoLiangA0227092H"},"content":"            taskDetails.add(s.nextLine());","lastModifiedDate":"2022-10-09"},{"lineNumber":63,"author":{"gitId":"YaoLiangA0227092H"},"content":"        }","lastModifiedDate":"2022-10-09"},{"lineNumber":64,"author":{"gitId":"YaoLiangA0227092H"},"content":"        return taskDetails;","lastModifiedDate":"2022-10-09"},{"lineNumber":65,"author":{"gitId":"YaoLiangA0227092H"},"content":"    }","lastModifiedDate":"2022-10-09"},{"lineNumber":66,"author":{"gitId":"YaoLiangA0227092H"},"content":"","lastModifiedDate":"2022-10-09"},{"lineNumber":67,"author":{"gitId":"YaoLiangA0227092H"},"content":"}","lastModifiedDate":"2022-10-09"}],"authorContributionMap":{"YaoLiangA0227092H":67}},{"path":"src/main/java/manager/TaskManager.java","fileType":"java","lines":[{"lineNumber":1,"author":{"gitId":"YaoLiangA0227092H"},"content":"package manager;","lastModifiedDate":"2022-10-09"},{"lineNumber":2,"author":{"gitId":"YaoLiangA0227092H"},"content":"","lastModifiedDate":"2022-09-18"},{"lineNumber":3,"author":{"gitId":"YaoLiangA0227092H"},"content":"import entity.Deadline;","lastModifiedDate":"2022-09-18"},{"lineNumber":4,"author":{"gitId":"YaoLiangA0227092H"},"content":"import entity.Event;","lastModifiedDate":"2022-09-18"},{"lineNumber":5,"author":{"gitId":"YaoLiangA0227092H"},"content":"import entity.Task;","lastModifiedDate":"2022-09-18"},{"lineNumber":6,"author":{"gitId":"YaoLiangA0227092H"},"content":"import entity.ToDo;","lastModifiedDate":"2022-09-18"},{"lineNumber":7,"author":{"gitId":"YaoLiangA0227092H"},"content":"import exception.IllegalContentException;","lastModifiedDate":"2022-10-09"},{"lineNumber":8,"author":{"gitId":"YaoLiangA0227092H"},"content":"import exception.IllegalActionException;","lastModifiedDate":"2022-09-18"},{"lineNumber":9,"author":{"gitId":"YaoLiangA0227092H"},"content":"import util.PrintUtil;","lastModifiedDate":"2022-10-09"},{"lineNumber":10,"author":{"gitId":"YaoLiangA0227092H"},"content":"","lastModifiedDate":"2022-09-18"},{"lineNumber":11,"author":{"gitId":"YaoLiangA0227092H"},"content":"import java.io.File;","lastModifiedDate":"2022-10-09"},{"lineNumber":12,"author":{"gitId":"YaoLiangA0227092H"},"content":"import java.io.IOException;","lastModifiedDate":"2022-10-09"},{"lineNumber":13,"author":{"gitId":"YaoLiangA0227092H"},"content":"import java.util.ArrayList;","lastModifiedDate":"2022-09-18"},{"lineNumber":14,"author":{"gitId":"YaoLiangA0227092H"},"content":"","lastModifiedDate":"2022-09-18"},{"lineNumber":15,"author":{"gitId":"YaoLiangA0227092H"},"content":"public class TaskManager {","lastModifiedDate":"2022-10-09"},{"lineNumber":16,"author":{"gitId":"YaoLiangA0227092H"},"content":"","lastModifiedDate":"2022-09-18"},{"lineNumber":17,"author":{"gitId":"YaoLiangA0227092H"},"content":"    private static TaskManager instance;","lastModifiedDate":"2022-10-09"},{"lineNumber":18,"author":{"gitId":"YaoLiangA0227092H"},"content":"    private static ArrayList\u003cTask\u003e taskList;","lastModifiedDate":"2022-10-09"},{"lineNumber":19,"author":{"gitId":"YaoLiangA0227092H"},"content":"    private FileManager fileManager;","lastModifiedDate":"2022-10-09"},{"lineNumber":20,"author":{"gitId":"YaoLiangA0227092H"},"content":"","lastModifiedDate":"2022-10-09"},{"lineNumber":21,"author":{"gitId":"YaoLiangA0227092H"},"content":"    public TaskManager() {","lastModifiedDate":"2022-10-09"},{"lineNumber":22,"author":{"gitId":"YaoLiangA0227092H"},"content":"        taskList \u003d new ArrayList\u003c\u003e();","lastModifiedDate":"2022-10-09"},{"lineNumber":23,"author":{"gitId":"YaoLiangA0227092H"},"content":"        fileManager \u003d FileManager.getInstance();","lastModifiedDate":"2022-10-09"},{"lineNumber":24,"author":{"gitId":"YaoLiangA0227092H"},"content":"        try {","lastModifiedDate":"2022-10-09"},{"lineNumber":25,"author":{"gitId":"YaoLiangA0227092H"},"content":"            convertDetailsToTaskList(fileManager.readFromFile());","lastModifiedDate":"2022-10-09"},{"lineNumber":26,"author":{"gitId":"YaoLiangA0227092H"},"content":"        } catch (IOException e) {","lastModifiedDate":"2022-10-09"},{"lineNumber":27,"author":{"gitId":"YaoLiangA0227092H"},"content":"            throw new RuntimeException(e);","lastModifiedDate":"2022-10-09"},{"lineNumber":28,"author":{"gitId":"YaoLiangA0227092H"},"content":"        }","lastModifiedDate":"2022-10-09"},{"lineNumber":29,"author":{"gitId":"YaoLiangA0227092H"},"content":"//        taskList.add(new ToDo(\"read book\", true));","lastModifiedDate":"2022-10-09"},{"lineNumber":30,"author":{"gitId":"YaoLiangA0227092H"},"content":"//        taskList.add(new Deadline(\"return book\", \"June 6th\", true));","lastModifiedDate":"2022-10-09"},{"lineNumber":31,"author":{"gitId":"YaoLiangA0227092H"},"content":"//        taskList.add(new Event(\"project meeting\", \"Aug 6th 2-4pm\"));","lastModifiedDate":"2022-10-09"},{"lineNumber":32,"author":{"gitId":"YaoLiangA0227092H"},"content":"//        taskList.add(new ToDo(\"join sports club\", true));","lastModifiedDate":"2022-10-09"},{"lineNumber":33,"author":{"gitId":"YaoLiangA0227092H"},"content":"//        taskList.add(new ToDo(\"borrow book\"));","lastModifiedDate":"2022-10-09"},{"lineNumber":34,"author":{"gitId":"YaoLiangA0227092H"},"content":"    }","lastModifiedDate":"2022-10-09"},{"lineNumber":35,"author":{"gitId":"YaoLiangA0227092H"},"content":"","lastModifiedDate":"2022-10-09"},{"lineNumber":36,"author":{"gitId":"YaoLiangA0227092H"},"content":"    public static void newInstance() {","lastModifiedDate":"2022-10-09"},{"lineNumber":37,"author":{"gitId":"YaoLiangA0227092H"},"content":"        instance \u003d new TaskManager();","lastModifiedDate":"2022-10-09"},{"lineNumber":38,"author":{"gitId":"YaoLiangA0227092H"},"content":"    }","lastModifiedDate":"2022-10-09"},{"lineNumber":39,"author":{"gitId":"YaoLiangA0227092H"},"content":"","lastModifiedDate":"2022-10-09"},{"lineNumber":40,"author":{"gitId":"YaoLiangA0227092H"},"content":"    public static TaskManager getInstance() {","lastModifiedDate":"2022-10-09"},{"lineNumber":41,"author":{"gitId":"YaoLiangA0227092H"},"content":"        if (instance \u003d\u003d null) {","lastModifiedDate":"2022-10-09"},{"lineNumber":42,"author":{"gitId":"YaoLiangA0227092H"},"content":"            newInstance();","lastModifiedDate":"2022-10-09"},{"lineNumber":43,"author":{"gitId":"YaoLiangA0227092H"},"content":"        }","lastModifiedDate":"2022-10-09"},{"lineNumber":44,"author":{"gitId":"YaoLiangA0227092H"},"content":"        return instance;","lastModifiedDate":"2022-10-09"},{"lineNumber":45,"author":{"gitId":"YaoLiangA0227092H"},"content":"    }","lastModifiedDate":"2022-10-09"},{"lineNumber":46,"author":{"gitId":"YaoLiangA0227092H"},"content":"","lastModifiedDate":"2022-10-09"},{"lineNumber":47,"author":{"gitId":"YaoLiangA0227092H"},"content":"    public void printList() {","lastModifiedDate":"2022-10-09"},{"lineNumber":48,"author":{"gitId":"YaoLiangA0227092H"},"content":"        StringBuilder printStr \u003d new StringBuilder(\"Here are the tasks in your list: \\n\");","lastModifiedDate":"2022-09-18"},{"lineNumber":49,"author":{"gitId":"YaoLiangA0227092H"},"content":"        for (int i \u003d 0; i \u003c taskList.size(); i++) {","lastModifiedDate":"2022-09-18"},{"lineNumber":50,"author":{"gitId":"YaoLiangA0227092H"},"content":"            Task t \u003d taskList.get(i);","lastModifiedDate":"2022-09-18"},{"lineNumber":51,"author":{"gitId":"YaoLiangA0227092H"},"content":"            printStr.append(String.format(\"\\t %d.%s\\n\", i + 1, t.getDetails()));","lastModifiedDate":"2022-09-18"},{"lineNumber":52,"author":{"gitId":"YaoLiangA0227092H"},"content":"        }","lastModifiedDate":"2022-09-18"},{"lineNumber":53,"author":{"gitId":"YaoLiangA0227092H"},"content":"","lastModifiedDate":"2022-09-18"},{"lineNumber":54,"author":{"gitId":"YaoLiangA0227092H"},"content":"        PrintUtil.printWithIndentation(printStr.toString());","lastModifiedDate":"2022-09-18"},{"lineNumber":55,"author":{"gitId":"YaoLiangA0227092H"},"content":"    }","lastModifiedDate":"2022-09-18"},{"lineNumber":56,"author":{"gitId":"YaoLiangA0227092H"},"content":"","lastModifiedDate":"2022-09-18"},{"lineNumber":57,"author":{"gitId":"YaoLiangA0227092H"},"content":"    public void updateTaskStatus(String[] inputArr) throws IllegalActionException {","lastModifiedDate":"2022-10-09"},{"lineNumber":58,"author":{"gitId":"YaoLiangA0227092H"},"content":"","lastModifiedDate":"2022-09-18"},{"lineNumber":59,"author":{"gitId":"YaoLiangA0227092H"},"content":"        if (inputArr.length \u003e 1) {","lastModifiedDate":"2022-09-18"},{"lineNumber":60,"author":{"gitId":"YaoLiangA0227092H"},"content":"            int index \u003d Integer.parseInt(inputArr[1]) - 1;","lastModifiedDate":"2022-09-18"},{"lineNumber":61,"author":{"gitId":"YaoLiangA0227092H"},"content":"            Task t \u003d taskList.get(index);","lastModifiedDate":"2022-09-18"},{"lineNumber":62,"author":{"gitId":"YaoLiangA0227092H"},"content":"            if (inputArr[0].equals(\"mark\") \u0026\u0026 t.isDone()) {","lastModifiedDate":"2022-09-18"},{"lineNumber":63,"author":{"gitId":"YaoLiangA0227092H"},"content":"                throw new IllegalActionException(\"☹ OOPS!!! This task already been marked as completed.\");","lastModifiedDate":"2022-09-18"},{"lineNumber":64,"author":{"gitId":"YaoLiangA0227092H"},"content":"            } else if (inputArr[0].equals(\"unmark\") \u0026\u0026 !t.isDone()) {","lastModifiedDate":"2022-09-18"},{"lineNumber":65,"author":{"gitId":"YaoLiangA0227092H"},"content":"                throw new IllegalActionException(\"☹ OOPS!!! This task already been marked as incomplete.\");","lastModifiedDate":"2022-09-18"},{"lineNumber":66,"author":{"gitId":"YaoLiangA0227092H"},"content":"            } else {","lastModifiedDate":"2022-09-18"},{"lineNumber":67,"author":{"gitId":"YaoLiangA0227092H"},"content":"                t.updateStatus();","lastModifiedDate":"2022-10-09"},{"lineNumber":68,"author":{"gitId":"YaoLiangA0227092H"},"content":"                if (t.isDone()) {","lastModifiedDate":"2022-10-09"},{"lineNumber":69,"author":{"gitId":"YaoLiangA0227092H"},"content":"                    PrintUtil.printWithIndentation(\"Nice! I\u0027ve marked this task as done:\\n\\t   \" + t.getDetails());","lastModifiedDate":"2022-10-09"},{"lineNumber":70,"author":{"gitId":"YaoLiangA0227092H"},"content":"                } else {","lastModifiedDate":"2022-10-09"},{"lineNumber":71,"author":{"gitId":"YaoLiangA0227092H"},"content":"                    PrintUtil.printWithIndentation(\"OK, I\u0027ve marked this task as not done yet:\\n\\t   \" + t.getDetails());","lastModifiedDate":"2022-10-09"},{"lineNumber":72,"author":{"gitId":"YaoLiangA0227092H"},"content":"                }","lastModifiedDate":"2022-10-09"},{"lineNumber":73,"author":{"gitId":"YaoLiangA0227092H"},"content":"                onTaskListChanged();","lastModifiedDate":"2022-10-09"},{"lineNumber":74,"author":{"gitId":"YaoLiangA0227092H"},"content":"            }","lastModifiedDate":"2022-09-18"},{"lineNumber":75,"author":{"gitId":"YaoLiangA0227092H"},"content":"        }","lastModifiedDate":"2022-09-18"},{"lineNumber":76,"author":{"gitId":"YaoLiangA0227092H"},"content":"    }","lastModifiedDate":"2022-09-18"},{"lineNumber":77,"author":{"gitId":"YaoLiangA0227092H"},"content":"","lastModifiedDate":"2022-09-18"},{"lineNumber":78,"author":{"gitId":"YaoLiangA0227092H"},"content":"    public void addTask(String[] inputArr) throws IllegalContentException {","lastModifiedDate":"2022-10-09"},{"lineNumber":79,"author":{"gitId":"YaoLiangA0227092H"},"content":"","lastModifiedDate":"2022-09-18"},{"lineNumber":80,"author":{"gitId":"YaoLiangA0227092H"},"content":"        if (inputArr.length \u003c\u003d 1) {","lastModifiedDate":"2022-09-18"},{"lineNumber":81,"author":{"gitId":"YaoLiangA0227092H"},"content":"            throw new IllegalContentException(\"☹ OOPS!!! The description of a \" + inputArr[0] + \" cannot be empty.\");","lastModifiedDate":"2022-10-09"},{"lineNumber":82,"author":{"gitId":"YaoLiangA0227092H"},"content":"        }","lastModifiedDate":"2022-09-18"},{"lineNumber":83,"author":{"gitId":"YaoLiangA0227092H"},"content":"","lastModifiedDate":"2022-09-18"},{"lineNumber":84,"author":{"gitId":"YaoLiangA0227092H"},"content":"        Task task \u003d null;","lastModifiedDate":"2022-09-18"},{"lineNumber":85,"author":{"gitId":"YaoLiangA0227092H"},"content":"","lastModifiedDate":"2022-09-18"},{"lineNumber":86,"author":{"gitId":"YaoLiangA0227092H"},"content":"        if (inputArr[0].equals(\"add\")) {","lastModifiedDate":"2022-09-18"},{"lineNumber":87,"author":{"gitId":"YaoLiangA0227092H"},"content":"            task \u003d new Task(inputArr[1]);","lastModifiedDate":"2022-09-18"},{"lineNumber":88,"author":{"gitId":"YaoLiangA0227092H"},"content":"        }","lastModifiedDate":"2022-09-18"},{"lineNumber":89,"author":{"gitId":"YaoLiangA0227092H"},"content":"","lastModifiedDate":"2022-09-18"},{"lineNumber":90,"author":{"gitId":"YaoLiangA0227092H"},"content":"        if (inputArr[0].equals(\"todo\")) {","lastModifiedDate":"2022-09-18"},{"lineNumber":91,"author":{"gitId":"YaoLiangA0227092H"},"content":"            task \u003d new ToDo(inputArr[1]);","lastModifiedDate":"2022-09-18"},{"lineNumber":92,"author":{"gitId":"YaoLiangA0227092H"},"content":"        }","lastModifiedDate":"2022-09-18"},{"lineNumber":93,"author":{"gitId":"YaoLiangA0227092H"},"content":"","lastModifiedDate":"2022-09-18"},{"lineNumber":94,"author":{"gitId":"YaoLiangA0227092H"},"content":"        if (inputArr[0].equals(\"deadline\")) {","lastModifiedDate":"2022-09-18"},{"lineNumber":95,"author":{"gitId":"YaoLiangA0227092H"},"content":"            String[] words \u003d inputArr[1].split(\"/\");","lastModifiedDate":"2022-09-18"},{"lineNumber":96,"author":{"gitId":"YaoLiangA0227092H"},"content":"            if (words.length \u003c 2) {","lastModifiedDate":"2022-09-18"},{"lineNumber":97,"author":{"gitId":"YaoLiangA0227092H"},"content":"                throw new IllegalContentException(\"☹ OOPS!!! The due date/time of a deadline cannot be empty.\");","lastModifiedDate":"2022-10-09"},{"lineNumber":98,"author":{"gitId":"YaoLiangA0227092H"},"content":"            }","lastModifiedDate":"2022-09-18"},{"lineNumber":99,"author":{"gitId":"YaoLiangA0227092H"},"content":"            task \u003d new Deadline(words[0], words[1]);","lastModifiedDate":"2022-09-18"},{"lineNumber":100,"author":{"gitId":"YaoLiangA0227092H"},"content":"        }","lastModifiedDate":"2022-09-18"},{"lineNumber":101,"author":{"gitId":"YaoLiangA0227092H"},"content":"","lastModifiedDate":"2022-09-18"},{"lineNumber":102,"author":{"gitId":"YaoLiangA0227092H"},"content":"","lastModifiedDate":"2022-09-18"},{"lineNumber":103,"author":{"gitId":"YaoLiangA0227092H"},"content":"        if (inputArr[0].equals(\"event\")) {","lastModifiedDate":"2022-09-18"},{"lineNumber":104,"author":{"gitId":"YaoLiangA0227092H"},"content":"            String[] words \u003d inputArr[1].split(\"/\");","lastModifiedDate":"2022-09-18"},{"lineNumber":105,"author":{"gitId":"YaoLiangA0227092H"},"content":"            if (words.length \u003c 2) {","lastModifiedDate":"2022-09-18"},{"lineNumber":106,"author":{"gitId":"YaoLiangA0227092H"},"content":"                throw new IllegalContentException(\"☹ OOPS!!! The date/time of a event cannot be empty.\");","lastModifiedDate":"2022-10-09"},{"lineNumber":107,"author":{"gitId":"YaoLiangA0227092H"},"content":"            }","lastModifiedDate":"2022-09-18"},{"lineNumber":108,"author":{"gitId":"YaoLiangA0227092H"},"content":"            task \u003d new Event(words[0], words[1]);","lastModifiedDate":"2022-09-18"},{"lineNumber":109,"author":{"gitId":"YaoLiangA0227092H"},"content":"        }","lastModifiedDate":"2022-09-18"},{"lineNumber":110,"author":{"gitId":"YaoLiangA0227092H"},"content":"        if (task !\u003d null) {","lastModifiedDate":"2022-09-18"},{"lineNumber":111,"author":{"gitId":"YaoLiangA0227092H"},"content":"","lastModifiedDate":"2022-09-18"},{"lineNumber":112,"author":{"gitId":"YaoLiangA0227092H"},"content":"            taskList.add(task);","lastModifiedDate":"2022-09-18"},{"lineNumber":113,"author":{"gitId":"YaoLiangA0227092H"},"content":"            PrintUtil.printAddedMessage(task, taskList.size());","lastModifiedDate":"2022-09-18"},{"lineNumber":114,"author":{"gitId":"YaoLiangA0227092H"},"content":"            onTaskListChanged();","lastModifiedDate":"2022-10-09"},{"lineNumber":115,"author":{"gitId":"YaoLiangA0227092H"},"content":"        }","lastModifiedDate":"2022-09-18"},{"lineNumber":116,"author":{"gitId":"YaoLiangA0227092H"},"content":"    }","lastModifiedDate":"2022-09-18"},{"lineNumber":117,"author":{"gitId":"YaoLiangA0227092H"},"content":"","lastModifiedDate":"2022-09-18"},{"lineNumber":118,"author":{"gitId":"YaoLiangA0227092H"},"content":"    public void deleteTask(String[] inputArr) throws IllegalContentException {","lastModifiedDate":"2022-10-09"},{"lineNumber":119,"author":{"gitId":"YaoLiangA0227092H"},"content":"","lastModifiedDate":"2022-10-09"},{"lineNumber":120,"author":{"gitId":"YaoLiangA0227092H"},"content":"        if (inputArr.length \u003c\u003d 1) {","lastModifiedDate":"2022-10-09"},{"lineNumber":121,"author":{"gitId":"YaoLiangA0227092H"},"content":"            throw new IllegalContentException(\"☹ OOPS!!! The description of a \" + inputArr[0] + \" cannot be empty.\");","lastModifiedDate":"2022-10-09"},{"lineNumber":122,"author":{"gitId":"YaoLiangA0227092H"},"content":"        }","lastModifiedDate":"2022-10-09"},{"lineNumber":123,"author":{"gitId":"YaoLiangA0227092H"},"content":"","lastModifiedDate":"2022-10-09"},{"lineNumber":124,"author":{"gitId":"YaoLiangA0227092H"},"content":"        Task task \u003d null;","lastModifiedDate":"2022-10-09"},{"lineNumber":125,"author":{"gitId":"YaoLiangA0227092H"},"content":"        String intExpr \u003d \"/\\\\d+\";","lastModifiedDate":"2022-10-09"},{"lineNumber":126,"author":{"gitId":"YaoLiangA0227092H"},"content":"","lastModifiedDate":"2022-10-09"},{"lineNumber":127,"author":{"gitId":"YaoLiangA0227092H"},"content":"        if (inputArr[1].matches(intExpr)) {","lastModifiedDate":"2022-10-09"},{"lineNumber":128,"author":{"gitId":"YaoLiangA0227092H"},"content":"            throw new IllegalContentException(\"☹ OOPS!!! The description of a \" + inputArr[0] + \" must be a number.\");","lastModifiedDate":"2022-10-09"},{"lineNumber":129,"author":{"gitId":"YaoLiangA0227092H"},"content":"        } else if (Integer.parseInt(inputArr[1]) \u003e taskList.size()) {","lastModifiedDate":"2022-10-09"},{"lineNumber":130,"author":{"gitId":"YaoLiangA0227092H"},"content":"            throw new IllegalContentException(\"☹ OOPS!!! The description of a \" + inputArr[0] + \" must be a number that is not larger than the list size.\");","lastModifiedDate":"2022-10-09"},{"lineNumber":131,"author":{"gitId":"YaoLiangA0227092H"},"content":"        } else {","lastModifiedDate":"2022-10-09"},{"lineNumber":132,"author":{"gitId":"YaoLiangA0227092H"},"content":"            int index \u003d Integer.parseInt(inputArr[1]) - 1;","lastModifiedDate":"2022-10-09"},{"lineNumber":133,"author":{"gitId":"YaoLiangA0227092H"},"content":"            task \u003d taskList.get(index);","lastModifiedDate":"2022-10-09"},{"lineNumber":134,"author":{"gitId":"YaoLiangA0227092H"},"content":"            taskList.remove(index);","lastModifiedDate":"2022-10-09"},{"lineNumber":135,"author":{"gitId":"YaoLiangA0227092H"},"content":"            PrintUtil.printDeletedMessage(task, taskList.size());","lastModifiedDate":"2022-10-09"},{"lineNumber":136,"author":{"gitId":"YaoLiangA0227092H"},"content":"            onTaskListChanged();","lastModifiedDate":"2022-10-09"},{"lineNumber":137,"author":{"gitId":"YaoLiangA0227092H"},"content":"        }","lastModifiedDate":"2022-10-09"},{"lineNumber":138,"author":{"gitId":"YaoLiangA0227092H"},"content":"    }","lastModifiedDate":"2022-10-09"},{"lineNumber":139,"author":{"gitId":"YaoLiangA0227092H"},"content":"","lastModifiedDate":"2022-10-09"},{"lineNumber":140,"author":{"gitId":"YaoLiangA0227092H"},"content":"    private void onTaskListChanged() {","lastModifiedDate":"2022-10-09"},{"lineNumber":141,"author":{"gitId":"YaoLiangA0227092H"},"content":"        try {","lastModifiedDate":"2022-10-09"},{"lineNumber":142,"author":{"gitId":"YaoLiangA0227092H"},"content":"            fileManager.writeToFile(getTasksFormattedString());","lastModifiedDate":"2022-10-09"},{"lineNumber":143,"author":{"gitId":"YaoLiangA0227092H"},"content":"        } catch (IOException e) {","lastModifiedDate":"2022-10-09"},{"lineNumber":144,"author":{"gitId":"YaoLiangA0227092H"},"content":"            System.out.println(\"Something went wrong: \" + e.getMessage());","lastModifiedDate":"2022-10-09"},{"lineNumber":145,"author":{"gitId":"YaoLiangA0227092H"},"content":"        }","lastModifiedDate":"2022-10-09"},{"lineNumber":146,"author":{"gitId":"YaoLiangA0227092H"},"content":"    }","lastModifiedDate":"2022-10-09"},{"lineNumber":147,"author":{"gitId":"YaoLiangA0227092H"},"content":"","lastModifiedDate":"2022-10-09"},{"lineNumber":148,"author":{"gitId":"YaoLiangA0227092H"},"content":"    private String getTasksFormattedString() {","lastModifiedDate":"2022-10-09"},{"lineNumber":149,"author":{"gitId":"YaoLiangA0227092H"},"content":"        StringBuilder result \u003d new StringBuilder();","lastModifiedDate":"2022-10-09"},{"lineNumber":150,"author":{"gitId":"YaoLiangA0227092H"},"content":"","lastModifiedDate":"2022-10-09"},{"lineNumber":151,"author":{"gitId":"YaoLiangA0227092H"},"content":"        for (Task task : taskList) {","lastModifiedDate":"2022-10-09"},{"lineNumber":152,"author":{"gitId":"YaoLiangA0227092H"},"content":"            result.append(task.getSavingFormatDetails());","lastModifiedDate":"2022-10-09"},{"lineNumber":153,"author":{"gitId":"YaoLiangA0227092H"},"content":"        }","lastModifiedDate":"2022-10-09"},{"lineNumber":154,"author":{"gitId":"YaoLiangA0227092H"},"content":"","lastModifiedDate":"2022-10-09"},{"lineNumber":155,"author":{"gitId":"YaoLiangA0227092H"},"content":"        return result.toString();","lastModifiedDate":"2022-10-09"},{"lineNumber":156,"author":{"gitId":"YaoLiangA0227092H"},"content":"    }","lastModifiedDate":"2022-10-09"},{"lineNumber":157,"author":{"gitId":"YaoLiangA0227092H"},"content":"","lastModifiedDate":"2022-10-09"},{"lineNumber":158,"author":{"gitId":"YaoLiangA0227092H"},"content":"    private void convertDetailsToTaskList(ArrayList\u003cString\u003e taskDetails) {","lastModifiedDate":"2022-10-09"},{"lineNumber":159,"author":{"gitId":"YaoLiangA0227092H"},"content":"        for (String detail : taskDetails) {","lastModifiedDate":"2022-10-09"},{"lineNumber":160,"author":{"gitId":"YaoLiangA0227092H"},"content":"            String[] parts \u003d detail.split(\" \\\\| \");","lastModifiedDate":"2022-10-09"},{"lineNumber":161,"author":{"gitId":"YaoLiangA0227092H"},"content":"            switch (parts[0]) {","lastModifiedDate":"2022-10-09"},{"lineNumber":162,"author":{"gitId":"YaoLiangA0227092H"},"content":"                case \"T\":","lastModifiedDate":"2022-10-09"},{"lineNumber":163,"author":{"gitId":"YaoLiangA0227092H"},"content":"                    taskList.add(new ToDo(parts[2], parts[1].equals(\"1\")));","lastModifiedDate":"2022-10-09"},{"lineNumber":164,"author":{"gitId":"YaoLiangA0227092H"},"content":"                    break;","lastModifiedDate":"2022-10-09"},{"lineNumber":165,"author":{"gitId":"YaoLiangA0227092H"},"content":"                case \"E\":","lastModifiedDate":"2022-10-09"},{"lineNumber":166,"author":{"gitId":"YaoLiangA0227092H"},"content":"                    taskList.add(new Event(parts[2], parts[3], parts[1].equals(\"1\")));","lastModifiedDate":"2022-10-09"},{"lineNumber":167,"author":{"gitId":"YaoLiangA0227092H"},"content":"                    break;","lastModifiedDate":"2022-10-09"},{"lineNumber":168,"author":{"gitId":"YaoLiangA0227092H"},"content":"                case \"D\":","lastModifiedDate":"2022-10-09"},{"lineNumber":169,"author":{"gitId":"YaoLiangA0227092H"},"content":"                    taskList.add(new Deadline(parts[2], parts[3], parts[1].equals(\"1\")));","lastModifiedDate":"2022-10-09"},{"lineNumber":170,"author":{"gitId":"YaoLiangA0227092H"},"content":"                    break;","lastModifiedDate":"2022-10-09"},{"lineNumber":171,"author":{"gitId":"YaoLiangA0227092H"},"content":"                default:","lastModifiedDate":"2022-10-09"},{"lineNumber":172,"author":{"gitId":"YaoLiangA0227092H"},"content":"                    taskList.add(new Task(parts[2], parts[1].equals(\"1\")));","lastModifiedDate":"2022-10-09"},{"lineNumber":173,"author":{"gitId":"YaoLiangA0227092H"},"content":"                    break;","lastModifiedDate":"2022-10-09"},{"lineNumber":174,"author":{"gitId":"YaoLiangA0227092H"},"content":"            }","lastModifiedDate":"2022-10-09"},{"lineNumber":175,"author":{"gitId":"YaoLiangA0227092H"},"content":"        }","lastModifiedDate":"2022-10-09"},{"lineNumber":176,"author":{"gitId":"YaoLiangA0227092H"},"content":"    }","lastModifiedDate":"2022-10-09"},{"lineNumber":177,"author":{"gitId":"YaoLiangA0227092H"},"content":"}","lastModifiedDate":"2022-09-18"}],"authorContributionMap":{"YaoLiangA0227092H":177}},{"path":"src/main/java/util/PrintUtil.java","fileType":"java","lines":[{"lineNumber":1,"author":{"gitId":"YaoLiangA0227092H"},"content":"package util;","lastModifiedDate":"2022-09-18"},{"lineNumber":2,"author":{"gitId":"YaoLiangA0227092H"},"content":"","lastModifiedDate":"2022-09-18"},{"lineNumber":3,"author":{"gitId":"YaoLiangA0227092H"},"content":"import entity.Task;","lastModifiedDate":"2022-09-18"},{"lineNumber":4,"author":{"gitId":"YaoLiangA0227092H"},"content":"","lastModifiedDate":"2022-09-18"},{"lineNumber":5,"author":{"gitId":"YaoLiangA0227092H"},"content":"public class PrintUtil {","lastModifiedDate":"2022-09-18"},{"lineNumber":6,"author":{"gitId":"YaoLiangA0227092H"},"content":"    public static String breaker \u003d \"\\t____________________________________________________________\\n\";","lastModifiedDate":"2022-09-18"},{"lineNumber":7,"author":{"gitId":"YaoLiangA0227092H"},"content":"","lastModifiedDate":"2022-09-18"},{"lineNumber":8,"author":{"gitId":"YaoLiangA0227092H"},"content":"    public static void printWithIndentation(String content) {","lastModifiedDate":"2022-09-18"},{"lineNumber":9,"author":{"gitId":"YaoLiangA0227092H"},"content":"        System.out.printf(\"%s\\t %s\\n%s\", breaker, content, breaker);","lastModifiedDate":"2022-09-18"},{"lineNumber":10,"author":{"gitId":"YaoLiangA0227092H"},"content":"","lastModifiedDate":"2022-09-18"},{"lineNumber":11,"author":{"gitId":"YaoLiangA0227092H"},"content":"    }","lastModifiedDate":"2022-09-18"},{"lineNumber":12,"author":{"gitId":"YaoLiangA0227092H"},"content":"","lastModifiedDate":"2022-09-18"},{"lineNumber":13,"author":{"gitId":"YaoLiangA0227092H"},"content":"    public static void printAddedMessage(Task task, int total) {","lastModifiedDate":"2022-09-18"},{"lineNumber":14,"author":{"gitId":"YaoLiangA0227092H"},"content":"        String content \u003d \"Got it. I\u0027ve added this task: \\n\\t   \";","lastModifiedDate":"2022-09-18"},{"lineNumber":15,"author":{"gitId":"YaoLiangA0227092H"},"content":"        content +\u003d task.getDetails();","lastModifiedDate":"2022-09-18"},{"lineNumber":16,"author":{"gitId":"YaoLiangA0227092H"},"content":"        content +\u003d \"\\n\\t Now you have \" + total + \" tasks in the list.\";","lastModifiedDate":"2022-09-18"},{"lineNumber":17,"author":{"gitId":"YaoLiangA0227092H"},"content":"        printWithIndentation(content);","lastModifiedDate":"2022-09-18"},{"lineNumber":18,"author":{"gitId":"YaoLiangA0227092H"},"content":"    }","lastModifiedDate":"2022-09-18"},{"lineNumber":19,"author":{"gitId":"YaoLiangA0227092H"},"content":"","lastModifiedDate":"2022-09-18"},{"lineNumber":20,"author":{"gitId":"YaoLiangA0227092H"},"content":"    public static void printDeletedMessage(Task task, int total) {","lastModifiedDate":"2022-10-09"},{"lineNumber":21,"author":{"gitId":"YaoLiangA0227092H"},"content":"        String content \u003d \"Noted. I\u0027ve removed this task: \\n\\t   \";","lastModifiedDate":"2022-10-09"},{"lineNumber":22,"author":{"gitId":"YaoLiangA0227092H"},"content":"        content +\u003d task.getDetails();","lastModifiedDate":"2022-10-09"},{"lineNumber":23,"author":{"gitId":"YaoLiangA0227092H"},"content":"        content +\u003d \"\\n\\t Now you have \" + total + \" tasks in the list.\";","lastModifiedDate":"2022-10-09"},{"lineNumber":24,"author":{"gitId":"YaoLiangA0227092H"},"content":"        printWithIndentation(content);","lastModifiedDate":"2022-10-09"},{"lineNumber":25,"author":{"gitId":"YaoLiangA0227092H"},"content":"    }","lastModifiedDate":"2022-10-09"},{"lineNumber":26,"author":{"gitId":"YaoLiangA0227092H"},"content":"","lastModifiedDate":"2022-10-09"},{"lineNumber":27,"author":{"gitId":"YaoLiangA0227092H"},"content":"    public static void printByeMessage() {","lastModifiedDate":"2022-09-18"},{"lineNumber":28,"author":{"gitId":"YaoLiangA0227092H"},"content":"        printWithIndentation(\"Bye. Hope to see you again soon!\");","lastModifiedDate":"2022-09-18"},{"lineNumber":29,"author":{"gitId":"YaoLiangA0227092H"},"content":"    }","lastModifiedDate":"2022-09-18"},{"lineNumber":30,"author":{"gitId":"YaoLiangA0227092H"},"content":"","lastModifiedDate":"2022-09-18"},{"lineNumber":31,"author":{"gitId":"YaoLiangA0227092H"},"content":"    public static void printIllegalActionMessage() {","lastModifiedDate":"2022-09-18"},{"lineNumber":32,"author":{"gitId":"YaoLiangA0227092H"},"content":"        printWithIndentation(\"☹ OOPS!!! I\u0027m sorry, but I don\u0027t know what that means :-(\");","lastModifiedDate":"2022-09-18"},{"lineNumber":33,"author":{"gitId":"YaoLiangA0227092H"},"content":"    }","lastModifiedDate":"2022-09-18"},{"lineNumber":34,"author":{"gitId":"YaoLiangA0227092H"},"content":"","lastModifiedDate":"2022-09-18"},{"lineNumber":35,"author":{"gitId":"YaoLiangA0227092H"},"content":"    public static void printErrorMessage(Throwable e) {","lastModifiedDate":"2022-09-18"},{"lineNumber":36,"author":{"gitId":"YaoLiangA0227092H"},"content":"        printWithIndentation(e.getMessage());","lastModifiedDate":"2022-09-18"},{"lineNumber":37,"author":{"gitId":"YaoLiangA0227092H"},"content":"    }","lastModifiedDate":"2022-09-18"},{"lineNumber":38,"author":{"gitId":"YaoLiangA0227092H"},"content":"","lastModifiedDate":"2022-09-18"},{"lineNumber":39,"author":{"gitId":"YaoLiangA0227092H"},"content":"    public static void printEmptyActionMessage() {","lastModifiedDate":"2022-09-18"},{"lineNumber":40,"author":{"gitId":"YaoLiangA0227092H"},"content":"        printWithIndentation(\"☹ OOPS!!! The action cannot be empty.\");","lastModifiedDate":"2022-09-18"},{"lineNumber":41,"author":{"gitId":"YaoLiangA0227092H"},"content":"    }","lastModifiedDate":"2022-09-18"},{"lineNumber":42,"author":{"gitId":"YaoLiangA0227092H"},"content":"}","lastModifiedDate":"2022-09-18"},{"lineNumber":43,"author":{"gitId":"YaoLiangA0227092H"},"content":"","lastModifiedDate":"2022-09-18"},{"lineNumber":44,"author":{"gitId":"YaoLiangA0227092H"},"content":"","lastModifiedDate":"2022-09-18"}],"authorContributionMap":{"YaoLiangA0227092H":44}},{"path":"text-ui-test/runtest.sh","fileType":"sh","lines":[{"lineNumber":1,"author":{"gitId":"-"},"content":"#!/usr/bin/env bash","lastModifiedDate":"2020-05-25"},{"lineNumber":2,"author":{"gitId":"-"},"content":"","lastModifiedDate":"2020-05-25"},{"lineNumber":3,"author":{"gitId":"-"},"content":"# create bin directory if it doesn\u0027t exist","lastModifiedDate":"2020-05-25"},{"lineNumber":4,"author":{"gitId":"-"},"content":"if [ ! -d \"../bin\" ]","lastModifiedDate":"2020-05-25"},{"lineNumber":5,"author":{"gitId":"-"},"content":"then","lastModifiedDate":"2020-05-25"},{"lineNumber":6,"author":{"gitId":"-"},"content":"    mkdir ../bin","lastModifiedDate":"2020-05-25"},{"lineNumber":7,"author":{"gitId":"-"},"content":"fi","lastModifiedDate":"2020-05-25"},{"lineNumber":8,"author":{"gitId":"-"},"content":"","lastModifiedDate":"2020-05-25"},{"lineNumber":9,"author":{"gitId":"-"},"content":"# delete output from previous run","lastModifiedDate":"2020-05-25"},{"lineNumber":10,"author":{"gitId":"-"},"content":"if [ -e \"./ACTUAL.TXT\" ]","lastModifiedDate":"2020-05-25"},{"lineNumber":11,"author":{"gitId":"-"},"content":"then","lastModifiedDate":"2020-05-25"},{"lineNumber":12,"author":{"gitId":"-"},"content":"    rm ACTUAL.TXT","lastModifiedDate":"2020-05-25"},{"lineNumber":13,"author":{"gitId":"-"},"content":"fi","lastModifiedDate":"2020-05-25"},{"lineNumber":14,"author":{"gitId":"-"},"content":"","lastModifiedDate":"2020-05-25"},{"lineNumber":15,"author":{"gitId":"-"},"content":"# compile the code into the bin folder, terminates if error occurred","lastModifiedDate":"2020-05-25"},{"lineNumber":16,"author":{"gitId":"YaoLiangA0227092H"},"content":"if ! javac -cp ../src/main/java -Xlint:none -d ../bin ../src/main/java/Duke.java","lastModifiedDate":"2022-08-30"},{"lineNumber":17,"author":{"gitId":"-"},"content":"then","lastModifiedDate":"2020-05-25"},{"lineNumber":18,"author":{"gitId":"-"},"content":"    echo \"********** BUILD FAILURE **********\"","lastModifiedDate":"2020-05-25"},{"lineNumber":19,"author":{"gitId":"-"},"content":"    exit 1","lastModifiedDate":"2020-05-25"},{"lineNumber":20,"author":{"gitId":"-"},"content":"fi","lastModifiedDate":"2020-05-25"},{"lineNumber":21,"author":{"gitId":"-"},"content":"","lastModifiedDate":"2020-05-25"},{"lineNumber":22,"author":{"gitId":"-"},"content":"# run the program, feed commands from input.txt file and redirect the output to the ACTUAL.TXT","lastModifiedDate":"2020-05-25"},{"lineNumber":23,"author":{"gitId":"-"},"content":"java -classpath ../bin Duke \u003c input.txt \u003e ACTUAL.TXT","lastModifiedDate":"2020-05-25"},{"lineNumber":24,"author":{"gitId":"-"},"content":"","lastModifiedDate":"2020-05-25"},{"lineNumber":25,"author":{"gitId":"-"},"content":"# convert to UNIX format","lastModifiedDate":"2020-05-25"},{"lineNumber":26,"author":{"gitId":"-"},"content":"cp EXPECTED.TXT EXPECTED-UNIX.TXT","lastModifiedDate":"2020-05-25"},{"lineNumber":27,"author":{"gitId":"-"},"content":"dos2unix ACTUAL.TXT EXPECTED-UNIX.TXT","lastModifiedDate":"2020-05-25"},{"lineNumber":28,"author":{"gitId":"-"},"content":"","lastModifiedDate":"2020-05-25"},{"lineNumber":29,"author":{"gitId":"-"},"content":"# compare the output to the expected output","lastModifiedDate":"2020-05-25"},{"lineNumber":30,"author":{"gitId":"-"},"content":"diff ACTUAL.TXT EXPECTED-UNIX.TXT","lastModifiedDate":"2020-05-25"},{"lineNumber":31,"author":{"gitId":"-"},"content":"if [ $? -eq 0 ]","lastModifiedDate":"2020-05-25"},{"lineNumber":32,"author":{"gitId":"-"},"content":"then","lastModifiedDate":"2020-05-25"},{"lineNumber":33,"author":{"gitId":"-"},"content":"    echo \"Test result: PASSED\"","lastModifiedDate":"2020-05-25"},{"lineNumber":34,"author":{"gitId":"-"},"content":"    exit 0","lastModifiedDate":"2020-05-25"},{"lineNumber":35,"author":{"gitId":"-"},"content":"else","lastModifiedDate":"2020-05-25"},{"lineNumber":36,"author":{"gitId":"-"},"content":"    echo \"Test result: FAILED\"","lastModifiedDate":"2020-05-25"},{"lineNumber":37,"author":{"gitId":"-"},"content":"    exit 1","lastModifiedDate":"2020-05-25"},{"lineNumber":38,"author":{"gitId":"-"},"content":"fi","lastModifiedDate":"2020-05-25"}],"authorContributionMap":{"-":37,"YaoLiangA0227092H":1}}]
