{"authorDailyContributionsMap":{"YaoLiangA0227092H":[{"date":"2022-08-26","commitResults":[{"hash":"9592c73e2c3435a95e87cffa6fbba9d80cd2c0b4","messageTitle":"Test","messageBody":"","tags":["Test-Version"],"fileTypesAndContributionMap":{"java":{"insertions":1,"deletions":1}}}]},{"date":"2022-08-27","commitResults":[{"hash":"aee466ba2cfba667e193dd57fa006c48ec3e8969","messageTitle":"Level 1. Greet, Echo, Exit","messageBody":"","tags":["Level-1"],"fileTypesAndContributionMap":{"java":{"insertions":23,"deletions":1}}},{"hash":"927aabaee623ad5bddcbe42c75e71dd598c7eb97","messageTitle":"Level 2. Add, List","messageBody":"","tags":["Level-2"],"fileTypesAndContributionMap":{"java":{"insertions":81,"deletions":16}}}]}]},"authorFileTypeContributionMap":{"YaoLiangA0227092H":{"java":93,"md":0,"fxml":0,"sh":0,"bat":0,"gradle":0,"txt":0}},"authorContributionVariance":{"YaoLiangA0227092H":694.4275},"authorDisplayNameMap":{"YaoLiangA0227092H":"YAO ..IANG"}}
