{"authorDailyContributionsMap":{"YaoLiangA0227092H":[{"date":"2022-08-26","commitResults":[{"hash":"9592c73e2c3435a95e87cffa6fbba9d80cd2c0b4","messageTitle":"Test","messageBody":"","tags":["Test-Version"],"fileTypesAndContributionMap":{"java":{"insertions":1,"deletions":1}}}]},{"date":"2022-08-27","commitResults":[{"hash":"aee466ba2cfba667e193dd57fa006c48ec3e8969","messageTitle":"Level 1. Greet, Echo, Exit","messageBody":"","tags":["Level-1"],"fileTypesAndContributionMap":{"java":{"insertions":23,"deletions":1}}},{"hash":"927aabaee623ad5bddcbe42c75e71dd598c7eb97","messageTitle":"Level 2. Add, List","messageBody":"","tags":["Level-2"],"fileTypesAndContributionMap":{"java":{"insertions":81,"deletions":16}}}]},{"date":"2022-08-30","commitResults":[{"hash":"9e4b32fcec56d8d43eaf27b919e79dfed28bb5f6","messageTitle":"Level 3. Mark as Done","messageBody":"","tags":["Level-3"],"fileTypesAndContributionMap":{"java":{"insertions":96,"deletions":58},"sh":{"insertions":1,"deletions":1}}}]},{"date":"2022-09-18","commitResults":[{"hash":"d87795b0f25c3747c881bdb56674373938e791bd","messageTitle":"Level-4: ToDo, Event, Deadline Level-5: Handle Errors","messageBody":"","tags":["Level-5","Level-4,5"],"fileTypesAndContributionMap":{"java":{"insertions":318,"deletions":100}}}]},{"date":"2022-10-09","commitResults":[{"hash":"d967dcd28ba9b6eca8c21b299dbe292cc55830c1","messageTitle":"Level 6. Delete","messageBody":"","tags":["Level-6"],"fileTypesAndContributionMap":{"java":{"insertions":80,"deletions":22}}},{"hash":"ca6398082c484f6d32eab3ae0cd8c093539742a8","messageTitle":"Level 7. Save","messageBody":"","tags":["Level-7"],"fileTypesAndContributionMap":{"java":{"insertions":184,"deletions":33}}}]},{"date":"2022-10-14","commitResults":[{"hash":"0971c259f2d28c4c5f75fa0454ec58822855a2e9","messageTitle":"Level 8. Dates and Times","messageBody":"","tags":["Level-8"],"fileTypesAndContributionMap":{"java":{"insertions":60,"deletions":23}}}]},{"date":"2022-11-02","commitResults":[{"hash":"6b82a6d738e3ab7697b301216497b6cd38a0ff5e","messageTitle":"Level 9. Find","messageBody":"","tags":["Level-9"],"fileTypesAndContributionMap":{"java":{"insertions":319,"deletions":134}}}]},{"date":"2022-11-05","commitResults":[{"hash":"443dcd55696bc4d0385617a4f5824c46d5a354a6","messageTitle":"Level 10. GUI","messageBody":"","fileTypesAndContributionMap":{"fxml":{"insertions":60,"deletions":0},"java":{"insertions":317,"deletions":168},"bat":{"insertions":1,"deletions":1},"md":{"insertions":2,"deletions":2}}}]},{"date":"2022-11-06","commitResults":[{"hash":"1bd080bf8e2d47bd041edb903651b064f09356cd","messageTitle":"A-Gradle","messageBody":"","fileTypesAndContributionMap":{"gradle":{"insertions":17,"deletions":0},"java":{"insertions":9,"deletions":9}}},{"hash":"6b1ab2c3359eba18c12e59985fc644dcdf2a770a","messageTitle":"C-Sort","messageBody":"","fileTypesAndContributionMap":{"java":{"insertions":93,"deletions":19}}},{"hash":"02558059ac7033a33fe4f13300e233dc5a643497","messageTitle":"C-Help","messageBody":"","fileTypesAndContributionMap":{"java":{"insertions":23,"deletions":12}}},{"hash":"7e0f79d9b71a120ea4a9fb4565872b565629a68a","messageTitle":"A-JavaDoc","messageBody":"","fileTypesAndContributionMap":{"java":{"insertions":468,"deletions":76}}}]},{"date":"2022-11-07","commitResults":[{"hash":"ffa30c9716566969824fed5c34257124875b353b","messageTitle":"Add CommandParser, TaskParser Add ErrorMessage Enum","messageBody":"","fileTypesAndContributionMap":{"java":{"insertions":298,"deletions":265}}},{"hash":"bc16b64b22991062705e01e481271311db4e6d73","messageTitle":"A-JUnit","messageBody":"","fileTypesAndContributionMap":{"java":{"insertions":110,"deletions":5}}},{"hash":"23a1c6d5b8676bbcced29ccb0f8c3e8db524ba97","messageTitle":"A-Assertions","messageBody":"","fileTypesAndContributionMap":{"java":{"insertions":35,"deletions":1}}}]}]},"authorFileTypeContributionMap":{"YaoLiangA0227092H":{"java":1582,"md":2,"fxml":60,"sh":1,"bat":1,"gradle":17,"txt":0}},"authorContributionVariance":{"YaoLiangA0227092H":18821.666},"authorDisplayNameMap":{"YaoLiangA0227092H":"YAO ..IANG"}}
