{"authorDailyContributionsMap":{"Anyerxkp":[{"date":"2022-08-30","commitResults":[{"hash":"f438bd91a920c7315497028ca749f198a242dc06","messageTitle":"greet\u0026good bye","messageBody":"","fileTypesAndContributionMap":{"java":{"insertions":12,"deletions":0}}},{"hash":"c3dd2fb2197f56e7dea3d735aa36366bf1d6fc9e","messageTitle":"Level 1-","messageBody":"","fileTypesAndContributionMap":{"java":{"insertions":39,"deletions":9}}}]},{"date":"2022-08-31","commitResults":[{"hash":"76bdd6602741fe8bcb8f9eec227c2857e0dff316","messageTitle":"Leve 2-","messageBody":"","fileTypesAndContributionMap":{"java":{"insertions":13,"deletions":1}}},{"hash":"0a2ea1f405677b325db08b9be76f78b6e651be78","messageTitle":"Level 2-","messageBody":"","fileTypesAndContributionMap":{"java":{"insertions":1,"deletions":1}}}]},{"date":"2022-09-06","commitResults":[{"hash":"1c2375e74b46a36e83a14f1010f7baa25884f189","messageTitle":"level 3- mark done","messageBody":"","fileTypesAndContributionMap":{"java":{"insertions":52,"deletions":4}}},{"hash":"34e5efbf702d4de6b636e07e7281553d15120a67","messageTitle":"level 4- Todo Event Deadline","messageBody":"","tags":["v1.0"],"fileTypesAndContributionMap":{"java":{"insertions":171,"deletions":44}}},{"hash":"c78f022af8b68ee465f490f7c47f5ea322b64d26","messageTitle":"Update README.md","messageBody":"","fileTypesAndContributionMap":{"md":{"insertions":3,"deletions":0}}},{"hash":"68504a7ffd02fccb3f15cefb205104f3d8393dac","messageTitle":"Update README.md","messageBody":"","fileTypesAndContributionMap":{"md":{"insertions":2,"deletions":1}}},{"hash":"307253612688d6e0722d60616f7ceacdaaf3b738","messageTitle":"add unmark","messageBody":"","fileTypesAndContributionMap":{"java":{"insertions":32,"deletions":0}}}]},{"date":"2022-09-19","commitResults":[{"hash":"0c6702598c085f0d9ad1b116a13c71f60c5f8f66","messageTitle":"level5-","messageBody":"","tags":["v2.0"],"fileTypesAndContributionMap":{"java":{"insertions":296,"deletions":247}}}]},{"date":"2022-10-11","commitResults":[{"hash":"1c8f0620dc3c3326e904df291a13583d18094a92","messageTitle":"no message","messageBody":"","fileTypesAndContributionMap":{"java":{"insertions":0,"deletions":16}}},{"hash":"4883b22b6906cf5fcc0f4fcd86309ffc55f3e2f0","messageTitle":"add Deadline","messageBody":"","fileTypesAndContributionMap":{"java":{"insertions":15,"deletions":0}}},{"hash":"cc45fb1cf0dc8defc271e240550f297f1b37fd9b","messageTitle":"update Deadline-","messageBody":"","fileTypesAndContributionMap":{"java":{"insertions":4,"deletions":4}}},{"hash":"53952e59acd2c3ae7fc8e4a2817d3d5974172088","messageTitle":"separate class for helper function and action handler","messageBody":"","fileTypesAndContributionMap":{"java":{"insertions":161,"deletions":143}}}]},{"date":"2022-10-12","commitResults":[{"hash":"c30ee9602e2512252f3a419127f2b713d4df19f1","messageTitle":"level 6-","messageBody":"","fileTypesAndContributionMap":{"java":{"insertions":27,"deletions":0}}},{"hash":"fe4f3a0ef8ce1c6c815315aab5178d8f1b037d3c","messageTitle":"small changes","messageBody":"","fileTypesAndContributionMap":{"java":{"insertions":2,"deletions":0}}}]},{"date":"2022-10-20","commitResults":[{"hash":"d800163f5d3f8bc3a906f5b69434db52e959731f","messageTitle":"leve 7- revise ActHandler revise Helpfuntion Add Storage Add TaskList","messageBody":"","fileTypesAndContributionMap":{"java":{"insertions":182,"deletions":18}}},{"hash":"96597a17feda18684e433bf3b161db51e8de65e8","messageTitle":"level 8 date time V.1","messageBody":"","fileTypesAndContributionMap":{"java":{"insertions":541,"deletions":248}}}]},{"date":"2022-10-25","commitResults":[{"hash":"96dc291fafcaf3c5a35d2cd0da98d4beef9d6723","messageTitle":"level 9-","messageBody":"","fileTypesAndContributionMap":{"java":{"insertions":136,"deletions":16}}}]},{"date":"2022-11-01","commitResults":[{"hash":"192c1893a45c6abad4c58fa2b4438ef05d06b0c7","messageTitle":"level 10","messageBody":"","fileTypesAndContributionMap":{"java":{"insertions":84,"deletions":8}}},{"hash":"866244e919ad5da848db82dc32e41195d748ac37","messageTitle":"small update","messageBody":"","fileTypesAndContributionMap":{"gradle":{"insertions":1,"deletions":1},"java":{"insertions":11,"deletions":0}}}]},{"date":"2022-11-05","commitResults":[{"hash":"6914d591874f02d3ac79650f3cbd1ec83a5b3e93","messageTitle":"no message","messageBody":"","fileTypesAndContributionMap":{"gradle":{"insertions":5,"deletions":1}}}]},{"date":"2022-11-09","commitResults":[{"hash":"55118c0a0695ee7adf086a9acb35ada329ad6951","messageTitle":"small changes","messageBody":"","fileTypesAndContributionMap":{"java":{"insertions":8,"deletions":5}}}]}]},"authorFileTypeContributionMap":{"Anyerxkp":{"java":1033,"md":4,"fxml":0,"sh":0,"bat":0,"gradle":6,"txt":0}},"authorContributionVariance":{"Anyerxkp":15480.21},"authorDisplayNameMap":{"Anyerxkp":"XU K..PENG"}}
