[{"path":"build.gradle","fileType":"gradle","lines":[{"lineNumber":1,"author":{"gitId":"drrnsyk"},"content":"plugins {","lastModifiedDate":"2022-11-02"},{"lineNumber":2,"author":{"gitId":"drrnsyk"},"content":"    id \u0027java\u0027","lastModifiedDate":"2022-11-02"},{"lineNumber":3,"author":{"gitId":"drrnsyk"},"content":"    id \u0027application\u0027","lastModifiedDate":"2022-11-02"},{"lineNumber":4,"author":{"gitId":"drrnsyk"},"content":"    id \u0027com.github.johnrengelman.shadow\u0027 version \u00275.1.0\u0027","lastModifiedDate":"2022-11-02"},{"lineNumber":5,"author":{"gitId":"drrnsyk"},"content":"}","lastModifiedDate":"2022-11-02"},{"lineNumber":6,"author":{"gitId":"drrnsyk"},"content":"","lastModifiedDate":"2022-11-02"},{"lineNumber":7,"author":{"gitId":"drrnsyk"},"content":"repositories {","lastModifiedDate":"2022-11-02"},{"lineNumber":8,"author":{"gitId":"drrnsyk"},"content":"    mavenCentral()","lastModifiedDate":"2022-11-02"},{"lineNumber":9,"author":{"gitId":"drrnsyk"},"content":"}","lastModifiedDate":"2022-11-02"},{"lineNumber":10,"author":{"gitId":"drrnsyk"},"content":"","lastModifiedDate":"2022-11-02"},{"lineNumber":11,"author":{"gitId":"drrnsyk"},"content":"dependencies {","lastModifiedDate":"2022-11-02"},{"lineNumber":12,"author":{"gitId":"drrnsyk"},"content":"    testImplementation group: \u0027org.junit.jupiter\u0027, name: \u0027junit-jupiter-api\u0027, version: \u00275.5.0\u0027","lastModifiedDate":"2022-11-02"},{"lineNumber":13,"author":{"gitId":"drrnsyk"},"content":"    testRuntimeOnly group: \u0027org.junit.jupiter\u0027, name: \u0027junit-jupiter-engine\u0027, version: \u00275.5.0\u0027","lastModifiedDate":"2022-11-02"},{"lineNumber":14,"author":{"gitId":"drrnsyk"},"content":"}","lastModifiedDate":"2022-11-02"},{"lineNumber":15,"author":{"gitId":"drrnsyk"},"content":"","lastModifiedDate":"2022-11-02"},{"lineNumber":16,"author":{"gitId":"drrnsyk"},"content":"test {","lastModifiedDate":"2022-11-02"},{"lineNumber":17,"author":{"gitId":"drrnsyk"},"content":"    useJUnitPlatform()","lastModifiedDate":"2022-11-02"},{"lineNumber":18,"author":{"gitId":"drrnsyk"},"content":"","lastModifiedDate":"2022-11-02"},{"lineNumber":19,"author":{"gitId":"drrnsyk"},"content":"    testLogging {","lastModifiedDate":"2022-11-02"},{"lineNumber":20,"author":{"gitId":"drrnsyk"},"content":"        events \"passed\", \"skipped\", \"failed\"","lastModifiedDate":"2022-11-02"},{"lineNumber":21,"author":{"gitId":"drrnsyk"},"content":"","lastModifiedDate":"2022-11-02"},{"lineNumber":22,"author":{"gitId":"drrnsyk"},"content":"        showExceptions true","lastModifiedDate":"2022-11-02"},{"lineNumber":23,"author":{"gitId":"drrnsyk"},"content":"        exceptionFormat \"full\"","lastModifiedDate":"2022-11-02"},{"lineNumber":24,"author":{"gitId":"drrnsyk"},"content":"        showCauses true","lastModifiedDate":"2022-11-02"},{"lineNumber":25,"author":{"gitId":"drrnsyk"},"content":"        showStackTraces true","lastModifiedDate":"2022-11-02"},{"lineNumber":26,"author":{"gitId":"drrnsyk"},"content":"        showStandardStreams \u003d false","lastModifiedDate":"2022-11-02"},{"lineNumber":27,"author":{"gitId":"drrnsyk"},"content":"    }","lastModifiedDate":"2022-11-02"},{"lineNumber":28,"author":{"gitId":"drrnsyk"},"content":"}","lastModifiedDate":"2022-11-02"},{"lineNumber":29,"author":{"gitId":"drrnsyk"},"content":"","lastModifiedDate":"2022-11-02"},{"lineNumber":30,"author":{"gitId":"drrnsyk"},"content":"application {","lastModifiedDate":"2022-11-02"},{"lineNumber":31,"author":{"gitId":"drrnsyk"},"content":"    mainClassName \u003d \"Duke\"","lastModifiedDate":"2022-11-02"},{"lineNumber":32,"author":{"gitId":"drrnsyk"},"content":"}","lastModifiedDate":"2022-11-02"},{"lineNumber":33,"author":{"gitId":"drrnsyk"},"content":"","lastModifiedDate":"2022-11-02"},{"lineNumber":34,"author":{"gitId":"drrnsyk"},"content":"shadowJar {","lastModifiedDate":"2022-11-02"},{"lineNumber":35,"author":{"gitId":"drrnsyk"},"content":"    archiveBaseName \u003d \"duke\"","lastModifiedDate":"2022-11-02"},{"lineNumber":36,"author":{"gitId":"drrnsyk"},"content":"    archiveClassifier \u003d null","lastModifiedDate":"2022-11-02"},{"lineNumber":37,"author":{"gitId":"drrnsyk"},"content":"}","lastModifiedDate":"2022-11-02"},{"lineNumber":38,"author":{"gitId":"drrnsyk"},"content":"","lastModifiedDate":"2022-11-02"},{"lineNumber":39,"author":{"gitId":"drrnsyk"},"content":"run{","lastModifiedDate":"2022-11-02"},{"lineNumber":40,"author":{"gitId":"drrnsyk"},"content":"    standardInput \u003d System.in","lastModifiedDate":"2022-11-02"},{"lineNumber":41,"author":{"gitId":"drrnsyk"},"content":"}","lastModifiedDate":"2022-11-02"}],"authorContributionMap":{"drrnsyk":41}},{"path":"data/myList.txt","fileType":"txt","lines":[{"lineNumber":1,"author":{"gitId":"drrnsyk"},"content":"1. [D][ ]  submit homework (by: Sat, 01 Oct 2022 18:00:00)","lastModifiedDate":"2022-10-31"},{"lineNumber":2,"author":{"gitId":"drrnsyk"},"content":"2. [E][X]  attend wedding (at: Sun, 30 Oct 2022 19:00:00)","lastModifiedDate":"2022-10-31"},{"lineNumber":3,"author":{"gitId":"drrnsyk"},"content":"3. [T][ ]  pickup notes from John","lastModifiedDate":"2022-10-31"}],"authorContributionMap":{"drrnsyk":3}},{"path":"data/tasklist.txt","fileType":"txt","lines":[{"lineNumber":1,"author":{"gitId":"drrnsyk"},"content":"1. [T][ ]  borrow book","lastModifiedDate":"2022-10-29"},{"lineNumber":2,"author":{"gitId":"drrnsyk"},"content":"2. [D][X]  return book (by:  Sunday)","lastModifiedDate":"2022-10-29"},{"lineNumber":3,"author":{"gitId":"drrnsyk"},"content":"3. [E][ ]  project meeting (at:  Mon 2-4pm)","lastModifiedDate":"2022-10-29"},{"lineNumber":4,"author":{"gitId":"drrnsyk"},"content":"4. [T][ ]  eat dinner","lastModifiedDate":"2022-10-29"},{"lineNumber":5,"author":{"gitId":"drrnsyk"},"content":"5. [D][ ]  return book (by: Mon, 10 Oct 2022 18:00:00)","lastModifiedDate":"2022-10-31"},{"lineNumber":6,"author":{"gitId":"drrnsyk"},"content":"6. [E][ ]  attend wedding (at: Mon, 10 Oct 2022 18:00:00)","lastModifiedDate":"2022-10-31"},{"lineNumber":7,"author":{"gitId":"drrnsyk"},"content":"7. [E][ ]  attend class (at: Sun, 30 Oct 2022 19:00:00)","lastModifiedDate":"2022-10-31"}],"authorContributionMap":{"drrnsyk":7}},{"path":"gradlew.bat","fileType":"bat","lines":[{"lineNumber":1,"author":{"gitId":"drrnsyk"},"content":"@rem","lastModifiedDate":"2022-11-02"},{"lineNumber":2,"author":{"gitId":"drrnsyk"},"content":"@rem Copyright 2015 the original author or authors.","lastModifiedDate":"2022-11-02"},{"lineNumber":3,"author":{"gitId":"drrnsyk"},"content":"@rem","lastModifiedDate":"2022-11-02"},{"lineNumber":4,"author":{"gitId":"drrnsyk"},"content":"@rem Licensed under the Apache License, Version 2.0 (the \"License\");","lastModifiedDate":"2022-11-02"},{"lineNumber":5,"author":{"gitId":"drrnsyk"},"content":"@rem you may not use this file except in compliance with the License.","lastModifiedDate":"2022-11-02"},{"lineNumber":6,"author":{"gitId":"drrnsyk"},"content":"@rem You may obtain a copy of the License at","lastModifiedDate":"2022-11-02"},{"lineNumber":7,"author":{"gitId":"drrnsyk"},"content":"@rem","lastModifiedDate":"2022-11-02"},{"lineNumber":8,"author":{"gitId":"drrnsyk"},"content":"@rem      https://www.apache.org/licenses/LICENSE-2.0","lastModifiedDate":"2022-11-02"},{"lineNumber":9,"author":{"gitId":"drrnsyk"},"content":"@rem","lastModifiedDate":"2022-11-02"},{"lineNumber":10,"author":{"gitId":"drrnsyk"},"content":"@rem Unless required by applicable law or agreed to in writing, software","lastModifiedDate":"2022-11-02"},{"lineNumber":11,"author":{"gitId":"drrnsyk"},"content":"@rem distributed under the License is distributed on an \"AS IS\" BASIS,","lastModifiedDate":"2022-11-02"},{"lineNumber":12,"author":{"gitId":"drrnsyk"},"content":"@rem WITHOUT WARRANTIES OR CONDITIONS OF ANY KIND, either express or implied.","lastModifiedDate":"2022-11-02"},{"lineNumber":13,"author":{"gitId":"drrnsyk"},"content":"@rem See the License for the specific language governing permissions and","lastModifiedDate":"2022-11-02"},{"lineNumber":14,"author":{"gitId":"drrnsyk"},"content":"@rem limitations under the License.","lastModifiedDate":"2022-11-02"},{"lineNumber":15,"author":{"gitId":"drrnsyk"},"content":"@rem","lastModifiedDate":"2022-11-02"},{"lineNumber":16,"author":{"gitId":"drrnsyk"},"content":"","lastModifiedDate":"2022-11-02"},{"lineNumber":17,"author":{"gitId":"drrnsyk"},"content":"@if \"%DEBUG%\" \u003d\u003d \"\" @echo off","lastModifiedDate":"2022-11-02"},{"lineNumber":18,"author":{"gitId":"drrnsyk"},"content":"@rem ##########################################################################","lastModifiedDate":"2022-11-02"},{"lineNumber":19,"author":{"gitId":"drrnsyk"},"content":"@rem","lastModifiedDate":"2022-11-02"},{"lineNumber":20,"author":{"gitId":"drrnsyk"},"content":"@rem  Gradle startup script for Windows","lastModifiedDate":"2022-11-02"},{"lineNumber":21,"author":{"gitId":"drrnsyk"},"content":"@rem","lastModifiedDate":"2022-11-02"},{"lineNumber":22,"author":{"gitId":"drrnsyk"},"content":"@rem ##########################################################################","lastModifiedDate":"2022-11-02"},{"lineNumber":23,"author":{"gitId":"drrnsyk"},"content":"","lastModifiedDate":"2022-11-02"},{"lineNumber":24,"author":{"gitId":"drrnsyk"},"content":"@rem Set local scope for the variables with windows NT shell","lastModifiedDate":"2022-11-02"},{"lineNumber":25,"author":{"gitId":"drrnsyk"},"content":"if \"%OS%\"\u003d\u003d\"Windows_NT\" setlocal","lastModifiedDate":"2022-11-02"},{"lineNumber":26,"author":{"gitId":"drrnsyk"},"content":"","lastModifiedDate":"2022-11-02"},{"lineNumber":27,"author":{"gitId":"drrnsyk"},"content":"set DIRNAME\u003d%~dp0","lastModifiedDate":"2022-11-02"},{"lineNumber":28,"author":{"gitId":"drrnsyk"},"content":"if \"%DIRNAME%\" \u003d\u003d \"\" set DIRNAME\u003d.","lastModifiedDate":"2022-11-02"},{"lineNumber":29,"author":{"gitId":"drrnsyk"},"content":"set APP_BASE_NAME\u003d%~n0","lastModifiedDate":"2022-11-02"},{"lineNumber":30,"author":{"gitId":"drrnsyk"},"content":"set APP_HOME\u003d%DIRNAME%","lastModifiedDate":"2022-11-02"},{"lineNumber":31,"author":{"gitId":"drrnsyk"},"content":"","lastModifiedDate":"2022-11-02"},{"lineNumber":32,"author":{"gitId":"drrnsyk"},"content":"@rem Resolve any \".\" and \"..\" in APP_HOME to make it shorter.","lastModifiedDate":"2022-11-02"},{"lineNumber":33,"author":{"gitId":"drrnsyk"},"content":"for %%i in (\"%APP_HOME%\") do set APP_HOME\u003d%%~fi","lastModifiedDate":"2022-11-02"},{"lineNumber":34,"author":{"gitId":"drrnsyk"},"content":"","lastModifiedDate":"2022-11-02"},{"lineNumber":35,"author":{"gitId":"drrnsyk"},"content":"@rem Add default JVM options here. You can also use JAVA_OPTS and GRADLE_OPTS to pass JVM options to this script.","lastModifiedDate":"2022-11-02"},{"lineNumber":36,"author":{"gitId":"drrnsyk"},"content":"set DEFAULT_JVM_OPTS\u003d\"-Xmx64m\" \"-Xms64m\"","lastModifiedDate":"2022-11-02"},{"lineNumber":37,"author":{"gitId":"drrnsyk"},"content":"","lastModifiedDate":"2022-11-02"},{"lineNumber":38,"author":{"gitId":"drrnsyk"},"content":"@rem Find java.exe","lastModifiedDate":"2022-11-02"},{"lineNumber":39,"author":{"gitId":"drrnsyk"},"content":"if defined JAVA_HOME goto findJavaFromJavaHome","lastModifiedDate":"2022-11-02"},{"lineNumber":40,"author":{"gitId":"drrnsyk"},"content":"","lastModifiedDate":"2022-11-02"},{"lineNumber":41,"author":{"gitId":"drrnsyk"},"content":"set JAVA_EXE\u003djava.exe","lastModifiedDate":"2022-11-02"},{"lineNumber":42,"author":{"gitId":"drrnsyk"},"content":"%JAVA_EXE% -version \u003eNUL 2\u003e\u00261","lastModifiedDate":"2022-11-02"},{"lineNumber":43,"author":{"gitId":"drrnsyk"},"content":"if \"%ERRORLEVEL%\" \u003d\u003d \"0\" goto init","lastModifiedDate":"2022-11-02"},{"lineNumber":44,"author":{"gitId":"drrnsyk"},"content":"","lastModifiedDate":"2022-11-02"},{"lineNumber":45,"author":{"gitId":"drrnsyk"},"content":"echo.","lastModifiedDate":"2022-11-02"},{"lineNumber":46,"author":{"gitId":"drrnsyk"},"content":"echo ERROR: JAVA_HOME is not set and no \u0027java\u0027 command could be found in your PATH.","lastModifiedDate":"2022-11-02"},{"lineNumber":47,"author":{"gitId":"drrnsyk"},"content":"echo.","lastModifiedDate":"2022-11-02"},{"lineNumber":48,"author":{"gitId":"drrnsyk"},"content":"echo Please set the JAVA_HOME variable in your environment to match the","lastModifiedDate":"2022-11-02"},{"lineNumber":49,"author":{"gitId":"drrnsyk"},"content":"echo location of your Java installation.","lastModifiedDate":"2022-11-02"},{"lineNumber":50,"author":{"gitId":"drrnsyk"},"content":"","lastModifiedDate":"2022-11-02"},{"lineNumber":51,"author":{"gitId":"drrnsyk"},"content":"goto fail","lastModifiedDate":"2022-11-02"},{"lineNumber":52,"author":{"gitId":"drrnsyk"},"content":"","lastModifiedDate":"2022-11-02"},{"lineNumber":53,"author":{"gitId":"drrnsyk"},"content":":findJavaFromJavaHome","lastModifiedDate":"2022-11-02"},{"lineNumber":54,"author":{"gitId":"drrnsyk"},"content":"set JAVA_HOME\u003d%JAVA_HOME:\"\u003d%","lastModifiedDate":"2022-11-02"},{"lineNumber":55,"author":{"gitId":"drrnsyk"},"content":"set JAVA_EXE\u003d%JAVA_HOME%/bin/java.exe","lastModifiedDate":"2022-11-02"},{"lineNumber":56,"author":{"gitId":"drrnsyk"},"content":"","lastModifiedDate":"2022-11-02"},{"lineNumber":57,"author":{"gitId":"drrnsyk"},"content":"if exist \"%JAVA_EXE%\" goto init","lastModifiedDate":"2022-11-02"},{"lineNumber":58,"author":{"gitId":"drrnsyk"},"content":"","lastModifiedDate":"2022-11-02"},{"lineNumber":59,"author":{"gitId":"drrnsyk"},"content":"echo.","lastModifiedDate":"2022-11-02"},{"lineNumber":60,"author":{"gitId":"drrnsyk"},"content":"echo ERROR: JAVA_HOME is set to an invalid directory: %JAVA_HOME%","lastModifiedDate":"2022-11-02"},{"lineNumber":61,"author":{"gitId":"drrnsyk"},"content":"echo.","lastModifiedDate":"2022-11-02"},{"lineNumber":62,"author":{"gitId":"drrnsyk"},"content":"echo Please set the JAVA_HOME variable in your environment to match the","lastModifiedDate":"2022-11-02"},{"lineNumber":63,"author":{"gitId":"drrnsyk"},"content":"echo location of your Java installation.","lastModifiedDate":"2022-11-02"},{"lineNumber":64,"author":{"gitId":"drrnsyk"},"content":"","lastModifiedDate":"2022-11-02"},{"lineNumber":65,"author":{"gitId":"drrnsyk"},"content":"goto fail","lastModifiedDate":"2022-11-02"},{"lineNumber":66,"author":{"gitId":"drrnsyk"},"content":"","lastModifiedDate":"2022-11-02"},{"lineNumber":67,"author":{"gitId":"drrnsyk"},"content":":init","lastModifiedDate":"2022-11-02"},{"lineNumber":68,"author":{"gitId":"drrnsyk"},"content":"@rem Get command-line arguments, handling Windows variants","lastModifiedDate":"2022-11-02"},{"lineNumber":69,"author":{"gitId":"drrnsyk"},"content":"","lastModifiedDate":"2022-11-02"},{"lineNumber":70,"author":{"gitId":"drrnsyk"},"content":"if not \"%OS%\" \u003d\u003d \"Windows_NT\" goto win9xME_args","lastModifiedDate":"2022-11-02"},{"lineNumber":71,"author":{"gitId":"drrnsyk"},"content":"","lastModifiedDate":"2022-11-02"},{"lineNumber":72,"author":{"gitId":"drrnsyk"},"content":":win9xME_args","lastModifiedDate":"2022-11-02"},{"lineNumber":73,"author":{"gitId":"drrnsyk"},"content":"@rem Slurp the command line arguments.","lastModifiedDate":"2022-11-02"},{"lineNumber":74,"author":{"gitId":"drrnsyk"},"content":"set CMD_LINE_ARGS\u003d","lastModifiedDate":"2022-11-02"},{"lineNumber":75,"author":{"gitId":"drrnsyk"},"content":"set _SKIP\u003d2","lastModifiedDate":"2022-11-02"},{"lineNumber":76,"author":{"gitId":"drrnsyk"},"content":"","lastModifiedDate":"2022-11-02"},{"lineNumber":77,"author":{"gitId":"drrnsyk"},"content":":win9xME_args_slurp","lastModifiedDate":"2022-11-02"},{"lineNumber":78,"author":{"gitId":"drrnsyk"},"content":"if \"x%~1\" \u003d\u003d \"x\" goto execute","lastModifiedDate":"2022-11-02"},{"lineNumber":79,"author":{"gitId":"drrnsyk"},"content":"","lastModifiedDate":"2022-11-02"},{"lineNumber":80,"author":{"gitId":"drrnsyk"},"content":"set CMD_LINE_ARGS\u003d%*","lastModifiedDate":"2022-11-02"},{"lineNumber":81,"author":{"gitId":"drrnsyk"},"content":"","lastModifiedDate":"2022-11-02"},{"lineNumber":82,"author":{"gitId":"drrnsyk"},"content":":execute","lastModifiedDate":"2022-11-02"},{"lineNumber":83,"author":{"gitId":"drrnsyk"},"content":"@rem Setup the command line","lastModifiedDate":"2022-11-02"},{"lineNumber":84,"author":{"gitId":"drrnsyk"},"content":"","lastModifiedDate":"2022-11-02"},{"lineNumber":85,"author":{"gitId":"drrnsyk"},"content":"set CLASSPATH\u003d%APP_HOME%\\gradle\\wrapper\\gradle-wrapper.jar","lastModifiedDate":"2022-11-02"},{"lineNumber":86,"author":{"gitId":"drrnsyk"},"content":"","lastModifiedDate":"2022-11-02"},{"lineNumber":87,"author":{"gitId":"drrnsyk"},"content":"@rem Execute Gradle","lastModifiedDate":"2022-11-02"},{"lineNumber":88,"author":{"gitId":"drrnsyk"},"content":"\"%JAVA_EXE%\" %DEFAULT_JVM_OPTS% %JAVA_OPTS% %GRADLE_OPTS% \"-Dorg.gradle.appname\u003d%APP_BASE_NAME%\" -classpath \"%CLASSPATH%\" org.gradle.wrapper.GradleWrapperMain %CMD_LINE_ARGS%","lastModifiedDate":"2022-11-02"},{"lineNumber":89,"author":{"gitId":"drrnsyk"},"content":"","lastModifiedDate":"2022-11-02"},{"lineNumber":90,"author":{"gitId":"drrnsyk"},"content":":end","lastModifiedDate":"2022-11-02"},{"lineNumber":91,"author":{"gitId":"drrnsyk"},"content":"@rem End local scope for the variables with windows NT shell","lastModifiedDate":"2022-11-02"},{"lineNumber":92,"author":{"gitId":"drrnsyk"},"content":"if \"%ERRORLEVEL%\"\u003d\u003d\"0\" goto mainEnd","lastModifiedDate":"2022-11-02"},{"lineNumber":93,"author":{"gitId":"drrnsyk"},"content":"","lastModifiedDate":"2022-11-02"},{"lineNumber":94,"author":{"gitId":"drrnsyk"},"content":":fail","lastModifiedDate":"2022-11-02"},{"lineNumber":95,"author":{"gitId":"drrnsyk"},"content":"rem Set variable GRADLE_EXIT_CONSOLE if you need the _script_ return code instead of","lastModifiedDate":"2022-11-02"},{"lineNumber":96,"author":{"gitId":"drrnsyk"},"content":"rem the _cmd.exe /c_ return code!","lastModifiedDate":"2022-11-02"},{"lineNumber":97,"author":{"gitId":"drrnsyk"},"content":"if  not \"\" \u003d\u003d \"%GRADLE_EXIT_CONSOLE%\" exit 1","lastModifiedDate":"2022-11-02"},{"lineNumber":98,"author":{"gitId":"drrnsyk"},"content":"exit /b 1","lastModifiedDate":"2022-11-02"},{"lineNumber":99,"author":{"gitId":"drrnsyk"},"content":"","lastModifiedDate":"2022-11-02"},{"lineNumber":100,"author":{"gitId":"drrnsyk"},"content":":mainEnd","lastModifiedDate":"2022-11-02"},{"lineNumber":101,"author":{"gitId":"drrnsyk"},"content":"if \"%OS%\"\u003d\u003d\"Windows_NT\" endlocal","lastModifiedDate":"2022-11-02"},{"lineNumber":102,"author":{"gitId":"drrnsyk"},"content":"","lastModifiedDate":"2022-11-02"},{"lineNumber":103,"author":{"gitId":"drrnsyk"},"content":":omega","lastModifiedDate":"2022-11-02"}],"authorContributionMap":{"drrnsyk":103}},{"path":"src/main/java/Deadline.java","fileType":"java","lines":[{"lineNumber":1,"author":{"gitId":"drrnsyk"},"content":"import java.time.LocalDateTime;","lastModifiedDate":"2022-10-31"},{"lineNumber":2,"author":{"gitId":"drrnsyk"},"content":"import java.time.format.DateTimeFormatter;","lastModifiedDate":"2022-10-31"},{"lineNumber":3,"author":{"gitId":"drrnsyk"},"content":"","lastModifiedDate":"2022-10-31"},{"lineNumber":4,"author":{"gitId":"drrnsyk"},"content":"public class Deadline extends Task {","lastModifiedDate":"2022-09-11"},{"lineNumber":5,"author":{"gitId":"drrnsyk"},"content":"    ","lastModifiedDate":"2022-09-11"},{"lineNumber":6,"author":{"gitId":"drrnsyk"},"content":"    private LocalDateTime by;","lastModifiedDate":"2022-10-31"},{"lineNumber":7,"author":{"gitId":"drrnsyk"},"content":"","lastModifiedDate":"2022-09-11"},{"lineNumber":8,"author":{"gitId":"drrnsyk"},"content":"    public Deadline(String description, LocalDateTime by) {","lastModifiedDate":"2022-10-31"},{"lineNumber":9,"author":{"gitId":"drrnsyk"},"content":"        super(description);","lastModifiedDate":"2022-09-11"},{"lineNumber":10,"author":{"gitId":"drrnsyk"},"content":"        this.by \u003d by;","lastModifiedDate":"2022-09-11"},{"lineNumber":11,"author":{"gitId":"drrnsyk"},"content":"    }","lastModifiedDate":"2022-09-11"},{"lineNumber":12,"author":{"gitId":"drrnsyk"},"content":"","lastModifiedDate":"2022-09-11"},{"lineNumber":13,"author":{"gitId":"drrnsyk"},"content":"    public Deadline(String description) {","lastModifiedDate":"2022-10-29"},{"lineNumber":14,"author":{"gitId":"drrnsyk"},"content":"        super(description);","lastModifiedDate":"2022-10-29"},{"lineNumber":15,"author":{"gitId":"drrnsyk"},"content":"    }","lastModifiedDate":"2022-10-29"},{"lineNumber":16,"author":{"gitId":"drrnsyk"},"content":"","lastModifiedDate":"2022-10-29"},{"lineNumber":17,"author":{"gitId":"drrnsyk"},"content":"    @Override","lastModifiedDate":"2022-09-11"},{"lineNumber":18,"author":{"gitId":"drrnsyk"},"content":"    public String toString() {","lastModifiedDate":"2022-09-11"},{"lineNumber":19,"author":{"gitId":"drrnsyk"},"content":"        if (this.by \u003d\u003d null) {","lastModifiedDate":"2022-10-29"},{"lineNumber":20,"author":{"gitId":"drrnsyk"},"content":"            return \"[D]\" + super.toString();","lastModifiedDate":"2022-10-29"},{"lineNumber":21,"author":{"gitId":"drrnsyk"},"content":"        } else {","lastModifiedDate":"2022-10-29"},{"lineNumber":22,"author":{"gitId":"drrnsyk"},"content":"            return \"[D]\" + super.toString() + \" (by: \" + by.format(DateTimeFormatter.ofPattern(\"E, dd MMM yyyy HH:mm:ss\")) + \")\";","lastModifiedDate":"2022-10-31"},{"lineNumber":23,"author":{"gitId":"drrnsyk"},"content":"        }","lastModifiedDate":"2022-09-11"},{"lineNumber":24,"author":{"gitId":"drrnsyk"},"content":"    }","lastModifiedDate":"2022-10-29"},{"lineNumber":25,"author":{"gitId":"drrnsyk"},"content":"    ","lastModifiedDate":"2022-09-11"},{"lineNumber":26,"author":{"gitId":"drrnsyk"},"content":"}","lastModifiedDate":"2022-09-11"}],"authorContributionMap":{"drrnsyk":26}},{"path":"src/main/java/Duke.java","fileType":"java","lines":[{"lineNumber":1,"author":{"gitId":"drrnsyk"},"content":"import java.io.IOException;","lastModifiedDate":"2022-10-27"},{"lineNumber":2,"author":{"gitId":"drrnsyk"},"content":"","lastModifiedDate":"2022-08-30"},{"lineNumber":3,"author":{"gitId":"-"},"content":"public class Duke {","lastModifiedDate":"2019-07-29"},{"lineNumber":4,"author":{"gitId":"drrnsyk"},"content":"    public static void main(String[] args) throws IOException {","lastModifiedDate":"2022-10-27"},{"lineNumber":5,"author":{"gitId":"drrnsyk"},"content":"        String directory \u003d \"./data/\";","lastModifiedDate":"2022-10-27"},{"lineNumber":6,"author":{"gitId":"drrnsyk"},"content":"        String fileName \u003d \"textUiTest.txt\";","lastModifiedDate":"2022-11-02"},{"lineNumber":7,"author":{"gitId":"drrnsyk"},"content":"        Repository repo \u003d new Repository(directory, fileName);","lastModifiedDate":"2022-10-27"},{"lineNumber":8,"author":{"gitId":"drrnsyk"},"content":"        Session tracking \u003d new Session(repo);","lastModifiedDate":"2022-10-27"},{"lineNumber":9,"author":{"gitId":"drrnsyk"},"content":"        tracking.start();","lastModifiedDate":"2022-10-27"},{"lineNumber":10,"author":{"gitId":"-"},"content":"    }","lastModifiedDate":"2019-07-29"},{"lineNumber":11,"author":{"gitId":"-"},"content":"}","lastModifiedDate":"2019-07-29"}],"authorContributionMap":{"drrnsyk":8,"-":3}},{"path":"src/main/java/Event.java","fileType":"java","lines":[{"lineNumber":1,"author":{"gitId":"drrnsyk"},"content":"import java.time.LocalDateTime;","lastModifiedDate":"2022-10-31"},{"lineNumber":2,"author":{"gitId":"drrnsyk"},"content":"import java.time.format.DateTimeFormatter;","lastModifiedDate":"2022-10-31"},{"lineNumber":3,"author":{"gitId":"drrnsyk"},"content":"","lastModifiedDate":"2022-10-31"},{"lineNumber":4,"author":{"gitId":"drrnsyk"},"content":"public class Event extends Task {","lastModifiedDate":"2022-09-11"},{"lineNumber":5,"author":{"gitId":"drrnsyk"},"content":"    ","lastModifiedDate":"2022-09-11"},{"lineNumber":6,"author":{"gitId":"drrnsyk"},"content":"    private LocalDateTime at;","lastModifiedDate":"2022-10-31"},{"lineNumber":7,"author":{"gitId":"drrnsyk"},"content":"","lastModifiedDate":"2022-09-11"},{"lineNumber":8,"author":{"gitId":"drrnsyk"},"content":"    public Event(String description, LocalDateTime at) {","lastModifiedDate":"2022-10-31"},{"lineNumber":9,"author":{"gitId":"drrnsyk"},"content":"        super(description);","lastModifiedDate":"2022-09-11"},{"lineNumber":10,"author":{"gitId":"drrnsyk"},"content":"        this.at \u003d at;","lastModifiedDate":"2022-09-11"},{"lineNumber":11,"author":{"gitId":"drrnsyk"},"content":"    }","lastModifiedDate":"2022-09-11"},{"lineNumber":12,"author":{"gitId":"drrnsyk"},"content":"","lastModifiedDate":"2022-09-11"},{"lineNumber":13,"author":{"gitId":"drrnsyk"},"content":"    public Event(String description) {","lastModifiedDate":"2022-10-29"},{"lineNumber":14,"author":{"gitId":"drrnsyk"},"content":"        super(description);","lastModifiedDate":"2022-10-29"},{"lineNumber":15,"author":{"gitId":"drrnsyk"},"content":"    }","lastModifiedDate":"2022-10-29"},{"lineNumber":16,"author":{"gitId":"drrnsyk"},"content":"","lastModifiedDate":"2022-10-29"},{"lineNumber":17,"author":{"gitId":"drrnsyk"},"content":"    @Override","lastModifiedDate":"2022-09-11"},{"lineNumber":18,"author":{"gitId":"drrnsyk"},"content":"    public String toString() {","lastModifiedDate":"2022-09-11"},{"lineNumber":19,"author":{"gitId":"drrnsyk"},"content":"        if (this.at \u003d\u003d null) {","lastModifiedDate":"2022-10-29"},{"lineNumber":20,"author":{"gitId":"drrnsyk"},"content":"            return \"[E]\" + super.toString();","lastModifiedDate":"2022-10-29"},{"lineNumber":21,"author":{"gitId":"drrnsyk"},"content":"        } else {","lastModifiedDate":"2022-10-29"},{"lineNumber":22,"author":{"gitId":"drrnsyk"},"content":"            return \"[E]\" + super.toString() + \" (at: \" + at.format(DateTimeFormatter.ofPattern(\"E, dd MMM yyyy HH:mm:ss\")) + \")\";","lastModifiedDate":"2022-10-31"},{"lineNumber":23,"author":{"gitId":"drrnsyk"},"content":"        }","lastModifiedDate":"2022-09-11"},{"lineNumber":24,"author":{"gitId":"drrnsyk"},"content":"    }","lastModifiedDate":"2022-10-29"},{"lineNumber":25,"author":{"gitId":"drrnsyk"},"content":"","lastModifiedDate":"2022-09-11"},{"lineNumber":26,"author":{"gitId":"drrnsyk"},"content":"}","lastModifiedDate":"2022-09-11"}],"authorContributionMap":{"drrnsyk":26}},{"path":"src/main/java/Repository.java","fileType":"java","lines":[{"lineNumber":1,"author":{"gitId":"drrnsyk"},"content":"import java.io.*;","lastModifiedDate":"2022-10-29"},{"lineNumber":2,"author":{"gitId":"drrnsyk"},"content":"import java.util.ArrayList;","lastModifiedDate":"2022-10-29"},{"lineNumber":3,"author":{"gitId":"drrnsyk"},"content":"import java.util.List;","lastModifiedDate":"2022-10-29"},{"lineNumber":4,"author":{"gitId":"drrnsyk"},"content":"","lastModifiedDate":"2022-10-27"},{"lineNumber":5,"author":{"gitId":"drrnsyk"},"content":"/**","lastModifiedDate":"2022-10-31"},{"lineNumber":6,"author":{"gitId":"drrnsyk"},"content":" * Encapsulate the methods required to access a file.","lastModifiedDate":"2022-10-31"},{"lineNumber":7,"author":{"gitId":"drrnsyk"},"content":" */","lastModifiedDate":"2022-10-31"},{"lineNumber":8,"author":{"gitId":"drrnsyk"},"content":"public class Repository {","lastModifiedDate":"2022-10-27"},{"lineNumber":9,"author":{"gitId":"drrnsyk"},"content":"    private final String repoDirectory;","lastModifiedDate":"2022-10-27"},{"lineNumber":10,"author":{"gitId":"drrnsyk"},"content":"    private final String repoFileName;","lastModifiedDate":"2022-10-27"},{"lineNumber":11,"author":{"gitId":"drrnsyk"},"content":"    List\u003cTask\u003e repoList \u003d new ArrayList\u003c\u003e();","lastModifiedDate":"2022-10-29"},{"lineNumber":12,"author":{"gitId":"drrnsyk"},"content":"","lastModifiedDate":"2022-10-27"},{"lineNumber":13,"author":{"gitId":"drrnsyk"},"content":"    public Repository (String directory, String fileName) {","lastModifiedDate":"2022-10-31"},{"lineNumber":14,"author":{"gitId":"drrnsyk"},"content":"        this.repoDirectory \u003d directory;","lastModifiedDate":"2022-10-27"},{"lineNumber":15,"author":{"gitId":"drrnsyk"},"content":"        this.repoFileName \u003d fileName;","lastModifiedDate":"2022-10-27"},{"lineNumber":16,"author":{"gitId":"drrnsyk"},"content":"    }","lastModifiedDate":"2022-10-27"},{"lineNumber":17,"author":{"gitId":"drrnsyk"},"content":"","lastModifiedDate":"2022-10-27"},{"lineNumber":18,"author":{"gitId":"drrnsyk"},"content":"    public void loadDirectory() throws IOException {","lastModifiedDate":"2022-11-02"},{"lineNumber":19,"author":{"gitId":"drrnsyk"},"content":"        File dir \u003d new File(repoDirectory);","lastModifiedDate":"2022-11-02"},{"lineNumber":20,"author":{"gitId":"drrnsyk"},"content":"        if (dir.mkdir()) {","lastModifiedDate":"2022-11-02"},{"lineNumber":21,"author":{"gitId":"drrnsyk"},"content":"            System.out.printf(\"The %s directory has been created,\\n\" , repoDirectory);","lastModifiedDate":"2022-11-02"},{"lineNumber":22,"author":{"gitId":"drrnsyk"},"content":"        }","lastModifiedDate":"2022-11-02"},{"lineNumber":23,"author":{"gitId":"drrnsyk"},"content":"        System.out.printf(\"Using %s directory,\\n\" , repoDirectory);","lastModifiedDate":"2022-11-02"},{"lineNumber":24,"author":{"gitId":"drrnsyk"},"content":"    }","lastModifiedDate":"2022-11-02"},{"lineNumber":25,"author":{"gitId":"drrnsyk"},"content":"","lastModifiedDate":"2022-11-02"},{"lineNumber":26,"author":{"gitId":"drrnsyk"},"content":"    /**","lastModifiedDate":"2022-10-31"},{"lineNumber":27,"author":{"gitId":"drrnsyk"},"content":"     * Atomically creates a new, empty file named by this abstract pathname if and only if a file with this name does not yet exist.","lastModifiedDate":"2022-10-31"},{"lineNumber":28,"author":{"gitId":"drrnsyk"},"content":"     * @throws IOException If an I/O error occurred.","lastModifiedDate":"2022-10-31"},{"lineNumber":29,"author":{"gitId":"drrnsyk"},"content":"     */","lastModifiedDate":"2022-10-31"},{"lineNumber":30,"author":{"gitId":"drrnsyk"},"content":"    public void loadFile() throws IOException {","lastModifiedDate":"2022-10-29"},{"lineNumber":31,"author":{"gitId":"drrnsyk"},"content":"        File f \u003d new File(repoDirectory + repoFileName);","lastModifiedDate":"2022-10-27"},{"lineNumber":32,"author":{"gitId":"drrnsyk"},"content":"        if (f.createNewFile()) {","lastModifiedDate":"2022-10-27"},{"lineNumber":33,"author":{"gitId":"drrnsyk"},"content":"            System.out.printf(\"The %s file has been created.\\n\" , repoFileName);","lastModifiedDate":"2022-11-02"},{"lineNumber":34,"author":{"gitId":"drrnsyk"},"content":"            System.out.println();","lastModifiedDate":"2022-10-27"},{"lineNumber":35,"author":{"gitId":"drrnsyk"},"content":"        } else {","lastModifiedDate":"2022-10-27"},{"lineNumber":36,"author":{"gitId":"drrnsyk"},"content":"            System.out.printf(\"Opening %s file.\\n\" , repoFileName);","lastModifiedDate":"2022-11-02"},{"lineNumber":37,"author":{"gitId":"drrnsyk"},"content":"            System.out.println();","lastModifiedDate":"2022-10-27"},{"lineNumber":38,"author":{"gitId":"drrnsyk"},"content":"        }","lastModifiedDate":"2022-10-27"},{"lineNumber":39,"author":{"gitId":"drrnsyk"},"content":"    }","lastModifiedDate":"2022-10-27"},{"lineNumber":40,"author":{"gitId":"drrnsyk"},"content":"","lastModifiedDate":"2022-10-29"},{"lineNumber":41,"author":{"gitId":"drrnsyk"},"content":"    /**","lastModifiedDate":"2022-10-31"},{"lineNumber":42,"author":{"gitId":"drrnsyk"},"content":"     * Returns the path of the file.","lastModifiedDate":"2022-10-31"},{"lineNumber":43,"author":{"gitId":"drrnsyk"},"content":"     * @return file path.","lastModifiedDate":"2022-10-31"},{"lineNumber":44,"author":{"gitId":"drrnsyk"},"content":"     */","lastModifiedDate":"2022-10-31"},{"lineNumber":45,"author":{"gitId":"drrnsyk"},"content":"    public String getFileDirectory() {","lastModifiedDate":"2022-10-29"},{"lineNumber":46,"author":{"gitId":"drrnsyk"},"content":"        return this.repoDirectory + this.repoFileName;","lastModifiedDate":"2022-10-31"},{"lineNumber":47,"author":{"gitId":"drrnsyk"},"content":"    }","lastModifiedDate":"2022-10-29"},{"lineNumber":48,"author":{"gitId":"drrnsyk"},"content":"","lastModifiedDate":"2022-10-29"},{"lineNumber":49,"author":{"gitId":"drrnsyk"},"content":"    /**","lastModifiedDate":"2022-10-31"},{"lineNumber":50,"author":{"gitId":"drrnsyk"},"content":"     * Returns an array list of Task objects.","lastModifiedDate":"2022-10-31"},{"lineNumber":51,"author":{"gitId":"drrnsyk"},"content":"     * @return array list.","lastModifiedDate":"2022-10-31"},{"lineNumber":52,"author":{"gitId":"drrnsyk"},"content":"     * @throws IOException If an I/O error occurred.","lastModifiedDate":"2022-10-31"},{"lineNumber":53,"author":{"gitId":"drrnsyk"},"content":"     */","lastModifiedDate":"2022-10-31"},{"lineNumber":54,"author":{"gitId":"drrnsyk"},"content":"    public List\u003cTask\u003e readFile() throws IOException {","lastModifiedDate":"2022-10-29"},{"lineNumber":55,"author":{"gitId":"drrnsyk"},"content":"        FileReader r \u003d new FileReader(this.repoDirectory + this.repoFileName);","lastModifiedDate":"2022-10-31"},{"lineNumber":56,"author":{"gitId":"drrnsyk"},"content":"        BufferedReader br \u003d new BufferedReader(r);","lastModifiedDate":"2022-10-31"},{"lineNumber":57,"author":{"gitId":"drrnsyk"},"content":"        while (true) {","lastModifiedDate":"2022-10-29"},{"lineNumber":58,"author":{"gitId":"drrnsyk"},"content":"            String contentLine \u003d br.readLine();","lastModifiedDate":"2022-10-31"},{"lineNumber":59,"author":{"gitId":"drrnsyk"},"content":"            if (contentLine \u003d\u003d null)","lastModifiedDate":"2022-10-31"},{"lineNumber":60,"author":{"gitId":"drrnsyk"},"content":"                break;","lastModifiedDate":"2022-10-29"},{"lineNumber":61,"author":{"gitId":"drrnsyk"},"content":"            String[] stringParser \u003d contentLine.split(\" \");","lastModifiedDate":"2022-10-29"},{"lineNumber":62,"author":{"gitId":"drrnsyk"},"content":"            if (stringParser[1].contains(\"T\")) {","lastModifiedDate":"2022-10-29"},{"lineNumber":63,"author":{"gitId":"drrnsyk"},"content":"                Task todo \u003d new Todo(contentLine.substring(10));","lastModifiedDate":"2022-10-29"},{"lineNumber":64,"author":{"gitId":"drrnsyk"},"content":"                if (stringParser[1].contains(\"X\")) {","lastModifiedDate":"2022-10-29"},{"lineNumber":65,"author":{"gitId":"drrnsyk"},"content":"                    todo.setDone(true);","lastModifiedDate":"2022-10-29"},{"lineNumber":66,"author":{"gitId":"drrnsyk"},"content":"                }","lastModifiedDate":"2022-10-29"},{"lineNumber":67,"author":{"gitId":"drrnsyk"},"content":"                repoList.add(todo);","lastModifiedDate":"2022-10-29"},{"lineNumber":68,"author":{"gitId":"drrnsyk"},"content":"            }","lastModifiedDate":"2022-10-29"},{"lineNumber":69,"author":{"gitId":"drrnsyk"},"content":"            if (stringParser[1].contains(\"D\")) {","lastModifiedDate":"2022-10-29"},{"lineNumber":70,"author":{"gitId":"drrnsyk"},"content":"                Task deadline \u003d new Deadline(contentLine.substring(10));","lastModifiedDate":"2022-10-29"},{"lineNumber":71,"author":{"gitId":"drrnsyk"},"content":"                if (stringParser[1].contains(\"X\")) {","lastModifiedDate":"2022-10-29"},{"lineNumber":72,"author":{"gitId":"drrnsyk"},"content":"                    deadline.setDone(true);","lastModifiedDate":"2022-10-29"},{"lineNumber":73,"author":{"gitId":"drrnsyk"},"content":"                }","lastModifiedDate":"2022-10-29"},{"lineNumber":74,"author":{"gitId":"drrnsyk"},"content":"                repoList.add(deadline);","lastModifiedDate":"2022-10-29"},{"lineNumber":75,"author":{"gitId":"drrnsyk"},"content":"            }","lastModifiedDate":"2022-10-29"},{"lineNumber":76,"author":{"gitId":"drrnsyk"},"content":"            if (stringParser[1].contains(\"E\")) {","lastModifiedDate":"2022-10-29"},{"lineNumber":77,"author":{"gitId":"drrnsyk"},"content":"                Task event \u003d new Event(contentLine.substring(10));","lastModifiedDate":"2022-10-29"},{"lineNumber":78,"author":{"gitId":"drrnsyk"},"content":"                if (stringParser[1].contains(\"X\")) {","lastModifiedDate":"2022-10-29"},{"lineNumber":79,"author":{"gitId":"drrnsyk"},"content":"                    event.setDone(true);","lastModifiedDate":"2022-10-29"},{"lineNumber":80,"author":{"gitId":"drrnsyk"},"content":"                }","lastModifiedDate":"2022-10-29"},{"lineNumber":81,"author":{"gitId":"drrnsyk"},"content":"                repoList.add(event);","lastModifiedDate":"2022-10-29"},{"lineNumber":82,"author":{"gitId":"drrnsyk"},"content":"            }","lastModifiedDate":"2022-10-29"},{"lineNumber":83,"author":{"gitId":"drrnsyk"},"content":"        }","lastModifiedDate":"2022-10-29"},{"lineNumber":84,"author":{"gitId":"drrnsyk"},"content":"        br.close();","lastModifiedDate":"2022-10-29"},{"lineNumber":85,"author":{"gitId":"drrnsyk"},"content":"        return repoList;","lastModifiedDate":"2022-10-29"},{"lineNumber":86,"author":{"gitId":"drrnsyk"},"content":"    }","lastModifiedDate":"2022-10-29"},{"lineNumber":87,"author":{"gitId":"drrnsyk"},"content":"}","lastModifiedDate":"2022-10-27"}],"authorContributionMap":{"drrnsyk":87}},{"path":"src/main/java/Session.java","fileType":"java","lines":[{"lineNumber":1,"author":{"gitId":"drrnsyk"},"content":"import java.io.IOException;","lastModifiedDate":"2022-10-27"},{"lineNumber":2,"author":{"gitId":"drrnsyk"},"content":"import java.util.Scanner;","lastModifiedDate":"2022-10-27"},{"lineNumber":3,"author":{"gitId":"drrnsyk"},"content":"","lastModifiedDate":"2022-10-27"},{"lineNumber":4,"author":{"gitId":"drrnsyk"},"content":"/**","lastModifiedDate":"2022-10-31"},{"lineNumber":5,"author":{"gitId":"drrnsyk"},"content":" * Encapsulate the properties, constructors and methods required to run the program.","lastModifiedDate":"2022-10-31"},{"lineNumber":6,"author":{"gitId":"drrnsyk"},"content":" * Contains the program logic.","lastModifiedDate":"2022-10-31"},{"lineNumber":7,"author":{"gitId":"drrnsyk"},"content":" * Contains the parser code to parse user inputs.","lastModifiedDate":"2022-10-31"},{"lineNumber":8,"author":{"gitId":"drrnsyk"},"content":" */","lastModifiedDate":"2022-10-31"},{"lineNumber":9,"author":{"gitId":"drrnsyk"},"content":"public class Session {","lastModifiedDate":"2022-10-27"},{"lineNumber":10,"author":{"gitId":"drrnsyk"},"content":"    private final Repository sessionRepo;","lastModifiedDate":"2022-10-27"},{"lineNumber":11,"author":{"gitId":"drrnsyk"},"content":"    private TaskList sessionTaskList;","lastModifiedDate":"2022-10-29"},{"lineNumber":12,"author":{"gitId":"drrnsyk"},"content":"","lastModifiedDate":"2022-10-27"},{"lineNumber":13,"author":{"gitId":"drrnsyk"},"content":"    public Session (Repository repo) {","lastModifiedDate":"2022-10-27"},{"lineNumber":14,"author":{"gitId":"drrnsyk"},"content":"        this.sessionRepo \u003d repo;","lastModifiedDate":"2022-10-27"},{"lineNumber":15,"author":{"gitId":"drrnsyk"},"content":"    }","lastModifiedDate":"2022-10-27"},{"lineNumber":16,"author":{"gitId":"drrnsyk"},"content":"","lastModifiedDate":"2022-10-27"},{"lineNumber":17,"author":{"gitId":"drrnsyk"},"content":"    /**","lastModifiedDate":"2022-10-31"},{"lineNumber":18,"author":{"gitId":"drrnsyk"},"content":"     * Encapsulates the program logic and parsing of user input.","lastModifiedDate":"2022-10-31"},{"lineNumber":19,"author":{"gitId":"drrnsyk"},"content":"     * @throws IOException If an I/O error occurred.","lastModifiedDate":"2022-10-31"},{"lineNumber":20,"author":{"gitId":"drrnsyk"},"content":"     */","lastModifiedDate":"2022-10-31"},{"lineNumber":21,"author":{"gitId":"drrnsyk"},"content":"    public void start() throws IOException {","lastModifiedDate":"2022-10-27"},{"lineNumber":22,"author":{"gitId":"drrnsyk"},"content":"        sessionRepo.loadDirectory();","lastModifiedDate":"2022-11-02"},{"lineNumber":23,"author":{"gitId":"drrnsyk"},"content":"        sessionRepo.loadFile();","lastModifiedDate":"2022-10-29"},{"lineNumber":24,"author":{"gitId":"drrnsyk"},"content":"        sessionTaskList \u003d new TaskList();","lastModifiedDate":"2022-10-29"},{"lineNumber":25,"author":{"gitId":"drrnsyk"},"content":"        sessionTaskList.existingTaskList(sessionRepo.readFile());","lastModifiedDate":"2022-10-29"},{"lineNumber":26,"author":{"gitId":"drrnsyk"},"content":"","lastModifiedDate":"2022-10-27"},{"lineNumber":27,"author":{"gitId":"drrnsyk"},"content":"        String logo \u003d \" ____        _        \\n\"","lastModifiedDate":"2022-10-27"},{"lineNumber":28,"author":{"gitId":"drrnsyk"},"content":"                    + \"|  _ \\\\ _   _| | _____ \\n\"","lastModifiedDate":"2022-10-27"},{"lineNumber":29,"author":{"gitId":"drrnsyk"},"content":"                    + \"| | | | | | | |/ / _ \\\\\\n\"","lastModifiedDate":"2022-10-27"},{"lineNumber":30,"author":{"gitId":"drrnsyk"},"content":"                    + \"| |_| | |_| |   \u003c  __/\\n\"","lastModifiedDate":"2022-10-27"},{"lineNumber":31,"author":{"gitId":"drrnsyk"},"content":"                    + \"|____/ \\\\__,_|_|\\\\_\\\\___|\\n\";","lastModifiedDate":"2022-10-27"},{"lineNumber":32,"author":{"gitId":"drrnsyk"},"content":"","lastModifiedDate":"2022-10-27"},{"lineNumber":33,"author":{"gitId":"drrnsyk"},"content":"        System.out.println(\"System booting up...\\n\" + logo);","lastModifiedDate":"2022-10-27"},{"lineNumber":34,"author":{"gitId":"drrnsyk"},"content":"","lastModifiedDate":"2022-10-27"},{"lineNumber":35,"author":{"gitId":"drrnsyk"},"content":"        System.out.println(\"\\t-----------------------------------------------------------------\");","lastModifiedDate":"2022-10-27"},{"lineNumber":36,"author":{"gitId":"drrnsyk"},"content":"        System.out.println(\"\\t Hello! I\u0027m Duke\");","lastModifiedDate":"2022-10-27"},{"lineNumber":37,"author":{"gitId":"drrnsyk"},"content":"        System.out.println(\"\\t What can I do for you?\");","lastModifiedDate":"2022-10-27"},{"lineNumber":38,"author":{"gitId":"drrnsyk"},"content":"        System.out.println(\"\\t-----------------------------------------------------------------\");","lastModifiedDate":"2022-10-27"},{"lineNumber":39,"author":{"gitId":"drrnsyk"},"content":"        System.out.println();","lastModifiedDate":"2022-10-27"},{"lineNumber":40,"author":{"gitId":"drrnsyk"},"content":"","lastModifiedDate":"2022-10-27"},{"lineNumber":41,"author":{"gitId":"drrnsyk"},"content":"        String inputLine;","lastModifiedDate":"2022-10-27"},{"lineNumber":42,"author":{"gitId":"drrnsyk"},"content":"        String commandLine;","lastModifiedDate":"2022-10-27"},{"lineNumber":43,"author":{"gitId":"drrnsyk"},"content":"        Scanner input \u003d new Scanner(System.in);","lastModifiedDate":"2022-10-27"},{"lineNumber":44,"author":{"gitId":"drrnsyk"},"content":"","lastModifiedDate":"2022-10-27"},{"lineNumber":45,"author":{"gitId":"drrnsyk"},"content":"        while (true) {","lastModifiedDate":"2022-10-27"},{"lineNumber":46,"author":{"gitId":"drrnsyk"},"content":"            inputLine \u003d input.nextLine();","lastModifiedDate":"2022-10-27"},{"lineNumber":47,"author":{"gitId":"drrnsyk"},"content":"            String[] lineArray \u003d inputLine.split(\" \");","lastModifiedDate":"2022-10-27"},{"lineNumber":48,"author":{"gitId":"drrnsyk"},"content":"            commandLine \u003d lineArray[0];","lastModifiedDate":"2022-10-27"},{"lineNumber":49,"author":{"gitId":"drrnsyk"},"content":"","lastModifiedDate":"2022-10-27"},{"lineNumber":50,"author":{"gitId":"drrnsyk"},"content":"            if (inputLine.equalsIgnoreCase(\"bye\")) {","lastModifiedDate":"2022-10-27"},{"lineNumber":51,"author":{"gitId":"drrnsyk"},"content":"                System.out.println(\"\\t-----------------------------------------------------------------\");","lastModifiedDate":"2022-10-27"},{"lineNumber":52,"author":{"gitId":"drrnsyk"},"content":"                System.out.println(\"\\t Bye. Hope to see you again soon!\");","lastModifiedDate":"2022-10-27"},{"lineNumber":53,"author":{"gitId":"drrnsyk"},"content":"                System.out.println(\"\\t-----------------------------------------------------------------\");","lastModifiedDate":"2022-10-27"},{"lineNumber":54,"author":{"gitId":"drrnsyk"},"content":"                break;","lastModifiedDate":"2022-10-27"},{"lineNumber":55,"author":{"gitId":"drrnsyk"},"content":"            } else if (commandLine.equalsIgnoreCase(\"delete\")) {","lastModifiedDate":"2022-10-31"},{"lineNumber":56,"author":{"gitId":"drrnsyk"},"content":"                sessionTaskList.deleteTask(lineArray);","lastModifiedDate":"2022-10-27"},{"lineNumber":57,"author":{"gitId":"drrnsyk"},"content":"                sessionTaskList.saveTaskList(sessionRepo.getFileDirectory());","lastModifiedDate":"2022-10-29"},{"lineNumber":58,"author":{"gitId":"drrnsyk"},"content":"            } else if (commandLine.equalsIgnoreCase(\"mark\")) {","lastModifiedDate":"2022-10-31"},{"lineNumber":59,"author":{"gitId":"drrnsyk"},"content":"                sessionTaskList.markTask(lineArray);","lastModifiedDate":"2022-10-27"},{"lineNumber":60,"author":{"gitId":"drrnsyk"},"content":"                sessionTaskList.saveTaskList(sessionRepo.getFileDirectory());","lastModifiedDate":"2022-10-29"},{"lineNumber":61,"author":{"gitId":"drrnsyk"},"content":"            } else if (commandLine.equalsIgnoreCase(\"unmark\")) {","lastModifiedDate":"2022-10-31"},{"lineNumber":62,"author":{"gitId":"drrnsyk"},"content":"                sessionTaskList.unmarkTask(lineArray);","lastModifiedDate":"2022-10-27"},{"lineNumber":63,"author":{"gitId":"drrnsyk"},"content":"                sessionTaskList.saveTaskList(sessionRepo.getFileDirectory());","lastModifiedDate":"2022-10-29"},{"lineNumber":64,"author":{"gitId":"drrnsyk"},"content":"            } else if (commandLine.equalsIgnoreCase(\"list\")) {","lastModifiedDate":"2022-10-31"},{"lineNumber":65,"author":{"gitId":"drrnsyk"},"content":"                sessionTaskList.listTask();","lastModifiedDate":"2022-10-27"},{"lineNumber":66,"author":{"gitId":"drrnsyk"},"content":"            } else if (commandLine.equalsIgnoreCase(\"todo\")) {","lastModifiedDate":"2022-10-27"},{"lineNumber":67,"author":{"gitId":"drrnsyk"},"content":"                if (lineArray.length \u003c 2) {","lastModifiedDate":"2022-10-27"},{"lineNumber":68,"author":{"gitId":"drrnsyk"},"content":"                    System.out.println(\"\\t-----------------------------------------------------------------\");","lastModifiedDate":"2022-10-27"},{"lineNumber":69,"author":{"gitId":"drrnsyk"},"content":"                    System.out.println(\"\\t \" + \"The description of a todo cannot be empty.\");","lastModifiedDate":"2022-10-27"},{"lineNumber":70,"author":{"gitId":"drrnsyk"},"content":"                    System.out.println(\"\\t-----------------------------------------------------------------\");","lastModifiedDate":"2022-10-27"},{"lineNumber":71,"author":{"gitId":"drrnsyk"},"content":"                    continue;","lastModifiedDate":"2022-10-27"},{"lineNumber":72,"author":{"gitId":"drrnsyk"},"content":"                }","lastModifiedDate":"2022-10-27"},{"lineNumber":73,"author":{"gitId":"drrnsyk"},"content":"                sessionTaskList.addToDo(lineArray);","lastModifiedDate":"2022-10-27"},{"lineNumber":74,"author":{"gitId":"drrnsyk"},"content":"                sessionTaskList.saveTaskList(sessionRepo.getFileDirectory());","lastModifiedDate":"2022-10-29"},{"lineNumber":75,"author":{"gitId":"drrnsyk"},"content":"            } else if (commandLine.equalsIgnoreCase(\"deadline\")) {","lastModifiedDate":"2022-10-27"},{"lineNumber":76,"author":{"gitId":"drrnsyk"},"content":"                if (lineArray.length \u003c 2) {","lastModifiedDate":"2022-10-27"},{"lineNumber":77,"author":{"gitId":"drrnsyk"},"content":"                    System.out.println(\"\\t-----------------------------------------------------------------\");","lastModifiedDate":"2022-10-27"},{"lineNumber":78,"author":{"gitId":"drrnsyk"},"content":"                    System.out.println(\"\\t \" + \"The description of a deadline cannot be empty.\");","lastModifiedDate":"2022-10-27"},{"lineNumber":79,"author":{"gitId":"drrnsyk"},"content":"                    System.out.println(\"\\t-----------------------------------------------------------------\"); ","lastModifiedDate":"2022-10-27"},{"lineNumber":80,"author":{"gitId":"drrnsyk"},"content":"                    continue;","lastModifiedDate":"2022-10-27"},{"lineNumber":81,"author":{"gitId":"drrnsyk"},"content":"                }","lastModifiedDate":"2022-10-27"},{"lineNumber":82,"author":{"gitId":"drrnsyk"},"content":"                sessionTaskList.addDeadLine(lineArray);","lastModifiedDate":"2022-10-27"},{"lineNumber":83,"author":{"gitId":"drrnsyk"},"content":"                sessionTaskList.saveTaskList(sessionRepo.getFileDirectory());","lastModifiedDate":"2022-10-29"},{"lineNumber":84,"author":{"gitId":"drrnsyk"},"content":"            } else if (commandLine.equalsIgnoreCase(\"event\")) {","lastModifiedDate":"2022-10-27"},{"lineNumber":85,"author":{"gitId":"drrnsyk"},"content":"                if (lineArray.length \u003c 2) {","lastModifiedDate":"2022-10-27"},{"lineNumber":86,"author":{"gitId":"drrnsyk"},"content":"                    System.out.println(\"\\t-----------------------------------------------------------------\");","lastModifiedDate":"2022-10-27"},{"lineNumber":87,"author":{"gitId":"drrnsyk"},"content":"                    System.out.println(\"\\t \" + \"The description of a event cannot be empty.\");","lastModifiedDate":"2022-10-27"},{"lineNumber":88,"author":{"gitId":"drrnsyk"},"content":"                    System.out.println(\"\\t-----------------------------------------------------------------\"); ","lastModifiedDate":"2022-10-27"},{"lineNumber":89,"author":{"gitId":"drrnsyk"},"content":"                    continue;","lastModifiedDate":"2022-10-27"},{"lineNumber":90,"author":{"gitId":"drrnsyk"},"content":"                }","lastModifiedDate":"2022-10-27"},{"lineNumber":91,"author":{"gitId":"drrnsyk"},"content":"                sessionTaskList.addEvent(lineArray);","lastModifiedDate":"2022-10-27"},{"lineNumber":92,"author":{"gitId":"drrnsyk"},"content":"                sessionTaskList.saveTaskList(sessionRepo.getFileDirectory());","lastModifiedDate":"2022-10-29"},{"lineNumber":93,"author":{"gitId":"drrnsyk"},"content":"            } else {","lastModifiedDate":"2022-10-31"},{"lineNumber":94,"author":{"gitId":"drrnsyk"},"content":"                System.out.println(\"\\t-----------------------------------------------------------------\");","lastModifiedDate":"2022-10-27"},{"lineNumber":95,"author":{"gitId":"drrnsyk"},"content":"                System.out.println(\"\\t \" + \"Pleas enter a valid command\");","lastModifiedDate":"2022-10-27"},{"lineNumber":96,"author":{"gitId":"drrnsyk"},"content":"                System.out.println(\"\\t-----------------------------------------------------------------\");","lastModifiedDate":"2022-10-27"},{"lineNumber":97,"author":{"gitId":"drrnsyk"},"content":"            }","lastModifiedDate":"2022-10-27"},{"lineNumber":98,"author":{"gitId":"drrnsyk"},"content":"        }","lastModifiedDate":"2022-10-27"},{"lineNumber":99,"author":{"gitId":"drrnsyk"},"content":"        input.close();","lastModifiedDate":"2022-10-27"},{"lineNumber":100,"author":{"gitId":"drrnsyk"},"content":"    }","lastModifiedDate":"2022-10-27"},{"lineNumber":101,"author":{"gitId":"drrnsyk"},"content":"}","lastModifiedDate":"2022-10-27"}],"authorContributionMap":{"drrnsyk":101}},{"path":"src/main/java/Task.java","fileType":"java","lines":[{"lineNumber":1,"author":{"gitId":"drrnsyk"},"content":"public class Task {","lastModifiedDate":"2022-09-03"},{"lineNumber":2,"author":{"gitId":"drrnsyk"},"content":"","lastModifiedDate":"2022-09-03"},{"lineNumber":3,"author":{"gitId":"drrnsyk"},"content":"    // properties","lastModifiedDate":"2022-10-27"},{"lineNumber":4,"author":{"gitId":"drrnsyk"},"content":"    protected String description;","lastModifiedDate":"2022-09-03"},{"lineNumber":5,"author":{"gitId":"drrnsyk"},"content":"    protected boolean isDone;","lastModifiedDate":"2022-09-03"},{"lineNumber":6,"author":{"gitId":"drrnsyk"},"content":"","lastModifiedDate":"2022-09-03"},{"lineNumber":7,"author":{"gitId":"drrnsyk"},"content":"    // constructors","lastModifiedDate":"2022-10-27"},{"lineNumber":8,"author":{"gitId":"drrnsyk"},"content":"    public Task(String description) {","lastModifiedDate":"2022-09-03"},{"lineNumber":9,"author":{"gitId":"drrnsyk"},"content":"        this.description \u003d description;","lastModifiedDate":"2022-09-03"},{"lineNumber":10,"author":{"gitId":"drrnsyk"},"content":"        this.isDone \u003d false;","lastModifiedDate":"2022-09-03"},{"lineNumber":11,"author":{"gitId":"drrnsyk"},"content":"    }","lastModifiedDate":"2022-09-03"},{"lineNumber":12,"author":{"gitId":"drrnsyk"},"content":"","lastModifiedDate":"2022-09-03"},{"lineNumber":13,"author":{"gitId":"drrnsyk"},"content":"    // methods","lastModifiedDate":"2022-10-27"},{"lineNumber":14,"author":{"gitId":"drrnsyk"},"content":"    public String getDescription() {","lastModifiedDate":"2022-09-03"},{"lineNumber":15,"author":{"gitId":"drrnsyk"},"content":"        return description;","lastModifiedDate":"2022-09-03"},{"lineNumber":16,"author":{"gitId":"drrnsyk"},"content":"    }","lastModifiedDate":"2022-09-03"},{"lineNumber":17,"author":{"gitId":"drrnsyk"},"content":"","lastModifiedDate":"2022-09-03"},{"lineNumber":18,"author":{"gitId":"drrnsyk"},"content":"    public void setDescription(String description) {","lastModifiedDate":"2022-09-03"},{"lineNumber":19,"author":{"gitId":"drrnsyk"},"content":"        this.description \u003d description;","lastModifiedDate":"2022-09-03"},{"lineNumber":20,"author":{"gitId":"drrnsyk"},"content":"    }","lastModifiedDate":"2022-09-03"},{"lineNumber":21,"author":{"gitId":"drrnsyk"},"content":"","lastModifiedDate":"2022-09-03"},{"lineNumber":22,"author":{"gitId":"drrnsyk"},"content":"    public boolean isDone() {","lastModifiedDate":"2022-09-03"},{"lineNumber":23,"author":{"gitId":"drrnsyk"},"content":"        return isDone;","lastModifiedDate":"2022-09-03"},{"lineNumber":24,"author":{"gitId":"drrnsyk"},"content":"    }","lastModifiedDate":"2022-09-03"},{"lineNumber":25,"author":{"gitId":"drrnsyk"},"content":"","lastModifiedDate":"2022-09-03"},{"lineNumber":26,"author":{"gitId":"drrnsyk"},"content":"    public void setDone(boolean isDone) {","lastModifiedDate":"2022-09-03"},{"lineNumber":27,"author":{"gitId":"drrnsyk"},"content":"        this.isDone \u003d isDone;","lastModifiedDate":"2022-09-03"},{"lineNumber":28,"author":{"gitId":"drrnsyk"},"content":"    }","lastModifiedDate":"2022-09-03"},{"lineNumber":29,"author":{"gitId":"drrnsyk"},"content":"","lastModifiedDate":"2022-09-03"},{"lineNumber":30,"author":{"gitId":"drrnsyk"},"content":"    @Override","lastModifiedDate":"2022-09-11"},{"lineNumber":31,"author":{"gitId":"drrnsyk"},"content":"    public String toString() {","lastModifiedDate":"2022-09-11"},{"lineNumber":32,"author":{"gitId":"drrnsyk"},"content":"        if (isDone()) {","lastModifiedDate":"2022-09-11"},{"lineNumber":33,"author":{"gitId":"drrnsyk"},"content":"            return \"[X] \" + description;","lastModifiedDate":"2022-09-11"},{"lineNumber":34,"author":{"gitId":"drrnsyk"},"content":"        } else {","lastModifiedDate":"2022-10-31"},{"lineNumber":35,"author":{"gitId":"drrnsyk"},"content":"            return \"[ ] \" + description;","lastModifiedDate":"2022-09-11"},{"lineNumber":36,"author":{"gitId":"drrnsyk"},"content":"        }","lastModifiedDate":"2022-09-11"},{"lineNumber":37,"author":{"gitId":"drrnsyk"},"content":"    }","lastModifiedDate":"2022-09-11"},{"lineNumber":38,"author":{"gitId":"drrnsyk"},"content":"","lastModifiedDate":"2022-09-11"},{"lineNumber":39,"author":{"gitId":"drrnsyk"},"content":"}","lastModifiedDate":"2022-09-03"}],"authorContributionMap":{"drrnsyk":39}},{"path":"src/main/java/TaskList.java","fileType":"java","lines":[{"lineNumber":1,"author":{"gitId":"drrnsyk"},"content":"import java.io.BufferedWriter;","lastModifiedDate":"2022-10-29"},{"lineNumber":2,"author":{"gitId":"drrnsyk"},"content":"import java.io.FileWriter;","lastModifiedDate":"2022-10-29"},{"lineNumber":3,"author":{"gitId":"drrnsyk"},"content":"import java.io.IOException;","lastModifiedDate":"2022-10-29"},{"lineNumber":4,"author":{"gitId":"drrnsyk"},"content":"import java.time.LocalDateTime;","lastModifiedDate":"2022-10-31"},{"lineNumber":5,"author":{"gitId":"drrnsyk"},"content":"import java.util.ArrayList;","lastModifiedDate":"2022-10-27"},{"lineNumber":6,"author":{"gitId":"drrnsyk"},"content":"import java.util.List;","lastModifiedDate":"2022-10-27"},{"lineNumber":7,"author":{"gitId":"drrnsyk"},"content":"","lastModifiedDate":"2022-10-27"},{"lineNumber":8,"author":{"gitId":"drrnsyk"},"content":"/**","lastModifiedDate":"2022-10-31"},{"lineNumber":9,"author":{"gitId":"drrnsyk"},"content":" * Creates an ArrayList of Task objects to store the List of Task.","lastModifiedDate":"2022-10-31"},{"lineNumber":10,"author":{"gitId":"drrnsyk"},"content":" * Encapsulates the methods such as List, Add, Delete, Mark and Un-mark to manipulate the ArrayList.","lastModifiedDate":"2022-10-31"},{"lineNumber":11,"author":{"gitId":"drrnsyk"},"content":" * Saves the ArrayList to a local directory and overwrites the existing file.","lastModifiedDate":"2022-10-31"},{"lineNumber":12,"author":{"gitId":"drrnsyk"},"content":" */","lastModifiedDate":"2022-10-31"},{"lineNumber":13,"author":{"gitId":"drrnsyk"},"content":"public class TaskList {","lastModifiedDate":"2022-10-27"},{"lineNumber":14,"author":{"gitId":"drrnsyk"},"content":"    List\u003cTask\u003e tasks \u003d new ArrayList\u003c\u003e();","lastModifiedDate":"2022-10-27"},{"lineNumber":15,"author":{"gitId":"drrnsyk"},"content":"","lastModifiedDate":"2022-10-27"},{"lineNumber":16,"author":{"gitId":"drrnsyk"},"content":"    /**","lastModifiedDate":"2022-10-31"},{"lineNumber":17,"author":{"gitId":"drrnsyk"},"content":"     * Prints out the contents of the ArrayList of Task with ordered numbering.","lastModifiedDate":"2022-10-31"},{"lineNumber":18,"author":{"gitId":"drrnsyk"},"content":"     * Prints out and error message \"The list is empty\" if it is an empty list.","lastModifiedDate":"2022-10-31"},{"lineNumber":19,"author":{"gitId":"drrnsyk"},"content":"     */","lastModifiedDate":"2022-10-31"},{"lineNumber":20,"author":{"gitId":"drrnsyk"},"content":"    public void listTask() {","lastModifiedDate":"2022-10-27"},{"lineNumber":21,"author":{"gitId":"drrnsyk"},"content":"        System.out.println(\"\\t-----------------------------------------------------------------\");","lastModifiedDate":"2022-10-27"},{"lineNumber":22,"author":{"gitId":"drrnsyk"},"content":"        // if list is empty, prints empty list message","lastModifiedDate":"2022-10-27"},{"lineNumber":23,"author":{"gitId":"drrnsyk"},"content":"        if (tasks.size() \u003d\u003d 0) {","lastModifiedDate":"2022-10-27"},{"lineNumber":24,"author":{"gitId":"drrnsyk"},"content":"            System.out.println(\"\\t The list is empty\");","lastModifiedDate":"2022-10-27"},{"lineNumber":25,"author":{"gitId":"drrnsyk"},"content":"        } else {","lastModifiedDate":"2022-10-29"},{"lineNumber":26,"author":{"gitId":"drrnsyk"},"content":"            // prints out the entire list","lastModifiedDate":"2022-10-27"},{"lineNumber":27,"author":{"gitId":"drrnsyk"},"content":"            for (int i \u003d 0; i \u003c tasks.size(); i++) {","lastModifiedDate":"2022-10-27"},{"lineNumber":28,"author":{"gitId":"drrnsyk"},"content":"                int count \u003d i + 1;","lastModifiedDate":"2022-10-27"},{"lineNumber":29,"author":{"gitId":"drrnsyk"},"content":"                System.out.println(\"\\t \" + count + \". \" + tasks.get(i));","lastModifiedDate":"2022-10-27"},{"lineNumber":30,"author":{"gitId":"drrnsyk"},"content":"            }","lastModifiedDate":"2022-10-27"},{"lineNumber":31,"author":{"gitId":"drrnsyk"},"content":"        }","lastModifiedDate":"2022-10-27"},{"lineNumber":32,"author":{"gitId":"drrnsyk"},"content":"        System.out.println(\"\\t-----------------------------------------------------------------\");","lastModifiedDate":"2022-10-27"},{"lineNumber":33,"author":{"gitId":"drrnsyk"},"content":"    }","lastModifiedDate":"2022-10-27"},{"lineNumber":34,"author":{"gitId":"drrnsyk"},"content":"","lastModifiedDate":"2022-10-27"},{"lineNumber":35,"author":{"gitId":"drrnsyk"},"content":"    /**","lastModifiedDate":"2022-10-31"},{"lineNumber":36,"author":{"gitId":"drrnsyk"},"content":"     * Adds a To-do Task to the ArrayList.","lastModifiedDate":"2022-10-31"},{"lineNumber":37,"author":{"gitId":"drrnsyk"},"content":"     * @param lineArray an Array to store the result of a string split.","lastModifiedDate":"2022-10-31"},{"lineNumber":38,"author":{"gitId":"drrnsyk"},"content":"     */","lastModifiedDate":"2022-10-31"},{"lineNumber":39,"author":{"gitId":"drrnsyk"},"content":"    public void addToDo(String[] lineArray) {","lastModifiedDate":"2022-10-27"},{"lineNumber":40,"author":{"gitId":"drrnsyk"},"content":"        // piece the task description back together","lastModifiedDate":"2022-10-27"},{"lineNumber":41,"author":{"gitId":"drrnsyk"},"content":"        String descriptionLine \u003d \"\";","lastModifiedDate":"2022-10-27"},{"lineNumber":42,"author":{"gitId":"drrnsyk"},"content":"        for (int i \u003d 1; i \u003c lineArray.length; i++) {","lastModifiedDate":"2022-10-27"},{"lineNumber":43,"author":{"gitId":"drrnsyk"},"content":"            descriptionLine +\u003d \" \" + lineArray[i];","lastModifiedDate":"2022-10-27"},{"lineNumber":44,"author":{"gitId":"drrnsyk"},"content":"        }","lastModifiedDate":"2022-10-27"},{"lineNumber":45,"author":{"gitId":"drrnsyk"},"content":"        System.out.println(\"\\t-----------------------------------------------------------------\");","lastModifiedDate":"2022-10-27"},{"lineNumber":46,"author":{"gitId":"drrnsyk"},"content":"        System.out.println(\"\\t \" + \"Got it. I\u0027ve added this task: \");","lastModifiedDate":"2022-10-27"},{"lineNumber":47,"author":{"gitId":"drrnsyk"},"content":"        tasks.add(new Todo(descriptionLine));","lastModifiedDate":"2022-10-27"},{"lineNumber":48,"author":{"gitId":"drrnsyk"},"content":"        System.out.println(\"\\t\\t \" + tasks.get(tasks.size()-1));","lastModifiedDate":"2022-10-27"},{"lineNumber":49,"author":{"gitId":"drrnsyk"},"content":"        System.out.println(\"\\t \" + \"Now you have \" + tasks.size() + \" tasks in the list.\");","lastModifiedDate":"2022-10-27"},{"lineNumber":50,"author":{"gitId":"drrnsyk"},"content":"        System.out.println(\"\\t-----------------------------------------------------------------\");","lastModifiedDate":"2022-10-27"},{"lineNumber":51,"author":{"gitId":"drrnsyk"},"content":"    }","lastModifiedDate":"2022-10-27"},{"lineNumber":52,"author":{"gitId":"drrnsyk"},"content":"","lastModifiedDate":"2022-10-27"},{"lineNumber":53,"author":{"gitId":"drrnsyk"},"content":"    /**","lastModifiedDate":"2022-10-31"},{"lineNumber":54,"author":{"gitId":"drrnsyk"},"content":"     * Adds a Deadline Task to the ArrayList.","lastModifiedDate":"2022-10-31"},{"lineNumber":55,"author":{"gitId":"drrnsyk"},"content":"     * @param lineArray an Array to store the result of a string split.","lastModifiedDate":"2022-10-31"},{"lineNumber":56,"author":{"gitId":"drrnsyk"},"content":"     */","lastModifiedDate":"2022-10-31"},{"lineNumber":57,"author":{"gitId":"drrnsyk"},"content":"    public void addDeadLine(String[] lineArray) {","lastModifiedDate":"2022-10-27"},{"lineNumber":58,"author":{"gitId":"drrnsyk"},"content":"        // piece the task description back together","lastModifiedDate":"2022-10-27"},{"lineNumber":59,"author":{"gitId":"drrnsyk"},"content":"        String descriptionLine \u003d \"\";","lastModifiedDate":"2022-10-27"},{"lineNumber":60,"author":{"gitId":"drrnsyk"},"content":"        int indexOfDelimiter \u003d 0;","lastModifiedDate":"2022-10-27"},{"lineNumber":61,"author":{"gitId":"drrnsyk"},"content":"        for (int i \u003d 1; i \u003c lineArray.length; i++) {","lastModifiedDate":"2022-10-27"},{"lineNumber":62,"author":{"gitId":"drrnsyk"},"content":"            if (lineArray[i].equalsIgnoreCase(\"/by\")) {","lastModifiedDate":"2022-10-27"},{"lineNumber":63,"author":{"gitId":"drrnsyk"},"content":"                indexOfDelimiter \u003d i;","lastModifiedDate":"2022-10-27"},{"lineNumber":64,"author":{"gitId":"drrnsyk"},"content":"                break;","lastModifiedDate":"2022-10-27"},{"lineNumber":65,"author":{"gitId":"drrnsyk"},"content":"            }","lastModifiedDate":"2022-10-27"},{"lineNumber":66,"author":{"gitId":"drrnsyk"},"content":"            descriptionLine +\u003d \" \" + lineArray[i];","lastModifiedDate":"2022-10-27"},{"lineNumber":67,"author":{"gitId":"drrnsyk"},"content":"        }","lastModifiedDate":"2022-10-27"},{"lineNumber":68,"author":{"gitId":"drrnsyk"},"content":"        String date \u003d lineArray[indexOfDelimiter+1];","lastModifiedDate":"2022-10-31"},{"lineNumber":69,"author":{"gitId":"drrnsyk"},"content":"        String time \u003d lineArray[indexOfDelimiter+2];","lastModifiedDate":"2022-10-31"},{"lineNumber":70,"author":{"gitId":"drrnsyk"},"content":"        String dateTime \u003d date + \"T\" + time;","lastModifiedDate":"2022-10-31"},{"lineNumber":71,"author":{"gitId":"drrnsyk"},"content":"        LocalDateTime localDateTime \u003d LocalDateTime.parse(dateTime);","lastModifiedDate":"2022-10-31"},{"lineNumber":72,"author":{"gitId":"drrnsyk"},"content":"        System.out.println(\"\\t-----------------------------------------------------------------\");","lastModifiedDate":"2022-10-27"},{"lineNumber":73,"author":{"gitId":"drrnsyk"},"content":"        System.out.println(\"\\t \" + \"Got it. I\u0027ve added this task: \");","lastModifiedDate":"2022-10-27"},{"lineNumber":74,"author":{"gitId":"drrnsyk"},"content":"        tasks.add(new Deadline(descriptionLine, localDateTime));","lastModifiedDate":"2022-10-31"},{"lineNumber":75,"author":{"gitId":"drrnsyk"},"content":"        System.out.println(\"\\t\\t \" + tasks.get(tasks.size()-1));","lastModifiedDate":"2022-10-27"},{"lineNumber":76,"author":{"gitId":"drrnsyk"},"content":"        System.out.println(\"\\t \" + \"Now you have \" + tasks.size() + \" tasks in the list.\");","lastModifiedDate":"2022-10-27"},{"lineNumber":77,"author":{"gitId":"drrnsyk"},"content":"        System.out.println(\"\\t-----------------------------------------------------------------\");","lastModifiedDate":"2022-10-27"},{"lineNumber":78,"author":{"gitId":"drrnsyk"},"content":"    }","lastModifiedDate":"2022-10-27"},{"lineNumber":79,"author":{"gitId":"drrnsyk"},"content":"","lastModifiedDate":"2022-10-27"},{"lineNumber":80,"author":{"gitId":"drrnsyk"},"content":"    /**","lastModifiedDate":"2022-10-31"},{"lineNumber":81,"author":{"gitId":"drrnsyk"},"content":"     * Adds an Event Task to the ArrayList.","lastModifiedDate":"2022-10-31"},{"lineNumber":82,"author":{"gitId":"drrnsyk"},"content":"     * @param lineArray an Array to store the result of a String split","lastModifiedDate":"2022-10-31"},{"lineNumber":83,"author":{"gitId":"drrnsyk"},"content":"     */","lastModifiedDate":"2022-10-31"},{"lineNumber":84,"author":{"gitId":"drrnsyk"},"content":"    public void addEvent(String[] lineArray) {","lastModifiedDate":"2022-10-27"},{"lineNumber":85,"author":{"gitId":"drrnsyk"},"content":"        String descriptionLine \u003d \"\";","lastModifiedDate":"2022-10-27"},{"lineNumber":86,"author":{"gitId":"drrnsyk"},"content":"        int indexOfDelimiter \u003d 0;","lastModifiedDate":"2022-10-27"},{"lineNumber":87,"author":{"gitId":"drrnsyk"},"content":"        for (int i \u003d 1; i \u003c lineArray.length; i++) {","lastModifiedDate":"2022-10-27"},{"lineNumber":88,"author":{"gitId":"drrnsyk"},"content":"            if (lineArray[i].equalsIgnoreCase(\"/at\")) {","lastModifiedDate":"2022-10-27"},{"lineNumber":89,"author":{"gitId":"drrnsyk"},"content":"                indexOfDelimiter \u003d i;","lastModifiedDate":"2022-10-27"},{"lineNumber":90,"author":{"gitId":"drrnsyk"},"content":"                break;","lastModifiedDate":"2022-10-27"},{"lineNumber":91,"author":{"gitId":"drrnsyk"},"content":"            }","lastModifiedDate":"2022-10-27"},{"lineNumber":92,"author":{"gitId":"drrnsyk"},"content":"            descriptionLine +\u003d \" \" + lineArray[i];","lastModifiedDate":"2022-10-27"},{"lineNumber":93,"author":{"gitId":"drrnsyk"},"content":"        }","lastModifiedDate":"2022-10-27"},{"lineNumber":94,"author":{"gitId":"drrnsyk"},"content":"        String date \u003d lineArray[indexOfDelimiter+1];","lastModifiedDate":"2022-10-31"},{"lineNumber":95,"author":{"gitId":"drrnsyk"},"content":"        String time \u003d lineArray[indexOfDelimiter+2];","lastModifiedDate":"2022-10-31"},{"lineNumber":96,"author":{"gitId":"drrnsyk"},"content":"        String dateTime \u003d date + \"T\" + time;","lastModifiedDate":"2022-10-31"},{"lineNumber":97,"author":{"gitId":"drrnsyk"},"content":"        LocalDateTime localDateTime \u003d LocalDateTime.parse(dateTime);","lastModifiedDate":"2022-10-31"},{"lineNumber":98,"author":{"gitId":"drrnsyk"},"content":"        System.out.println(\"\\t-----------------------------------------------------------------\");","lastModifiedDate":"2022-10-27"},{"lineNumber":99,"author":{"gitId":"drrnsyk"},"content":"        System.out.println(\"\\t \" + \"Got it. I\u0027ve added this task: \");","lastModifiedDate":"2022-10-27"},{"lineNumber":100,"author":{"gitId":"drrnsyk"},"content":"        tasks.add(new Event(descriptionLine, localDateTime));","lastModifiedDate":"2022-10-31"},{"lineNumber":101,"author":{"gitId":"drrnsyk"},"content":"        System.out.println(\"\\t\\t \" + tasks.get(tasks.size()-1));","lastModifiedDate":"2022-10-27"},{"lineNumber":102,"author":{"gitId":"drrnsyk"},"content":"        System.out.println(\"\\t \" + \"Now you have \" + tasks.size() + \" tasks in the list.\");","lastModifiedDate":"2022-10-27"},{"lineNumber":103,"author":{"gitId":"drrnsyk"},"content":"        System.out.println(\"\\t-----------------------------------------------------------------\");","lastModifiedDate":"2022-10-27"},{"lineNumber":104,"author":{"gitId":"drrnsyk"},"content":"    }","lastModifiedDate":"2022-10-27"},{"lineNumber":105,"author":{"gitId":"drrnsyk"},"content":"","lastModifiedDate":"2022-10-27"},{"lineNumber":106,"author":{"gitId":"drrnsyk"},"content":"    /**","lastModifiedDate":"2022-10-31"},{"lineNumber":107,"author":{"gitId":"drrnsyk"},"content":"     * Marks a Task as completed in the ArrayList.","lastModifiedDate":"2022-10-31"},{"lineNumber":108,"author":{"gitId":"drrnsyk"},"content":"     * @param lineArray a String array to store the result of a String split","lastModifiedDate":"2022-10-31"},{"lineNumber":109,"author":{"gitId":"drrnsyk"},"content":"     */","lastModifiedDate":"2022-10-31"},{"lineNumber":110,"author":{"gitId":"drrnsyk"},"content":"    public void markTask(String[] lineArray) {","lastModifiedDate":"2022-10-27"},{"lineNumber":111,"author":{"gitId":"drrnsyk"},"content":"        // get the index of the to do list to mark","lastModifiedDate":"2022-10-27"},{"lineNumber":112,"author":{"gitId":"drrnsyk"},"content":"        int inputIndex \u003d Integer.parseInt(lineArray[1]);","lastModifiedDate":"2022-10-27"},{"lineNumber":113,"author":{"gitId":"drrnsyk"},"content":"        int arrayIndex \u003d inputIndex - 1;","lastModifiedDate":"2022-10-27"},{"lineNumber":114,"author":{"gitId":"drrnsyk"},"content":"        tasks.get(arrayIndex).setDone(true);","lastModifiedDate":"2022-10-27"},{"lineNumber":115,"author":{"gitId":"drrnsyk"},"content":"        System.out.println(\"\\t-----------------------------------------------------------------\");","lastModifiedDate":"2022-10-27"},{"lineNumber":116,"author":{"gitId":"drrnsyk"},"content":"        System.out.println(\"\\t Nice! I\u0027ve marked this task as done:\");","lastModifiedDate":"2022-10-27"},{"lineNumber":117,"author":{"gitId":"drrnsyk"},"content":"        System.out.println(\"\\t\\t \" + tasks.get(arrayIndex));","lastModifiedDate":"2022-10-27"},{"lineNumber":118,"author":{"gitId":"drrnsyk"},"content":"        System.out.println(\"\\t-----------------------------------------------------------------\");","lastModifiedDate":"2022-10-27"},{"lineNumber":119,"author":{"gitId":"drrnsyk"},"content":"    }","lastModifiedDate":"2022-10-27"},{"lineNumber":120,"author":{"gitId":"drrnsyk"},"content":"","lastModifiedDate":"2022-10-27"},{"lineNumber":121,"author":{"gitId":"drrnsyk"},"content":"    /**","lastModifiedDate":"2022-10-31"},{"lineNumber":122,"author":{"gitId":"drrnsyk"},"content":"     * Marks a Task as uncomplete in the ArrayList.","lastModifiedDate":"2022-10-31"},{"lineNumber":123,"author":{"gitId":"drrnsyk"},"content":"     * @param lineArray a String array to store the result of a String split","lastModifiedDate":"2022-10-31"},{"lineNumber":124,"author":{"gitId":"drrnsyk"},"content":"     */","lastModifiedDate":"2022-10-31"},{"lineNumber":125,"author":{"gitId":"drrnsyk"},"content":"    public void unmarkTask(String[] lineArray) {","lastModifiedDate":"2022-10-27"},{"lineNumber":126,"author":{"gitId":"drrnsyk"},"content":"        // get the index of the to do list to unmark","lastModifiedDate":"2022-10-27"},{"lineNumber":127,"author":{"gitId":"drrnsyk"},"content":"        int inputIndex \u003d Integer.parseInt(lineArray[1]);","lastModifiedDate":"2022-10-27"},{"lineNumber":128,"author":{"gitId":"drrnsyk"},"content":"        int arrayIndex \u003d inputIndex - 1;","lastModifiedDate":"2022-10-27"},{"lineNumber":129,"author":{"gitId":"drrnsyk"},"content":"        tasks.get(arrayIndex).setDone(false);","lastModifiedDate":"2022-10-27"},{"lineNumber":130,"author":{"gitId":"drrnsyk"},"content":"        System.out.println(\"\\t-----------------------------------------------------------------\");","lastModifiedDate":"2022-10-27"},{"lineNumber":131,"author":{"gitId":"drrnsyk"},"content":"        System.out.println(\"\\t OK, I\u0027ve marked this task as not done yet:\");","lastModifiedDate":"2022-10-27"},{"lineNumber":132,"author":{"gitId":"drrnsyk"},"content":"        System.out.println(\"\\t\\t \" + tasks.get(arrayIndex));","lastModifiedDate":"2022-10-27"},{"lineNumber":133,"author":{"gitId":"drrnsyk"},"content":"        System.out.println(\"\\t-----------------------------------------------------------------\");","lastModifiedDate":"2022-10-27"},{"lineNumber":134,"author":{"gitId":"drrnsyk"},"content":"    }","lastModifiedDate":"2022-10-27"},{"lineNumber":135,"author":{"gitId":"drrnsyk"},"content":"","lastModifiedDate":"2022-10-27"},{"lineNumber":136,"author":{"gitId":"drrnsyk"},"content":"    /**","lastModifiedDate":"2022-10-31"},{"lineNumber":137,"author":{"gitId":"drrnsyk"},"content":"     * Deletes a Task in the ArrayList.","lastModifiedDate":"2022-10-31"},{"lineNumber":138,"author":{"gitId":"drrnsyk"},"content":"     * @param lineArray a String array to store the result of a String split","lastModifiedDate":"2022-10-31"},{"lineNumber":139,"author":{"gitId":"drrnsyk"},"content":"     */","lastModifiedDate":"2022-10-31"},{"lineNumber":140,"author":{"gitId":"drrnsyk"},"content":"    public void deleteTask(String[] lineArray) {","lastModifiedDate":"2022-10-27"},{"lineNumber":141,"author":{"gitId":"drrnsyk"},"content":"        int inputIndex \u003d Integer.parseInt(lineArray[1]);","lastModifiedDate":"2022-10-27"},{"lineNumber":142,"author":{"gitId":"drrnsyk"},"content":"        int arrayIndex \u003d inputIndex - 1;","lastModifiedDate":"2022-10-27"},{"lineNumber":143,"author":{"gitId":"drrnsyk"},"content":"        System.out.println(\"\\t-----------------------------------------------------------------\");","lastModifiedDate":"2022-10-27"},{"lineNumber":144,"author":{"gitId":"drrnsyk"},"content":"        System.out.println(\"\\t Noted. I\u0027ve removed this task:\");","lastModifiedDate":"2022-10-27"},{"lineNumber":145,"author":{"gitId":"drrnsyk"},"content":"        System.out.println(\"\\t\\t \" + tasks.get(arrayIndex));","lastModifiedDate":"2022-10-27"},{"lineNumber":146,"author":{"gitId":"drrnsyk"},"content":"        tasks.remove(arrayIndex);","lastModifiedDate":"2022-10-31"},{"lineNumber":147,"author":{"gitId":"drrnsyk"},"content":"        System.out.println(\"\\t Now you have \" + tasks.size() + \" tasks in the list.\");","lastModifiedDate":"2022-10-27"},{"lineNumber":148,"author":{"gitId":"drrnsyk"},"content":"        System.out.println(\"\\t-----------------------------------------------------------------\");","lastModifiedDate":"2022-10-27"},{"lineNumber":149,"author":{"gitId":"drrnsyk"},"content":"    }","lastModifiedDate":"2022-10-27"},{"lineNumber":150,"author":{"gitId":"drrnsyk"},"content":"","lastModifiedDate":"2022-10-27"},{"lineNumber":151,"author":{"gitId":"drrnsyk"},"content":"    /**","lastModifiedDate":"2022-10-31"},{"lineNumber":152,"author":{"gitId":"drrnsyk"},"content":"     * Saves the ArrayList to a local directory and overwrites existing file.","lastModifiedDate":"2022-10-31"},{"lineNumber":153,"author":{"gitId":"drrnsyk"},"content":"     * @param fileDirectory file path of the local directory to where the file is store.","lastModifiedDate":"2022-10-31"},{"lineNumber":154,"author":{"gitId":"drrnsyk"},"content":"     */","lastModifiedDate":"2022-10-31"},{"lineNumber":155,"author":{"gitId":"drrnsyk"},"content":"    public void saveTaskList(String fileDirectory) throws IOException {","lastModifiedDate":"2022-10-29"},{"lineNumber":156,"author":{"gitId":"drrnsyk"},"content":"        FileWriter w \u003d new FileWriter(fileDirectory);","lastModifiedDate":"2022-10-29"},{"lineNumber":157,"author":{"gitId":"drrnsyk"},"content":"        BufferedWriter bw \u003d new BufferedWriter(w);","lastModifiedDate":"2022-10-29"},{"lineNumber":158,"author":{"gitId":"drrnsyk"},"content":"        for (int i \u003d 0; i \u003c tasks.size(); i++ ) {","lastModifiedDate":"2022-10-29"},{"lineNumber":159,"author":{"gitId":"drrnsyk"},"content":"            String line \u003d String.valueOf(i+1) + \".\" + \" \" + tasks.get(i);","lastModifiedDate":"2022-10-29"},{"lineNumber":160,"author":{"gitId":"drrnsyk"},"content":"            bw.write(line);","lastModifiedDate":"2022-10-29"},{"lineNumber":161,"author":{"gitId":"drrnsyk"},"content":"            bw.newLine();","lastModifiedDate":"2022-10-29"},{"lineNumber":162,"author":{"gitId":"drrnsyk"},"content":"        }","lastModifiedDate":"2022-10-29"},{"lineNumber":163,"author":{"gitId":"drrnsyk"},"content":"        bw.flush();","lastModifiedDate":"2022-10-29"},{"lineNumber":164,"author":{"gitId":"drrnsyk"},"content":"        bw.close();","lastModifiedDate":"2022-10-29"},{"lineNumber":165,"author":{"gitId":"drrnsyk"},"content":"    }","lastModifiedDate":"2022-10-29"},{"lineNumber":166,"author":{"gitId":"drrnsyk"},"content":"","lastModifiedDate":"2022-10-29"},{"lineNumber":167,"author":{"gitId":"drrnsyk"},"content":"    /**","lastModifiedDate":"2022-10-31"},{"lineNumber":168,"author":{"gitId":"drrnsyk"},"content":"     * Checks if there are existing content in the file.","lastModifiedDate":"2022-10-31"},{"lineNumber":169,"author":{"gitId":"drrnsyk"},"content":"     * Adds existing content in the file to the ArrayList.","lastModifiedDate":"2022-10-31"},{"lineNumber":170,"author":{"gitId":"drrnsyk"},"content":"     * @param existingContent ArrayList of Task object.","lastModifiedDate":"2022-10-31"},{"lineNumber":171,"author":{"gitId":"drrnsyk"},"content":"     */","lastModifiedDate":"2022-10-31"},{"lineNumber":172,"author":{"gitId":"drrnsyk"},"content":"    public void existingTaskList(List\u003cTask\u003e existingContent) {","lastModifiedDate":"2022-10-29"},{"lineNumber":173,"author":{"gitId":"drrnsyk"},"content":"        if (!existingContent.equals(null)) {","lastModifiedDate":"2022-10-29"},{"lineNumber":174,"author":{"gitId":"drrnsyk"},"content":"            for (int i \u003d 0; i \u003c existingContent.size(); i++) {","lastModifiedDate":"2022-10-29"},{"lineNumber":175,"author":{"gitId":"drrnsyk"},"content":"                tasks.add(existingContent.get(i));","lastModifiedDate":"2022-10-29"},{"lineNumber":176,"author":{"gitId":"drrnsyk"},"content":"            }","lastModifiedDate":"2022-10-29"},{"lineNumber":177,"author":{"gitId":"drrnsyk"},"content":"        }","lastModifiedDate":"2022-10-29"},{"lineNumber":178,"author":{"gitId":"drrnsyk"},"content":"    }","lastModifiedDate":"2022-10-29"},{"lineNumber":179,"author":{"gitId":"drrnsyk"},"content":"","lastModifiedDate":"2022-10-29"},{"lineNumber":180,"author":{"gitId":"drrnsyk"},"content":"}","lastModifiedDate":"2022-10-27"}],"authorContributionMap":{"drrnsyk":180}},{"path":"src/main/java/Todo.java","fileType":"java","lines":[{"lineNumber":1,"author":{"gitId":"drrnsyk"},"content":"public class Todo extends Task {","lastModifiedDate":"2022-09-11"},{"lineNumber":2,"author":{"gitId":"drrnsyk"},"content":"","lastModifiedDate":"2022-09-11"},{"lineNumber":3,"author":{"gitId":"drrnsyk"},"content":"    public Todo(String description) {","lastModifiedDate":"2022-09-11"},{"lineNumber":4,"author":{"gitId":"drrnsyk"},"content":"        super(description);","lastModifiedDate":"2022-09-11"},{"lineNumber":5,"author":{"gitId":"drrnsyk"},"content":"    }","lastModifiedDate":"2022-09-11"},{"lineNumber":6,"author":{"gitId":"drrnsyk"},"content":"","lastModifiedDate":"2022-09-11"},{"lineNumber":7,"author":{"gitId":"drrnsyk"},"content":"    @Override","lastModifiedDate":"2022-09-11"},{"lineNumber":8,"author":{"gitId":"drrnsyk"},"content":"    public String toString() {","lastModifiedDate":"2022-09-11"},{"lineNumber":9,"author":{"gitId":"drrnsyk"},"content":"        return \"[T]\" + super.toString();","lastModifiedDate":"2022-09-11"},{"lineNumber":10,"author":{"gitId":"drrnsyk"},"content":"    }","lastModifiedDate":"2022-09-11"},{"lineNumber":11,"author":{"gitId":"drrnsyk"},"content":"    ","lastModifiedDate":"2022-09-11"},{"lineNumber":12,"author":{"gitId":"drrnsyk"},"content":"}","lastModifiedDate":"2022-09-11"}],"authorContributionMap":{"drrnsyk":12}},{"path":"text-ui-test/input.txt","fileType":"txt","lines":[{"lineNumber":1,"author":{"gitId":"drrnsyk"},"content":"list","lastModifiedDate":"2022-11-02"},{"lineNumber":2,"author":{"gitId":"drrnsyk"},"content":"todo Buy groceries from NTUC at Bedok Central","lastModifiedDate":"2022-11-02"},{"lineNumber":3,"author":{"gitId":"drrnsyk"},"content":"deadline Complete Duke project /by 2022-11-13 23:59:59","lastModifiedDate":"2022-11-02"},{"lineNumber":4,"author":{"gitId":"drrnsyk"},"content":"event Gynae appointment /at 2022-11-25 10:30:00","lastModifiedDate":"2022-11-02"},{"lineNumber":5,"author":{"gitId":"drrnsyk"},"content":"list","lastModifiedDate":"2022-11-02"},{"lineNumber":6,"author":{"gitId":"drrnsyk"},"content":"mark 1","lastModifiedDate":"2022-11-02"},{"lineNumber":7,"author":{"gitId":"drrnsyk"},"content":"list","lastModifiedDate":"2022-11-02"},{"lineNumber":8,"author":{"gitId":"drrnsyk"},"content":"mark 3","lastModifiedDate":"2022-11-02"},{"lineNumber":9,"author":{"gitId":"drrnsyk"},"content":"list","lastModifiedDate":"2022-11-02"},{"lineNumber":10,"author":{"gitId":"drrnsyk"},"content":"unmark 3","lastModifiedDate":"2022-11-02"},{"lineNumber":11,"author":{"gitId":"drrnsyk"},"content":"list","lastModifiedDate":"2022-11-02"},{"lineNumber":12,"author":{"gitId":"drrnsyk"},"content":"delete 2","lastModifiedDate":"2022-11-02"},{"lineNumber":13,"author":{"gitId":"drrnsyk"},"content":"list","lastModifiedDate":"2022-11-02"},{"lineNumber":14,"author":{"gitId":"drrnsyk"},"content":"delete 1","lastModifiedDate":"2022-11-02"},{"lineNumber":15,"author":{"gitId":"drrnsyk"},"content":"list","lastModifiedDate":"2022-11-02"},{"lineNumber":16,"author":{"gitId":"drrnsyk"},"content":"delete 1","lastModifiedDate":"2022-11-02"},{"lineNumber":17,"author":{"gitId":"drrnsyk"},"content":"list","lastModifiedDate":"2022-11-02"},{"lineNumber":18,"author":{"gitId":"drrnsyk"},"content":"bye","lastModifiedDate":"2022-11-02"}],"authorContributionMap":{"drrnsyk":18}}]
