[{"path":"src/main/java/Deadline.java","fileType":"java","lines":[{"lineNumber":1,"author":{"gitId":"drrnsyk"},"content":"public class Deadline extends Task {","lastModifiedDate":"2022-09-11"},{"lineNumber":2,"author":{"gitId":"drrnsyk"},"content":"    ","lastModifiedDate":"2022-09-11"},{"lineNumber":3,"author":{"gitId":"drrnsyk"},"content":"    private String by;","lastModifiedDate":"2022-09-11"},{"lineNumber":4,"author":{"gitId":"drrnsyk"},"content":"","lastModifiedDate":"2022-09-11"},{"lineNumber":5,"author":{"gitId":"drrnsyk"},"content":"    public Deadline(String description, String by) {","lastModifiedDate":"2022-09-11"},{"lineNumber":6,"author":{"gitId":"drrnsyk"},"content":"        super(description);","lastModifiedDate":"2022-09-11"},{"lineNumber":7,"author":{"gitId":"drrnsyk"},"content":"        this.by \u003d by;","lastModifiedDate":"2022-09-11"},{"lineNumber":8,"author":{"gitId":"drrnsyk"},"content":"    }","lastModifiedDate":"2022-09-11"},{"lineNumber":9,"author":{"gitId":"drrnsyk"},"content":"","lastModifiedDate":"2022-09-11"},{"lineNumber":10,"author":{"gitId":"drrnsyk"},"content":"    @Override","lastModifiedDate":"2022-09-11"},{"lineNumber":11,"author":{"gitId":"drrnsyk"},"content":"    public String toString() {","lastModifiedDate":"2022-09-11"},{"lineNumber":12,"author":{"gitId":"drrnsyk"},"content":"        return \"[D]\" + super.toString() + \" (by: \" + by + \")\";","lastModifiedDate":"2022-09-11"},{"lineNumber":13,"author":{"gitId":"drrnsyk"},"content":"    }","lastModifiedDate":"2022-09-11"},{"lineNumber":14,"author":{"gitId":"drrnsyk"},"content":"    ","lastModifiedDate":"2022-09-11"},{"lineNumber":15,"author":{"gitId":"drrnsyk"},"content":"}","lastModifiedDate":"2022-09-11"}],"authorContributionMap":{"drrnsyk":15}},{"path":"src/main/java/Duke.java","fileType":"java","lines":[{"lineNumber":1,"author":{"gitId":"drrnsyk"},"content":"import java.util.LinkedList;","lastModifiedDate":"2022-08-30"},{"lineNumber":2,"author":{"gitId":"drrnsyk"},"content":"import java.util.List;","lastModifiedDate":"2022-08-30"},{"lineNumber":3,"author":{"gitId":"drrnsyk"},"content":"import java.util.Scanner;","lastModifiedDate":"2022-08-30"},{"lineNumber":4,"author":{"gitId":"drrnsyk"},"content":"","lastModifiedDate":"2022-08-30"},{"lineNumber":5,"author":{"gitId":"-"},"content":"public class Duke {","lastModifiedDate":"2019-07-29"},{"lineNumber":6,"author":{"gitId":"-"},"content":"    public static void main(String[] args) {","lastModifiedDate":"2019-07-29"},{"lineNumber":7,"author":{"gitId":"drrnsyk"},"content":"","lastModifiedDate":"2022-08-30"},{"lineNumber":8,"author":{"gitId":"drrnsyk"},"content":"        // String logo \u003d \" ____        _        \\n\"","lastModifiedDate":"2022-08-30"},{"lineNumber":9,"author":{"gitId":"drrnsyk"},"content":"        //         + \"|  _ \\\\ _   _| | _____ \\n\"","lastModifiedDate":"2022-08-30"},{"lineNumber":10,"author":{"gitId":"drrnsyk"},"content":"        //         + \"| | | | | | | |/ / _ \\\\\\n\"","lastModifiedDate":"2022-08-30"},{"lineNumber":11,"author":{"gitId":"drrnsyk"},"content":"        //         + \"| |_| | |_| |   \u003c  __/\\n\"","lastModifiedDate":"2022-08-30"},{"lineNumber":12,"author":{"gitId":"drrnsyk"},"content":"        //         + \"|____/ \\\\__,_|_|\\\\_\\\\___|\\n\";","lastModifiedDate":"2022-08-30"},{"lineNumber":13,"author":{"gitId":"drrnsyk"},"content":"                ","lastModifiedDate":"2022-08-30"},{"lineNumber":14,"author":{"gitId":"drrnsyk"},"content":"        // System.out.println(\"Hello from\\n\" + logo);","lastModifiedDate":"2022-08-30"},{"lineNumber":15,"author":{"gitId":"drrnsyk"},"content":"","lastModifiedDate":"2022-08-30"},{"lineNumber":16,"author":{"gitId":"drrnsyk"},"content":"        // instantiate a list to store strings","lastModifiedDate":"2022-08-30"},{"lineNumber":17,"author":{"gitId":"drrnsyk"},"content":"        List\u003cTask\u003e tasks \u003d new LinkedList\u003c\u003e();","lastModifiedDate":"2022-09-11"},{"lineNumber":18,"author":{"gitId":"drrnsyk"},"content":"","lastModifiedDate":"2022-08-30"},{"lineNumber":19,"author":{"gitId":"drrnsyk"},"content":"        // greetings","lastModifiedDate":"2022-08-30"},{"lineNumber":20,"author":{"gitId":"drrnsyk"},"content":"        System.out.println(\"\\t-----------------------------------------------------------------\");","lastModifiedDate":"2022-08-30"},{"lineNumber":21,"author":{"gitId":"drrnsyk"},"content":"        System.out.println(\"\\t Hello! I\u0027m Duke\");","lastModifiedDate":"2022-08-30"},{"lineNumber":22,"author":{"gitId":"drrnsyk"},"content":"        System.out.println(\"\\t What can I do for you?\");","lastModifiedDate":"2022-08-30"},{"lineNumber":23,"author":{"gitId":"drrnsyk"},"content":"        System.out.println(\"\\t-----------------------------------------------------------------\");","lastModifiedDate":"2022-08-30"},{"lineNumber":24,"author":{"gitId":"drrnsyk"},"content":"","lastModifiedDate":"2022-08-30"},{"lineNumber":25,"author":{"gitId":"drrnsyk"},"content":"       // declaration","lastModifiedDate":"2022-09-11"},{"lineNumber":26,"author":{"gitId":"drrnsyk"},"content":"        String inputLine;","lastModifiedDate":"2022-09-11"},{"lineNumber":27,"author":{"gitId":"drrnsyk"},"content":"        String commandLine;","lastModifiedDate":"2022-09-11"},{"lineNumber":28,"author":{"gitId":"drrnsyk"},"content":"        Scanner input \u003d new Scanner(System.in);","lastModifiedDate":"2022-09-11"},{"lineNumber":29,"author":{"gitId":"drrnsyk"},"content":"","lastModifiedDate":"2022-09-11"},{"lineNumber":30,"author":{"gitId":"drrnsyk"},"content":"        // user input and echo","lastModifiedDate":"2022-08-30"},{"lineNumber":31,"author":{"gitId":"drrnsyk"},"content":"        while (true) {","lastModifiedDate":"2022-08-30"},{"lineNumber":32,"author":{"gitId":"drrnsyk"},"content":"","lastModifiedDate":"2022-09-11"},{"lineNumber":33,"author":{"gitId":"drrnsyk"},"content":"            inputLine \u003d input.nextLine();","lastModifiedDate":"2022-09-11"},{"lineNumber":34,"author":{"gitId":"drrnsyk"},"content":"","lastModifiedDate":"2022-08-30"},{"lineNumber":35,"author":{"gitId":"drrnsyk"},"content":"            // instantiate an array to tokenize the input","lastModifiedDate":"2022-08-30"},{"lineNumber":36,"author":{"gitId":"drrnsyk"},"content":"            String[] lineArray \u003d inputLine.split(\" \");","lastModifiedDate":"2022-09-11"},{"lineNumber":37,"author":{"gitId":"drrnsyk"},"content":"            // obtain the command, first element","lastModifiedDate":"2022-09-11"},{"lineNumber":38,"author":{"gitId":"drrnsyk"},"content":"            commandLine \u003d lineArray[0];","lastModifiedDate":"2022-09-11"},{"lineNumber":39,"author":{"gitId":"drrnsyk"},"content":"","lastModifiedDate":"2022-08-30"},{"lineNumber":40,"author":{"gitId":"drrnsyk"},"content":"            // if input is \"bye\", prints goodbye message and terminate","lastModifiedDate":"2022-08-30"},{"lineNumber":41,"author":{"gitId":"drrnsyk"},"content":"            if (inputLine.equalsIgnoreCase(\"bye\")) {","lastModifiedDate":"2022-09-11"},{"lineNumber":42,"author":{"gitId":"drrnsyk"},"content":"                System.out.println(\"\\t-----------------------------------------------------------------\");","lastModifiedDate":"2022-08-30"},{"lineNumber":43,"author":{"gitId":"drrnsyk"},"content":"                System.out.println(\"\\t Bye. Hope to see you again soon!\");","lastModifiedDate":"2022-08-30"},{"lineNumber":44,"author":{"gitId":"drrnsyk"},"content":"                System.out.println(\"\\t-----------------------------------------------------------------\");","lastModifiedDate":"2022-08-30"},{"lineNumber":45,"author":{"gitId":"drrnsyk"},"content":"                break;","lastModifiedDate":"2022-08-30"},{"lineNumber":46,"author":{"gitId":"drrnsyk"},"content":"            } ","lastModifiedDate":"2022-08-30"},{"lineNumber":47,"author":{"gitId":"drrnsyk"},"content":"            else if (commandLine.equalsIgnoreCase(\"mark\")) {","lastModifiedDate":"2022-09-11"},{"lineNumber":48,"author":{"gitId":"drrnsyk"},"content":"                // get the index of the to do list to mark","lastModifiedDate":"2022-09-03"},{"lineNumber":49,"author":{"gitId":"drrnsyk"},"content":"                int inputIndex \u003d Integer.parseInt(lineArray[1]);","lastModifiedDate":"2022-09-03"},{"lineNumber":50,"author":{"gitId":"drrnsyk"},"content":"                int arrayIndex \u003d inputIndex - 1;","lastModifiedDate":"2022-09-03"},{"lineNumber":51,"author":{"gitId":"drrnsyk"},"content":"                tasks.get(arrayIndex).setDone(true);","lastModifiedDate":"2022-09-11"},{"lineNumber":52,"author":{"gitId":"drrnsyk"},"content":"                System.out.println(\"\\t-----------------------------------------------------------------\");","lastModifiedDate":"2022-09-03"},{"lineNumber":53,"author":{"gitId":"drrnsyk"},"content":"                System.out.println(\"\\t Nice! I\u0027ve marked this task as done:\");","lastModifiedDate":"2022-09-03"},{"lineNumber":54,"author":{"gitId":"drrnsyk"},"content":"                System.out.println(\"\\t\\t \" + tasks.get(arrayIndex));","lastModifiedDate":"2022-09-11"},{"lineNumber":55,"author":{"gitId":"drrnsyk"},"content":"                System.out.println(\"\\t-----------------------------------------------------------------\");","lastModifiedDate":"2022-09-03"},{"lineNumber":56,"author":{"gitId":"drrnsyk"},"content":"            }","lastModifiedDate":"2022-09-03"},{"lineNumber":57,"author":{"gitId":"drrnsyk"},"content":"            else if (commandLine.equalsIgnoreCase(\"unmark\")) {","lastModifiedDate":"2022-09-11"},{"lineNumber":58,"author":{"gitId":"drrnsyk"},"content":"                // get the index of the to do list to unmark","lastModifiedDate":"2022-09-03"},{"lineNumber":59,"author":{"gitId":"drrnsyk"},"content":"                int inputIndex \u003d Integer.parseInt(lineArray[1]);","lastModifiedDate":"2022-09-03"},{"lineNumber":60,"author":{"gitId":"drrnsyk"},"content":"                int arrayIndex \u003d inputIndex - 1;","lastModifiedDate":"2022-09-03"},{"lineNumber":61,"author":{"gitId":"drrnsyk"},"content":"                tasks.get(arrayIndex).setDone(false);","lastModifiedDate":"2022-09-11"},{"lineNumber":62,"author":{"gitId":"drrnsyk"},"content":"                System.out.println(\"\\t-----------------------------------------------------------------\");","lastModifiedDate":"2022-09-03"},{"lineNumber":63,"author":{"gitId":"drrnsyk"},"content":"                System.out.println(\"\\t OK, I\u0027ve marked this task as not done yet:\");","lastModifiedDate":"2022-09-03"},{"lineNumber":64,"author":{"gitId":"drrnsyk"},"content":"                System.out.println(\"\\t\\t \" + tasks.get(arrayIndex));","lastModifiedDate":"2022-09-11"},{"lineNumber":65,"author":{"gitId":"drrnsyk"},"content":"                System.out.println(\"\\t-----------------------------------------------------------------\");","lastModifiedDate":"2022-09-03"},{"lineNumber":66,"author":{"gitId":"drrnsyk"},"content":"            }","lastModifiedDate":"2022-09-03"},{"lineNumber":67,"author":{"gitId":"drrnsyk"},"content":"            else if (commandLine.equalsIgnoreCase(\"list\")) {","lastModifiedDate":"2022-09-11"},{"lineNumber":68,"author":{"gitId":"drrnsyk"},"content":"                System.out.println(\"\\t-----------------------------------------------------------------\");","lastModifiedDate":"2022-08-30"},{"lineNumber":69,"author":{"gitId":"drrnsyk"},"content":"                ","lastModifiedDate":"2022-08-30"},{"lineNumber":70,"author":{"gitId":"drrnsyk"},"content":"                // if list is empty, prints empty list message","lastModifiedDate":"2022-08-30"},{"lineNumber":71,"author":{"gitId":"drrnsyk"},"content":"                if (tasks.size() \u003d\u003d 0) {","lastModifiedDate":"2022-09-11"},{"lineNumber":72,"author":{"gitId":"drrnsyk"},"content":"                    System.out.println(\"\\t The list is empty\");","lastModifiedDate":"2022-08-30"},{"lineNumber":73,"author":{"gitId":"drrnsyk"},"content":"                }","lastModifiedDate":"2022-08-30"},{"lineNumber":74,"author":{"gitId":"drrnsyk"},"content":"                else ","lastModifiedDate":"2022-08-30"},{"lineNumber":75,"author":{"gitId":"drrnsyk"},"content":"                {","lastModifiedDate":"2022-08-30"},{"lineNumber":76,"author":{"gitId":"drrnsyk"},"content":"                    // prints out the entire list","lastModifiedDate":"2022-08-30"},{"lineNumber":77,"author":{"gitId":"drrnsyk"},"content":"                    for (int i \u003d 0; i \u003c tasks.size(); i++) {","lastModifiedDate":"2022-09-11"},{"lineNumber":78,"author":{"gitId":"drrnsyk"},"content":"                        int count \u003d i + 1;","lastModifiedDate":"2022-08-30"},{"lineNumber":79,"author":{"gitId":"drrnsyk"},"content":"                        System.out.println(\"\\t \" + count + \". \" + tasks.get(i));","lastModifiedDate":"2022-09-11"},{"lineNumber":80,"author":{"gitId":"drrnsyk"},"content":"                    }","lastModifiedDate":"2022-09-11"},{"lineNumber":81,"author":{"gitId":"drrnsyk"},"content":"                }","lastModifiedDate":"2022-09-11"},{"lineNumber":82,"author":{"gitId":"drrnsyk"},"content":"                ","lastModifiedDate":"2022-09-03"},{"lineNumber":83,"author":{"gitId":"drrnsyk"},"content":"                System.out.println(\"\\t-----------------------------------------------------------------\");","lastModifiedDate":"2022-09-11"},{"lineNumber":84,"author":{"gitId":"drrnsyk"},"content":"            }","lastModifiedDate":"2022-09-03"},{"lineNumber":85,"author":{"gitId":"drrnsyk"},"content":"            else if (lineArray[0].equalsIgnoreCase(\"todo\"))","lastModifiedDate":"2022-09-11"},{"lineNumber":86,"author":{"gitId":"drrnsyk"},"content":"            {","lastModifiedDate":"2022-09-03"},{"lineNumber":87,"author":{"gitId":"drrnsyk"},"content":"                ","lastModifiedDate":"2022-09-11"},{"lineNumber":88,"author":{"gitId":"drrnsyk"},"content":"                if (lineArray.length \u003c 2) {","lastModifiedDate":"2022-09-23"},{"lineNumber":89,"author":{"gitId":"drrnsyk"},"content":"                    System.out.println(\"\\t-----------------------------------------------------------------\");","lastModifiedDate":"2022-09-23"},{"lineNumber":90,"author":{"gitId":"drrnsyk"},"content":"                    System.out.println(\"\\t \" + \"The description of a todo cannot be empty.\");","lastModifiedDate":"2022-09-23"},{"lineNumber":91,"author":{"gitId":"drrnsyk"},"content":"                    System.out.println(\"\\t-----------------------------------------------------------------\"); ","lastModifiedDate":"2022-09-23"},{"lineNumber":92,"author":{"gitId":"drrnsyk"},"content":"                    continue;","lastModifiedDate":"2022-09-23"},{"lineNumber":93,"author":{"gitId":"drrnsyk"},"content":"                }","lastModifiedDate":"2022-09-23"},{"lineNumber":94,"author":{"gitId":"drrnsyk"},"content":"","lastModifiedDate":"2022-09-23"},{"lineNumber":95,"author":{"gitId":"drrnsyk"},"content":"                // piece the task description back together","lastModifiedDate":"2022-09-11"},{"lineNumber":96,"author":{"gitId":"drrnsyk"},"content":"                String descriptionLine \u003d \"\";","lastModifiedDate":"2022-09-11"},{"lineNumber":97,"author":{"gitId":"drrnsyk"},"content":"                for (int i \u003d 1; i \u003c lineArray.length; i++) {","lastModifiedDate":"2022-09-11"},{"lineNumber":98,"author":{"gitId":"drrnsyk"},"content":"                    descriptionLine +\u003d \" \" + lineArray[i];","lastModifiedDate":"2022-09-11"},{"lineNumber":99,"author":{"gitId":"drrnsyk"},"content":"                }","lastModifiedDate":"2022-09-11"},{"lineNumber":100,"author":{"gitId":"drrnsyk"},"content":"","lastModifiedDate":"2022-09-11"},{"lineNumber":101,"author":{"gitId":"drrnsyk"},"content":"                System.out.println(\"\\t-----------------------------------------------------------------\");","lastModifiedDate":"2022-09-11"},{"lineNumber":102,"author":{"gitId":"drrnsyk"},"content":"                System.out.println(\"\\t \" + \"Got it. I\u0027ve added this task: \");","lastModifiedDate":"2022-09-11"},{"lineNumber":103,"author":{"gitId":"drrnsyk"},"content":"                tasks.add(new Todo(descriptionLine));","lastModifiedDate":"2022-09-11"},{"lineNumber":104,"author":{"gitId":"drrnsyk"},"content":"                System.out.println(\"\\t\\t \" + tasks.get(tasks.size()-1));","lastModifiedDate":"2022-09-11"},{"lineNumber":105,"author":{"gitId":"drrnsyk"},"content":"                System.out.println(\"\\t \" + \"Now you have \" + tasks.size() + \" tasks in the list.\");","lastModifiedDate":"2022-09-11"},{"lineNumber":106,"author":{"gitId":"drrnsyk"},"content":"                System.out.println(\"\\t-----------------------------------------------------------------\"); ","lastModifiedDate":"2022-09-11"},{"lineNumber":107,"author":{"gitId":"drrnsyk"},"content":"                ","lastModifiedDate":"2022-09-11"},{"lineNumber":108,"author":{"gitId":"drrnsyk"},"content":"            } else if (lineArray[0].equalsIgnoreCase(\"deadline\"))","lastModifiedDate":"2022-09-11"},{"lineNumber":109,"author":{"gitId":"drrnsyk"},"content":"            {","lastModifiedDate":"2022-09-11"},{"lineNumber":110,"author":{"gitId":"drrnsyk"},"content":"","lastModifiedDate":"2022-09-11"},{"lineNumber":111,"author":{"gitId":"drrnsyk"},"content":"                if (lineArray.length \u003c 2) {","lastModifiedDate":"2022-09-23"},{"lineNumber":112,"author":{"gitId":"drrnsyk"},"content":"                    System.out.println(\"\\t-----------------------------------------------------------------\");","lastModifiedDate":"2022-09-23"},{"lineNumber":113,"author":{"gitId":"drrnsyk"},"content":"                    System.out.println(\"\\t \" + \"The description of a deadline cannot be empty.\");","lastModifiedDate":"2022-09-23"},{"lineNumber":114,"author":{"gitId":"drrnsyk"},"content":"                    System.out.println(\"\\t-----------------------------------------------------------------\"); ","lastModifiedDate":"2022-09-23"},{"lineNumber":115,"author":{"gitId":"drrnsyk"},"content":"                    continue;","lastModifiedDate":"2022-09-23"},{"lineNumber":116,"author":{"gitId":"drrnsyk"},"content":"                }","lastModifiedDate":"2022-09-23"},{"lineNumber":117,"author":{"gitId":"drrnsyk"},"content":"                ","lastModifiedDate":"2022-09-23"},{"lineNumber":118,"author":{"gitId":"drrnsyk"},"content":"                // piece the task description back together","lastModifiedDate":"2022-09-11"},{"lineNumber":119,"author":{"gitId":"drrnsyk"},"content":"                String descriptionLine \u003d \"\";","lastModifiedDate":"2022-09-11"},{"lineNumber":120,"author":{"gitId":"drrnsyk"},"content":"                int indexOfDelimiter \u003d 0;","lastModifiedDate":"2022-09-11"},{"lineNumber":121,"author":{"gitId":"drrnsyk"},"content":"                for (int i \u003d 1; i \u003c lineArray.length; i++) {","lastModifiedDate":"2022-09-11"},{"lineNumber":122,"author":{"gitId":"drrnsyk"},"content":"                    if (lineArray[i].equalsIgnoreCase(\"/by\")) {","lastModifiedDate":"2022-09-11"},{"lineNumber":123,"author":{"gitId":"drrnsyk"},"content":"                        indexOfDelimiter \u003d i;","lastModifiedDate":"2022-09-11"},{"lineNumber":124,"author":{"gitId":"drrnsyk"},"content":"                        break;","lastModifiedDate":"2022-09-11"},{"lineNumber":125,"author":{"gitId":"drrnsyk"},"content":"                    }","lastModifiedDate":"2022-09-11"},{"lineNumber":126,"author":{"gitId":"drrnsyk"},"content":"                    descriptionLine +\u003d \" \" + lineArray[i];","lastModifiedDate":"2022-09-11"},{"lineNumber":127,"author":{"gitId":"drrnsyk"},"content":"                }","lastModifiedDate":"2022-09-11"},{"lineNumber":128,"author":{"gitId":"drrnsyk"},"content":"","lastModifiedDate":"2022-09-11"},{"lineNumber":129,"author":{"gitId":"drrnsyk"},"content":"                String date \u003d \"\";","lastModifiedDate":"2022-09-11"},{"lineNumber":130,"author":{"gitId":"drrnsyk"},"content":"                for (int i \u003d indexOfDelimiter+1; i \u003c lineArray.length; i++) {","lastModifiedDate":"2022-09-11"},{"lineNumber":131,"author":{"gitId":"drrnsyk"},"content":"                    date +\u003d \" \" + lineArray[i];","lastModifiedDate":"2022-09-11"},{"lineNumber":132,"author":{"gitId":"drrnsyk"},"content":"                }","lastModifiedDate":"2022-09-03"},{"lineNumber":133,"author":{"gitId":"drrnsyk"},"content":"","lastModifiedDate":"2022-08-30"},{"lineNumber":134,"author":{"gitId":"drrnsyk"},"content":"                System.out.println(\"\\t-----------------------------------------------------------------\");","lastModifiedDate":"2022-09-11"},{"lineNumber":135,"author":{"gitId":"drrnsyk"},"content":"                System.out.println(\"\\t \" + \"Got it. I\u0027ve added this task: \");","lastModifiedDate":"2022-09-11"},{"lineNumber":136,"author":{"gitId":"drrnsyk"},"content":"                tasks.add(new Deadline(descriptionLine, date));","lastModifiedDate":"2022-09-11"},{"lineNumber":137,"author":{"gitId":"drrnsyk"},"content":"                System.out.println(\"\\t\\t \" + tasks.get(tasks.size()-1));","lastModifiedDate":"2022-09-11"},{"lineNumber":138,"author":{"gitId":"drrnsyk"},"content":"                System.out.println(\"\\t \" + \"Now you have \" + tasks.size() + \" tasks in the list.\");","lastModifiedDate":"2022-09-11"},{"lineNumber":139,"author":{"gitId":"drrnsyk"},"content":"                System.out.println(\"\\t-----------------------------------------------------------------\"); ","lastModifiedDate":"2022-09-11"},{"lineNumber":140,"author":{"gitId":"drrnsyk"},"content":"                ","lastModifiedDate":"2022-09-11"},{"lineNumber":141,"author":{"gitId":"drrnsyk"},"content":"            } else if (lineArray[0].equalsIgnoreCase(\"event\"))","lastModifiedDate":"2022-09-11"},{"lineNumber":142,"author":{"gitId":"drrnsyk"},"content":"            {","lastModifiedDate":"2022-09-11"},{"lineNumber":143,"author":{"gitId":"drrnsyk"},"content":"","lastModifiedDate":"2022-09-11"},{"lineNumber":144,"author":{"gitId":"drrnsyk"},"content":"                if (lineArray.length \u003c 2) {","lastModifiedDate":"2022-09-23"},{"lineNumber":145,"author":{"gitId":"drrnsyk"},"content":"                    System.out.println(\"\\t-----------------------------------------------------------------\");","lastModifiedDate":"2022-09-23"},{"lineNumber":146,"author":{"gitId":"drrnsyk"},"content":"                    System.out.println(\"\\t \" + \"The description of a event cannot be empty.\");","lastModifiedDate":"2022-09-23"},{"lineNumber":147,"author":{"gitId":"drrnsyk"},"content":"                    System.out.println(\"\\t-----------------------------------------------------------------\"); ","lastModifiedDate":"2022-09-23"},{"lineNumber":148,"author":{"gitId":"drrnsyk"},"content":"                    continue;","lastModifiedDate":"2022-09-23"},{"lineNumber":149,"author":{"gitId":"drrnsyk"},"content":"                }","lastModifiedDate":"2022-09-23"},{"lineNumber":150,"author":{"gitId":"drrnsyk"},"content":"                ","lastModifiedDate":"2022-09-23"},{"lineNumber":151,"author":{"gitId":"drrnsyk"},"content":"                // piece the task description back together","lastModifiedDate":"2022-09-11"},{"lineNumber":152,"author":{"gitId":"drrnsyk"},"content":"                String descriptionLine \u003d \"\";","lastModifiedDate":"2022-09-11"},{"lineNumber":153,"author":{"gitId":"drrnsyk"},"content":"                int indexOfDelimiter \u003d 0;","lastModifiedDate":"2022-09-11"},{"lineNumber":154,"author":{"gitId":"drrnsyk"},"content":"                for (int i \u003d 1; i \u003c lineArray.length; i++) {","lastModifiedDate":"2022-09-11"},{"lineNumber":155,"author":{"gitId":"drrnsyk"},"content":"                    if (lineArray[i].equalsIgnoreCase(\"/at\")) {","lastModifiedDate":"2022-09-11"},{"lineNumber":156,"author":{"gitId":"drrnsyk"},"content":"                        indexOfDelimiter \u003d i;","lastModifiedDate":"2022-09-11"},{"lineNumber":157,"author":{"gitId":"drrnsyk"},"content":"                        break;","lastModifiedDate":"2022-09-11"},{"lineNumber":158,"author":{"gitId":"drrnsyk"},"content":"                    }","lastModifiedDate":"2022-08-30"},{"lineNumber":159,"author":{"gitId":"drrnsyk"},"content":"                    descriptionLine +\u003d \" \" + lineArray[i];","lastModifiedDate":"2022-09-11"},{"lineNumber":160,"author":{"gitId":"drrnsyk"},"content":"                }","lastModifiedDate":"2022-08-30"},{"lineNumber":161,"author":{"gitId":"drrnsyk"},"content":"","lastModifiedDate":"2022-08-30"},{"lineNumber":162,"author":{"gitId":"drrnsyk"},"content":"                String date \u003d \"\";","lastModifiedDate":"2022-09-11"},{"lineNumber":163,"author":{"gitId":"drrnsyk"},"content":"                for (int i \u003d indexOfDelimiter+1; i \u003c lineArray.length; i++) {","lastModifiedDate":"2022-09-11"},{"lineNumber":164,"author":{"gitId":"drrnsyk"},"content":"                    date +\u003d \" \" + lineArray[i];","lastModifiedDate":"2022-09-11"},{"lineNumber":165,"author":{"gitId":"drrnsyk"},"content":"                }","lastModifiedDate":"2022-09-11"},{"lineNumber":166,"author":{"gitId":"drrnsyk"},"content":"                ","lastModifiedDate":"2022-09-11"},{"lineNumber":167,"author":{"gitId":"drrnsyk"},"content":"","lastModifiedDate":"2022-09-11"},{"lineNumber":168,"author":{"gitId":"drrnsyk"},"content":"                System.out.println(\"\\t-----------------------------------------------------------------\");","lastModifiedDate":"2022-09-11"},{"lineNumber":169,"author":{"gitId":"drrnsyk"},"content":"                System.out.println(\"\\t \" + \"Got it. I\u0027ve added this task: \");","lastModifiedDate":"2022-09-11"},{"lineNumber":170,"author":{"gitId":"drrnsyk"},"content":"                tasks.add(new Event(descriptionLine, date));","lastModifiedDate":"2022-09-11"},{"lineNumber":171,"author":{"gitId":"drrnsyk"},"content":"                System.out.println(\"\\t\\t \" + tasks.get(tasks.size()-1));","lastModifiedDate":"2022-09-11"},{"lineNumber":172,"author":{"gitId":"drrnsyk"},"content":"                System.out.println(\"\\t \" + \"Now you have \" + tasks.size() + \" tasks in the list.\");","lastModifiedDate":"2022-09-11"},{"lineNumber":173,"author":{"gitId":"drrnsyk"},"content":"                System.out.println(\"\\t-----------------------------------------------------------------\"); ","lastModifiedDate":"2022-08-30"},{"lineNumber":174,"author":{"gitId":"drrnsyk"},"content":"            }","lastModifiedDate":"2022-08-30"},{"lineNumber":175,"author":{"gitId":"drrnsyk"},"content":"            else ","lastModifiedDate":"2022-08-30"},{"lineNumber":176,"author":{"gitId":"drrnsyk"},"content":"            {","lastModifiedDate":"2022-08-30"},{"lineNumber":177,"author":{"gitId":"drrnsyk"},"content":"                System.out.println(\"\\t-----------------------------------------------------------------\");","lastModifiedDate":"2022-08-30"},{"lineNumber":178,"author":{"gitId":"drrnsyk"},"content":"                System.out.println(\"\\t \" + \"Pleas enter a valid command\");","lastModifiedDate":"2022-09-11"},{"lineNumber":179,"author":{"gitId":"drrnsyk"},"content":"                System.out.println(\"\\t-----------------------------------------------------------------\"); ","lastModifiedDate":"2022-08-30"},{"lineNumber":180,"author":{"gitId":"drrnsyk"},"content":"                continue;","lastModifiedDate":"2022-09-11"},{"lineNumber":181,"author":{"gitId":"drrnsyk"},"content":"                // add task to the list","lastModifiedDate":"2022-09-11"},{"lineNumber":182,"author":{"gitId":"drrnsyk"},"content":"                // Task t \u003d new Task(line);","lastModifiedDate":"2022-09-11"},{"lineNumber":183,"author":{"gitId":"drrnsyk"},"content":"                // tasks.add(t);","lastModifiedDate":"2022-09-11"},{"lineNumber":184,"author":{"gitId":"drrnsyk"},"content":"","lastModifiedDate":"2022-08-30"},{"lineNumber":185,"author":{"gitId":"drrnsyk"},"content":"                // // echo","lastModifiedDate":"2022-09-11"},{"lineNumber":186,"author":{"gitId":"drrnsyk"},"content":"                // System.out.println(\"\\t-----------------------------------------------------------------\");","lastModifiedDate":"2022-09-11"},{"lineNumber":187,"author":{"gitId":"drrnsyk"},"content":"                // System.out.println(\"\\t \" + \"added: \" + line);","lastModifiedDate":"2022-09-11"},{"lineNumber":188,"author":{"gitId":"drrnsyk"},"content":"                // System.out.println(\"\\t-----------------------------------------------------------------\");","lastModifiedDate":"2022-09-11"},{"lineNumber":189,"author":{"gitId":"drrnsyk"},"content":"            }","lastModifiedDate":"2022-08-30"},{"lineNumber":190,"author":{"gitId":"drrnsyk"},"content":"","lastModifiedDate":"2022-09-11"},{"lineNumber":191,"author":{"gitId":"drrnsyk"},"content":"        }","lastModifiedDate":"2022-08-30"},{"lineNumber":192,"author":{"gitId":"drrnsyk"},"content":"        input.close();","lastModifiedDate":"2022-09-11"},{"lineNumber":193,"author":{"gitId":"-"},"content":"    }","lastModifiedDate":"2019-07-29"},{"lineNumber":194,"author":{"gitId":"-"},"content":"}","lastModifiedDate":"2019-07-29"}],"authorContributionMap":{"drrnsyk":190,"-":4}},{"path":"src/main/java/Event.java","fileType":"java","lines":[{"lineNumber":1,"author":{"gitId":"drrnsyk"},"content":"public class Event extends Task {","lastModifiedDate":"2022-09-11"},{"lineNumber":2,"author":{"gitId":"drrnsyk"},"content":"    ","lastModifiedDate":"2022-09-11"},{"lineNumber":3,"author":{"gitId":"drrnsyk"},"content":"    private String at;","lastModifiedDate":"2022-09-11"},{"lineNumber":4,"author":{"gitId":"drrnsyk"},"content":"","lastModifiedDate":"2022-09-11"},{"lineNumber":5,"author":{"gitId":"drrnsyk"},"content":"    public Event(String description, String at) {","lastModifiedDate":"2022-09-11"},{"lineNumber":6,"author":{"gitId":"drrnsyk"},"content":"        super(description);","lastModifiedDate":"2022-09-11"},{"lineNumber":7,"author":{"gitId":"drrnsyk"},"content":"        this.at \u003d at;","lastModifiedDate":"2022-09-11"},{"lineNumber":8,"author":{"gitId":"drrnsyk"},"content":"    }","lastModifiedDate":"2022-09-11"},{"lineNumber":9,"author":{"gitId":"drrnsyk"},"content":"","lastModifiedDate":"2022-09-11"},{"lineNumber":10,"author":{"gitId":"drrnsyk"},"content":"    @Override","lastModifiedDate":"2022-09-11"},{"lineNumber":11,"author":{"gitId":"drrnsyk"},"content":"    public String toString() {","lastModifiedDate":"2022-09-11"},{"lineNumber":12,"author":{"gitId":"drrnsyk"},"content":"        return \"[E]\" + super.toString() + \" (at: \" + at + \")\";","lastModifiedDate":"2022-09-11"},{"lineNumber":13,"author":{"gitId":"drrnsyk"},"content":"    }","lastModifiedDate":"2022-09-11"},{"lineNumber":14,"author":{"gitId":"drrnsyk"},"content":"","lastModifiedDate":"2022-09-11"},{"lineNumber":15,"author":{"gitId":"drrnsyk"},"content":"}","lastModifiedDate":"2022-09-11"}],"authorContributionMap":{"drrnsyk":15}},{"path":"src/main/java/Task.java","fileType":"java","lines":[{"lineNumber":1,"author":{"gitId":"drrnsyk"},"content":"public class Task {","lastModifiedDate":"2022-09-03"},{"lineNumber":2,"author":{"gitId":"drrnsyk"},"content":"","lastModifiedDate":"2022-09-03"},{"lineNumber":3,"author":{"gitId":"drrnsyk"},"content":"    protected String description;","lastModifiedDate":"2022-09-03"},{"lineNumber":4,"author":{"gitId":"drrnsyk"},"content":"    protected boolean isDone;","lastModifiedDate":"2022-09-03"},{"lineNumber":5,"author":{"gitId":"drrnsyk"},"content":"","lastModifiedDate":"2022-09-03"},{"lineNumber":6,"author":{"gitId":"drrnsyk"},"content":"    public Task(String description) {","lastModifiedDate":"2022-09-03"},{"lineNumber":7,"author":{"gitId":"drrnsyk"},"content":"        this.description \u003d description;","lastModifiedDate":"2022-09-03"},{"lineNumber":8,"author":{"gitId":"drrnsyk"},"content":"        this.isDone \u003d false;","lastModifiedDate":"2022-09-03"},{"lineNumber":9,"author":{"gitId":"drrnsyk"},"content":"    }","lastModifiedDate":"2022-09-03"},{"lineNumber":10,"author":{"gitId":"drrnsyk"},"content":"","lastModifiedDate":"2022-09-03"},{"lineNumber":11,"author":{"gitId":"drrnsyk"},"content":"    public String getDescription() {","lastModifiedDate":"2022-09-03"},{"lineNumber":12,"author":{"gitId":"drrnsyk"},"content":"        return description;","lastModifiedDate":"2022-09-03"},{"lineNumber":13,"author":{"gitId":"drrnsyk"},"content":"    }","lastModifiedDate":"2022-09-03"},{"lineNumber":14,"author":{"gitId":"drrnsyk"},"content":"","lastModifiedDate":"2022-09-03"},{"lineNumber":15,"author":{"gitId":"drrnsyk"},"content":"    public void setDescription(String description) {","lastModifiedDate":"2022-09-03"},{"lineNumber":16,"author":{"gitId":"drrnsyk"},"content":"        this.description \u003d description;","lastModifiedDate":"2022-09-03"},{"lineNumber":17,"author":{"gitId":"drrnsyk"},"content":"    }","lastModifiedDate":"2022-09-03"},{"lineNumber":18,"author":{"gitId":"drrnsyk"},"content":"","lastModifiedDate":"2022-09-03"},{"lineNumber":19,"author":{"gitId":"drrnsyk"},"content":"    public boolean isDone() {","lastModifiedDate":"2022-09-03"},{"lineNumber":20,"author":{"gitId":"drrnsyk"},"content":"        return isDone;","lastModifiedDate":"2022-09-03"},{"lineNumber":21,"author":{"gitId":"drrnsyk"},"content":"    }","lastModifiedDate":"2022-09-03"},{"lineNumber":22,"author":{"gitId":"drrnsyk"},"content":"","lastModifiedDate":"2022-09-03"},{"lineNumber":23,"author":{"gitId":"drrnsyk"},"content":"    public void setDone(boolean isDone) {","lastModifiedDate":"2022-09-03"},{"lineNumber":24,"author":{"gitId":"drrnsyk"},"content":"        this.isDone \u003d isDone;","lastModifiedDate":"2022-09-03"},{"lineNumber":25,"author":{"gitId":"drrnsyk"},"content":"    }","lastModifiedDate":"2022-09-03"},{"lineNumber":26,"author":{"gitId":"drrnsyk"},"content":"","lastModifiedDate":"2022-09-03"},{"lineNumber":27,"author":{"gitId":"drrnsyk"},"content":"    @Override","lastModifiedDate":"2022-09-11"},{"lineNumber":28,"author":{"gitId":"drrnsyk"},"content":"    public String toString() {","lastModifiedDate":"2022-09-11"},{"lineNumber":29,"author":{"gitId":"drrnsyk"},"content":"        if (isDone()) {","lastModifiedDate":"2022-09-11"},{"lineNumber":30,"author":{"gitId":"drrnsyk"},"content":"            return \"[X] \" + description;","lastModifiedDate":"2022-09-11"},{"lineNumber":31,"author":{"gitId":"drrnsyk"},"content":"        }","lastModifiedDate":"2022-09-11"},{"lineNumber":32,"author":{"gitId":"drrnsyk"},"content":"        else","lastModifiedDate":"2022-09-11"},{"lineNumber":33,"author":{"gitId":"drrnsyk"},"content":"        {","lastModifiedDate":"2022-09-11"},{"lineNumber":34,"author":{"gitId":"drrnsyk"},"content":"            return \"[ ] \" + description;","lastModifiedDate":"2022-09-11"},{"lineNumber":35,"author":{"gitId":"drrnsyk"},"content":"        }","lastModifiedDate":"2022-09-11"},{"lineNumber":36,"author":{"gitId":"drrnsyk"},"content":"    }","lastModifiedDate":"2022-09-11"},{"lineNumber":37,"author":{"gitId":"drrnsyk"},"content":"","lastModifiedDate":"2022-09-11"},{"lineNumber":38,"author":{"gitId":"drrnsyk"},"content":"}","lastModifiedDate":"2022-09-03"}],"authorContributionMap":{"drrnsyk":38}},{"path":"src/main/java/Todo.java","fileType":"java","lines":[{"lineNumber":1,"author":{"gitId":"drrnsyk"},"content":"public class Todo extends Task {","lastModifiedDate":"2022-09-11"},{"lineNumber":2,"author":{"gitId":"drrnsyk"},"content":"","lastModifiedDate":"2022-09-11"},{"lineNumber":3,"author":{"gitId":"drrnsyk"},"content":"    public Todo(String description) {","lastModifiedDate":"2022-09-11"},{"lineNumber":4,"author":{"gitId":"drrnsyk"},"content":"        super(description);","lastModifiedDate":"2022-09-11"},{"lineNumber":5,"author":{"gitId":"drrnsyk"},"content":"    }","lastModifiedDate":"2022-09-11"},{"lineNumber":6,"author":{"gitId":"drrnsyk"},"content":"","lastModifiedDate":"2022-09-11"},{"lineNumber":7,"author":{"gitId":"drrnsyk"},"content":"    @Override","lastModifiedDate":"2022-09-11"},{"lineNumber":8,"author":{"gitId":"drrnsyk"},"content":"    public String toString() {","lastModifiedDate":"2022-09-11"},{"lineNumber":9,"author":{"gitId":"drrnsyk"},"content":"        return \"[T]\" + super.toString();","lastModifiedDate":"2022-09-11"},{"lineNumber":10,"author":{"gitId":"drrnsyk"},"content":"    }","lastModifiedDate":"2022-09-11"},{"lineNumber":11,"author":{"gitId":"drrnsyk"},"content":"    ","lastModifiedDate":"2022-09-11"},{"lineNumber":12,"author":{"gitId":"drrnsyk"},"content":"}","lastModifiedDate":"2022-09-11"}],"authorContributionMap":{"drrnsyk":12}},{"path":"text-ui-test/input.txt","fileType":"txt","lines":[{"lineNumber":1,"author":{"gitId":"drrnsyk"},"content":"list","lastModifiedDate":"2022-09-11"},{"lineNumber":2,"author":{"gitId":"drrnsyk"},"content":"buy books","lastModifiedDate":"2022-09-11"},{"lineNumber":3,"author":{"gitId":"drrnsyk"},"content":"mark 1","lastModifiedDate":"2022-09-11"},{"lineNumber":4,"author":{"gitId":"drrnsyk"},"content":"bye","lastModifiedDate":"2022-09-11"}],"authorContributionMap":{"drrnsyk":4}}]
