{"authorDailyContributionsMap":{"drrnsyk":[{"date":"2022-08-30","commitResults":[{"hash":"df62c5258f8aa744e93f379e944c261190eff476","messageTitle":"added greet, echo, exit","messageBody":"","tags":["Level-1"],"fileTypesAndContributionMap":{"java":{"insertions":36,"deletions":6}}},{"hash":"089a01d7b8862cd387707bc3da4da5c3cccef0d6","messageTitle":"added add, list","messageBody":"","tags":["Level-2"],"fileTypesAndContributionMap":{"java":{"insertions":38,"deletions":4}}}]},{"date":"2022-09-03","commitResults":[{"hash":"c9cb8712ced1ccfa010a4878229bc6011f5ac065","messageTitle":"added task class","messageBody":"","fileTypesAndContributionMap":{"java":{"insertions":27,"deletions":0}}},{"hash":"d8ccdc3b9b95a1d4c621f1a1b6a5a627d1a8e3be","messageTitle":"added mark and unmark feature","messageBody":"","tags":["Level-3"],"fileTypesAndContributionMap":{"java":{"insertions":33,"deletions":4}}}]},{"date":"2022-09-11","commitResults":[{"hash":"887f12b4a8125c2873e2df8f375add1b568d3705","messageTitle":"added todo, deadline, event classes","messageBody":"","tags":["Level-4"],"fileTypesAndContributionMap":{"txt":{"insertions":4,"deletions":0},"java":{"insertions":157,"deletions":32}}}]},{"date":"2022-09-23","commitResults":[{"hash":"471ce2ce27cbc22e2f89b5d80050bfd8e1d636e9","messageTitle":"handle errors","messageBody":"","tags":["Level-5"],"fileTypesAndContributionMap":{"java":{"insertions":21,"deletions":2}}}]},{"date":"2022-10-17","commitResults":[{"hash":"67874100886b5d9336ffd5a81f8c8546f5387034","messageTitle":"added delete","messageBody":"","tags":["Level-6"],"fileTypesAndContributionMap":{"java":{"insertions":14,"deletions":1}}}]},{"date":"2022-10-27","commitResults":[{"hash":"6f1fe9bb6f98a9a4533d2b3ff4dea7aaf0521a76","messageTitle":"A-MoreOOP","messageBody":"","fileTypesAndContributionMap":{"txt":{"insertions":0,"deletions":0},"java":{"insertions":257,"deletions":203}}}]},{"date":"2022-10-29","commitResults":[{"hash":"aa9f559782bd0cd0167312c63b6d43a403b5fd97","messageTitle":"added save, load and read file","messageBody":"","tags":["Level-7"],"fileTypesAndContributionMap":{"txt":{"insertions":4,"deletions":0},"java":{"insertions":101,"deletions":13}}}]},{"date":"2022-10-31","commitResults":[{"hash":"ab3021d4a3d0b6e13c054aad9e74223e7de045e4","messageTitle":"added dates and time feature for event and deadline","messageBody":"","fileTypesAndContributionMap":{"txt":{"insertions":3,"deletions":0},"java":{"insertions":49,"deletions":27}}}]}]},"authorFileTypeContributionMap":{"drrnsyk":{"java":448,"md":0,"fxml":0,"sh":0,"bat":0,"gradle":0,"txt":11}},"authorContributionVariance":{"drrnsyk":3156.389},"authorDisplayNameMap":{"drrnsyk":"DARR..KANG"}}
