{"authorDailyContributionsMap":{"drrnsyk":[{"date":"2022-08-30","commitResults":[{"hash":"df62c5258f8aa744e93f379e944c261190eff476","messageTitle":"added greet, echo, exit","messageBody":"","fileTypesAndContributionMap":{"java":{"insertions":36,"deletions":6}}},{"hash":"089a01d7b8862cd387707bc3da4da5c3cccef0d6","messageTitle":"added add, list","messageBody":"","fileTypesAndContributionMap":{"java":{"insertions":38,"deletions":4}}}]},{"date":"2022-09-03","commitResults":[{"hash":"c9cb8712ced1ccfa010a4878229bc6011f5ac065","messageTitle":"added task class","messageBody":"","fileTypesAndContributionMap":{"java":{"insertions":27,"deletions":0}}},{"hash":"d8ccdc3b9b95a1d4c621f1a1b6a5a627d1a8e3be","messageTitle":"added mark and unmark feature","messageBody":"","fileTypesAndContributionMap":{"java":{"insertions":33,"deletions":4}}}]},{"date":"2022-09-11","commitResults":[{"hash":"887f12b4a8125c2873e2df8f375add1b568d3705","messageTitle":"added todo, deadline, event classes","messageBody":"","fileTypesAndContributionMap":{"txt":{"insertions":4,"deletions":0},"java":{"insertions":157,"deletions":32}}}]}]},"authorFileTypeContributionMap":{"drrnsyk":{"java":251,"md":0,"fxml":0,"sh":0,"bat":0,"gradle":0,"txt":4}},"authorContributionVariance":{"drrnsyk":1287.9623},"authorDisplayNameMap":{"drrnsyk":"DARR..KANG"}}
