{"authorDailyContributionsMap":{"bboy-zero":[{"date":"2022-12-01","commitResults":[{"hash":"5f923118b3296c18694e7c80cafb479c49ad1e5c","messageTitle":"init setup","messageBody":"","fileTypesAndContributionMap":{"txt":{"insertions":15,"deletions":0},"java":{"insertions":24,"deletions":10}}},{"hash":"7dbc384033fd3c6869ef0f6f3361f227ccb65b1d","messageTitle":"Level-1: Greet, Echo, Exit","messageBody":"","fileTypesAndContributionMap":{"java":{"insertions":69,"deletions":2}}},{"hash":"71a4e6b22db6d72234a334c4dd2c1f8734e01534","messageTitle":"Level-2: Add, List","messageBody":"","fileTypesAndContributionMap":{"java":{"insertions":24,"deletions":1}}},{"hash":"89824dffd9baaa0f9e11e6905e4e6b3c9341013c","messageTitle":"Level 3. Mark as Done","messageBody":"","fileTypesAndContributionMap":{"java":{"insertions":72,"deletions":9}}},{"hash":"e90cc5b374e7d9ee7096629871f4ac14cf2a0107","messageTitle":"Level 4 (partial)","messageBody":"","fileTypesAndContributionMap":{"java":{"insertions":157,"deletions":20}}}]}]},"authorFileTypeContributionMap":{"bboy-zero":{"java":310,"md":0,"fxml":0,"sh":0,"bat":0,"gradle":0,"txt":15}},"authorContributionVariance":{"bboy-zero":1388.0078},"authorDisplayNameMap":{"bboy-zero":"BOBB..TAMA"}}
