[{"path":"src/main/java/Duke.java","fileType":"java","lines":[{"lineNumber":1,"author":{"gitId":"LiuYHYH"},"content":"import java.util.ArrayList;","lastModifiedDate":"2022-09-07"},{"lineNumber":2,"author":{"gitId":"LiuYHYH"},"content":"import java.util.List;","lastModifiedDate":"2022-09-07"},{"lineNumber":3,"author":{"gitId":"LiuYHYH"},"content":"import java.util.Scanner;","lastModifiedDate":"2022-09-07"},{"lineNumber":4,"author":{"gitId":"LiuYHYH"},"content":"","lastModifiedDate":"2022-09-07"},{"lineNumber":5,"author":{"gitId":"LiuYHYH"},"content":"","lastModifiedDate":"2022-09-19"},{"lineNumber":6,"author":{"gitId":"-"},"content":"public class Duke {","lastModifiedDate":"2019-07-29"},{"lineNumber":7,"author":{"gitId":"-"},"content":"    public static void main(String[] args) {","lastModifiedDate":"2019-07-29"},{"lineNumber":8,"author":{"gitId":"-"},"content":"        String logo \u003d \" ____        _        \\n\"","lastModifiedDate":"2019-07-29"},{"lineNumber":9,"author":{"gitId":"-"},"content":"                + \"|  _ \\\\ _   _| | _____ \\n\"","lastModifiedDate":"2019-07-29"},{"lineNumber":10,"author":{"gitId":"-"},"content":"                + \"| | | | | | | |/ / _ \\\\\\n\"","lastModifiedDate":"2019-07-29"},{"lineNumber":11,"author":{"gitId":"-"},"content":"                + \"| |_| | |_| |   \u003c  __/\\n\"","lastModifiedDate":"2019-07-29"},{"lineNumber":12,"author":{"gitId":"-"},"content":"                + \"|____/ \\\\__,_|_|\\\\_\\\\___|\\n\";","lastModifiedDate":"2019-07-29"},{"lineNumber":13,"author":{"gitId":"LiuYHYH"},"content":"        System.out.println(\"Hello from YH\\n\" + logo);","lastModifiedDate":"2022-09-19"},{"lineNumber":14,"author":{"gitId":"LiuYHYH"},"content":"        System.out.println(\"    ---------------------------------------\");","lastModifiedDate":"2022-09-08"},{"lineNumber":15,"author":{"gitId":"LiuYHYH"},"content":"        System.out.println(\"     Hello! I\u0027m Duke\\n\" +","lastModifiedDate":"2022-09-08"},{"lineNumber":16,"author":{"gitId":"LiuYHYH"},"content":"                \"     What can I do for you?\");","lastModifiedDate":"2022-09-08"},{"lineNumber":17,"author":{"gitId":"LiuYHYH"},"content":"","lastModifiedDate":"2022-09-07"},{"lineNumber":18,"author":{"gitId":"LiuYHYH"},"content":"        List\u003cTask\u003e tasks \u003d new ArrayList\u003c\u003e();","lastModifiedDate":"2022-09-19"},{"lineNumber":19,"author":{"gitId":"LiuYHYH"},"content":"        String action, rest \u003d \" \";","lastModifiedDate":"2022-09-23"},{"lineNumber":20,"author":{"gitId":"LiuYHYH"},"content":"        whileLoop: while (true){","lastModifiedDate":"2022-09-19"},{"lineNumber":21,"author":{"gitId":"LiuYHYH"},"content":"            String text;","lastModifiedDate":"2022-09-07"},{"lineNumber":22,"author":{"gitId":"LiuYHYH"},"content":"            Scanner s \u003d new Scanner(System.in);","lastModifiedDate":"2022-09-07"},{"lineNumber":23,"author":{"gitId":"LiuYHYH"},"content":"            text \u003d s.nextLine();","lastModifiedDate":"2022-09-07"},{"lineNumber":24,"author":{"gitId":"LiuYHYH"},"content":"            Task t;","lastModifiedDate":"2022-09-19"},{"lineNumber":25,"author":{"gitId":"LiuYHYH"},"content":"            action \u003d text.split(\" \", 2)[0];","lastModifiedDate":"2022-09-19"},{"lineNumber":26,"author":{"gitId":"LiuYHYH"},"content":"            if(text.matches(\".*\\\\s.*\")){","lastModifiedDate":"2022-09-23"},{"lineNumber":27,"author":{"gitId":"LiuYHYH"},"content":"                rest \u003d text.split(\" \", 2)[1];","lastModifiedDate":"2022-09-23"},{"lineNumber":28,"author":{"gitId":"LiuYHYH"},"content":"            }","lastModifiedDate":"2022-09-23"},{"lineNumber":29,"author":{"gitId":"LiuYHYH"},"content":"","lastModifiedDate":"2022-09-23"},{"lineNumber":30,"author":{"gitId":"LiuYHYH"},"content":"            switch(action){","lastModifiedDate":"2022-09-19"},{"lineNumber":31,"author":{"gitId":"LiuYHYH"},"content":"                case \"bye\":","lastModifiedDate":"2022-09-19"},{"lineNumber":32,"author":{"gitId":"LiuYHYH"},"content":"                    System.out.println(\"    ---------------------------------------\");","lastModifiedDate":"2022-09-07"},{"lineNumber":33,"author":{"gitId":"LiuYHYH"},"content":"                    System.out.println(\"    Bye. Hope to see you again soon!\");","lastModifiedDate":"2022-09-07"},{"lineNumber":34,"author":{"gitId":"LiuYHYH"},"content":"                    break whileLoop;","lastModifiedDate":"2022-09-19"},{"lineNumber":35,"author":{"gitId":"LiuYHYH"},"content":"","lastModifiedDate":"2022-09-19"},{"lineNumber":36,"author":{"gitId":"LiuYHYH"},"content":"                case \"list\":","lastModifiedDate":"2022-09-19"},{"lineNumber":37,"author":{"gitId":"LiuYHYH"},"content":"                    DukeUtils.printList(tasks);","lastModifiedDate":"2022-09-19"},{"lineNumber":38,"author":{"gitId":"LiuYHYH"},"content":"                    break;","lastModifiedDate":"2022-09-07"},{"lineNumber":39,"author":{"gitId":"LiuYHYH"},"content":"","lastModifiedDate":"2022-09-19"},{"lineNumber":40,"author":{"gitId":"LiuYHYH"},"content":"                case \"mark\":","lastModifiedDate":"2022-09-19"},{"lineNumber":41,"author":{"gitId":"LiuYHYH"},"content":"                    t \u003d tasks.get(Integer.parseInt(rest)-1);","lastModifiedDate":"2022-09-19"},{"lineNumber":42,"author":{"gitId":"LiuYHYH"},"content":"                    t.updateMark(true);","lastModifiedDate":"2022-09-19"},{"lineNumber":43,"author":{"gitId":"LiuYHYH"},"content":"                    DukeUtils.printText(\"Nice! I\u0027ve marked this task as done:\\n \" + \"    \" + t.getStatusDescription());","lastModifiedDate":"2022-09-19"},{"lineNumber":44,"author":{"gitId":"LiuYHYH"},"content":"                    break;","lastModifiedDate":"2022-09-19"},{"lineNumber":45,"author":{"gitId":"LiuYHYH"},"content":"","lastModifiedDate":"2022-09-19"},{"lineNumber":46,"author":{"gitId":"LiuYHYH"},"content":"                case \"unmark\":","lastModifiedDate":"2022-09-19"},{"lineNumber":47,"author":{"gitId":"LiuYHYH"},"content":"                    t \u003d tasks.get(Integer.parseInt(rest)-1);","lastModifiedDate":"2022-09-19"},{"lineNumber":48,"author":{"gitId":"LiuYHYH"},"content":"                    t.updateMark(false);","lastModifiedDate":"2022-09-19"},{"lineNumber":49,"author":{"gitId":"LiuYHYH"},"content":"                    DukeUtils.printText(\"OK, I\u0027ve marked this task as not done yet:\\n \" + \"    \" + t.getStatusDescription());","lastModifiedDate":"2022-09-19"},{"lineNumber":50,"author":{"gitId":"LiuYHYH"},"content":"                    break;","lastModifiedDate":"2022-09-19"},{"lineNumber":51,"author":{"gitId":"LiuYHYH"},"content":"","lastModifiedDate":"2022-09-19"},{"lineNumber":52,"author":{"gitId":"LiuYHYH"},"content":"                case \"todo\":","lastModifiedDate":"2022-09-23"},{"lineNumber":53,"author":{"gitId":"LiuYHYH"},"content":"                    t \u003d new Task(rest);","lastModifiedDate":"2022-09-23"},{"lineNumber":54,"author":{"gitId":"LiuYHYH"},"content":"                    t.setType(\u0027T\u0027);","lastModifiedDate":"2022-09-23"},{"lineNumber":55,"author":{"gitId":"LiuYHYH"},"content":"                    tasks.add(t);","lastModifiedDate":"2022-09-23"},{"lineNumber":56,"author":{"gitId":"LiuYHYH"},"content":"                    int countT \u003d tasks.size();","lastModifiedDate":"2022-09-23"},{"lineNumber":57,"author":{"gitId":"LiuYHYH"},"content":"                    DukeUtils.printAction(t, countT);","lastModifiedDate":"2022-09-23"},{"lineNumber":58,"author":{"gitId":"LiuYHYH"},"content":"                    break;","lastModifiedDate":"2022-09-23"},{"lineNumber":59,"author":{"gitId":"LiuYHYH"},"content":"","lastModifiedDate":"2022-09-23"},{"lineNumber":60,"author":{"gitId":"LiuYHYH"},"content":"                case \"deadline\":","lastModifiedDate":"2022-09-23"},{"lineNumber":61,"author":{"gitId":"LiuYHYH"},"content":"                    t \u003d new Task(rest);","lastModifiedDate":"2022-09-23"},{"lineNumber":62,"author":{"gitId":"LiuYHYH"},"content":"                    t.setType(\u0027D\u0027);","lastModifiedDate":"2022-09-23"},{"lineNumber":63,"author":{"gitId":"LiuYHYH"},"content":"                    tasks.add(t);","lastModifiedDate":"2022-09-23"},{"lineNumber":64,"author":{"gitId":"LiuYHYH"},"content":"                    int countD \u003d tasks.size();","lastModifiedDate":"2022-09-23"},{"lineNumber":65,"author":{"gitId":"LiuYHYH"},"content":"                    DukeUtils.printAction(t ,countD);","lastModifiedDate":"2022-09-23"},{"lineNumber":66,"author":{"gitId":"LiuYHYH"},"content":"                    break;","lastModifiedDate":"2022-09-23"},{"lineNumber":67,"author":{"gitId":"LiuYHYH"},"content":"","lastModifiedDate":"2022-09-23"},{"lineNumber":68,"author":{"gitId":"LiuYHYH"},"content":"                case \"event\":","lastModifiedDate":"2022-09-23"},{"lineNumber":69,"author":{"gitId":"LiuYHYH"},"content":"                    t \u003d new Task(rest);","lastModifiedDate":"2022-09-23"},{"lineNumber":70,"author":{"gitId":"LiuYHYH"},"content":"                    t.setType(\u0027E\u0027);","lastModifiedDate":"2022-09-23"},{"lineNumber":71,"author":{"gitId":"LiuYHYH"},"content":"                    tasks.add(t);","lastModifiedDate":"2022-09-23"},{"lineNumber":72,"author":{"gitId":"LiuYHYH"},"content":"                    int countE \u003d tasks.size();","lastModifiedDate":"2022-09-23"},{"lineNumber":73,"author":{"gitId":"LiuYHYH"},"content":"                    DukeUtils.printAction(t, countE);","lastModifiedDate":"2022-09-23"},{"lineNumber":74,"author":{"gitId":"LiuYHYH"},"content":"                    break;","lastModifiedDate":"2022-09-23"},{"lineNumber":75,"author":{"gitId":"LiuYHYH"},"content":"","lastModifiedDate":"2022-09-23"},{"lineNumber":76,"author":{"gitId":"LiuYHYH"},"content":"                default:","lastModifiedDate":"2022-09-19"},{"lineNumber":77,"author":{"gitId":"LiuYHYH"},"content":"                    tasks.add(new Task(text));","lastModifiedDate":"2022-09-19"},{"lineNumber":78,"author":{"gitId":"LiuYHYH"},"content":"                    DukeUtils.printText(\"added: \" + text);","lastModifiedDate":"2022-09-19"},{"lineNumber":79,"author":{"gitId":"LiuYHYH"},"content":"            }","lastModifiedDate":"2022-09-07"},{"lineNumber":80,"author":{"gitId":"LiuYHYH"},"content":"        }","lastModifiedDate":"2022-09-07"},{"lineNumber":81,"author":{"gitId":"-"},"content":"    }","lastModifiedDate":"2019-07-29"},{"lineNumber":82,"author":{"gitId":"-"},"content":"}","lastModifiedDate":"2019-07-29"}],"authorContributionMap":{"LiuYHYH":73,"-":9}},{"path":"src/main/java/DukeUtils.java","fileType":"java","lines":[{"lineNumber":1,"author":{"gitId":"LiuYHYH"},"content":"import java.util.List;","lastModifiedDate":"2022-09-19"},{"lineNumber":2,"author":{"gitId":"LiuYHYH"},"content":"","lastModifiedDate":"2022-09-19"},{"lineNumber":3,"author":{"gitId":"LiuYHYH"},"content":"public class DukeUtils {","lastModifiedDate":"2022-09-19"},{"lineNumber":4,"author":{"gitId":"LiuYHYH"},"content":"    public static void printText(String text){","lastModifiedDate":"2022-09-19"},{"lineNumber":5,"author":{"gitId":"LiuYHYH"},"content":"        String line \u003d \"---------------------------------------------\";","lastModifiedDate":"2022-09-19"},{"lineNumber":6,"author":{"gitId":"LiuYHYH"},"content":"        String space \u003d \"     \";","lastModifiedDate":"2022-09-19"},{"lineNumber":7,"author":{"gitId":"LiuYHYH"},"content":"        System.out.println(space + line);","lastModifiedDate":"2022-09-19"},{"lineNumber":8,"author":{"gitId":"LiuYHYH"},"content":"        System.out.println(space + text);","lastModifiedDate":"2022-09-19"},{"lineNumber":9,"author":{"gitId":"LiuYHYH"},"content":"        System.out.println(space + line);","lastModifiedDate":"2022-09-19"},{"lineNumber":10,"author":{"gitId":"LiuYHYH"},"content":"    }","lastModifiedDate":"2022-09-19"},{"lineNumber":11,"author":{"gitId":"LiuYHYH"},"content":"    public static void printAction(Task t, int count){","lastModifiedDate":"2022-09-23"},{"lineNumber":12,"author":{"gitId":"LiuYHYH"},"content":"        String line \u003d \"---------------------------------------------\";","lastModifiedDate":"2022-09-23"},{"lineNumber":13,"author":{"gitId":"LiuYHYH"},"content":"        String space \u003d \"     \";","lastModifiedDate":"2022-09-23"},{"lineNumber":14,"author":{"gitId":"LiuYHYH"},"content":"        String taskName \u003d \"todo\";","lastModifiedDate":"2022-09-23"},{"lineNumber":15,"author":{"gitId":"LiuYHYH"},"content":"        String taskDate \u003d \" \";","lastModifiedDate":"2022-09-23"},{"lineNumber":16,"author":{"gitId":"LiuYHYH"},"content":"        String Date1 \u003d \" \";","lastModifiedDate":"2022-09-23"},{"lineNumber":17,"author":{"gitId":"LiuYHYH"},"content":"        String DateRest \u003d \" \";","lastModifiedDate":"2022-09-23"},{"lineNumber":18,"author":{"gitId":"LiuYHYH"},"content":"        String rest \u003d t.getDescription().split(\" \", 2)[1];","lastModifiedDate":"2022-09-23"},{"lineNumber":19,"author":{"gitId":"LiuYHYH"},"content":"        if(t.getType() !\u003d \u0027T\u0027) {","lastModifiedDate":"2022-09-23"},{"lineNumber":20,"author":{"gitId":"LiuYHYH"},"content":"            taskName \u003d rest.split(\"/\", 2)[0];","lastModifiedDate":"2022-09-23"},{"lineNumber":21,"author":{"gitId":"LiuYHYH"},"content":"            taskDate \u003d rest.split(\"/\", 2)[1];","lastModifiedDate":"2022-09-23"},{"lineNumber":22,"author":{"gitId":"LiuYHYH"},"content":"            Date1 \u003d taskDate.split(\" \", 2)[0];","lastModifiedDate":"2022-09-23"},{"lineNumber":23,"author":{"gitId":"LiuYHYH"},"content":"            DateRest \u003d taskDate.split(\" \", 2)[1];","lastModifiedDate":"2022-09-23"},{"lineNumber":24,"author":{"gitId":"LiuYHYH"},"content":"        }","lastModifiedDate":"2022-09-23"},{"lineNumber":25,"author":{"gitId":"LiuYHYH"},"content":"        System.out.println(space + line);","lastModifiedDate":"2022-09-23"},{"lineNumber":26,"author":{"gitId":"LiuYHYH"},"content":"        System.out.println(space + \"Got it. I\u0027ve added this task:\" );","lastModifiedDate":"2022-09-23"},{"lineNumber":27,"author":{"gitId":"LiuYHYH"},"content":"        if(taskName.equals(\"todo\")){","lastModifiedDate":"2022-09-23"},{"lineNumber":28,"author":{"gitId":"LiuYHYH"},"content":"            System.out.println(space + \"  [T]\" + \"[\" + t.getStatusIcon() + \"] \" + rest);","lastModifiedDate":"2022-09-23"},{"lineNumber":29,"author":{"gitId":"LiuYHYH"},"content":"        }","lastModifiedDate":"2022-09-23"},{"lineNumber":30,"author":{"gitId":"LiuYHYH"},"content":"        else{","lastModifiedDate":"2022-09-23"},{"lineNumber":31,"author":{"gitId":"LiuYHYH"},"content":"            System.out.println(space + \"  [\" + t.getType() + \"] \" + \"[\" + t.getStatusIcon() + \"] \" + taskName","lastModifiedDate":"2022-09-23"},{"lineNumber":32,"author":{"gitId":"LiuYHYH"},"content":"                    + \"(\" + Date1 + \":\" + DateRest + \")\");","lastModifiedDate":"2022-09-23"},{"lineNumber":33,"author":{"gitId":"LiuYHYH"},"content":"        }","lastModifiedDate":"2022-09-23"},{"lineNumber":34,"author":{"gitId":"LiuYHYH"},"content":"        System.out.println(space + \"Now you have \" + count + \" tasks in the list.\" );","lastModifiedDate":"2022-09-23"},{"lineNumber":35,"author":{"gitId":"LiuYHYH"},"content":"        System.out.println(space + line);","lastModifiedDate":"2022-09-23"},{"lineNumber":36,"author":{"gitId":"LiuYHYH"},"content":"    }","lastModifiedDate":"2022-09-23"},{"lineNumber":37,"author":{"gitId":"LiuYHYH"},"content":"    public static void printTodo(String taskName, int count){","lastModifiedDate":"2022-09-23"},{"lineNumber":38,"author":{"gitId":"LiuYHYH"},"content":"        String line \u003d \"---------------------------------------------\";","lastModifiedDate":"2022-09-23"},{"lineNumber":39,"author":{"gitId":"LiuYHYH"},"content":"        String space \u003d \"     \";","lastModifiedDate":"2022-09-23"},{"lineNumber":40,"author":{"gitId":"LiuYHYH"},"content":"        System.out.println(space + line);","lastModifiedDate":"2022-09-23"},{"lineNumber":41,"author":{"gitId":"LiuYHYH"},"content":"        System.out.println(space + \"Got it. I\u0027ve added this task:\" );","lastModifiedDate":"2022-09-23"},{"lineNumber":42,"author":{"gitId":"LiuYHYH"},"content":"        System.out.println(space + taskName);","lastModifiedDate":"2022-09-23"},{"lineNumber":43,"author":{"gitId":"LiuYHYH"},"content":"        System.out.println(space + \"Now you have\" + count + \"tasks in the list.\" );","lastModifiedDate":"2022-09-23"},{"lineNumber":44,"author":{"gitId":"LiuYHYH"},"content":"        System.out.println(space + line);","lastModifiedDate":"2022-09-23"},{"lineNumber":45,"author":{"gitId":"LiuYHYH"},"content":"    }","lastModifiedDate":"2022-09-23"},{"lineNumber":46,"author":{"gitId":"LiuYHYH"},"content":"","lastModifiedDate":"2022-09-19"},{"lineNumber":47,"author":{"gitId":"LiuYHYH"},"content":"    public static void printList(List\u003cTask\u003e tasks) {","lastModifiedDate":"2022-09-19"},{"lineNumber":48,"author":{"gitId":"LiuYHYH"},"content":"        String line \u003d \"---------------------------------------------\";","lastModifiedDate":"2022-09-19"},{"lineNumber":49,"author":{"gitId":"LiuYHYH"},"content":"        String space \u003d \"     \";","lastModifiedDate":"2022-09-19"},{"lineNumber":50,"author":{"gitId":"LiuYHYH"},"content":"        System.out.println(space + line);","lastModifiedDate":"2022-09-19"},{"lineNumber":51,"author":{"gitId":"LiuYHYH"},"content":"        System.out.println(space + \"Here are the tasks in your list:\");","lastModifiedDate":"2022-09-19"},{"lineNumber":52,"author":{"gitId":"LiuYHYH"},"content":"        for (Task task : tasks) {","lastModifiedDate":"2022-09-19"},{"lineNumber":53,"author":{"gitId":"LiuYHYH"},"content":"            int index \u003d tasks.indexOf(task) + 1;","lastModifiedDate":"2022-09-19"},{"lineNumber":54,"author":{"gitId":"LiuYHYH"},"content":"            System.out.println(space + index + \". \" + task.getTypeDescription());","lastModifiedDate":"2022-09-23"},{"lineNumber":55,"author":{"gitId":"LiuYHYH"},"content":"        }","lastModifiedDate":"2022-09-19"},{"lineNumber":56,"author":{"gitId":"LiuYHYH"},"content":"        System.out.println(space + line);","lastModifiedDate":"2022-09-19"},{"lineNumber":57,"author":{"gitId":"LiuYHYH"},"content":"    }","lastModifiedDate":"2022-09-19"},{"lineNumber":58,"author":{"gitId":"LiuYHYH"},"content":"}","lastModifiedDate":"2022-09-19"}],"authorContributionMap":{"LiuYHYH":58}},{"path":"src/main/java/Task.java","fileType":"java","lines":[{"lineNumber":1,"author":{"gitId":"LiuYHYH"},"content":"public class Task {","lastModifiedDate":"2022-09-19"},{"lineNumber":2,"author":{"gitId":"LiuYHYH"},"content":"    protected static String description;","lastModifiedDate":"2022-09-23"},{"lineNumber":3,"author":{"gitId":"LiuYHYH"},"content":"    protected static boolean isDone;","lastModifiedDate":"2022-09-23"},{"lineNumber":4,"author":{"gitId":"LiuYHYH"},"content":"    protected static char type;","lastModifiedDate":"2022-09-23"},{"lineNumber":5,"author":{"gitId":"LiuYHYH"},"content":"","lastModifiedDate":"2022-09-19"},{"lineNumber":6,"author":{"gitId":"LiuYHYH"},"content":"    public Task(String description) {","lastModifiedDate":"2022-09-19"},{"lineNumber":7,"author":{"gitId":"LiuYHYH"},"content":"        this.description \u003d description;","lastModifiedDate":"2022-09-19"},{"lineNumber":8,"author":{"gitId":"LiuYHYH"},"content":"        this.isDone \u003d false;","lastModifiedDate":"2022-09-19"},{"lineNumber":9,"author":{"gitId":"LiuYHYH"},"content":"    }","lastModifiedDate":"2022-09-19"},{"lineNumber":10,"author":{"gitId":"LiuYHYH"},"content":"    public String getDescription() {","lastModifiedDate":"2022-09-19"},{"lineNumber":11,"author":{"gitId":"LiuYHYH"},"content":"        return description;","lastModifiedDate":"2022-09-19"},{"lineNumber":12,"author":{"gitId":"LiuYHYH"},"content":"    }","lastModifiedDate":"2022-09-19"},{"lineNumber":13,"author":{"gitId":"LiuYHYH"},"content":"    public static String getStatusIcon() {","lastModifiedDate":"2022-09-23"},{"lineNumber":14,"author":{"gitId":"LiuYHYH"},"content":"        return (isDone ? \"X\" : \" \"); // mark done task with X","lastModifiedDate":"2022-09-19"},{"lineNumber":15,"author":{"gitId":"LiuYHYH"},"content":"    }","lastModifiedDate":"2022-09-19"},{"lineNumber":16,"author":{"gitId":"LiuYHYH"},"content":"    public void updateMark(boolean done) {","lastModifiedDate":"2022-09-19"},{"lineNumber":17,"author":{"gitId":"LiuYHYH"},"content":"        this.isDone \u003d done;","lastModifiedDate":"2022-09-19"},{"lineNumber":18,"author":{"gitId":"LiuYHYH"},"content":"    }","lastModifiedDate":"2022-09-19"},{"lineNumber":19,"author":{"gitId":"LiuYHYH"},"content":"    public String getStatusDescription() {","lastModifiedDate":"2022-09-19"},{"lineNumber":20,"author":{"gitId":"LiuYHYH"},"content":"        return \"[\" + getStatusIcon() + \"] \" + description;","lastModifiedDate":"2022-09-19"},{"lineNumber":21,"author":{"gitId":"LiuYHYH"},"content":"    }","lastModifiedDate":"2022-09-19"},{"lineNumber":22,"author":{"gitId":"LiuYHYH"},"content":"    public void setType(char t){","lastModifiedDate":"2022-09-23"},{"lineNumber":23,"author":{"gitId":"LiuYHYH"},"content":"        this.type \u003d t;","lastModifiedDate":"2022-09-23"},{"lineNumber":24,"author":{"gitId":"LiuYHYH"},"content":"    }","lastModifiedDate":"2022-09-23"},{"lineNumber":25,"author":{"gitId":"LiuYHYH"},"content":"    public static char getType() {","lastModifiedDate":"2022-09-23"},{"lineNumber":26,"author":{"gitId":"LiuYHYH"},"content":"        return type;","lastModifiedDate":"2022-09-23"},{"lineNumber":27,"author":{"gitId":"LiuYHYH"},"content":"    }","lastModifiedDate":"2022-09-23"},{"lineNumber":28,"author":{"gitId":"LiuYHYH"},"content":"    public static String getTypeDescription(){","lastModifiedDate":"2022-09-23"},{"lineNumber":29,"author":{"gitId":"LiuYHYH"},"content":"        return \"[\" + type + \"] \" + \"[\" + getStatusIcon() + \"] \" + description;","lastModifiedDate":"2022-09-23"},{"lineNumber":30,"author":{"gitId":"LiuYHYH"},"content":"    }","lastModifiedDate":"2022-09-23"},{"lineNumber":31,"author":{"gitId":"LiuYHYH"},"content":"}","lastModifiedDate":"2022-09-19"}],"authorContributionMap":{"LiuYHYH":31}}]
