[{"path":"build.gradle","fileType":"gradle","lines":[{"lineNumber":1,"author":{"gitId":"LiuYHYH"},"content":"plugins {","lastModifiedDate":"2022-11-11"},{"lineNumber":2,"author":{"gitId":"LiuYHYH"},"content":"    id \u0027java\u0027","lastModifiedDate":"2022-11-11"},{"lineNumber":3,"author":{"gitId":"LiuYHYH"},"content":"    id \u0027application\u0027","lastModifiedDate":"2022-11-11"},{"lineNumber":4,"author":{"gitId":"LiuYHYH"},"content":"}","lastModifiedDate":"2022-11-11"},{"lineNumber":5,"author":{"gitId":"LiuYHYH"},"content":"","lastModifiedDate":"2022-11-11"},{"lineNumber":6,"author":{"gitId":"LiuYHYH"},"content":"repositories {","lastModifiedDate":"2022-11-11"},{"lineNumber":7,"author":{"gitId":"LiuYHYH"},"content":"    mavenCentral()","lastModifiedDate":"2022-11-11"},{"lineNumber":8,"author":{"gitId":"LiuYHYH"},"content":"}","lastModifiedDate":"2022-11-11"},{"lineNumber":9,"author":{"gitId":"LiuYHYH"},"content":"","lastModifiedDate":"2022-11-11"},{"lineNumber":10,"author":{"gitId":"LiuYHYH"},"content":"dependencies {","lastModifiedDate":"2022-11-11"},{"lineNumber":11,"author":{"gitId":"LiuYHYH"},"content":"    testImplementation group: \u0027org.junit.jupiter\u0027, name: \u0027junit-jupiter-api\u0027, version: \u00275.5.0\u0027","lastModifiedDate":"2022-11-11"},{"lineNumber":12,"author":{"gitId":"LiuYHYH"},"content":"    testRuntimeOnly group: \u0027org.junit.jupiter\u0027, name: \u0027junit-jupiter-engine\u0027, version: \u00275.5.0\u0027","lastModifiedDate":"2022-11-11"},{"lineNumber":13,"author":{"gitId":"LiuYHYH"},"content":"    implementation group: \u0027org.apache.commons\u0027, name: \u0027commons-lang3\u0027, version: \u00273.12.0\u0027","lastModifiedDate":"2022-11-11"},{"lineNumber":14,"author":{"gitId":"LiuYHYH"},"content":"    implementation group: \u0027commons-io\u0027, name: \u0027commons-io\u0027, version: \u00272.11.0\u0027","lastModifiedDate":"2022-11-11"},{"lineNumber":15,"author":{"gitId":"LiuYHYH"},"content":"}","lastModifiedDate":"2022-11-11"},{"lineNumber":16,"author":{"gitId":"LiuYHYH"},"content":"","lastModifiedDate":"2022-11-11"},{"lineNumber":17,"author":{"gitId":"LiuYHYH"},"content":"test {","lastModifiedDate":"2022-11-11"},{"lineNumber":18,"author":{"gitId":"LiuYHYH"},"content":"    useJUnitPlatform()","lastModifiedDate":"2022-11-11"},{"lineNumber":19,"author":{"gitId":"LiuYHYH"},"content":"","lastModifiedDate":"2022-11-11"},{"lineNumber":20,"author":{"gitId":"LiuYHYH"},"content":"}","lastModifiedDate":"2022-11-11"},{"lineNumber":21,"author":{"gitId":"LiuYHYH"},"content":"","lastModifiedDate":"2022-11-11"}],"authorContributionMap":{"LiuYHYH":21}},{"path":"gradlew.bat","fileType":"bat","lines":[{"lineNumber":1,"author":{"gitId":"LiuYHYH"},"content":"@rem","lastModifiedDate":"2022-11-11"},{"lineNumber":2,"author":{"gitId":"LiuYHYH"},"content":"@rem Copyright 2015 the original author or authors.","lastModifiedDate":"2022-11-11"},{"lineNumber":3,"author":{"gitId":"LiuYHYH"},"content":"@rem","lastModifiedDate":"2022-11-11"},{"lineNumber":4,"author":{"gitId":"LiuYHYH"},"content":"@rem Licensed under the Apache License, Version 2.0 (the \"License\");","lastModifiedDate":"2022-11-11"},{"lineNumber":5,"author":{"gitId":"LiuYHYH"},"content":"@rem you may not use this file except in compliance with the License.","lastModifiedDate":"2022-11-11"},{"lineNumber":6,"author":{"gitId":"LiuYHYH"},"content":"@rem You may obtain a copy of the License at","lastModifiedDate":"2022-11-11"},{"lineNumber":7,"author":{"gitId":"LiuYHYH"},"content":"@rem","lastModifiedDate":"2022-11-11"},{"lineNumber":8,"author":{"gitId":"LiuYHYH"},"content":"@rem      https://www.apache.org/licenses/LICENSE-2.0","lastModifiedDate":"2022-11-11"},{"lineNumber":9,"author":{"gitId":"LiuYHYH"},"content":"@rem","lastModifiedDate":"2022-11-11"},{"lineNumber":10,"author":{"gitId":"LiuYHYH"},"content":"@rem Unless required by applicable law or agreed to in writing, software","lastModifiedDate":"2022-11-11"},{"lineNumber":11,"author":{"gitId":"LiuYHYH"},"content":"@rem distributed under the License is distributed on an \"AS IS\" BASIS,","lastModifiedDate":"2022-11-11"},{"lineNumber":12,"author":{"gitId":"LiuYHYH"},"content":"@rem WITHOUT WARRANTIES OR CONDITIONS OF ANY KIND, either express or implied.","lastModifiedDate":"2022-11-11"},{"lineNumber":13,"author":{"gitId":"LiuYHYH"},"content":"@rem See the License for the specific language governing permissions and","lastModifiedDate":"2022-11-11"},{"lineNumber":14,"author":{"gitId":"LiuYHYH"},"content":"@rem limitations under the License.","lastModifiedDate":"2022-11-11"},{"lineNumber":15,"author":{"gitId":"LiuYHYH"},"content":"@rem","lastModifiedDate":"2022-11-11"},{"lineNumber":16,"author":{"gitId":"LiuYHYH"},"content":"","lastModifiedDate":"2022-11-11"},{"lineNumber":17,"author":{"gitId":"LiuYHYH"},"content":"@if \"%DEBUG%\" \u003d\u003d \"\" @echo off","lastModifiedDate":"2022-11-11"},{"lineNumber":18,"author":{"gitId":"LiuYHYH"},"content":"@rem ##########################################################################","lastModifiedDate":"2022-11-11"},{"lineNumber":19,"author":{"gitId":"LiuYHYH"},"content":"@rem","lastModifiedDate":"2022-11-11"},{"lineNumber":20,"author":{"gitId":"LiuYHYH"},"content":"@rem  Gradle startup script for Windows","lastModifiedDate":"2022-11-11"},{"lineNumber":21,"author":{"gitId":"LiuYHYH"},"content":"@rem","lastModifiedDate":"2022-11-11"},{"lineNumber":22,"author":{"gitId":"LiuYHYH"},"content":"@rem ##########################################################################","lastModifiedDate":"2022-11-11"},{"lineNumber":23,"author":{"gitId":"LiuYHYH"},"content":"","lastModifiedDate":"2022-11-11"},{"lineNumber":24,"author":{"gitId":"LiuYHYH"},"content":"@rem Set local scope for the variables with windows NT shell","lastModifiedDate":"2022-11-11"},{"lineNumber":25,"author":{"gitId":"LiuYHYH"},"content":"if \"%OS%\"\u003d\u003d\"Windows_NT\" setlocal","lastModifiedDate":"2022-11-11"},{"lineNumber":26,"author":{"gitId":"LiuYHYH"},"content":"","lastModifiedDate":"2022-11-11"},{"lineNumber":27,"author":{"gitId":"LiuYHYH"},"content":"set DIRNAME\u003d%~dp0","lastModifiedDate":"2022-11-11"},{"lineNumber":28,"author":{"gitId":"LiuYHYH"},"content":"if \"%DIRNAME%\" \u003d\u003d \"\" set DIRNAME\u003d.","lastModifiedDate":"2022-11-11"},{"lineNumber":29,"author":{"gitId":"LiuYHYH"},"content":"set APP_BASE_NAME\u003d%~n0","lastModifiedDate":"2022-11-11"},{"lineNumber":30,"author":{"gitId":"LiuYHYH"},"content":"set APP_HOME\u003d%DIRNAME%","lastModifiedDate":"2022-11-11"},{"lineNumber":31,"author":{"gitId":"LiuYHYH"},"content":"","lastModifiedDate":"2022-11-11"},{"lineNumber":32,"author":{"gitId":"LiuYHYH"},"content":"@rem Resolve any \".\" and \"..\" in APP_HOME to make it shorter.","lastModifiedDate":"2022-11-11"},{"lineNumber":33,"author":{"gitId":"LiuYHYH"},"content":"for %%i in (\"%APP_HOME%\") do set APP_HOME\u003d%%~fi","lastModifiedDate":"2022-11-11"},{"lineNumber":34,"author":{"gitId":"LiuYHYH"},"content":"","lastModifiedDate":"2022-11-11"},{"lineNumber":35,"author":{"gitId":"LiuYHYH"},"content":"@rem Add default JVM options here. You can also use JAVA_OPTS and GRADLE_OPTS to pass JVM options to this script.","lastModifiedDate":"2022-11-11"},{"lineNumber":36,"author":{"gitId":"LiuYHYH"},"content":"set DEFAULT_JVM_OPTS\u003d\"-Xmx64m\" \"-Xms64m\"","lastModifiedDate":"2022-11-11"},{"lineNumber":37,"author":{"gitId":"LiuYHYH"},"content":"","lastModifiedDate":"2022-11-11"},{"lineNumber":38,"author":{"gitId":"LiuYHYH"},"content":"@rem Find java.exe","lastModifiedDate":"2022-11-11"},{"lineNumber":39,"author":{"gitId":"LiuYHYH"},"content":"if defined JAVA_HOME goto findJavaFromJavaHome","lastModifiedDate":"2022-11-11"},{"lineNumber":40,"author":{"gitId":"LiuYHYH"},"content":"","lastModifiedDate":"2022-11-11"},{"lineNumber":41,"author":{"gitId":"LiuYHYH"},"content":"set JAVA_EXE\u003djava.exe","lastModifiedDate":"2022-11-11"},{"lineNumber":42,"author":{"gitId":"LiuYHYH"},"content":"%JAVA_EXE% -version \u003eNUL 2\u003e\u00261","lastModifiedDate":"2022-11-11"},{"lineNumber":43,"author":{"gitId":"LiuYHYH"},"content":"if \"%ERRORLEVEL%\" \u003d\u003d \"0\" goto init","lastModifiedDate":"2022-11-11"},{"lineNumber":44,"author":{"gitId":"LiuYHYH"},"content":"","lastModifiedDate":"2022-11-11"},{"lineNumber":45,"author":{"gitId":"LiuYHYH"},"content":"echo.","lastModifiedDate":"2022-11-11"},{"lineNumber":46,"author":{"gitId":"LiuYHYH"},"content":"echo ERROR: JAVA_HOME is not set and no \u0027java\u0027 command could be found in your PATH.","lastModifiedDate":"2022-11-11"},{"lineNumber":47,"author":{"gitId":"LiuYHYH"},"content":"echo.","lastModifiedDate":"2022-11-11"},{"lineNumber":48,"author":{"gitId":"LiuYHYH"},"content":"echo Please set the JAVA_HOME variable in your environment to match the","lastModifiedDate":"2022-11-11"},{"lineNumber":49,"author":{"gitId":"LiuYHYH"},"content":"echo location of your Java installation.","lastModifiedDate":"2022-11-11"},{"lineNumber":50,"author":{"gitId":"LiuYHYH"},"content":"","lastModifiedDate":"2022-11-11"},{"lineNumber":51,"author":{"gitId":"LiuYHYH"},"content":"goto fail","lastModifiedDate":"2022-11-11"},{"lineNumber":52,"author":{"gitId":"LiuYHYH"},"content":"","lastModifiedDate":"2022-11-11"},{"lineNumber":53,"author":{"gitId":"LiuYHYH"},"content":":findJavaFromJavaHome","lastModifiedDate":"2022-11-11"},{"lineNumber":54,"author":{"gitId":"LiuYHYH"},"content":"set JAVA_HOME\u003d%JAVA_HOME:\"\u003d%","lastModifiedDate":"2022-11-11"},{"lineNumber":55,"author":{"gitId":"LiuYHYH"},"content":"set JAVA_EXE\u003d%JAVA_HOME%/bin/java.exe","lastModifiedDate":"2022-11-11"},{"lineNumber":56,"author":{"gitId":"LiuYHYH"},"content":"","lastModifiedDate":"2022-11-11"},{"lineNumber":57,"author":{"gitId":"LiuYHYH"},"content":"if exist \"%JAVA_EXE%\" goto init","lastModifiedDate":"2022-11-11"},{"lineNumber":58,"author":{"gitId":"LiuYHYH"},"content":"","lastModifiedDate":"2022-11-11"},{"lineNumber":59,"author":{"gitId":"LiuYHYH"},"content":"echo.","lastModifiedDate":"2022-11-11"},{"lineNumber":60,"author":{"gitId":"LiuYHYH"},"content":"echo ERROR: JAVA_HOME is set to an invalid directory: %JAVA_HOME%","lastModifiedDate":"2022-11-11"},{"lineNumber":61,"author":{"gitId":"LiuYHYH"},"content":"echo.","lastModifiedDate":"2022-11-11"},{"lineNumber":62,"author":{"gitId":"LiuYHYH"},"content":"echo Please set the JAVA_HOME variable in your environment to match the","lastModifiedDate":"2022-11-11"},{"lineNumber":63,"author":{"gitId":"LiuYHYH"},"content":"echo location of your Java installation.","lastModifiedDate":"2022-11-11"},{"lineNumber":64,"author":{"gitId":"LiuYHYH"},"content":"","lastModifiedDate":"2022-11-11"},{"lineNumber":65,"author":{"gitId":"LiuYHYH"},"content":"goto fail","lastModifiedDate":"2022-11-11"},{"lineNumber":66,"author":{"gitId":"LiuYHYH"},"content":"","lastModifiedDate":"2022-11-11"},{"lineNumber":67,"author":{"gitId":"LiuYHYH"},"content":":init","lastModifiedDate":"2022-11-11"},{"lineNumber":68,"author":{"gitId":"LiuYHYH"},"content":"@rem Get command-line arguments, handling Windows variants","lastModifiedDate":"2022-11-11"},{"lineNumber":69,"author":{"gitId":"LiuYHYH"},"content":"","lastModifiedDate":"2022-11-11"},{"lineNumber":70,"author":{"gitId":"LiuYHYH"},"content":"if not \"%OS%\" \u003d\u003d \"Windows_NT\" goto win9xME_args","lastModifiedDate":"2022-11-11"},{"lineNumber":71,"author":{"gitId":"LiuYHYH"},"content":"","lastModifiedDate":"2022-11-11"},{"lineNumber":72,"author":{"gitId":"LiuYHYH"},"content":":win9xME_args","lastModifiedDate":"2022-11-11"},{"lineNumber":73,"author":{"gitId":"LiuYHYH"},"content":"@rem Slurp the command line arguments.","lastModifiedDate":"2022-11-11"},{"lineNumber":74,"author":{"gitId":"LiuYHYH"},"content":"set CMD_LINE_ARGS\u003d","lastModifiedDate":"2022-11-11"},{"lineNumber":75,"author":{"gitId":"LiuYHYH"},"content":"set _SKIP\u003d2","lastModifiedDate":"2022-11-11"},{"lineNumber":76,"author":{"gitId":"LiuYHYH"},"content":"","lastModifiedDate":"2022-11-11"},{"lineNumber":77,"author":{"gitId":"LiuYHYH"},"content":":win9xME_args_slurp","lastModifiedDate":"2022-11-11"},{"lineNumber":78,"author":{"gitId":"LiuYHYH"},"content":"if \"x%~1\" \u003d\u003d \"x\" goto execute","lastModifiedDate":"2022-11-11"},{"lineNumber":79,"author":{"gitId":"LiuYHYH"},"content":"","lastModifiedDate":"2022-11-11"},{"lineNumber":80,"author":{"gitId":"LiuYHYH"},"content":"set CMD_LINE_ARGS\u003d%*","lastModifiedDate":"2022-11-11"},{"lineNumber":81,"author":{"gitId":"LiuYHYH"},"content":"","lastModifiedDate":"2022-11-11"},{"lineNumber":82,"author":{"gitId":"LiuYHYH"},"content":":execute","lastModifiedDate":"2022-11-11"},{"lineNumber":83,"author":{"gitId":"LiuYHYH"},"content":"@rem Setup the command line","lastModifiedDate":"2022-11-11"},{"lineNumber":84,"author":{"gitId":"LiuYHYH"},"content":"","lastModifiedDate":"2022-11-11"},{"lineNumber":85,"author":{"gitId":"LiuYHYH"},"content":"set CLASSPATH\u003d%APP_HOME%\\gradle\\wrapper\\gradle-wrapper.jar","lastModifiedDate":"2022-11-11"},{"lineNumber":86,"author":{"gitId":"LiuYHYH"},"content":"","lastModifiedDate":"2022-11-11"},{"lineNumber":87,"author":{"gitId":"LiuYHYH"},"content":"@rem Execute Gradle","lastModifiedDate":"2022-11-11"},{"lineNumber":88,"author":{"gitId":"LiuYHYH"},"content":"\"%JAVA_EXE%\" %DEFAULT_JVM_OPTS% %JAVA_OPTS% %GRADLE_OPTS% \"-Dorg.gradle.appname\u003d%APP_BASE_NAME%\" -classpath \"%CLASSPATH%\" org.gradle.wrapper.GradleWrapperMain %CMD_LINE_ARGS%","lastModifiedDate":"2022-11-11"},{"lineNumber":89,"author":{"gitId":"LiuYHYH"},"content":"","lastModifiedDate":"2022-11-11"},{"lineNumber":90,"author":{"gitId":"LiuYHYH"},"content":":end","lastModifiedDate":"2022-11-11"},{"lineNumber":91,"author":{"gitId":"LiuYHYH"},"content":"@rem End local scope for the variables with windows NT shell","lastModifiedDate":"2022-11-11"},{"lineNumber":92,"author":{"gitId":"LiuYHYH"},"content":"if \"%ERRORLEVEL%\"\u003d\u003d\"0\" goto mainEnd","lastModifiedDate":"2022-11-11"},{"lineNumber":93,"author":{"gitId":"LiuYHYH"},"content":"","lastModifiedDate":"2022-11-11"},{"lineNumber":94,"author":{"gitId":"LiuYHYH"},"content":":fail","lastModifiedDate":"2022-11-11"},{"lineNumber":95,"author":{"gitId":"LiuYHYH"},"content":"rem Set variable GRADLE_EXIT_CONSOLE if you need the _script_ return code instead of","lastModifiedDate":"2022-11-11"},{"lineNumber":96,"author":{"gitId":"LiuYHYH"},"content":"rem the _cmd.exe /c_ return code!","lastModifiedDate":"2022-11-11"},{"lineNumber":97,"author":{"gitId":"LiuYHYH"},"content":"if  not \"\" \u003d\u003d \"%GRADLE_EXIT_CONSOLE%\" exit 1","lastModifiedDate":"2022-11-11"},{"lineNumber":98,"author":{"gitId":"LiuYHYH"},"content":"exit /b 1","lastModifiedDate":"2022-11-11"},{"lineNumber":99,"author":{"gitId":"LiuYHYH"},"content":"","lastModifiedDate":"2022-11-11"},{"lineNumber":100,"author":{"gitId":"LiuYHYH"},"content":":mainEnd","lastModifiedDate":"2022-11-11"},{"lineNumber":101,"author":{"gitId":"LiuYHYH"},"content":"if \"%OS%\"\u003d\u003d\"Windows_NT\" endlocal","lastModifiedDate":"2022-11-11"},{"lineNumber":102,"author":{"gitId":"LiuYHYH"},"content":"","lastModifiedDate":"2022-11-11"},{"lineNumber":103,"author":{"gitId":"LiuYHYH"},"content":":omega","lastModifiedDate":"2022-11-11"}],"authorContributionMap":{"LiuYHYH":103}},{"path":"src/main/java/Duke.java","fileType":"java","lines":[{"lineNumber":1,"author":{"gitId":"LiuYHYH"},"content":"import java.io.FileNotFoundException;","lastModifiedDate":"2022-11-11"},{"lineNumber":2,"author":{"gitId":"LiuYHYH"},"content":"import java.util.ArrayList;","lastModifiedDate":"2022-09-07"},{"lineNumber":3,"author":{"gitId":"LiuYHYH"},"content":"import java.util.List;","lastModifiedDate":"2022-09-07"},{"lineNumber":4,"author":{"gitId":"LiuYHYH"},"content":"import java.util.Scanner;","lastModifiedDate":"2022-09-07"},{"lineNumber":5,"author":{"gitId":"LiuYHYH"},"content":"import command.*;","lastModifiedDate":"2022-11-11"},{"lineNumber":6,"author":{"gitId":"LiuYHYH"},"content":"import entities.Storage;","lastModifiedDate":"2022-11-11"},{"lineNumber":7,"author":{"gitId":"LiuYHYH"},"content":"import entities.Task;","lastModifiedDate":"2022-11-03"},{"lineNumber":8,"author":{"gitId":"LiuYHYH"},"content":"import entities.TaskList;","lastModifiedDate":"2022-11-11"},{"lineNumber":9,"author":{"gitId":"LiuYHYH"},"content":"import exception.DukeException;","lastModifiedDate":"2022-11-04"},{"lineNumber":10,"author":{"gitId":"LiuYHYH"},"content":"import parser.Parser;","lastModifiedDate":"2022-11-11"},{"lineNumber":11,"author":{"gitId":"LiuYHYH"},"content":"import ui.Ui;","lastModifiedDate":"2022-11-11"},{"lineNumber":12,"author":{"gitId":"LiuYHYH"},"content":"import utils.DukeUtils;","lastModifiedDate":"2022-11-04"},{"lineNumber":13,"author":{"gitId":"LiuYHYH"},"content":"","lastModifiedDate":"2022-11-04"},{"lineNumber":14,"author":{"gitId":"LiuYHYH"},"content":"import static command.Command.*;","lastModifiedDate":"2022-11-11"},{"lineNumber":15,"author":{"gitId":"LiuYHYH"},"content":"","lastModifiedDate":"2022-09-19"},{"lineNumber":16,"author":{"gitId":"-"},"content":"public class Duke {","lastModifiedDate":"2019-07-29"},{"lineNumber":17,"author":{"gitId":"LiuYHYH"},"content":"","lastModifiedDate":"2022-11-04"},{"lineNumber":18,"author":{"gitId":"LiuYHYH"},"content":"    private static final Scanner s \u003d new Scanner(System.in);","lastModifiedDate":"2022-11-04"},{"lineNumber":19,"author":{"gitId":"LiuYHYH"},"content":"    private Storage storage;","lastModifiedDate":"2022-11-11"},{"lineNumber":20,"author":{"gitId":"LiuYHYH"},"content":"    private TaskList taskList;","lastModifiedDate":"2022-11-11"},{"lineNumber":21,"author":{"gitId":"LiuYHYH"},"content":"    private Ui ui;","lastModifiedDate":"2022-11-11"},{"lineNumber":22,"author":{"gitId":"LiuYHYH"},"content":"","lastModifiedDate":"2022-11-04"},{"lineNumber":23,"author":{"gitId":"LiuYHYH"},"content":"    public Duke(String filePath) {","lastModifiedDate":"2022-11-11"},{"lineNumber":24,"author":{"gitId":"LiuYHYH"},"content":"        ui \u003d new Ui();","lastModifiedDate":"2022-11-11"},{"lineNumber":25,"author":{"gitId":"LiuYHYH"},"content":"        storage \u003d new Storage(filePath);","lastModifiedDate":"2022-11-11"},{"lineNumber":26,"author":{"gitId":"LiuYHYH"},"content":"        try {","lastModifiedDate":"2022-11-11"},{"lineNumber":27,"author":{"gitId":"LiuYHYH"},"content":"            taskList \u003d new TaskList(storage.load());","lastModifiedDate":"2022-11-11"},{"lineNumber":28,"author":{"gitId":"LiuYHYH"},"content":"        } catch (DukeException | FileNotFoundException e) {","lastModifiedDate":"2022-11-11"},{"lineNumber":29,"author":{"gitId":"LiuYHYH"},"content":"            ui.showLoadingError();","lastModifiedDate":"2022-11-11"},{"lineNumber":30,"author":{"gitId":"LiuYHYH"},"content":"            taskList \u003d new TaskList();","lastModifiedDate":"2022-11-11"},{"lineNumber":31,"author":{"gitId":"LiuYHYH"},"content":"        }","lastModifiedDate":"2022-11-11"},{"lineNumber":32,"author":{"gitId":"LiuYHYH"},"content":"    }","lastModifiedDate":"2022-11-11"},{"lineNumber":33,"author":{"gitId":"LiuYHYH"},"content":"    public void run() {","lastModifiedDate":"2022-11-11"},{"lineNumber":34,"author":{"gitId":"LiuYHYH"},"content":"        ui.showWelcome();","lastModifiedDate":"2022-11-11"},{"lineNumber":35,"author":{"gitId":"LiuYHYH"},"content":"        while (true) {","lastModifiedDate":"2022-11-04"},{"lineNumber":36,"author":{"gitId":"LiuYHYH"},"content":"            try {","lastModifiedDate":"2022-11-03"},{"lineNumber":37,"author":{"gitId":"LiuYHYH"},"content":"                String fullCommand \u003d ui.readCommand();","lastModifiedDate":"2022-11-11"},{"lineNumber":38,"author":{"gitId":"LiuYHYH"},"content":"                ui.showLine(); // show the divider line (\"_______\")","lastModifiedDate":"2022-11-11"},{"lineNumber":39,"author":{"gitId":"LiuYHYH"},"content":"                Parser.parser(fullCommand);","lastModifiedDate":"2022-11-11"},{"lineNumber":40,"author":{"gitId":"LiuYHYH"},"content":"","lastModifiedDate":"2022-11-11"},{"lineNumber":41,"author":{"gitId":"LiuYHYH"},"content":"            } catch (DukeException e) {","lastModifiedDate":"2022-11-03"},{"lineNumber":42,"author":{"gitId":"LiuYHYH"},"content":"                ui.showError(e.getMessage());","lastModifiedDate":"2022-11-11"},{"lineNumber":43,"author":{"gitId":"LiuYHYH"},"content":"            } finally {","lastModifiedDate":"2022-11-11"},{"lineNumber":44,"author":{"gitId":"LiuYHYH"},"content":"                ui.showLine();","lastModifiedDate":"2022-11-11"},{"lineNumber":45,"author":{"gitId":"LiuYHYH"},"content":"            }","lastModifiedDate":"2022-11-03"},{"lineNumber":46,"author":{"gitId":"LiuYHYH"},"content":"        }","lastModifiedDate":"2022-09-07"},{"lineNumber":47,"author":{"gitId":"LiuYHYH"},"content":"    }","lastModifiedDate":"2022-09-07"},{"lineNumber":48,"author":{"gitId":"-"},"content":"    public static void main(String[] args) {","lastModifiedDate":"2022-11-11"},{"lineNumber":49,"author":{"gitId":"LiuYHYH"},"content":"        new Duke(\"data/duke.txt\").run();","lastModifiedDate":"2022-11-11"},{"lineNumber":50,"author":{"gitId":"-"},"content":"    }","lastModifiedDate":"2019-07-29"},{"lineNumber":51,"author":{"gitId":"-"},"content":"}","lastModifiedDate":"2019-07-29"}],"authorContributionMap":{"LiuYHYH":47,"-":4}},{"path":"src/main/java/command/Command.java","fileType":"java","lines":[{"lineNumber":1,"author":{"gitId":"LiuYHYH"},"content":"package command;","lastModifiedDate":"2022-11-04"},{"lineNumber":2,"author":{"gitId":"LiuYHYH"},"content":"","lastModifiedDate":"2022-11-04"},{"lineNumber":3,"author":{"gitId":"LiuYHYH"},"content":"import entities.*;","lastModifiedDate":"2022-11-11"},{"lineNumber":4,"author":{"gitId":"LiuYHYH"},"content":"import ui.Ui;","lastModifiedDate":"2022-11-11"},{"lineNumber":5,"author":{"gitId":"LiuYHYH"},"content":"import utils.DukeUtils;","lastModifiedDate":"2022-11-04"},{"lineNumber":6,"author":{"gitId":"LiuYHYH"},"content":"import java.util.ArrayList;","lastModifiedDate":"2022-11-11"},{"lineNumber":7,"author":{"gitId":"LiuYHYH"},"content":"import java.util.List;","lastModifiedDate":"2022-11-04"},{"lineNumber":8,"author":{"gitId":"LiuYHYH"},"content":"","lastModifiedDate":"2022-11-04"},{"lineNumber":9,"author":{"gitId":"LiuYHYH"},"content":"public class Command {","lastModifiedDate":"2022-11-11"},{"lineNumber":10,"author":{"gitId":"LiuYHYH"},"content":"    public static void createDeadline(String text, List\u003cTask\u003e tasks) {","lastModifiedDate":"2022-11-04"},{"lineNumber":11,"author":{"gitId":"LiuYHYH"},"content":"        String dateD \u003d DukeUtils.getDate(text);","lastModifiedDate":"2022-11-04"},{"lineNumber":12,"author":{"gitId":"LiuYHYH"},"content":"        Deadline deadline \u003d new Deadline(DukeUtils.getBody(text), dateD);","lastModifiedDate":"2022-11-04"},{"lineNumber":13,"author":{"gitId":"LiuYHYH"},"content":"        tasks.add(deadline);","lastModifiedDate":"2022-11-04"},{"lineNumber":14,"author":{"gitId":"LiuYHYH"},"content":"        int countD \u003d tasks.size();","lastModifiedDate":"2022-11-04"},{"lineNumber":15,"author":{"gitId":"LiuYHYH"},"content":"        DukeUtils.printAction(deadline, countD);","lastModifiedDate":"2022-11-04"},{"lineNumber":16,"author":{"gitId":"LiuYHYH"},"content":"        Storage.save(tasks);","lastModifiedDate":"2022-11-11"},{"lineNumber":17,"author":{"gitId":"LiuYHYH"},"content":"    }","lastModifiedDate":"2022-11-04"},{"lineNumber":18,"author":{"gitId":"LiuYHYH"},"content":"    public static void createTodo(String text, List\u003cTask\u003e tasks){","lastModifiedDate":"2022-11-04"},{"lineNumber":19,"author":{"gitId":"LiuYHYH"},"content":"        Todo todo \u003d new Todo(text);","lastModifiedDate":"2022-11-04"},{"lineNumber":20,"author":{"gitId":"LiuYHYH"},"content":"        tasks.add(todo);","lastModifiedDate":"2022-11-04"},{"lineNumber":21,"author":{"gitId":"LiuYHYH"},"content":"        int countT \u003d tasks.size();","lastModifiedDate":"2022-11-04"},{"lineNumber":22,"author":{"gitId":"LiuYHYH"},"content":"        DukeUtils.printAction(todo, countT);","lastModifiedDate":"2022-11-04"},{"lineNumber":23,"author":{"gitId":"LiuYHYH"},"content":"        Storage.save(tasks);","lastModifiedDate":"2022-11-11"},{"lineNumber":24,"author":{"gitId":"LiuYHYH"},"content":"    }","lastModifiedDate":"2022-11-04"},{"lineNumber":25,"author":{"gitId":"LiuYHYH"},"content":"    public static void createEvent(String text, List\u003cTask\u003e tasks) {","lastModifiedDate":"2022-11-04"},{"lineNumber":26,"author":{"gitId":"LiuYHYH"},"content":"        String dateE \u003d DukeUtils.getDate(text);","lastModifiedDate":"2022-11-04"},{"lineNumber":27,"author":{"gitId":"LiuYHYH"},"content":"        Event event \u003d new Event(DukeUtils.getBody(text), dateE);","lastModifiedDate":"2022-11-04"},{"lineNumber":28,"author":{"gitId":"LiuYHYH"},"content":"        tasks.add(event);","lastModifiedDate":"2022-11-04"},{"lineNumber":29,"author":{"gitId":"LiuYHYH"},"content":"        int countE \u003d tasks.size();","lastModifiedDate":"2022-11-04"},{"lineNumber":30,"author":{"gitId":"LiuYHYH"},"content":"        DukeUtils.printAction(event, countE);","lastModifiedDate":"2022-11-04"},{"lineNumber":31,"author":{"gitId":"LiuYHYH"},"content":"        Storage.save(tasks);","lastModifiedDate":"2022-11-11"},{"lineNumber":32,"author":{"gitId":"LiuYHYH"},"content":"    }","lastModifiedDate":"2022-11-04"},{"lineNumber":33,"author":{"gitId":"LiuYHYH"},"content":"    public static void deleteTask(String text, List\u003cTask\u003e tasks){","lastModifiedDate":"2022-11-04"},{"lineNumber":34,"author":{"gitId":"LiuYHYH"},"content":"        int taskno \u003d Integer.parseInt(text.split(\" \", 2)[1]) - 1;","lastModifiedDate":"2022-11-04"},{"lineNumber":35,"author":{"gitId":"LiuYHYH"},"content":"        int countDel \u003d tasks.size() - 1;","lastModifiedDate":"2022-11-04"},{"lineNumber":36,"author":{"gitId":"LiuYHYH"},"content":"        DukeUtils.printDelete(tasks.get(taskno), countDel);","lastModifiedDate":"2022-11-04"},{"lineNumber":37,"author":{"gitId":"LiuYHYH"},"content":"        tasks.remove(taskno);","lastModifiedDate":"2022-11-04"},{"lineNumber":38,"author":{"gitId":"LiuYHYH"},"content":"        Storage.save(tasks);","lastModifiedDate":"2022-11-11"},{"lineNumber":39,"author":{"gitId":"LiuYHYH"},"content":"    }","lastModifiedDate":"2022-11-04"},{"lineNumber":40,"author":{"gitId":"LiuYHYH"},"content":"","lastModifiedDate":"2022-11-04"},{"lineNumber":41,"author":{"gitId":"LiuYHYH"},"content":"","lastModifiedDate":"2022-11-11"},{"lineNumber":42,"author":{"gitId":"LiuYHYH"},"content":"}","lastModifiedDate":"2022-11-04"}],"authorContributionMap":{"LiuYHYH":42}},{"path":"src/main/java/entities/Deadline.java","fileType":"java","lines":[{"lineNumber":1,"author":{"gitId":"LiuYHYH"},"content":"package entities;","lastModifiedDate":"2022-11-03"},{"lineNumber":2,"author":{"gitId":"LiuYHYH"},"content":"","lastModifiedDate":"2022-11-03"},{"lineNumber":3,"author":{"gitId":"LiuYHYH"},"content":"","lastModifiedDate":"2022-11-03"},{"lineNumber":4,"author":{"gitId":"LiuYHYH"},"content":"public class Deadline extends Task {","lastModifiedDate":"2022-11-03"},{"lineNumber":5,"author":{"gitId":"LiuYHYH"},"content":"","lastModifiedDate":"2022-11-03"},{"lineNumber":6,"author":{"gitId":"LiuYHYH"},"content":"        protected String by;","lastModifiedDate":"2022-11-03"},{"lineNumber":7,"author":{"gitId":"LiuYHYH"},"content":"","lastModifiedDate":"2022-11-03"},{"lineNumber":8,"author":{"gitId":"LiuYHYH"},"content":"        public Deadline(String description, String by) {","lastModifiedDate":"2022-11-03"},{"lineNumber":9,"author":{"gitId":"LiuYHYH"},"content":"            super(description);","lastModifiedDate":"2022-11-03"},{"lineNumber":10,"author":{"gitId":"LiuYHYH"},"content":"            this.by \u003d by;","lastModifiedDate":"2022-11-03"},{"lineNumber":11,"author":{"gitId":"LiuYHYH"},"content":"            this.type \u003d \u0027D\u0027;","lastModifiedDate":"2022-11-11"},{"lineNumber":12,"author":{"gitId":"LiuYHYH"},"content":"        }","lastModifiedDate":"2022-11-03"},{"lineNumber":13,"author":{"gitId":"LiuYHYH"},"content":"","lastModifiedDate":"2022-11-03"},{"lineNumber":14,"author":{"gitId":"LiuYHYH"},"content":"        @Override","lastModifiedDate":"2022-11-03"},{"lineNumber":15,"author":{"gitId":"LiuYHYH"},"content":"        public String toString() {","lastModifiedDate":"2022-11-03"},{"lineNumber":16,"author":{"gitId":"LiuYHYH"},"content":"            return \"[D]\" + super.toString() + \" (by: \" + by + \")\";","lastModifiedDate":"2022-11-03"},{"lineNumber":17,"author":{"gitId":"LiuYHYH"},"content":"        }","lastModifiedDate":"2022-11-03"},{"lineNumber":18,"author":{"gitId":"LiuYHYH"},"content":"","lastModifiedDate":"2022-11-11"},{"lineNumber":19,"author":{"gitId":"LiuYHYH"},"content":"        @Override","lastModifiedDate":"2022-11-11"},{"lineNumber":20,"author":{"gitId":"LiuYHYH"},"content":"        public String toCommandString(){","lastModifiedDate":"2022-11-11"},{"lineNumber":21,"author":{"gitId":"LiuYHYH"},"content":"            return \"D\" + super.toCommandString() + \" | \" + by;","lastModifiedDate":"2022-11-11"},{"lineNumber":22,"author":{"gitId":"LiuYHYH"},"content":"        }","lastModifiedDate":"2022-11-11"},{"lineNumber":23,"author":{"gitId":"LiuYHYH"},"content":"","lastModifiedDate":"2022-11-11"},{"lineNumber":24,"author":{"gitId":"LiuYHYH"},"content":"}","lastModifiedDate":"2022-11-03"},{"lineNumber":25,"author":{"gitId":"LiuYHYH"},"content":"","lastModifiedDate":"2022-11-03"}],"authorContributionMap":{"LiuYHYH":25}},{"path":"src/main/java/entities/Event.java","fileType":"java","lines":[{"lineNumber":1,"author":{"gitId":"LiuYHYH"},"content":"package entities;","lastModifiedDate":"2022-11-03"},{"lineNumber":2,"author":{"gitId":"LiuYHYH"},"content":"","lastModifiedDate":"2022-11-03"},{"lineNumber":3,"author":{"gitId":"LiuYHYH"},"content":"public class Event extends Task {","lastModifiedDate":"2022-11-03"},{"lineNumber":4,"author":{"gitId":"LiuYHYH"},"content":"","lastModifiedDate":"2022-11-03"},{"lineNumber":5,"author":{"gitId":"LiuYHYH"},"content":"    protected String at;","lastModifiedDate":"2022-11-03"},{"lineNumber":6,"author":{"gitId":"LiuYHYH"},"content":"","lastModifiedDate":"2022-11-03"},{"lineNumber":7,"author":{"gitId":"LiuYHYH"},"content":"    public Event(String description, String at) {","lastModifiedDate":"2022-11-03"},{"lineNumber":8,"author":{"gitId":"LiuYHYH"},"content":"        super(description);","lastModifiedDate":"2022-11-03"},{"lineNumber":9,"author":{"gitId":"LiuYHYH"},"content":"        this.at \u003d at;","lastModifiedDate":"2022-11-03"},{"lineNumber":10,"author":{"gitId":"LiuYHYH"},"content":"        this.type \u003d \u0027E\u0027;","lastModifiedDate":"2022-11-11"},{"lineNumber":11,"author":{"gitId":"LiuYHYH"},"content":"    }","lastModifiedDate":"2022-11-03"},{"lineNumber":12,"author":{"gitId":"LiuYHYH"},"content":"","lastModifiedDate":"2022-11-03"},{"lineNumber":13,"author":{"gitId":"LiuYHYH"},"content":"    @Override","lastModifiedDate":"2022-11-03"},{"lineNumber":14,"author":{"gitId":"LiuYHYH"},"content":"    public String toString() {","lastModifiedDate":"2022-11-03"},{"lineNumber":15,"author":{"gitId":"LiuYHYH"},"content":"        return \"[E]\" + super.toString() + \" (at: \" + at + \")\";","lastModifiedDate":"2022-11-03"},{"lineNumber":16,"author":{"gitId":"LiuYHYH"},"content":"    }","lastModifiedDate":"2022-11-03"},{"lineNumber":17,"author":{"gitId":"LiuYHYH"},"content":"","lastModifiedDate":"2022-11-11"},{"lineNumber":18,"author":{"gitId":"LiuYHYH"},"content":"    @Override","lastModifiedDate":"2022-11-11"},{"lineNumber":19,"author":{"gitId":"LiuYHYH"},"content":"    public String toCommandString(){","lastModifiedDate":"2022-11-11"},{"lineNumber":20,"author":{"gitId":"LiuYHYH"},"content":"        return \"E\" + super.toCommandString() + \" | \" + at;","lastModifiedDate":"2022-11-11"},{"lineNumber":21,"author":{"gitId":"LiuYHYH"},"content":"    }","lastModifiedDate":"2022-11-11"},{"lineNumber":22,"author":{"gitId":"LiuYHYH"},"content":"}","lastModifiedDate":"2022-11-03"}],"authorContributionMap":{"LiuYHYH":22}},{"path":"src/main/java/entities/FileManager.java","fileType":"java","lines":[{"lineNumber":1,"author":{"gitId":"LiuYHYH"},"content":"package entities;","lastModifiedDate":"2022-11-11"},{"lineNumber":2,"author":{"gitId":"LiuYHYH"},"content":"","lastModifiedDate":"2022-11-11"},{"lineNumber":3,"author":{"gitId":"LiuYHYH"},"content":"import java.io.File;","lastModifiedDate":"2022-11-11"},{"lineNumber":4,"author":{"gitId":"LiuYHYH"},"content":"import java.io.FileWriter;","lastModifiedDate":"2022-11-11"},{"lineNumber":5,"author":{"gitId":"LiuYHYH"},"content":"import java.io.IOException;","lastModifiedDate":"2022-11-11"},{"lineNumber":6,"author":{"gitId":"LiuYHYH"},"content":"import java.nio.file.Files;","lastModifiedDate":"2022-11-11"},{"lineNumber":7,"author":{"gitId":"LiuYHYH"},"content":"import java.nio.file.Path;","lastModifiedDate":"2022-11-11"},{"lineNumber":8,"author":{"gitId":"LiuYHYH"},"content":"import java.util.ArrayList;","lastModifiedDate":"2022-11-11"},{"lineNumber":9,"author":{"gitId":"LiuYHYH"},"content":"import java.util.Scanner;","lastModifiedDate":"2022-11-11"},{"lineNumber":10,"author":{"gitId":"LiuYHYH"},"content":"","lastModifiedDate":"2022-11-11"},{"lineNumber":11,"author":{"gitId":"LiuYHYH"},"content":"public class FileManager {","lastModifiedDate":"2022-11-11"},{"lineNumber":12,"author":{"gitId":"LiuYHYH"},"content":"","lastModifiedDate":"2022-11-11"},{"lineNumber":13,"author":{"gitId":"LiuYHYH"},"content":"    private static FileManager instance;","lastModifiedDate":"2022-11-11"},{"lineNumber":14,"author":{"gitId":"LiuYHYH"},"content":"    private static final String DIRECTORY_PATH \u003d \"data\";","lastModifiedDate":"2022-11-11"},{"lineNumber":15,"author":{"gitId":"LiuYHYH"},"content":"    private static final String FILE_NAME \u003d \"duke.txt\";","lastModifiedDate":"2022-11-11"},{"lineNumber":16,"author":{"gitId":"LiuYHYH"},"content":"    private static String projectDirectory;","lastModifiedDate":"2022-11-11"},{"lineNumber":17,"author":{"gitId":"LiuYHYH"},"content":"","lastModifiedDate":"2022-11-11"},{"lineNumber":18,"author":{"gitId":"LiuYHYH"},"content":"    public static void newInstance(){","lastModifiedDate":"2022-11-11"},{"lineNumber":19,"author":{"gitId":"LiuYHYH"},"content":"        instance \u003d new FileManager();","lastModifiedDate":"2022-11-11"},{"lineNumber":20,"author":{"gitId":"LiuYHYH"},"content":"        projectDirectory \u003d System.getProperty(\"user.dir\");","lastModifiedDate":"2022-11-11"},{"lineNumber":21,"author":{"gitId":"LiuYHYH"},"content":"    }","lastModifiedDate":"2022-11-11"},{"lineNumber":22,"author":{"gitId":"LiuYHYH"},"content":"    public static FileManager getInstance(){","lastModifiedDate":"2022-11-11"},{"lineNumber":23,"author":{"gitId":"LiuYHYH"},"content":"        if(instance \u003d\u003d null){","lastModifiedDate":"2022-11-11"},{"lineNumber":24,"author":{"gitId":"LiuYHYH"},"content":"            newInstance();","lastModifiedDate":"2022-11-11"},{"lineNumber":25,"author":{"gitId":"LiuYHYH"},"content":"        }","lastModifiedDate":"2022-11-11"},{"lineNumber":26,"author":{"gitId":"LiuYHYH"},"content":"        return instance;","lastModifiedDate":"2022-11-11"},{"lineNumber":27,"author":{"gitId":"LiuYHYH"},"content":"    }","lastModifiedDate":"2022-11-11"},{"lineNumber":28,"author":{"gitId":"LiuYHYH"},"content":"    private File createDirFile() throws IOException{","lastModifiedDate":"2022-11-11"},{"lineNumber":29,"author":{"gitId":"LiuYHYH"},"content":"        File dir \u003d new File(projectDirectory + DIRECTORY_PATH);","lastModifiedDate":"2022-11-11"},{"lineNumber":30,"author":{"gitId":"LiuYHYH"},"content":"        if(!dir.exists()){","lastModifiedDate":"2022-11-11"},{"lineNumber":31,"author":{"gitId":"LiuYHYH"},"content":"            Files.createDirectories(Path.of(dir.getPath()));","lastModifiedDate":"2022-11-11"},{"lineNumber":32,"author":{"gitId":"LiuYHYH"},"content":"        }","lastModifiedDate":"2022-11-11"},{"lineNumber":33,"author":{"gitId":"LiuYHYH"},"content":"        File file \u003d new File(projectDirectory + DIRECTORY_PATH + \"/\" + FILE_NAME);","lastModifiedDate":"2022-11-11"},{"lineNumber":34,"author":{"gitId":"LiuYHYH"},"content":"        if (!file.exists()){","lastModifiedDate":"2022-11-11"},{"lineNumber":35,"author":{"gitId":"LiuYHYH"},"content":"            Files.createFile(Path.of(file.getPath()));","lastModifiedDate":"2022-11-11"},{"lineNumber":36,"author":{"gitId":"LiuYHYH"},"content":"        }","lastModifiedDate":"2022-11-11"},{"lineNumber":37,"author":{"gitId":"LiuYHYH"},"content":"        return file;","lastModifiedDate":"2022-11-11"},{"lineNumber":38,"author":{"gitId":"LiuYHYH"},"content":"    }","lastModifiedDate":"2022-11-11"},{"lineNumber":39,"author":{"gitId":"LiuYHYH"},"content":"","lastModifiedDate":"2022-11-11"},{"lineNumber":40,"author":{"gitId":"LiuYHYH"},"content":"//    public static void writeToFile(String filePath, String textToAdd) throws IOException {","lastModifiedDate":"2022-11-11"},{"lineNumber":41,"author":{"gitId":"LiuYHYH"},"content":"//        FileWriter fw \u003d new FileWriter(filePath);","lastModifiedDate":"2022-11-11"},{"lineNumber":42,"author":{"gitId":"LiuYHYH"},"content":"//        fw.write(textToAdd);","lastModifiedDate":"2022-11-11"},{"lineNumber":43,"author":{"gitId":"LiuYHYH"},"content":"//        fw.flush();","lastModifiedDate":"2022-11-11"},{"lineNumber":44,"author":{"gitId":"LiuYHYH"},"content":"//        fw.close();","lastModifiedDate":"2022-11-11"},{"lineNumber":45,"author":{"gitId":"LiuYHYH"},"content":"//    }","lastModifiedDate":"2022-11-11"},{"lineNumber":46,"author":{"gitId":"LiuYHYH"},"content":"//    public ArrayList\u003cString\u003e readFromFile() throws IOException {","lastModifiedDate":"2022-11-11"},{"lineNumber":47,"author":{"gitId":"LiuYHYH"},"content":"//        ArrayList\u003cString\u003e taskList \u003d new ArrayList\u003c\u003e();","lastModifiedDate":"2022-11-11"},{"lineNumber":48,"author":{"gitId":"LiuYHYH"},"content":"//        File file \u003d createDirFile();","lastModifiedDate":"2022-11-11"},{"lineNumber":49,"author":{"gitId":"LiuYHYH"},"content":"//        Scanner s \u003d new Scanner(file);","lastModifiedDate":"2022-11-11"},{"lineNumber":50,"author":{"gitId":"LiuYHYH"},"content":"//        while (s.hasNext()) {","lastModifiedDate":"2022-11-11"},{"lineNumber":51,"author":{"gitId":"LiuYHYH"},"content":"//            taskList.add(s.nextLine());","lastModifiedDate":"2022-11-11"},{"lineNumber":52,"author":{"gitId":"LiuYHYH"},"content":"//        }","lastModifiedDate":"2022-11-11"},{"lineNumber":53,"author":{"gitId":"LiuYHYH"},"content":"//        return taskList;","lastModifiedDate":"2022-11-11"},{"lineNumber":54,"author":{"gitId":"LiuYHYH"},"content":"//    }","lastModifiedDate":"2022-11-11"},{"lineNumber":55,"author":{"gitId":"LiuYHYH"},"content":"","lastModifiedDate":"2022-11-11"},{"lineNumber":56,"author":{"gitId":"LiuYHYH"},"content":"}","lastModifiedDate":"2022-11-11"}],"authorContributionMap":{"LiuYHYH":56}},{"path":"src/main/java/entities/Storage.java","fileType":"java","lines":[{"lineNumber":1,"author":{"gitId":"LiuYHYH"},"content":"package entities;","lastModifiedDate":"2022-11-11"},{"lineNumber":2,"author":{"gitId":"LiuYHYH"},"content":"import command.*;","lastModifiedDate":"2022-11-11"},{"lineNumber":3,"author":{"gitId":"LiuYHYH"},"content":"import exception.DukeException;","lastModifiedDate":"2022-11-11"},{"lineNumber":4,"author":{"gitId":"LiuYHYH"},"content":"import org.apache.commons.io.FileUtils;","lastModifiedDate":"2022-11-11"},{"lineNumber":5,"author":{"gitId":"LiuYHYH"},"content":"import utils.DukeUtils;","lastModifiedDate":"2022-11-11"},{"lineNumber":6,"author":{"gitId":"LiuYHYH"},"content":"","lastModifiedDate":"2022-11-11"},{"lineNumber":7,"author":{"gitId":"LiuYHYH"},"content":"import java.io.*;","lastModifiedDate":"2022-11-11"},{"lineNumber":8,"author":{"gitId":"LiuYHYH"},"content":"import java.util.List;","lastModifiedDate":"2022-11-11"},{"lineNumber":9,"author":{"gitId":"LiuYHYH"},"content":"","lastModifiedDate":"2022-11-11"},{"lineNumber":10,"author":{"gitId":"LiuYHYH"},"content":"public class Storage {","lastModifiedDate":"2022-11-11"},{"lineNumber":11,"author":{"gitId":"LiuYHYH"},"content":"    private static File file;","lastModifiedDate":"2022-11-11"},{"lineNumber":12,"author":{"gitId":"LiuYHYH"},"content":"","lastModifiedDate":"2022-11-11"},{"lineNumber":13,"author":{"gitId":"LiuYHYH"},"content":"    public Storage(String filePath) {","lastModifiedDate":"2022-11-11"},{"lineNumber":14,"author":{"gitId":"LiuYHYH"},"content":"        file \u003d new File(filePath);","lastModifiedDate":"2022-11-11"},{"lineNumber":15,"author":{"gitId":"LiuYHYH"},"content":"    }","lastModifiedDate":"2022-11-11"},{"lineNumber":16,"author":{"gitId":"LiuYHYH"},"content":"","lastModifiedDate":"2022-11-11"},{"lineNumber":17,"author":{"gitId":"LiuYHYH"},"content":"    public static File load() throws DukeException, FileNotFoundException {","lastModifiedDate":"2022-11-11"},{"lineNumber":18,"author":{"gitId":"LiuYHYH"},"content":"        return file;","lastModifiedDate":"2022-11-11"},{"lineNumber":19,"author":{"gitId":"LiuYHYH"},"content":"    }","lastModifiedDate":"2022-11-11"},{"lineNumber":20,"author":{"gitId":"LiuYHYH"},"content":"","lastModifiedDate":"2022-11-11"},{"lineNumber":21,"author":{"gitId":"LiuYHYH"},"content":"    public static void save(List\u003cTask\u003e taskList) {","lastModifiedDate":"2022-11-11"},{"lineNumber":22,"author":{"gitId":"LiuYHYH"},"content":"        try {","lastModifiedDate":"2022-11-11"},{"lineNumber":23,"author":{"gitId":"LiuYHYH"},"content":"            StringBuffer stringBuffer \u003d new StringBuffer();","lastModifiedDate":"2022-11-11"},{"lineNumber":24,"author":{"gitId":"LiuYHYH"},"content":"            for (Task task : taskList) {","lastModifiedDate":"2022-11-11"},{"lineNumber":25,"author":{"gitId":"LiuYHYH"},"content":"                stringBuffer.append(task.toCommandString() + \"\\n\");","lastModifiedDate":"2022-11-11"},{"lineNumber":26,"author":{"gitId":"LiuYHYH"},"content":"            }","lastModifiedDate":"2022-11-11"},{"lineNumber":27,"author":{"gitId":"LiuYHYH"},"content":"            FileUtils.write(file, stringBuffer.toString(), \"UTF-8\");","lastModifiedDate":"2022-11-11"},{"lineNumber":28,"author":{"gitId":"LiuYHYH"},"content":"        } catch (IOException e) {","lastModifiedDate":"2022-11-11"},{"lineNumber":29,"author":{"gitId":"LiuYHYH"},"content":"            e.printStackTrace();","lastModifiedDate":"2022-11-11"},{"lineNumber":30,"author":{"gitId":"LiuYHYH"},"content":"        }","lastModifiedDate":"2022-11-11"},{"lineNumber":31,"author":{"gitId":"LiuYHYH"},"content":"    }","lastModifiedDate":"2022-11-11"},{"lineNumber":32,"author":{"gitId":"LiuYHYH"},"content":"","lastModifiedDate":"2022-11-11"},{"lineNumber":33,"author":{"gitId":"LiuYHYH"},"content":"}","lastModifiedDate":"2022-11-11"}],"authorContributionMap":{"LiuYHYH":33}},{"path":"src/main/java/entities/Task.java","fileType":"java","lines":[{"lineNumber":1,"author":{"gitId":"LiuYHYH"},"content":"package entities;","lastModifiedDate":"2022-11-03"},{"lineNumber":2,"author":{"gitId":"LiuYHYH"},"content":"public class Task {","lastModifiedDate":"2022-09-19"},{"lineNumber":3,"author":{"gitId":"LiuYHYH"},"content":"    private String description;","lastModifiedDate":"2022-11-04"},{"lineNumber":4,"author":{"gitId":"LiuYHYH"},"content":"    protected boolean isDone;","lastModifiedDate":"2022-11-11"},{"lineNumber":5,"author":{"gitId":"LiuYHYH"},"content":"    protected char type;","lastModifiedDate":"2022-11-11"},{"lineNumber":6,"author":{"gitId":"LiuYHYH"},"content":"    public Task(String description) {","lastModifiedDate":"2022-09-19"},{"lineNumber":7,"author":{"gitId":"LiuYHYH"},"content":"        this.description \u003d description;","lastModifiedDate":"2022-09-19"},{"lineNumber":8,"author":{"gitId":"LiuYHYH"},"content":"        this.isDone \u003d false;","lastModifiedDate":"2022-09-19"},{"lineNumber":9,"author":{"gitId":"LiuYHYH"},"content":"    }","lastModifiedDate":"2022-09-19"},{"lineNumber":10,"author":{"gitId":"LiuYHYH"},"content":"","lastModifiedDate":"2022-11-03"},{"lineNumber":11,"author":{"gitId":"LiuYHYH"},"content":"    public String toString() {","lastModifiedDate":"2022-11-03"},{"lineNumber":12,"author":{"gitId":"LiuYHYH"},"content":"        return \"[\" + getStatusIcon() + \"] \" + description;","lastModifiedDate":"2022-11-03"},{"lineNumber":13,"author":{"gitId":"LiuYHYH"},"content":"    }","lastModifiedDate":"2022-11-03"},{"lineNumber":14,"author":{"gitId":"LiuYHYH"},"content":"    public String getDescription() {","lastModifiedDate":"2022-09-19"},{"lineNumber":15,"author":{"gitId":"LiuYHYH"},"content":"        return description;","lastModifiedDate":"2022-09-19"},{"lineNumber":16,"author":{"gitId":"LiuYHYH"},"content":"    }","lastModifiedDate":"2022-09-19"},{"lineNumber":17,"author":{"gitId":"LiuYHYH"},"content":"    public String getStatusIcon() {","lastModifiedDate":"2022-11-04"},{"lineNumber":18,"author":{"gitId":"LiuYHYH"},"content":"        return (isDone ? \"X\" : \" \"); // mark done task with X","lastModifiedDate":"2022-09-19"},{"lineNumber":19,"author":{"gitId":"LiuYHYH"},"content":"    }","lastModifiedDate":"2022-09-19"},{"lineNumber":20,"author":{"gitId":"LiuYHYH"},"content":"    public void updateMark(boolean done) {","lastModifiedDate":"2022-09-19"},{"lineNumber":21,"author":{"gitId":"LiuYHYH"},"content":"        this.isDone \u003d done;","lastModifiedDate":"2022-09-19"},{"lineNumber":22,"author":{"gitId":"LiuYHYH"},"content":"    }","lastModifiedDate":"2022-09-19"},{"lineNumber":23,"author":{"gitId":"LiuYHYH"},"content":"","lastModifiedDate":"2022-11-04"},{"lineNumber":24,"author":{"gitId":"LiuYHYH"},"content":"    public char getType() {","lastModifiedDate":"2022-11-11"},{"lineNumber":25,"author":{"gitId":"LiuYHYH"},"content":"        return type;","lastModifiedDate":"2022-11-11"},{"lineNumber":26,"author":{"gitId":"LiuYHYH"},"content":"    }","lastModifiedDate":"2022-11-11"},{"lineNumber":27,"author":{"gitId":"LiuYHYH"},"content":"","lastModifiedDate":"2022-11-11"},{"lineNumber":28,"author":{"gitId":"LiuYHYH"},"content":"    public String toCommandString(){","lastModifiedDate":"2022-11-11"},{"lineNumber":29,"author":{"gitId":"LiuYHYH"},"content":"        return \" | \" + (this.getStatusIcon() \u003d\u003d \"X\" ? \"1\" : \"0\") + \" | \" + this.getDescription();","lastModifiedDate":"2022-11-11"},{"lineNumber":30,"author":{"gitId":"LiuYHYH"},"content":"    }","lastModifiedDate":"2022-11-11"},{"lineNumber":31,"author":{"gitId":"LiuYHYH"},"content":"}","lastModifiedDate":"2022-09-19"},{"lineNumber":32,"author":{"gitId":"LiuYHYH"},"content":"","lastModifiedDate":"2022-11-03"}],"authorContributionMap":{"LiuYHYH":32}},{"path":"src/main/java/entities/TaskList.java","fileType":"java","lines":[{"lineNumber":1,"author":{"gitId":"LiuYHYH"},"content":"package entities;","lastModifiedDate":"2022-11-11"},{"lineNumber":2,"author":{"gitId":"LiuYHYH"},"content":"","lastModifiedDate":"2022-11-11"},{"lineNumber":3,"author":{"gitId":"LiuYHYH"},"content":"import exception.DukeException;","lastModifiedDate":"2022-11-11"},{"lineNumber":4,"author":{"gitId":"LiuYHYH"},"content":"import utils.DataUtils;","lastModifiedDate":"2022-11-11"},{"lineNumber":5,"author":{"gitId":"LiuYHYH"},"content":"","lastModifiedDate":"2022-11-11"},{"lineNumber":6,"author":{"gitId":"LiuYHYH"},"content":"import java.io.File;","lastModifiedDate":"2022-11-11"},{"lineNumber":7,"author":{"gitId":"LiuYHYH"},"content":"import java.io.FileNotFoundException;","lastModifiedDate":"2022-11-11"},{"lineNumber":8,"author":{"gitId":"LiuYHYH"},"content":"import java.util.ArrayList;","lastModifiedDate":"2022-11-11"},{"lineNumber":9,"author":{"gitId":"LiuYHYH"},"content":"import java.util.List;","lastModifiedDate":"2022-11-11"},{"lineNumber":10,"author":{"gitId":"LiuYHYH"},"content":"import java.util.Scanner;","lastModifiedDate":"2022-11-11"},{"lineNumber":11,"author":{"gitId":"LiuYHYH"},"content":"","lastModifiedDate":"2022-11-11"},{"lineNumber":12,"author":{"gitId":"LiuYHYH"},"content":"public class TaskList {","lastModifiedDate":"2022-11-11"},{"lineNumber":13,"author":{"gitId":"LiuYHYH"},"content":"    private static List\u003cTask\u003e myTaskList \u003d new ArrayList\u003c\u003e();","lastModifiedDate":"2022-11-11"},{"lineNumber":14,"author":{"gitId":"LiuYHYH"},"content":"    public TaskList() {","lastModifiedDate":"2022-11-11"},{"lineNumber":15,"author":{"gitId":"LiuYHYH"},"content":"        myTaskList \u003d new ArrayList\u003c\u003e();","lastModifiedDate":"2022-11-11"},{"lineNumber":16,"author":{"gitId":"LiuYHYH"},"content":"    }","lastModifiedDate":"2022-11-11"},{"lineNumber":17,"author":{"gitId":"LiuYHYH"},"content":"","lastModifiedDate":"2022-11-11"},{"lineNumber":18,"author":{"gitId":"LiuYHYH"},"content":"    public TaskList(File f) throws FileNotFoundException, DukeException {","lastModifiedDate":"2022-11-11"},{"lineNumber":19,"author":{"gitId":"LiuYHYH"},"content":"        Scanner s \u003d new Scanner(f);","lastModifiedDate":"2022-11-11"},{"lineNumber":20,"author":{"gitId":"LiuYHYH"},"content":"        while (s.hasNextLine()) {","lastModifiedDate":"2022-11-11"},{"lineNumber":21,"author":{"gitId":"LiuYHYH"},"content":"            String input \u003d s.nextLine();","lastModifiedDate":"2022-11-11"},{"lineNumber":22,"author":{"gitId":"LiuYHYH"},"content":"            if(input.isEmpty()){","lastModifiedDate":"2022-11-11"},{"lineNumber":23,"author":{"gitId":"LiuYHYH"},"content":"                continue;","lastModifiedDate":"2022-11-11"},{"lineNumber":24,"author":{"gitId":"LiuYHYH"},"content":"            }","lastModifiedDate":"2022-11-11"},{"lineNumber":25,"author":{"gitId":"LiuYHYH"},"content":"            String[] args \u003d input.split(\"\\\\|\");","lastModifiedDate":"2022-11-11"},{"lineNumber":26,"author":{"gitId":"LiuYHYH"},"content":"            createTask(args);","lastModifiedDate":"2022-11-11"},{"lineNumber":27,"author":{"gitId":"LiuYHYH"},"content":"        }","lastModifiedDate":"2022-11-11"},{"lineNumber":28,"author":{"gitId":"LiuYHYH"},"content":"    }","lastModifiedDate":"2022-11-11"},{"lineNumber":29,"author":{"gitId":"LiuYHYH"},"content":"    public static List\u003cTask\u003e getMyTaskList(){","lastModifiedDate":"2022-11-11"},{"lineNumber":30,"author":{"gitId":"LiuYHYH"},"content":"        return myTaskList;","lastModifiedDate":"2022-11-11"},{"lineNumber":31,"author":{"gitId":"LiuYHYH"},"content":"    }","lastModifiedDate":"2022-11-11"},{"lineNumber":32,"author":{"gitId":"LiuYHYH"},"content":"","lastModifiedDate":"2022-11-11"},{"lineNumber":33,"author":{"gitId":"LiuYHYH"},"content":"    public static Task getTask(int index){","lastModifiedDate":"2022-11-11"},{"lineNumber":34,"author":{"gitId":"LiuYHYH"},"content":"        Task t \u003d myTaskList.get(index);","lastModifiedDate":"2022-11-11"},{"lineNumber":35,"author":{"gitId":"LiuYHYH"},"content":"        return t;","lastModifiedDate":"2022-11-11"},{"lineNumber":36,"author":{"gitId":"LiuYHYH"},"content":"    }","lastModifiedDate":"2022-11-11"},{"lineNumber":37,"author":{"gitId":"LiuYHYH"},"content":"    private void createTask(String[] args){","lastModifiedDate":"2022-11-11"},{"lineNumber":38,"author":{"gitId":"LiuYHYH"},"content":"        String type \u003d args[0].trim();","lastModifiedDate":"2022-11-11"},{"lineNumber":39,"author":{"gitId":"LiuYHYH"},"content":"        boolean done \u003d DataUtils.convertToboolean(args[1].trim());","lastModifiedDate":"2022-11-11"},{"lineNumber":40,"author":{"gitId":"LiuYHYH"},"content":"        String description \u003d args[2].trim();","lastModifiedDate":"2022-11-11"},{"lineNumber":41,"author":{"gitId":"LiuYHYH"},"content":"","lastModifiedDate":"2022-11-11"},{"lineNumber":42,"author":{"gitId":"LiuYHYH"},"content":"        switch (type){","lastModifiedDate":"2022-11-11"},{"lineNumber":43,"author":{"gitId":"LiuYHYH"},"content":"            case\"T\":","lastModifiedDate":"2022-11-11"},{"lineNumber":44,"author":{"gitId":"LiuYHYH"},"content":"               Todo todo \u003d new Todo(description);","lastModifiedDate":"2022-11-11"},{"lineNumber":45,"author":{"gitId":"LiuYHYH"},"content":"               todo.updateMark(done);","lastModifiedDate":"2022-11-11"},{"lineNumber":46,"author":{"gitId":"LiuYHYH"},"content":"               myTaskList.add(todo);","lastModifiedDate":"2022-11-11"},{"lineNumber":47,"author":{"gitId":"LiuYHYH"},"content":"               break;","lastModifiedDate":"2022-11-11"},{"lineNumber":48,"author":{"gitId":"LiuYHYH"},"content":"","lastModifiedDate":"2022-11-11"},{"lineNumber":49,"author":{"gitId":"LiuYHYH"},"content":"            case\"D\":","lastModifiedDate":"2022-11-11"},{"lineNumber":50,"author":{"gitId":"LiuYHYH"},"content":"                String by \u003d args[3].trim();","lastModifiedDate":"2022-11-11"},{"lineNumber":51,"author":{"gitId":"LiuYHYH"},"content":"                Deadline deadline \u003d new Deadline(description, by);","lastModifiedDate":"2022-11-11"},{"lineNumber":52,"author":{"gitId":"LiuYHYH"},"content":"                deadline.updateMark(done);","lastModifiedDate":"2022-11-11"},{"lineNumber":53,"author":{"gitId":"LiuYHYH"},"content":"                myTaskList.add(deadline);","lastModifiedDate":"2022-11-11"},{"lineNumber":54,"author":{"gitId":"LiuYHYH"},"content":"                break;","lastModifiedDate":"2022-11-11"},{"lineNumber":55,"author":{"gitId":"LiuYHYH"},"content":"","lastModifiedDate":"2022-11-11"},{"lineNumber":56,"author":{"gitId":"LiuYHYH"},"content":"            case\"E\":","lastModifiedDate":"2022-11-11"},{"lineNumber":57,"author":{"gitId":"LiuYHYH"},"content":"                String at \u003d args[3].trim();","lastModifiedDate":"2022-11-11"},{"lineNumber":58,"author":{"gitId":"LiuYHYH"},"content":"                Event event \u003d new Event(description, at);","lastModifiedDate":"2022-11-11"},{"lineNumber":59,"author":{"gitId":"LiuYHYH"},"content":"                event.updateMark(done);","lastModifiedDate":"2022-11-11"},{"lineNumber":60,"author":{"gitId":"LiuYHYH"},"content":"                myTaskList.add(event);","lastModifiedDate":"2022-11-11"},{"lineNumber":61,"author":{"gitId":"LiuYHYH"},"content":"                break;","lastModifiedDate":"2022-11-11"},{"lineNumber":62,"author":{"gitId":"LiuYHYH"},"content":"        }","lastModifiedDate":"2022-11-11"},{"lineNumber":63,"author":{"gitId":"LiuYHYH"},"content":"    }","lastModifiedDate":"2022-11-11"},{"lineNumber":64,"author":{"gitId":"LiuYHYH"},"content":"    public void printTaskList(){","lastModifiedDate":"2022-11-11"},{"lineNumber":65,"author":{"gitId":"LiuYHYH"},"content":"        for (Task task : myTaskList) {","lastModifiedDate":"2022-11-11"},{"lineNumber":66,"author":{"gitId":"LiuYHYH"},"content":"            System.out.println(task.toCommandString());","lastModifiedDate":"2022-11-11"},{"lineNumber":67,"author":{"gitId":"LiuYHYH"},"content":"        }","lastModifiedDate":"2022-11-11"},{"lineNumber":68,"author":{"gitId":"LiuYHYH"},"content":"    }","lastModifiedDate":"2022-11-11"},{"lineNumber":69,"author":{"gitId":"LiuYHYH"},"content":"","lastModifiedDate":"2022-11-11"},{"lineNumber":70,"author":{"gitId":"LiuYHYH"},"content":"}","lastModifiedDate":"2022-11-11"}],"authorContributionMap":{"LiuYHYH":70}},{"path":"src/main/java/entities/Todo.java","fileType":"java","lines":[{"lineNumber":1,"author":{"gitId":"LiuYHYH"},"content":"package entities;","lastModifiedDate":"2022-11-03"},{"lineNumber":2,"author":{"gitId":"LiuYHYH"},"content":"","lastModifiedDate":"2022-11-03"},{"lineNumber":3,"author":{"gitId":"LiuYHYH"},"content":"public class Todo extends Task{","lastModifiedDate":"2022-11-03"},{"lineNumber":4,"author":{"gitId":"LiuYHYH"},"content":"","lastModifiedDate":"2022-11-03"},{"lineNumber":5,"author":{"gitId":"LiuYHYH"},"content":"    public Todo(String description) {","lastModifiedDate":"2022-11-03"},{"lineNumber":6,"author":{"gitId":"LiuYHYH"},"content":"        super(description);","lastModifiedDate":"2022-11-03"},{"lineNumber":7,"author":{"gitId":"LiuYHYH"},"content":"        this.type \u003d \u0027T\u0027;","lastModifiedDate":"2022-11-11"},{"lineNumber":8,"author":{"gitId":"LiuYHYH"},"content":"    }","lastModifiedDate":"2022-11-03"},{"lineNumber":9,"author":{"gitId":"LiuYHYH"},"content":"    @Override","lastModifiedDate":"2022-11-03"},{"lineNumber":10,"author":{"gitId":"LiuYHYH"},"content":"    public String toString() {","lastModifiedDate":"2022-11-03"},{"lineNumber":11,"author":{"gitId":"LiuYHYH"},"content":"        return \"[T]\" + super.toString();","lastModifiedDate":"2022-11-03"},{"lineNumber":12,"author":{"gitId":"LiuYHYH"},"content":"    }","lastModifiedDate":"2022-11-03"},{"lineNumber":13,"author":{"gitId":"LiuYHYH"},"content":"    @Override","lastModifiedDate":"2022-11-11"},{"lineNumber":14,"author":{"gitId":"LiuYHYH"},"content":"    public String toCommandString(){","lastModifiedDate":"2022-11-11"},{"lineNumber":15,"author":{"gitId":"LiuYHYH"},"content":"        return \"T\" + super.toCommandString();","lastModifiedDate":"2022-11-11"},{"lineNumber":16,"author":{"gitId":"LiuYHYH"},"content":"    }","lastModifiedDate":"2022-11-11"},{"lineNumber":17,"author":{"gitId":"LiuYHYH"},"content":"","lastModifiedDate":"2022-11-11"},{"lineNumber":18,"author":{"gitId":"LiuYHYH"},"content":"}","lastModifiedDate":"2022-11-03"}],"authorContributionMap":{"LiuYHYH":18}},{"path":"src/main/java/exception/DukeException.java","fileType":"java","lines":[{"lineNumber":1,"author":{"gitId":"LiuYHYH"},"content":"package exception;","lastModifiedDate":"2022-11-04"},{"lineNumber":2,"author":{"gitId":"LiuYHYH"},"content":"","lastModifiedDate":"2022-11-04"},{"lineNumber":3,"author":{"gitId":"LiuYHYH"},"content":"public class DukeException extends Exception{","lastModifiedDate":"2022-11-03"},{"lineNumber":4,"author":{"gitId":"LiuYHYH"},"content":"    public DukeException(String errorMessage) {","lastModifiedDate":"2022-11-03"},{"lineNumber":5,"author":{"gitId":"LiuYHYH"},"content":"        super(errorMessage);","lastModifiedDate":"2022-11-03"},{"lineNumber":6,"author":{"gitId":"LiuYHYH"},"content":"    }","lastModifiedDate":"2022-11-03"},{"lineNumber":7,"author":{"gitId":"LiuYHYH"},"content":"}","lastModifiedDate":"2022-11-03"}],"authorContributionMap":{"LiuYHYH":7}},{"path":"src/main/java/parser/Parser.java","fileType":"java","lines":[{"lineNumber":1,"author":{"gitId":"LiuYHYH"},"content":"package parser;","lastModifiedDate":"2022-11-11"},{"lineNumber":2,"author":{"gitId":"LiuYHYH"},"content":"","lastModifiedDate":"2022-11-11"},{"lineNumber":3,"author":{"gitId":"LiuYHYH"},"content":"import command.*;","lastModifiedDate":"2022-11-11"},{"lineNumber":4,"author":{"gitId":"LiuYHYH"},"content":"import entities.Storage;","lastModifiedDate":"2022-11-11"},{"lineNumber":5,"author":{"gitId":"LiuYHYH"},"content":"import entities.Task;","lastModifiedDate":"2022-11-11"},{"lineNumber":6,"author":{"gitId":"LiuYHYH"},"content":"import entities.TaskList;","lastModifiedDate":"2022-11-11"},{"lineNumber":7,"author":{"gitId":"LiuYHYH"},"content":"import exception.DukeException;","lastModifiedDate":"2022-11-11"},{"lineNumber":8,"author":{"gitId":"LiuYHYH"},"content":"import utils.DukeUtils;","lastModifiedDate":"2022-11-11"},{"lineNumber":9,"author":{"gitId":"LiuYHYH"},"content":"import command.Command;","lastModifiedDate":"2022-11-11"},{"lineNumber":10,"author":{"gitId":"LiuYHYH"},"content":"import java.io.File;","lastModifiedDate":"2022-11-11"},{"lineNumber":11,"author":{"gitId":"LiuYHYH"},"content":"import java.io.IOException;","lastModifiedDate":"2022-11-11"},{"lineNumber":12,"author":{"gitId":"LiuYHYH"},"content":"import java.util.ArrayList;","lastModifiedDate":"2022-11-11"},{"lineNumber":13,"author":{"gitId":"LiuYHYH"},"content":"import java.util.List;","lastModifiedDate":"2022-11-11"},{"lineNumber":14,"author":{"gitId":"LiuYHYH"},"content":"import java.util.Scanner;","lastModifiedDate":"2022-11-11"},{"lineNumber":15,"author":{"gitId":"LiuYHYH"},"content":"","lastModifiedDate":"2022-11-11"},{"lineNumber":16,"author":{"gitId":"LiuYHYH"},"content":"import static command.Command.*;","lastModifiedDate":"2022-11-11"},{"lineNumber":17,"author":{"gitId":"LiuYHYH"},"content":"","lastModifiedDate":"2022-11-11"},{"lineNumber":18,"author":{"gitId":"LiuYHYH"},"content":"","lastModifiedDate":"2022-11-11"},{"lineNumber":19,"author":{"gitId":"LiuYHYH"},"content":"public class Parser {","lastModifiedDate":"2022-11-11"},{"lineNumber":20,"author":{"gitId":"LiuYHYH"},"content":"","lastModifiedDate":"2022-11-11"},{"lineNumber":21,"author":{"gitId":"LiuYHYH"},"content":"    public static void parser(String input) throws DukeException {","lastModifiedDate":"2022-11-11"},{"lineNumber":22,"author":{"gitId":"LiuYHYH"},"content":"        String action, rest;","lastModifiedDate":"2022-11-11"},{"lineNumber":23,"author":{"gitId":"LiuYHYH"},"content":"","lastModifiedDate":"2022-11-11"},{"lineNumber":24,"author":{"gitId":"LiuYHYH"},"content":"        DukeUtils.validateInput(input);","lastModifiedDate":"2022-11-11"},{"lineNumber":25,"author":{"gitId":"LiuYHYH"},"content":"","lastModifiedDate":"2022-11-11"},{"lineNumber":26,"author":{"gitId":"LiuYHYH"},"content":"        action \u003d input.split(\" \", 2)[0].trim();","lastModifiedDate":"2022-11-11"},{"lineNumber":27,"author":{"gitId":"LiuYHYH"},"content":"","lastModifiedDate":"2022-11-11"},{"lineNumber":28,"author":{"gitId":"LiuYHYH"},"content":"        switch (action) {","lastModifiedDate":"2022-11-11"},{"lineNumber":29,"author":{"gitId":"LiuYHYH"},"content":"                case \"bye\":","lastModifiedDate":"2022-11-11"},{"lineNumber":30,"author":{"gitId":"LiuYHYH"},"content":"                    System.out.println(\"    ---------------------------------------\");","lastModifiedDate":"2022-11-11"},{"lineNumber":31,"author":{"gitId":"LiuYHYH"},"content":"                    System.out.println(\"    Bye. Hope to see you again soon!\");","lastModifiedDate":"2022-11-11"},{"lineNumber":32,"author":{"gitId":"LiuYHYH"},"content":"                    Storage.save(TaskList.getMyTaskList());","lastModifiedDate":"2022-11-11"},{"lineNumber":33,"author":{"gitId":"LiuYHYH"},"content":"                    System.exit(0);","lastModifiedDate":"2022-11-11"},{"lineNumber":34,"author":{"gitId":"LiuYHYH"},"content":"","lastModifiedDate":"2022-11-11"},{"lineNumber":35,"author":{"gitId":"LiuYHYH"},"content":"                case \"list\":","lastModifiedDate":"2022-11-11"},{"lineNumber":36,"author":{"gitId":"LiuYHYH"},"content":"                    DukeUtils.printList(TaskList.getMyTaskList());","lastModifiedDate":"2022-11-11"},{"lineNumber":37,"author":{"gitId":"LiuYHYH"},"content":"                    break;","lastModifiedDate":"2022-11-11"},{"lineNumber":38,"author":{"gitId":"LiuYHYH"},"content":"","lastModifiedDate":"2022-11-11"},{"lineNumber":39,"author":{"gitId":"LiuYHYH"},"content":"                case \"mark\":","lastModifiedDate":"2022-11-11"},{"lineNumber":40,"author":{"gitId":"LiuYHYH"},"content":"                    rest \u003d input.split(\" \", 2)[1].trim();","lastModifiedDate":"2022-11-11"},{"lineNumber":41,"author":{"gitId":"LiuYHYH"},"content":"                    int index \u003d Integer.parseInt(rest) - 1;","lastModifiedDate":"2022-11-11"},{"lineNumber":42,"author":{"gitId":"LiuYHYH"},"content":"                    Task t \u003d TaskList.getTask(index);","lastModifiedDate":"2022-11-11"},{"lineNumber":43,"author":{"gitId":"LiuYHYH"},"content":"                    t.updateMark(true);","lastModifiedDate":"2022-11-11"},{"lineNumber":44,"author":{"gitId":"LiuYHYH"},"content":"                    DukeUtils.printText(\"Nice! I\u0027ve marked this task as done:\\n \" + \"    \" + t.toString());","lastModifiedDate":"2022-11-11"},{"lineNumber":45,"author":{"gitId":"LiuYHYH"},"content":"                    break;","lastModifiedDate":"2022-11-11"},{"lineNumber":46,"author":{"gitId":"LiuYHYH"},"content":"","lastModifiedDate":"2022-11-11"},{"lineNumber":47,"author":{"gitId":"LiuYHYH"},"content":"                case \"unmark\":","lastModifiedDate":"2022-11-11"},{"lineNumber":48,"author":{"gitId":"LiuYHYH"},"content":"                    rest \u003d input.split(\" \", 2)[1].trim();","lastModifiedDate":"2022-11-11"},{"lineNumber":49,"author":{"gitId":"LiuYHYH"},"content":"                    int indexU \u003d Integer.parseInt(rest) - 1;","lastModifiedDate":"2022-11-11"},{"lineNumber":50,"author":{"gitId":"LiuYHYH"},"content":"                    Task unmark \u003d TaskList.getTask(indexU);","lastModifiedDate":"2022-11-11"},{"lineNumber":51,"author":{"gitId":"LiuYHYH"},"content":"                    unmark.updateMark(false);","lastModifiedDate":"2022-11-11"},{"lineNumber":52,"author":{"gitId":"LiuYHYH"},"content":"                    DukeUtils.printText(\"OK, I\u0027ve marked this task as not done yet:\\n \" + \"    \" + unmark.toString());","lastModifiedDate":"2022-11-11"},{"lineNumber":53,"author":{"gitId":"LiuYHYH"},"content":"                    break;","lastModifiedDate":"2022-11-11"},{"lineNumber":54,"author":{"gitId":"LiuYHYH"},"content":"","lastModifiedDate":"2022-11-11"},{"lineNumber":55,"author":{"gitId":"LiuYHYH"},"content":"                case \"todo\":","lastModifiedDate":"2022-11-11"},{"lineNumber":56,"author":{"gitId":"LiuYHYH"},"content":"                    createTodo(input, TaskList.getMyTaskList());","lastModifiedDate":"2022-11-11"},{"lineNumber":57,"author":{"gitId":"LiuYHYH"},"content":"                    break;","lastModifiedDate":"2022-11-11"},{"lineNumber":58,"author":{"gitId":"LiuYHYH"},"content":"","lastModifiedDate":"2022-11-11"},{"lineNumber":59,"author":{"gitId":"LiuYHYH"},"content":"                case \"deadline\":","lastModifiedDate":"2022-11-11"},{"lineNumber":60,"author":{"gitId":"LiuYHYH"},"content":"                    createDeadline(input, TaskList.getMyTaskList());","lastModifiedDate":"2022-11-11"},{"lineNumber":61,"author":{"gitId":"LiuYHYH"},"content":"                    break;","lastModifiedDate":"2022-11-11"},{"lineNumber":62,"author":{"gitId":"LiuYHYH"},"content":"","lastModifiedDate":"2022-11-11"},{"lineNumber":63,"author":{"gitId":"LiuYHYH"},"content":"                case \"event\":","lastModifiedDate":"2022-11-11"},{"lineNumber":64,"author":{"gitId":"LiuYHYH"},"content":"                    createEvent(input, TaskList.getMyTaskList());","lastModifiedDate":"2022-11-11"},{"lineNumber":65,"author":{"gitId":"LiuYHYH"},"content":"                    break;","lastModifiedDate":"2022-11-11"},{"lineNumber":66,"author":{"gitId":"LiuYHYH"},"content":"","lastModifiedDate":"2022-11-11"},{"lineNumber":67,"author":{"gitId":"LiuYHYH"},"content":"                case \"delete\":","lastModifiedDate":"2022-11-11"},{"lineNumber":68,"author":{"gitId":"LiuYHYH"},"content":"                    deleteTask(input, TaskList.getMyTaskList());","lastModifiedDate":"2022-11-11"},{"lineNumber":69,"author":{"gitId":"LiuYHYH"},"content":"                    break;","lastModifiedDate":"2022-11-11"},{"lineNumber":70,"author":{"gitId":"LiuYHYH"},"content":"","lastModifiedDate":"2022-11-11"},{"lineNumber":71,"author":{"gitId":"LiuYHYH"},"content":"                default:","lastModifiedDate":"2022-11-11"},{"lineNumber":72,"author":{"gitId":"LiuYHYH"},"content":"                    DukeUtils.printText(\"Sorry, cannot understand input.\");","lastModifiedDate":"2022-11-11"},{"lineNumber":73,"author":{"gitId":"LiuYHYH"},"content":"            }","lastModifiedDate":"2022-11-11"},{"lineNumber":74,"author":{"gitId":"LiuYHYH"},"content":"    }","lastModifiedDate":"2022-11-11"},{"lineNumber":75,"author":{"gitId":"LiuYHYH"},"content":"}","lastModifiedDate":"2022-11-11"}],"authorContributionMap":{"LiuYHYH":75}},{"path":"src/main/java/ui/Ui.java","fileType":"java","lines":[{"lineNumber":1,"author":{"gitId":"LiuYHYH"},"content":"package ui;","lastModifiedDate":"2022-11-11"},{"lineNumber":2,"author":{"gitId":"LiuYHYH"},"content":"","lastModifiedDate":"2022-11-11"},{"lineNumber":3,"author":{"gitId":"LiuYHYH"},"content":"import entities.FileManager;","lastModifiedDate":"2022-11-11"},{"lineNumber":4,"author":{"gitId":"LiuYHYH"},"content":"","lastModifiedDate":"2022-11-11"},{"lineNumber":5,"author":{"gitId":"LiuYHYH"},"content":"import java.util.Scanner;","lastModifiedDate":"2022-11-11"},{"lineNumber":6,"author":{"gitId":"LiuYHYH"},"content":"","lastModifiedDate":"2022-11-11"},{"lineNumber":7,"author":{"gitId":"LiuYHYH"},"content":"public class Ui {","lastModifiedDate":"2022-11-11"},{"lineNumber":8,"author":{"gitId":"LiuYHYH"},"content":"    public static void showWelcome(){","lastModifiedDate":"2022-11-11"},{"lineNumber":9,"author":{"gitId":"LiuYHYH"},"content":"        String logo \u003d \" ____        _        \\n\"","lastModifiedDate":"2022-11-11"},{"lineNumber":10,"author":{"gitId":"LiuYHYH"},"content":"                + \"|  _ \\\\ _   _| | _____ \\n\"","lastModifiedDate":"2022-11-11"},{"lineNumber":11,"author":{"gitId":"LiuYHYH"},"content":"                + \"| | | | | | | |/ / _ \\\\\\n\"","lastModifiedDate":"2022-11-11"},{"lineNumber":12,"author":{"gitId":"LiuYHYH"},"content":"                + \"| |_| | |_| |   \u003c  __/\\n\"","lastModifiedDate":"2022-11-11"},{"lineNumber":13,"author":{"gitId":"LiuYHYH"},"content":"                + \"|____/ \\\\__,_|_|\\\\_\\\\___|\\n\";","lastModifiedDate":"2022-11-11"},{"lineNumber":14,"author":{"gitId":"LiuYHYH"},"content":"        System.out.println(\"Hello from YH\\n\" + logo);","lastModifiedDate":"2022-11-11"},{"lineNumber":15,"author":{"gitId":"LiuYHYH"},"content":"        System.out.println(\"    ---------------------------------------\");","lastModifiedDate":"2022-11-11"},{"lineNumber":16,"author":{"gitId":"LiuYHYH"},"content":"        System.out.println(\"     Hello! I\u0027m Duke\\n\" +","lastModifiedDate":"2022-11-11"},{"lineNumber":17,"author":{"gitId":"LiuYHYH"},"content":"                \"     What can I do for you?\");","lastModifiedDate":"2022-11-11"},{"lineNumber":18,"author":{"gitId":"LiuYHYH"},"content":"    }","lastModifiedDate":"2022-11-11"},{"lineNumber":19,"author":{"gitId":"LiuYHYH"},"content":"    public static void showLine(){","lastModifiedDate":"2022-11-11"},{"lineNumber":20,"author":{"gitId":"LiuYHYH"},"content":"        System.out.println(\"---------------------------------------\");","lastModifiedDate":"2022-11-11"},{"lineNumber":21,"author":{"gitId":"LiuYHYH"},"content":"    }","lastModifiedDate":"2022-11-11"},{"lineNumber":22,"author":{"gitId":"LiuYHYH"},"content":"","lastModifiedDate":"2022-11-11"},{"lineNumber":23,"author":{"gitId":"LiuYHYH"},"content":"    public static void showLoadingError(){","lastModifiedDate":"2022-11-11"},{"lineNumber":24,"author":{"gitId":"LiuYHYH"},"content":"        System.out.println(\"OOPS! Loading error!\");","lastModifiedDate":"2022-11-11"},{"lineNumber":25,"author":{"gitId":"LiuYHYH"},"content":"    }","lastModifiedDate":"2022-11-11"},{"lineNumber":26,"author":{"gitId":"LiuYHYH"},"content":"","lastModifiedDate":"2022-11-11"},{"lineNumber":27,"author":{"gitId":"LiuYHYH"},"content":"    public static void showMessage(String message){","lastModifiedDate":"2022-11-11"},{"lineNumber":28,"author":{"gitId":"LiuYHYH"},"content":"        System.out.println(message);","lastModifiedDate":"2022-11-11"},{"lineNumber":29,"author":{"gitId":"LiuYHYH"},"content":"    }","lastModifiedDate":"2022-11-11"},{"lineNumber":30,"author":{"gitId":"LiuYHYH"},"content":"    public static void showError(String errorMessage){","lastModifiedDate":"2022-11-11"},{"lineNumber":31,"author":{"gitId":"LiuYHYH"},"content":"        System.out.println(errorMessage);","lastModifiedDate":"2022-11-11"},{"lineNumber":32,"author":{"gitId":"LiuYHYH"},"content":"    }","lastModifiedDate":"2022-11-11"},{"lineNumber":33,"author":{"gitId":"LiuYHYH"},"content":"    public static String readCommand(){","lastModifiedDate":"2022-11-11"},{"lineNumber":34,"author":{"gitId":"LiuYHYH"},"content":"        Scanner input \u003d new Scanner(System.in);","lastModifiedDate":"2022-11-11"},{"lineNumber":35,"author":{"gitId":"LiuYHYH"},"content":"        return input.nextLine();","lastModifiedDate":"2022-11-11"},{"lineNumber":36,"author":{"gitId":"LiuYHYH"},"content":"    }","lastModifiedDate":"2022-11-11"},{"lineNumber":37,"author":{"gitId":"LiuYHYH"},"content":"","lastModifiedDate":"2022-11-11"},{"lineNumber":38,"author":{"gitId":"LiuYHYH"},"content":"}","lastModifiedDate":"2022-11-11"}],"authorContributionMap":{"LiuYHYH":38}},{"path":"src/main/java/utils/DataUtils.java","fileType":"java","lines":[{"lineNumber":1,"author":{"gitId":"LiuYHYH"},"content":"package utils;","lastModifiedDate":"2022-11-11"},{"lineNumber":2,"author":{"gitId":"LiuYHYH"},"content":"","lastModifiedDate":"2022-11-11"},{"lineNumber":3,"author":{"gitId":"LiuYHYH"},"content":"public class DataUtils {","lastModifiedDate":"2022-11-11"},{"lineNumber":4,"author":{"gitId":"LiuYHYH"},"content":"    public static boolean convertToboolean(String done){","lastModifiedDate":"2022-11-11"},{"lineNumber":5,"author":{"gitId":"LiuYHYH"},"content":"        if(done.equals(\"1\")){","lastModifiedDate":"2022-11-11"},{"lineNumber":6,"author":{"gitId":"LiuYHYH"},"content":"            return true;","lastModifiedDate":"2022-11-11"},{"lineNumber":7,"author":{"gitId":"LiuYHYH"},"content":"        }","lastModifiedDate":"2022-11-11"},{"lineNumber":8,"author":{"gitId":"LiuYHYH"},"content":"        return false;","lastModifiedDate":"2022-11-11"},{"lineNumber":9,"author":{"gitId":"LiuYHYH"},"content":"    }","lastModifiedDate":"2022-11-11"},{"lineNumber":10,"author":{"gitId":"LiuYHYH"},"content":"}","lastModifiedDate":"2022-11-11"}],"authorContributionMap":{"LiuYHYH":10}},{"path":"src/main/java/utils/DukeUtils.java","fileType":"java","lines":[{"lineNumber":1,"author":{"gitId":"LiuYHYH"},"content":"package utils;","lastModifiedDate":"2022-11-04"},{"lineNumber":2,"author":{"gitId":"LiuYHYH"},"content":"","lastModifiedDate":"2022-11-04"},{"lineNumber":3,"author":{"gitId":"LiuYHYH"},"content":"import java.util.List;","lastModifiedDate":"2022-09-19"},{"lineNumber":4,"author":{"gitId":"LiuYHYH"},"content":"import entities.Task;","lastModifiedDate":"2022-11-03"},{"lineNumber":5,"author":{"gitId":"LiuYHYH"},"content":"import entities.Todo;","lastModifiedDate":"2022-11-03"},{"lineNumber":6,"author":{"gitId":"LiuYHYH"},"content":"import entities.Deadline;","lastModifiedDate":"2022-11-03"},{"lineNumber":7,"author":{"gitId":"LiuYHYH"},"content":"import entities.Event;","lastModifiedDate":"2022-11-03"},{"lineNumber":8,"author":{"gitId":"LiuYHYH"},"content":"import exception.DukeException;","lastModifiedDate":"2022-11-04"},{"lineNumber":9,"author":{"gitId":"LiuYHYH"},"content":"","lastModifiedDate":"2022-09-19"},{"lineNumber":10,"author":{"gitId":"LiuYHYH"},"content":"public class DukeUtils {","lastModifiedDate":"2022-09-19"},{"lineNumber":11,"author":{"gitId":"LiuYHYH"},"content":"    public static void printText(String text){","lastModifiedDate":"2022-09-19"},{"lineNumber":12,"author":{"gitId":"LiuYHYH"},"content":"        String line \u003d \"---------------------------------------------\";","lastModifiedDate":"2022-09-19"},{"lineNumber":13,"author":{"gitId":"LiuYHYH"},"content":"        String space \u003d \"     \";","lastModifiedDate":"2022-09-19"},{"lineNumber":14,"author":{"gitId":"LiuYHYH"},"content":"        System.out.println(space + line);","lastModifiedDate":"2022-09-19"},{"lineNumber":15,"author":{"gitId":"LiuYHYH"},"content":"        System.out.println(space + text);","lastModifiedDate":"2022-09-19"},{"lineNumber":16,"author":{"gitId":"LiuYHYH"},"content":"        System.out.println(space + line);","lastModifiedDate":"2022-09-19"},{"lineNumber":17,"author":{"gitId":"LiuYHYH"},"content":"    }","lastModifiedDate":"2022-09-19"},{"lineNumber":18,"author":{"gitId":"LiuYHYH"},"content":"    public static void printAction(Task t, int count){","lastModifiedDate":"2022-09-23"},{"lineNumber":19,"author":{"gitId":"LiuYHYH"},"content":"        String line \u003d \"---------------------------------------------\";","lastModifiedDate":"2022-09-23"},{"lineNumber":20,"author":{"gitId":"LiuYHYH"},"content":"        String space \u003d \"     \";","lastModifiedDate":"2022-09-23"},{"lineNumber":21,"author":{"gitId":"LiuYHYH"},"content":"        System.out.println(space + line);","lastModifiedDate":"2022-09-23"},{"lineNumber":22,"author":{"gitId":"LiuYHYH"},"content":"        System.out.println(space + \"Got it. I\u0027ve added this task:\" );","lastModifiedDate":"2022-09-23"},{"lineNumber":23,"author":{"gitId":"LiuYHYH"},"content":"        System.out.println(space + t.toString());","lastModifiedDate":"2022-11-03"},{"lineNumber":24,"author":{"gitId":"LiuYHYH"},"content":"        System.out.println(space + \"Now you have\" + count + \"tasks in the list.\" );","lastModifiedDate":"2022-09-23"},{"lineNumber":25,"author":{"gitId":"LiuYHYH"},"content":"        System.out.println(space + line);","lastModifiedDate":"2022-09-23"},{"lineNumber":26,"author":{"gitId":"LiuYHYH"},"content":"    }","lastModifiedDate":"2022-09-23"},{"lineNumber":27,"author":{"gitId":"LiuYHYH"},"content":"    public static void printDelete(Task t, int count){","lastModifiedDate":"2022-11-04"},{"lineNumber":28,"author":{"gitId":"LiuYHYH"},"content":"        String line \u003d \"---------------------------------------------\";","lastModifiedDate":"2022-11-04"},{"lineNumber":29,"author":{"gitId":"LiuYHYH"},"content":"        String space \u003d \"     \";","lastModifiedDate":"2022-11-04"},{"lineNumber":30,"author":{"gitId":"LiuYHYH"},"content":"        System.out.println(space + line);","lastModifiedDate":"2022-11-04"},{"lineNumber":31,"author":{"gitId":"LiuYHYH"},"content":"        System.out.println(space + \"Noted. I\u0027ve removed this task:\" );","lastModifiedDate":"2022-11-04"},{"lineNumber":32,"author":{"gitId":"LiuYHYH"},"content":"        System.out.println(space + t.toString());","lastModifiedDate":"2022-11-04"},{"lineNumber":33,"author":{"gitId":"LiuYHYH"},"content":"        System.out.println(space + \"Now you have\" + count + \"tasks in the list.\" );","lastModifiedDate":"2022-11-04"},{"lineNumber":34,"author":{"gitId":"LiuYHYH"},"content":"        System.out.println(space + line);","lastModifiedDate":"2022-11-04"},{"lineNumber":35,"author":{"gitId":"LiuYHYH"},"content":"    }","lastModifiedDate":"2022-11-04"},{"lineNumber":36,"author":{"gitId":"LiuYHYH"},"content":"    public static String getAction(String description){","lastModifiedDate":"2022-11-03"},{"lineNumber":37,"author":{"gitId":"LiuYHYH"},"content":"        String action \u003d description.split(\" \", 2)[0].trim();","lastModifiedDate":"2022-11-03"},{"lineNumber":38,"author":{"gitId":"LiuYHYH"},"content":"        return action;","lastModifiedDate":"2022-11-03"},{"lineNumber":39,"author":{"gitId":"LiuYHYH"},"content":"    }","lastModifiedDate":"2022-11-03"},{"lineNumber":40,"author":{"gitId":"LiuYHYH"},"content":"    public static String getBody(String description){","lastModifiedDate":"2022-11-03"},{"lineNumber":41,"author":{"gitId":"LiuYHYH"},"content":"        String rest \u003d description.split(\" \", 2)[1].trim();","lastModifiedDate":"2022-11-03"},{"lineNumber":42,"author":{"gitId":"LiuYHYH"},"content":"        String body \u003d rest.split(\"/\", 2)[0].trim();","lastModifiedDate":"2022-11-03"},{"lineNumber":43,"author":{"gitId":"LiuYHYH"},"content":"        return body;","lastModifiedDate":"2022-11-03"},{"lineNumber":44,"author":{"gitId":"LiuYHYH"},"content":"    }","lastModifiedDate":"2022-11-03"},{"lineNumber":45,"author":{"gitId":"LiuYHYH"},"content":"    public static String getDate(String description) {","lastModifiedDate":"2022-11-03"},{"lineNumber":46,"author":{"gitId":"LiuYHYH"},"content":"        String date \u003d description.split(\"/\", 2)[1].trim();","lastModifiedDate":"2022-11-03"},{"lineNumber":47,"author":{"gitId":"LiuYHYH"},"content":"        return date;","lastModifiedDate":"2022-11-03"},{"lineNumber":48,"author":{"gitId":"LiuYHYH"},"content":"    }","lastModifiedDate":"2022-09-23"},{"lineNumber":49,"author":{"gitId":"LiuYHYH"},"content":"    public static void printList(List\u003cTask\u003e tasks) {","lastModifiedDate":"2022-09-19"},{"lineNumber":50,"author":{"gitId":"LiuYHYH"},"content":"        String line \u003d \"---------------------------------------------\";","lastModifiedDate":"2022-09-19"},{"lineNumber":51,"author":{"gitId":"LiuYHYH"},"content":"        String space \u003d \"     \";","lastModifiedDate":"2022-09-19"},{"lineNumber":52,"author":{"gitId":"LiuYHYH"},"content":"        System.out.println(space + line);","lastModifiedDate":"2022-09-19"},{"lineNumber":53,"author":{"gitId":"LiuYHYH"},"content":"        System.out.println(space + \"Here are the tasks in your list:\");","lastModifiedDate":"2022-09-19"},{"lineNumber":54,"author":{"gitId":"LiuYHYH"},"content":"        for (Task task : tasks) {","lastModifiedDate":"2022-09-19"},{"lineNumber":55,"author":{"gitId":"LiuYHYH"},"content":"            int index \u003d tasks.indexOf(task) + 1;","lastModifiedDate":"2022-09-19"},{"lineNumber":56,"author":{"gitId":"LiuYHYH"},"content":"            System.out.println(space + index + \". \" + task.toString());","lastModifiedDate":"2022-11-03"},{"lineNumber":57,"author":{"gitId":"LiuYHYH"},"content":"        }","lastModifiedDate":"2022-09-19"},{"lineNumber":58,"author":{"gitId":"LiuYHYH"},"content":"        System.out.println(space + line);","lastModifiedDate":"2022-09-19"},{"lineNumber":59,"author":{"gitId":"LiuYHYH"},"content":"    }","lastModifiedDate":"2022-09-19"},{"lineNumber":60,"author":{"gitId":"LiuYHYH"},"content":"    public static void validateInput(String text) throws DukeException {","lastModifiedDate":"2022-11-03"},{"lineNumber":61,"author":{"gitId":"LiuYHYH"},"content":"        String action;","lastModifiedDate":"2022-11-03"},{"lineNumber":62,"author":{"gitId":"LiuYHYH"},"content":"        action \u003d text.split(\" \", 2)[0];","lastModifiedDate":"2022-11-03"},{"lineNumber":63,"author":{"gitId":"LiuYHYH"},"content":"        switch(action) {","lastModifiedDate":"2022-11-03"},{"lineNumber":64,"author":{"gitId":"LiuYHYH"},"content":"            case \"bye\":","lastModifiedDate":"2022-11-03"},{"lineNumber":65,"author":{"gitId":"LiuYHYH"},"content":"            case \"list\":","lastModifiedDate":"2022-11-03"},{"lineNumber":66,"author":{"gitId":"LiuYHYH"},"content":"                return;","lastModifiedDate":"2022-11-03"},{"lineNumber":67,"author":{"gitId":"LiuYHYH"},"content":"            case \"deadline\":","lastModifiedDate":"2022-11-03"},{"lineNumber":68,"author":{"gitId":"LiuYHYH"},"content":"                if (text.split(\" \", 2).length \u003c 2) {","lastModifiedDate":"2022-11-03"},{"lineNumber":69,"author":{"gitId":"LiuYHYH"},"content":"                    throw new DukeException(\"☹ OOPS!!! The description of a deadline cannot be empty.\");","lastModifiedDate":"2022-11-03"},{"lineNumber":70,"author":{"gitId":"LiuYHYH"},"content":"                }","lastModifiedDate":"2022-11-03"},{"lineNumber":71,"author":{"gitId":"LiuYHYH"},"content":"                if (!text.contains(\"/\")) {","lastModifiedDate":"2022-11-13"},{"lineNumber":72,"author":{"gitId":"LiuYHYH"},"content":"                    throw new DukeException(\"☹ OOPS!!! The date of a deadline cannot be empty.\");","lastModifiedDate":"2022-11-13"},{"lineNumber":73,"author":{"gitId":"LiuYHYH"},"content":"                }","lastModifiedDate":"2022-11-13"},{"lineNumber":74,"author":{"gitId":"LiuYHYH"},"content":"                break;","lastModifiedDate":"2022-11-03"},{"lineNumber":75,"author":{"gitId":"LiuYHYH"},"content":"            case \"todo\":","lastModifiedDate":"2022-11-03"},{"lineNumber":76,"author":{"gitId":"LiuYHYH"},"content":"                if (text.split(\" \", 2).length \u003c 2) {","lastModifiedDate":"2022-11-03"},{"lineNumber":77,"author":{"gitId":"LiuYHYH"},"content":"                    throw new DukeException(\"☹ OOPS!!! The description of a todo cannot be empty.\");","lastModifiedDate":"2022-11-03"},{"lineNumber":78,"author":{"gitId":"LiuYHYH"},"content":"                }","lastModifiedDate":"2022-11-03"},{"lineNumber":79,"author":{"gitId":"LiuYHYH"},"content":"                break;","lastModifiedDate":"2022-11-03"},{"lineNumber":80,"author":{"gitId":"LiuYHYH"},"content":"            case \"event\":","lastModifiedDate":"2022-11-03"},{"lineNumber":81,"author":{"gitId":"LiuYHYH"},"content":"                if (text.split(\" \", 2).length \u003c 2) {","lastModifiedDate":"2022-11-03"},{"lineNumber":82,"author":{"gitId":"LiuYHYH"},"content":"                    throw new DukeException(\"☹ OOPS!!! The description of a event cannot be empty.\");","lastModifiedDate":"2022-11-03"},{"lineNumber":83,"author":{"gitId":"LiuYHYH"},"content":"                }","lastModifiedDate":"2022-11-03"},{"lineNumber":84,"author":{"gitId":"LiuYHYH"},"content":"                if (!text.contains(\"/\")) {","lastModifiedDate":"2022-11-13"},{"lineNumber":85,"author":{"gitId":"LiuYHYH"},"content":"                    throw new DukeException(\"☹ OOPS!!! The date of a event cannot be empty.\");","lastModifiedDate":"2022-11-13"},{"lineNumber":86,"author":{"gitId":"LiuYHYH"},"content":"                }","lastModifiedDate":"2022-11-13"},{"lineNumber":87,"author":{"gitId":"LiuYHYH"},"content":"                break;","lastModifiedDate":"2022-11-03"},{"lineNumber":88,"author":{"gitId":"LiuYHYH"},"content":"            case \"delete\":","lastModifiedDate":"2022-11-04"},{"lineNumber":89,"author":{"gitId":"LiuYHYH"},"content":"                if (text.split(\" \", 2).length \u003c 2) {","lastModifiedDate":"2022-11-04"},{"lineNumber":90,"author":{"gitId":"LiuYHYH"},"content":"                    throw new DukeException(\"☹ OOPS!!! The delete task number cannot be empty.\");","lastModifiedDate":"2022-11-04"},{"lineNumber":91,"author":{"gitId":"LiuYHYH"},"content":"                }","lastModifiedDate":"2022-11-04"},{"lineNumber":92,"author":{"gitId":"LiuYHYH"},"content":"                break;","lastModifiedDate":"2022-11-04"},{"lineNumber":93,"author":{"gitId":"LiuYHYH"},"content":"            case \"mark\":","lastModifiedDate":"2022-11-13"},{"lineNumber":94,"author":{"gitId":"LiuYHYH"},"content":"                if (text.split(\" \", 2).length \u003c 2) {","lastModifiedDate":"2022-11-13"},{"lineNumber":95,"author":{"gitId":"LiuYHYH"},"content":"                    throw new DukeException(\"☹ OOPS!!! The mark task number cannot be empty.\");","lastModifiedDate":"2022-11-13"},{"lineNumber":96,"author":{"gitId":"LiuYHYH"},"content":"                }","lastModifiedDate":"2022-11-13"},{"lineNumber":97,"author":{"gitId":"LiuYHYH"},"content":"                break;","lastModifiedDate":"2022-11-13"},{"lineNumber":98,"author":{"gitId":"LiuYHYH"},"content":"            case \"unmark\":","lastModifiedDate":"2022-11-13"},{"lineNumber":99,"author":{"gitId":"LiuYHYH"},"content":"                if (text.split(\" \", 2).length \u003c 2) {","lastModifiedDate":"2022-11-13"},{"lineNumber":100,"author":{"gitId":"LiuYHYH"},"content":"                    throw new DukeException(\"☹ OOPS!!! The unmark task number cannot be empty.\");","lastModifiedDate":"2022-11-13"},{"lineNumber":101,"author":{"gitId":"LiuYHYH"},"content":"                }","lastModifiedDate":"2022-11-13"},{"lineNumber":102,"author":{"gitId":"LiuYHYH"},"content":"                break;","lastModifiedDate":"2022-11-13"},{"lineNumber":103,"author":{"gitId":"LiuYHYH"},"content":"            default:","lastModifiedDate":"2022-11-03"},{"lineNumber":104,"author":{"gitId":"LiuYHYH"},"content":"                throw new DukeException(\"☹ OOPS!!! I\u0027m sorry, but I don\u0027t know what that means :-(\");","lastModifiedDate":"2022-11-03"},{"lineNumber":105,"author":{"gitId":"LiuYHYH"},"content":"        }","lastModifiedDate":"2022-11-03"},{"lineNumber":106,"author":{"gitId":"LiuYHYH"},"content":"    }","lastModifiedDate":"2022-11-03"},{"lineNumber":107,"author":{"gitId":"LiuYHYH"},"content":"","lastModifiedDate":"2022-11-03"},{"lineNumber":108,"author":{"gitId":"LiuYHYH"},"content":"}","lastModifiedDate":"2022-09-19"}],"authorContributionMap":{"LiuYHYH":108}}]
