[{"path":"src/main/java/Command/command.java","fileType":"java","lines":[{"lineNumber":1,"author":{"gitId":"LiuYHYH"},"content":"package Command;","lastModifiedDate":"2022-11-03"},{"lineNumber":2,"author":{"gitId":"LiuYHYH"},"content":"","lastModifiedDate":"2022-11-03"},{"lineNumber":3,"author":{"gitId":"LiuYHYH"},"content":"public enum command{","lastModifiedDate":"2022-11-03"},{"lineNumber":4,"author":{"gitId":"LiuYHYH"},"content":"","lastModifiedDate":"2022-11-03"},{"lineNumber":5,"author":{"gitId":"LiuYHYH"},"content":"}","lastModifiedDate":"2022-11-03"}],"authorContributionMap":{"LiuYHYH":5}},{"path":"src/main/java/Duke.java","fileType":"java","lines":[{"lineNumber":1,"author":{"gitId":"LiuYHYH"},"content":"import java.util.ArrayList;","lastModifiedDate":"2022-09-07"},{"lineNumber":2,"author":{"gitId":"LiuYHYH"},"content":"import java.util.List;","lastModifiedDate":"2022-09-07"},{"lineNumber":3,"author":{"gitId":"LiuYHYH"},"content":"import java.util.Scanner;","lastModifiedDate":"2022-09-07"},{"lineNumber":4,"author":{"gitId":"LiuYHYH"},"content":"import entities.Task;","lastModifiedDate":"2022-11-03"},{"lineNumber":5,"author":{"gitId":"LiuYHYH"},"content":"import entities.Deadline;","lastModifiedDate":"2022-11-03"},{"lineNumber":6,"author":{"gitId":"LiuYHYH"},"content":"import entities.Event;","lastModifiedDate":"2022-11-03"},{"lineNumber":7,"author":{"gitId":"LiuYHYH"},"content":"import entities.Todo;","lastModifiedDate":"2022-11-03"},{"lineNumber":8,"author":{"gitId":"LiuYHYH"},"content":"","lastModifiedDate":"2022-09-19"},{"lineNumber":9,"author":{"gitId":"-"},"content":"public class Duke {","lastModifiedDate":"2019-07-29"},{"lineNumber":10,"author":{"gitId":"-"},"content":"    public static void main(String[] args) {","lastModifiedDate":"2019-07-29"},{"lineNumber":11,"author":{"gitId":"-"},"content":"        String logo \u003d \" ____        _        \\n\"","lastModifiedDate":"2019-07-29"},{"lineNumber":12,"author":{"gitId":"-"},"content":"                + \"|  _ \\\\ _   _| | _____ \\n\"","lastModifiedDate":"2019-07-29"},{"lineNumber":13,"author":{"gitId":"-"},"content":"                + \"| | | | | | | |/ / _ \\\\\\n\"","lastModifiedDate":"2019-07-29"},{"lineNumber":14,"author":{"gitId":"-"},"content":"                + \"| |_| | |_| |   \u003c  __/\\n\"","lastModifiedDate":"2019-07-29"},{"lineNumber":15,"author":{"gitId":"-"},"content":"                + \"|____/ \\\\__,_|_|\\\\_\\\\___|\\n\";","lastModifiedDate":"2019-07-29"},{"lineNumber":16,"author":{"gitId":"LiuYHYH"},"content":"        System.out.println(\"Hello from YH\\n\" + logo);","lastModifiedDate":"2022-09-19"},{"lineNumber":17,"author":{"gitId":"LiuYHYH"},"content":"        System.out.println(\"    ---------------------------------------\");","lastModifiedDate":"2022-09-08"},{"lineNumber":18,"author":{"gitId":"LiuYHYH"},"content":"        System.out.println(\"     Hello! I\u0027m Duke\\n\" +","lastModifiedDate":"2022-09-08"},{"lineNumber":19,"author":{"gitId":"LiuYHYH"},"content":"                \"     What can I do for you?\");","lastModifiedDate":"2022-09-08"},{"lineNumber":20,"author":{"gitId":"LiuYHYH"},"content":"","lastModifiedDate":"2022-09-07"},{"lineNumber":21,"author":{"gitId":"LiuYHYH"},"content":"        List\u003cTask\u003e tasks \u003d new ArrayList\u003c\u003e();","lastModifiedDate":"2022-09-19"},{"lineNumber":22,"author":{"gitId":"LiuYHYH"},"content":"        String action, rest;","lastModifiedDate":"2022-11-03"},{"lineNumber":23,"author":{"gitId":"LiuYHYH"},"content":"","lastModifiedDate":"2022-11-03"},{"lineNumber":24,"author":{"gitId":"LiuYHYH"},"content":"        whileLoop: while (true){","lastModifiedDate":"2022-09-19"},{"lineNumber":25,"author":{"gitId":"LiuYHYH"},"content":"            String text;","lastModifiedDate":"2022-09-07"},{"lineNumber":26,"author":{"gitId":"LiuYHYH"},"content":"            Scanner s \u003d new Scanner(System.in);","lastModifiedDate":"2022-09-07"},{"lineNumber":27,"author":{"gitId":"LiuYHYH"},"content":"            text \u003d s.nextLine();","lastModifiedDate":"2022-09-07"},{"lineNumber":28,"author":{"gitId":"LiuYHYH"},"content":"            try{","lastModifiedDate":"2022-11-03"},{"lineNumber":29,"author":{"gitId":"LiuYHYH"},"content":"                DukeUtils.validateInput(text);","lastModifiedDate":"2022-11-03"},{"lineNumber":30,"author":{"gitId":"LiuYHYH"},"content":"            }catch (DukeException e){","lastModifiedDate":"2022-11-03"},{"lineNumber":31,"author":{"gitId":"LiuYHYH"},"content":"                DukeUtils.printText(e.getMessage());","lastModifiedDate":"2022-11-03"},{"lineNumber":32,"author":{"gitId":"LiuYHYH"},"content":"                continue;","lastModifiedDate":"2022-11-03"},{"lineNumber":33,"author":{"gitId":"LiuYHYH"},"content":"            }","lastModifiedDate":"2022-11-03"},{"lineNumber":34,"author":{"gitId":"LiuYHYH"},"content":"            Task t;","lastModifiedDate":"2022-09-19"},{"lineNumber":35,"author":{"gitId":"LiuYHYH"},"content":"","lastModifiedDate":"2022-11-03"},{"lineNumber":36,"author":{"gitId":"LiuYHYH"},"content":"            action \u003d text.split(\" \", 2)[0];","lastModifiedDate":"2022-09-19"},{"lineNumber":37,"author":{"gitId":"LiuYHYH"},"content":"","lastModifiedDate":"2022-09-23"},{"lineNumber":38,"author":{"gitId":"LiuYHYH"},"content":"            switch(action){","lastModifiedDate":"2022-09-19"},{"lineNumber":39,"author":{"gitId":"LiuYHYH"},"content":"                case \"bye\":","lastModifiedDate":"2022-09-19"},{"lineNumber":40,"author":{"gitId":"LiuYHYH"},"content":"                    System.out.println(\"    ---------------------------------------\");","lastModifiedDate":"2022-09-07"},{"lineNumber":41,"author":{"gitId":"LiuYHYH"},"content":"                    System.out.println(\"    Bye. Hope to see you again soon!\");","lastModifiedDate":"2022-09-07"},{"lineNumber":42,"author":{"gitId":"LiuYHYH"},"content":"                    break whileLoop;","lastModifiedDate":"2022-09-19"},{"lineNumber":43,"author":{"gitId":"LiuYHYH"},"content":"","lastModifiedDate":"2022-09-19"},{"lineNumber":44,"author":{"gitId":"LiuYHYH"},"content":"                case \"list\":","lastModifiedDate":"2022-09-19"},{"lineNumber":45,"author":{"gitId":"LiuYHYH"},"content":"                    DukeUtils.printList(tasks);","lastModifiedDate":"2022-09-19"},{"lineNumber":46,"author":{"gitId":"LiuYHYH"},"content":"                    break;","lastModifiedDate":"2022-09-07"},{"lineNumber":47,"author":{"gitId":"LiuYHYH"},"content":"","lastModifiedDate":"2022-09-19"},{"lineNumber":48,"author":{"gitId":"LiuYHYH"},"content":"                case \"mark\":","lastModifiedDate":"2022-09-19"},{"lineNumber":49,"author":{"gitId":"LiuYHYH"},"content":"                    rest \u003d text.split(\" \", 2)[1];","lastModifiedDate":"2022-11-03"},{"lineNumber":50,"author":{"gitId":"LiuYHYH"},"content":"                    t \u003d tasks.get(Integer.parseInt(rest)-1);","lastModifiedDate":"2022-09-19"},{"lineNumber":51,"author":{"gitId":"LiuYHYH"},"content":"                    t.updateMark(true);","lastModifiedDate":"2022-09-19"},{"lineNumber":52,"author":{"gitId":"LiuYHYH"},"content":"                    DukeUtils.printText(\"Nice! I\u0027ve marked this task as done:\\n \" + \"    \" + t.toString());","lastModifiedDate":"2022-11-03"},{"lineNumber":53,"author":{"gitId":"LiuYHYH"},"content":"                    break;","lastModifiedDate":"2022-09-19"},{"lineNumber":54,"author":{"gitId":"LiuYHYH"},"content":"","lastModifiedDate":"2022-09-19"},{"lineNumber":55,"author":{"gitId":"LiuYHYH"},"content":"                case \"unmark\":","lastModifiedDate":"2022-09-19"},{"lineNumber":56,"author":{"gitId":"LiuYHYH"},"content":"                    rest \u003d text.split(\" \", 2)[1];","lastModifiedDate":"2022-11-03"},{"lineNumber":57,"author":{"gitId":"LiuYHYH"},"content":"                    t \u003d tasks.get(Integer.parseInt(rest)-1);","lastModifiedDate":"2022-09-19"},{"lineNumber":58,"author":{"gitId":"LiuYHYH"},"content":"                    t.updateMark(false);","lastModifiedDate":"2022-09-19"},{"lineNumber":59,"author":{"gitId":"LiuYHYH"},"content":"                    DukeUtils.printText(\"OK, I\u0027ve marked this task as not done yet:\\n \" + \"    \" + t.toString());","lastModifiedDate":"2022-11-03"},{"lineNumber":60,"author":{"gitId":"LiuYHYH"},"content":"                    break;","lastModifiedDate":"2022-09-19"},{"lineNumber":61,"author":{"gitId":"LiuYHYH"},"content":"","lastModifiedDate":"2022-09-19"},{"lineNumber":62,"author":{"gitId":"LiuYHYH"},"content":"                case \"todo\":","lastModifiedDate":"2022-09-23"},{"lineNumber":63,"author":{"gitId":"LiuYHYH"},"content":"                    t \u003d new Todo(text);","lastModifiedDate":"2022-11-03"},{"lineNumber":64,"author":{"gitId":"LiuYHYH"},"content":"                    tasks.add(t);","lastModifiedDate":"2022-09-23"},{"lineNumber":65,"author":{"gitId":"LiuYHYH"},"content":"                    int countT \u003d tasks.size();","lastModifiedDate":"2022-09-23"},{"lineNumber":66,"author":{"gitId":"LiuYHYH"},"content":"                    DukeUtils.printAction(t, countT);","lastModifiedDate":"2022-09-23"},{"lineNumber":67,"author":{"gitId":"LiuYHYH"},"content":"                    break;","lastModifiedDate":"2022-09-23"},{"lineNumber":68,"author":{"gitId":"LiuYHYH"},"content":"","lastModifiedDate":"2022-09-23"},{"lineNumber":69,"author":{"gitId":"LiuYHYH"},"content":"                case \"deadline\":","lastModifiedDate":"2022-09-23"},{"lineNumber":70,"author":{"gitId":"LiuYHYH"},"content":"                    String dateD \u003d DukeUtils.getDate(text);","lastModifiedDate":"2022-11-03"},{"lineNumber":71,"author":{"gitId":"LiuYHYH"},"content":"                    t \u003d new Deadline(text, dateD);","lastModifiedDate":"2022-11-03"},{"lineNumber":72,"author":{"gitId":"LiuYHYH"},"content":"                    tasks.add(t);","lastModifiedDate":"2022-09-23"},{"lineNumber":73,"author":{"gitId":"LiuYHYH"},"content":"                    int countD \u003d tasks.size();","lastModifiedDate":"2022-09-23"},{"lineNumber":74,"author":{"gitId":"LiuYHYH"},"content":"                    DukeUtils.printAction(t ,countD);","lastModifiedDate":"2022-09-23"},{"lineNumber":75,"author":{"gitId":"LiuYHYH"},"content":"                    break;","lastModifiedDate":"2022-09-23"},{"lineNumber":76,"author":{"gitId":"LiuYHYH"},"content":"","lastModifiedDate":"2022-09-23"},{"lineNumber":77,"author":{"gitId":"LiuYHYH"},"content":"                case \"event\":","lastModifiedDate":"2022-09-23"},{"lineNumber":78,"author":{"gitId":"LiuYHYH"},"content":"                    String dateE \u003d DukeUtils.getDate(text);","lastModifiedDate":"2022-11-03"},{"lineNumber":79,"author":{"gitId":"LiuYHYH"},"content":"                    t \u003d new Event(text, dateE);","lastModifiedDate":"2022-11-03"},{"lineNumber":80,"author":{"gitId":"LiuYHYH"},"content":"                    tasks.add(t);","lastModifiedDate":"2022-09-23"},{"lineNumber":81,"author":{"gitId":"LiuYHYH"},"content":"                    int countE \u003d tasks.size();","lastModifiedDate":"2022-09-23"},{"lineNumber":82,"author":{"gitId":"LiuYHYH"},"content":"                    DukeUtils.printAction(t, countE);","lastModifiedDate":"2022-09-23"},{"lineNumber":83,"author":{"gitId":"LiuYHYH"},"content":"                    break;","lastModifiedDate":"2022-09-23"},{"lineNumber":84,"author":{"gitId":"LiuYHYH"},"content":"","lastModifiedDate":"2022-09-23"},{"lineNumber":85,"author":{"gitId":"LiuYHYH"},"content":"                default:","lastModifiedDate":"2022-09-19"},{"lineNumber":86,"author":{"gitId":"LiuYHYH"},"content":"                    tasks.add(new Task(text));","lastModifiedDate":"2022-09-19"},{"lineNumber":87,"author":{"gitId":"LiuYHYH"},"content":"                    DukeUtils.printText(\"added: \" + text);","lastModifiedDate":"2022-09-19"},{"lineNumber":88,"author":{"gitId":"LiuYHYH"},"content":"            }","lastModifiedDate":"2022-09-07"},{"lineNumber":89,"author":{"gitId":"LiuYHYH"},"content":"        }","lastModifiedDate":"2022-09-07"},{"lineNumber":90,"author":{"gitId":"-"},"content":"    }","lastModifiedDate":"2019-07-29"},{"lineNumber":91,"author":{"gitId":"-"},"content":"}","lastModifiedDate":"2019-07-29"}],"authorContributionMap":{"LiuYHYH":82,"-":9}},{"path":"src/main/java/DukeException.java","fileType":"java","lines":[{"lineNumber":1,"author":{"gitId":"LiuYHYH"},"content":"public class DukeException extends Exception{","lastModifiedDate":"2022-11-03"},{"lineNumber":2,"author":{"gitId":"LiuYHYH"},"content":"    public DukeException(String errorMessage) {","lastModifiedDate":"2022-11-03"},{"lineNumber":3,"author":{"gitId":"LiuYHYH"},"content":"        super(errorMessage);","lastModifiedDate":"2022-11-03"},{"lineNumber":4,"author":{"gitId":"LiuYHYH"},"content":"    }","lastModifiedDate":"2022-11-03"},{"lineNumber":5,"author":{"gitId":"LiuYHYH"},"content":"}","lastModifiedDate":"2022-11-03"},{"lineNumber":6,"author":{"gitId":"LiuYHYH"},"content":"","lastModifiedDate":"2022-11-03"}],"authorContributionMap":{"LiuYHYH":6}},{"path":"src/main/java/DukeUtils.java","fileType":"java","lines":[{"lineNumber":1,"author":{"gitId":"LiuYHYH"},"content":"import java.util.List;","lastModifiedDate":"2022-09-19"},{"lineNumber":2,"author":{"gitId":"LiuYHYH"},"content":"import entities.Task;","lastModifiedDate":"2022-11-03"},{"lineNumber":3,"author":{"gitId":"LiuYHYH"},"content":"import entities.Todo;","lastModifiedDate":"2022-11-03"},{"lineNumber":4,"author":{"gitId":"LiuYHYH"},"content":"import entities.Deadline;","lastModifiedDate":"2022-11-03"},{"lineNumber":5,"author":{"gitId":"LiuYHYH"},"content":"import entities.Event;","lastModifiedDate":"2022-11-03"},{"lineNumber":6,"author":{"gitId":"LiuYHYH"},"content":"","lastModifiedDate":"2022-09-19"},{"lineNumber":7,"author":{"gitId":"LiuYHYH"},"content":"public class DukeUtils {","lastModifiedDate":"2022-09-19"},{"lineNumber":8,"author":{"gitId":"LiuYHYH"},"content":"    public static void printText(String text){","lastModifiedDate":"2022-09-19"},{"lineNumber":9,"author":{"gitId":"LiuYHYH"},"content":"        String line \u003d \"---------------------------------------------\";","lastModifiedDate":"2022-09-19"},{"lineNumber":10,"author":{"gitId":"LiuYHYH"},"content":"        String space \u003d \"     \";","lastModifiedDate":"2022-09-19"},{"lineNumber":11,"author":{"gitId":"LiuYHYH"},"content":"        System.out.println(space + line);","lastModifiedDate":"2022-09-19"},{"lineNumber":12,"author":{"gitId":"LiuYHYH"},"content":"        System.out.println(space + text);","lastModifiedDate":"2022-09-19"},{"lineNumber":13,"author":{"gitId":"LiuYHYH"},"content":"        System.out.println(space + line);","lastModifiedDate":"2022-09-19"},{"lineNumber":14,"author":{"gitId":"LiuYHYH"},"content":"    }","lastModifiedDate":"2022-09-19"},{"lineNumber":15,"author":{"gitId":"LiuYHYH"},"content":"    public static void printAction(Task t, int count){","lastModifiedDate":"2022-09-23"},{"lineNumber":16,"author":{"gitId":"LiuYHYH"},"content":"        String line \u003d \"---------------------------------------------\";","lastModifiedDate":"2022-09-23"},{"lineNumber":17,"author":{"gitId":"LiuYHYH"},"content":"        String space \u003d \"     \";","lastModifiedDate":"2022-09-23"},{"lineNumber":18,"author":{"gitId":"LiuYHYH"},"content":"        System.out.println(space + line);","lastModifiedDate":"2022-09-23"},{"lineNumber":19,"author":{"gitId":"LiuYHYH"},"content":"        System.out.println(space + \"Got it. I\u0027ve added this task:\" );","lastModifiedDate":"2022-09-23"},{"lineNumber":20,"author":{"gitId":"LiuYHYH"},"content":"        System.out.println(space + t.toString());","lastModifiedDate":"2022-11-03"},{"lineNumber":21,"author":{"gitId":"LiuYHYH"},"content":"        System.out.println(space + \"Now you have\" + count + \"tasks in the list.\" );","lastModifiedDate":"2022-09-23"},{"lineNumber":22,"author":{"gitId":"LiuYHYH"},"content":"        System.out.println(space + line);","lastModifiedDate":"2022-09-23"},{"lineNumber":23,"author":{"gitId":"LiuYHYH"},"content":"    }","lastModifiedDate":"2022-09-23"},{"lineNumber":24,"author":{"gitId":"LiuYHYH"},"content":"    public static String getAction(String description){","lastModifiedDate":"2022-11-03"},{"lineNumber":25,"author":{"gitId":"LiuYHYH"},"content":"        String action \u003d description.split(\" \", 2)[0].trim();","lastModifiedDate":"2022-11-03"},{"lineNumber":26,"author":{"gitId":"LiuYHYH"},"content":"        return action;","lastModifiedDate":"2022-11-03"},{"lineNumber":27,"author":{"gitId":"LiuYHYH"},"content":"    }","lastModifiedDate":"2022-11-03"},{"lineNumber":28,"author":{"gitId":"LiuYHYH"},"content":"    public static String getBody(String description){","lastModifiedDate":"2022-11-03"},{"lineNumber":29,"author":{"gitId":"LiuYHYH"},"content":"        String rest \u003d description.split(\" \", 2)[1].trim();","lastModifiedDate":"2022-11-03"},{"lineNumber":30,"author":{"gitId":"LiuYHYH"},"content":"        String body \u003d rest.split(\"/\", 2)[0].trim();","lastModifiedDate":"2022-11-03"},{"lineNumber":31,"author":{"gitId":"LiuYHYH"},"content":"        return body;","lastModifiedDate":"2022-11-03"},{"lineNumber":32,"author":{"gitId":"LiuYHYH"},"content":"    }","lastModifiedDate":"2022-11-03"},{"lineNumber":33,"author":{"gitId":"LiuYHYH"},"content":"    public static String getDate(String description) {","lastModifiedDate":"2022-11-03"},{"lineNumber":34,"author":{"gitId":"LiuYHYH"},"content":"        String date \u003d description.split(\"/\", 2)[1].trim();","lastModifiedDate":"2022-11-03"},{"lineNumber":35,"author":{"gitId":"LiuYHYH"},"content":"        return date;","lastModifiedDate":"2022-11-03"},{"lineNumber":36,"author":{"gitId":"LiuYHYH"},"content":"    }","lastModifiedDate":"2022-09-23"},{"lineNumber":37,"author":{"gitId":"LiuYHYH"},"content":"    public static void printList(List\u003cTask\u003e tasks) {","lastModifiedDate":"2022-09-19"},{"lineNumber":38,"author":{"gitId":"LiuYHYH"},"content":"        String line \u003d \"---------------------------------------------\";","lastModifiedDate":"2022-09-19"},{"lineNumber":39,"author":{"gitId":"LiuYHYH"},"content":"        String space \u003d \"     \";","lastModifiedDate":"2022-09-19"},{"lineNumber":40,"author":{"gitId":"LiuYHYH"},"content":"        System.out.println(space + line);","lastModifiedDate":"2022-09-19"},{"lineNumber":41,"author":{"gitId":"LiuYHYH"},"content":"        System.out.println(space + \"Here are the tasks in your list:\");","lastModifiedDate":"2022-09-19"},{"lineNumber":42,"author":{"gitId":"LiuYHYH"},"content":"        for (Task task : tasks) {","lastModifiedDate":"2022-09-19"},{"lineNumber":43,"author":{"gitId":"LiuYHYH"},"content":"            int index \u003d tasks.indexOf(task) + 1;","lastModifiedDate":"2022-09-19"},{"lineNumber":44,"author":{"gitId":"LiuYHYH"},"content":"            System.out.println(space + index + \". \" + task.toString());","lastModifiedDate":"2022-11-03"},{"lineNumber":45,"author":{"gitId":"LiuYHYH"},"content":"        }","lastModifiedDate":"2022-09-19"},{"lineNumber":46,"author":{"gitId":"LiuYHYH"},"content":"        System.out.println(space + line);","lastModifiedDate":"2022-09-19"},{"lineNumber":47,"author":{"gitId":"LiuYHYH"},"content":"    }","lastModifiedDate":"2022-09-19"},{"lineNumber":48,"author":{"gitId":"LiuYHYH"},"content":"","lastModifiedDate":"2022-11-03"},{"lineNumber":49,"author":{"gitId":"LiuYHYH"},"content":"    public static void validateInput(String text) throws DukeException {","lastModifiedDate":"2022-11-03"},{"lineNumber":50,"author":{"gitId":"LiuYHYH"},"content":"        String action;","lastModifiedDate":"2022-11-03"},{"lineNumber":51,"author":{"gitId":"LiuYHYH"},"content":"        action \u003d text.split(\" \", 2)[0];","lastModifiedDate":"2022-11-03"},{"lineNumber":52,"author":{"gitId":"LiuYHYH"},"content":"        switch(action) {","lastModifiedDate":"2022-11-03"},{"lineNumber":53,"author":{"gitId":"LiuYHYH"},"content":"            case \"bye\":","lastModifiedDate":"2022-11-03"},{"lineNumber":54,"author":{"gitId":"LiuYHYH"},"content":"            case \"list\":","lastModifiedDate":"2022-11-03"},{"lineNumber":55,"author":{"gitId":"LiuYHYH"},"content":"                return;","lastModifiedDate":"2022-11-03"},{"lineNumber":56,"author":{"gitId":"LiuYHYH"},"content":"            case \"deadline\":","lastModifiedDate":"2022-11-03"},{"lineNumber":57,"author":{"gitId":"LiuYHYH"},"content":"                if (text.split(\" \", 2).length \u003c 2) {","lastModifiedDate":"2022-11-03"},{"lineNumber":58,"author":{"gitId":"LiuYHYH"},"content":"                    throw new DukeException(\"☹ OOPS!!! The description of a deadline cannot be empty.\");","lastModifiedDate":"2022-11-03"},{"lineNumber":59,"author":{"gitId":"LiuYHYH"},"content":"                }","lastModifiedDate":"2022-11-03"},{"lineNumber":60,"author":{"gitId":"LiuYHYH"},"content":"                break;","lastModifiedDate":"2022-11-03"},{"lineNumber":61,"author":{"gitId":"LiuYHYH"},"content":"            case \"todo\":","lastModifiedDate":"2022-11-03"},{"lineNumber":62,"author":{"gitId":"LiuYHYH"},"content":"                if (text.split(\" \", 2).length \u003c 2) {","lastModifiedDate":"2022-11-03"},{"lineNumber":63,"author":{"gitId":"LiuYHYH"},"content":"                    throw new DukeException(\"☹ OOPS!!! The description of a todo cannot be empty.\");","lastModifiedDate":"2022-11-03"},{"lineNumber":64,"author":{"gitId":"LiuYHYH"},"content":"                }","lastModifiedDate":"2022-11-03"},{"lineNumber":65,"author":{"gitId":"LiuYHYH"},"content":"                break;","lastModifiedDate":"2022-11-03"},{"lineNumber":66,"author":{"gitId":"LiuYHYH"},"content":"            case \"event\":","lastModifiedDate":"2022-11-03"},{"lineNumber":67,"author":{"gitId":"LiuYHYH"},"content":"                if (text.split(\" \", 2).length \u003c 2) {","lastModifiedDate":"2022-11-03"},{"lineNumber":68,"author":{"gitId":"LiuYHYH"},"content":"                    throw new DukeException(\"☹ OOPS!!! The description of a event cannot be empty.\");","lastModifiedDate":"2022-11-03"},{"lineNumber":69,"author":{"gitId":"LiuYHYH"},"content":"                }","lastModifiedDate":"2022-11-03"},{"lineNumber":70,"author":{"gitId":"LiuYHYH"},"content":"                break;","lastModifiedDate":"2022-11-03"},{"lineNumber":71,"author":{"gitId":"LiuYHYH"},"content":"            default:","lastModifiedDate":"2022-11-03"},{"lineNumber":72,"author":{"gitId":"LiuYHYH"},"content":"                throw new DukeException(\"☹ OOPS!!! I\u0027m sorry, but I don\u0027t know what that means :-(\");","lastModifiedDate":"2022-11-03"},{"lineNumber":73,"author":{"gitId":"LiuYHYH"},"content":"        }","lastModifiedDate":"2022-11-03"},{"lineNumber":74,"author":{"gitId":"LiuYHYH"},"content":"    }","lastModifiedDate":"2022-11-03"},{"lineNumber":75,"author":{"gitId":"LiuYHYH"},"content":"","lastModifiedDate":"2022-11-03"},{"lineNumber":76,"author":{"gitId":"LiuYHYH"},"content":"}","lastModifiedDate":"2022-09-19"}],"authorContributionMap":{"LiuYHYH":76}},{"path":"src/main/java/entities/Deadline.java","fileType":"java","lines":[{"lineNumber":1,"author":{"gitId":"LiuYHYH"},"content":"package entities;","lastModifiedDate":"2022-11-03"},{"lineNumber":2,"author":{"gitId":"LiuYHYH"},"content":"","lastModifiedDate":"2022-11-03"},{"lineNumber":3,"author":{"gitId":"LiuYHYH"},"content":"","lastModifiedDate":"2022-11-03"},{"lineNumber":4,"author":{"gitId":"LiuYHYH"},"content":"public class Deadline extends Task {","lastModifiedDate":"2022-11-03"},{"lineNumber":5,"author":{"gitId":"LiuYHYH"},"content":"","lastModifiedDate":"2022-11-03"},{"lineNumber":6,"author":{"gitId":"LiuYHYH"},"content":"        protected String by;","lastModifiedDate":"2022-11-03"},{"lineNumber":7,"author":{"gitId":"LiuYHYH"},"content":"","lastModifiedDate":"2022-11-03"},{"lineNumber":8,"author":{"gitId":"LiuYHYH"},"content":"        public Deadline(String description, String by) {","lastModifiedDate":"2022-11-03"},{"lineNumber":9,"author":{"gitId":"LiuYHYH"},"content":"            super(description);","lastModifiedDate":"2022-11-03"},{"lineNumber":10,"author":{"gitId":"LiuYHYH"},"content":"            this.by \u003d by;","lastModifiedDate":"2022-11-03"},{"lineNumber":11,"author":{"gitId":"LiuYHYH"},"content":"        }","lastModifiedDate":"2022-11-03"},{"lineNumber":12,"author":{"gitId":"LiuYHYH"},"content":"","lastModifiedDate":"2022-11-03"},{"lineNumber":13,"author":{"gitId":"LiuYHYH"},"content":"        @Override","lastModifiedDate":"2022-11-03"},{"lineNumber":14,"author":{"gitId":"LiuYHYH"},"content":"        public String toString() {","lastModifiedDate":"2022-11-03"},{"lineNumber":15,"author":{"gitId":"LiuYHYH"},"content":"            return \"[D]\" + super.toString() + \" (by: \" + by + \")\";","lastModifiedDate":"2022-11-03"},{"lineNumber":16,"author":{"gitId":"LiuYHYH"},"content":"        }","lastModifiedDate":"2022-11-03"},{"lineNumber":17,"author":{"gitId":"LiuYHYH"},"content":"}","lastModifiedDate":"2022-11-03"},{"lineNumber":18,"author":{"gitId":"LiuYHYH"},"content":"","lastModifiedDate":"2022-11-03"}],"authorContributionMap":{"LiuYHYH":18}},{"path":"src/main/java/entities/Event.java","fileType":"java","lines":[{"lineNumber":1,"author":{"gitId":"LiuYHYH"},"content":"package entities;","lastModifiedDate":"2022-11-03"},{"lineNumber":2,"author":{"gitId":"LiuYHYH"},"content":"","lastModifiedDate":"2022-11-03"},{"lineNumber":3,"author":{"gitId":"LiuYHYH"},"content":"public class Event extends Task {","lastModifiedDate":"2022-11-03"},{"lineNumber":4,"author":{"gitId":"LiuYHYH"},"content":"","lastModifiedDate":"2022-11-03"},{"lineNumber":5,"author":{"gitId":"LiuYHYH"},"content":"    protected String at;","lastModifiedDate":"2022-11-03"},{"lineNumber":6,"author":{"gitId":"LiuYHYH"},"content":"","lastModifiedDate":"2022-11-03"},{"lineNumber":7,"author":{"gitId":"LiuYHYH"},"content":"    public Event(String description, String at) {","lastModifiedDate":"2022-11-03"},{"lineNumber":8,"author":{"gitId":"LiuYHYH"},"content":"        super(description);","lastModifiedDate":"2022-11-03"},{"lineNumber":9,"author":{"gitId":"LiuYHYH"},"content":"        this.at \u003d at;","lastModifiedDate":"2022-11-03"},{"lineNumber":10,"author":{"gitId":"LiuYHYH"},"content":"    }","lastModifiedDate":"2022-11-03"},{"lineNumber":11,"author":{"gitId":"LiuYHYH"},"content":"","lastModifiedDate":"2022-11-03"},{"lineNumber":12,"author":{"gitId":"LiuYHYH"},"content":"    @Override","lastModifiedDate":"2022-11-03"},{"lineNumber":13,"author":{"gitId":"LiuYHYH"},"content":"    public String toString() {","lastModifiedDate":"2022-11-03"},{"lineNumber":14,"author":{"gitId":"LiuYHYH"},"content":"        return \"[E]\" + super.toString() + \" (at: \" + at + \")\";","lastModifiedDate":"2022-11-03"},{"lineNumber":15,"author":{"gitId":"LiuYHYH"},"content":"    }","lastModifiedDate":"2022-11-03"},{"lineNumber":16,"author":{"gitId":"LiuYHYH"},"content":"}","lastModifiedDate":"2022-11-03"}],"authorContributionMap":{"LiuYHYH":16}},{"path":"src/main/java/entities/Task.java","fileType":"java","lines":[{"lineNumber":1,"author":{"gitId":"LiuYHYH"},"content":"package entities;","lastModifiedDate":"2022-11-03"},{"lineNumber":2,"author":{"gitId":"LiuYHYH"},"content":"public class Task {","lastModifiedDate":"2022-09-19"},{"lineNumber":3,"author":{"gitId":"LiuYHYH"},"content":"    private static String description;","lastModifiedDate":"2022-11-03"},{"lineNumber":4,"author":{"gitId":"LiuYHYH"},"content":"    private static boolean isDone;","lastModifiedDate":"2022-11-03"},{"lineNumber":5,"author":{"gitId":"LiuYHYH"},"content":"","lastModifiedDate":"2022-09-19"},{"lineNumber":6,"author":{"gitId":"LiuYHYH"},"content":"    public Task(String description) {","lastModifiedDate":"2022-09-19"},{"lineNumber":7,"author":{"gitId":"LiuYHYH"},"content":"        this.description \u003d description;","lastModifiedDate":"2022-09-19"},{"lineNumber":8,"author":{"gitId":"LiuYHYH"},"content":"        this.isDone \u003d false;","lastModifiedDate":"2022-09-19"},{"lineNumber":9,"author":{"gitId":"LiuYHYH"},"content":"    }","lastModifiedDate":"2022-09-19"},{"lineNumber":10,"author":{"gitId":"LiuYHYH"},"content":"","lastModifiedDate":"2022-11-03"},{"lineNumber":11,"author":{"gitId":"LiuYHYH"},"content":"    public String toString() {","lastModifiedDate":"2022-11-03"},{"lineNumber":12,"author":{"gitId":"LiuYHYH"},"content":"        return \"[\" + getStatusIcon() + \"] \" + description;","lastModifiedDate":"2022-11-03"},{"lineNumber":13,"author":{"gitId":"LiuYHYH"},"content":"    }","lastModifiedDate":"2022-11-03"},{"lineNumber":14,"author":{"gitId":"LiuYHYH"},"content":"    public String getDescription() {","lastModifiedDate":"2022-09-19"},{"lineNumber":15,"author":{"gitId":"LiuYHYH"},"content":"        return description;","lastModifiedDate":"2022-09-19"},{"lineNumber":16,"author":{"gitId":"LiuYHYH"},"content":"    }","lastModifiedDate":"2022-09-19"},{"lineNumber":17,"author":{"gitId":"LiuYHYH"},"content":"    public static String getStatusIcon() {","lastModifiedDate":"2022-09-23"},{"lineNumber":18,"author":{"gitId":"LiuYHYH"},"content":"        return (isDone ? \"X\" : \" \"); // mark done task with X","lastModifiedDate":"2022-09-19"},{"lineNumber":19,"author":{"gitId":"LiuYHYH"},"content":"    }","lastModifiedDate":"2022-09-19"},{"lineNumber":20,"author":{"gitId":"LiuYHYH"},"content":"    public void updateMark(boolean done) {","lastModifiedDate":"2022-09-19"},{"lineNumber":21,"author":{"gitId":"LiuYHYH"},"content":"        this.isDone \u003d done;","lastModifiedDate":"2022-09-19"},{"lineNumber":22,"author":{"gitId":"LiuYHYH"},"content":"    }","lastModifiedDate":"2022-09-19"},{"lineNumber":23,"author":{"gitId":"LiuYHYH"},"content":"//    public static String getTypeDescription(){","lastModifiedDate":"2022-11-03"},{"lineNumber":24,"author":{"gitId":"LiuYHYH"},"content":"//        return \"[\" + type + \"] \" + \"[\" + getStatusIcon() + \"] \" + description;","lastModifiedDate":"2022-11-03"},{"lineNumber":25,"author":{"gitId":"LiuYHYH"},"content":"//    }","lastModifiedDate":"2022-11-03"},{"lineNumber":26,"author":{"gitId":"LiuYHYH"},"content":"}","lastModifiedDate":"2022-09-19"},{"lineNumber":27,"author":{"gitId":"LiuYHYH"},"content":"","lastModifiedDate":"2022-11-03"}],"authorContributionMap":{"LiuYHYH":27}},{"path":"src/main/java/entities/Todo.java","fileType":"java","lines":[{"lineNumber":1,"author":{"gitId":"LiuYHYH"},"content":"package entities;","lastModifiedDate":"2022-11-03"},{"lineNumber":2,"author":{"gitId":"LiuYHYH"},"content":"","lastModifiedDate":"2022-11-03"},{"lineNumber":3,"author":{"gitId":"LiuYHYH"},"content":"public class Todo extends Task{","lastModifiedDate":"2022-11-03"},{"lineNumber":4,"author":{"gitId":"LiuYHYH"},"content":"","lastModifiedDate":"2022-11-03"},{"lineNumber":5,"author":{"gitId":"LiuYHYH"},"content":"    public Todo(String description) {","lastModifiedDate":"2022-11-03"},{"lineNumber":6,"author":{"gitId":"LiuYHYH"},"content":"        super(description);","lastModifiedDate":"2022-11-03"},{"lineNumber":7,"author":{"gitId":"LiuYHYH"},"content":"    }","lastModifiedDate":"2022-11-03"},{"lineNumber":8,"author":{"gitId":"LiuYHYH"},"content":"    @Override","lastModifiedDate":"2022-11-03"},{"lineNumber":9,"author":{"gitId":"LiuYHYH"},"content":"    public String toString() {","lastModifiedDate":"2022-11-03"},{"lineNumber":10,"author":{"gitId":"LiuYHYH"},"content":"        return \"[T]\" + super.toString();","lastModifiedDate":"2022-11-03"},{"lineNumber":11,"author":{"gitId":"LiuYHYH"},"content":"    }","lastModifiedDate":"2022-11-03"},{"lineNumber":12,"author":{"gitId":"LiuYHYH"},"content":"}","lastModifiedDate":"2022-11-03"}],"authorContributionMap":{"LiuYHYH":12}}]
