{"authorDailyContributionsMap":{"LiuYHYH":[{"date":"2022-09-07","commitResults":[{"hash":"3d1b6e8f3ca853f477bdf5493ce6d8353f6f2646","messageTitle":"Level 1-1","messageBody":"","tags":["Level1-1"],"fileTypesAndContributionMap":{"java":{"insertions":25,"deletions":0}}}]},{"date":"2022-09-08","commitResults":[{"hash":"b5a69ece1673af65514d3d217970766f00bb813c","messageTitle":"Level2","messageBody":"","tags":["Level2"],"fileTypesAndContributionMap":{"java":{"insertions":7,"deletions":2}}}]}]},"authorFileTypeContributionMap":{"LiuYHYH":{"java":30,"md":0,"fxml":0,"sh":0,"bat":0,"gradle":0,"txt":0}},"authorContributionVariance":{"LiuYHYH":20.933594},"authorDisplayNameMap":{"LiuYHYH":"LIU ..HUAN"}}
