{"authorDailyContributionsMap":{"LiuYHYH":[{"date":"2022-09-07","commitResults":[{"hash":"3d1b6e8f3ca853f477bdf5493ce6d8353f6f2646","messageTitle":"Level 1-1","messageBody":"","tags":["Level1-1"],"fileTypesAndContributionMap":{"java":{"insertions":25,"deletions":0}}}]},{"date":"2022-09-08","commitResults":[{"hash":"b5a69ece1673af65514d3d217970766f00bb813c","messageTitle":"Level2","messageBody":"","tags":["Level2"],"fileTypesAndContributionMap":{"java":{"insertions":7,"deletions":2}}}]},{"date":"2022-09-19","commitResults":[{"hash":"5b6d765822591dc6fd98158f534d91ff58680c7b","messageTitle":"Level-3","messageBody":"","tags":["Level3"],"fileTypesAndContributionMap":{"java":{"insertions":80,"deletions":17}}}]},{"date":"2022-09-23","commitResults":[{"hash":"64a288c648bae6ae7db7bad90731623e2935de7a","messageTitle":"no message","messageBody":"","tags":["Level-4"],"fileTypesAndContributionMap":{"java":{"insertions":79,"deletions":11}}}]},{"date":"2022-11-03","commitResults":[{"hash":"16abe6c0040068faa296321185b7f799e94b9c9e","messageTitle":"Level 5","messageBody":"","tags":["Level-5"],"fileTypesAndContributionMap":{"java":{"insertions":137,"deletions":57}}}]},{"date":"2022-11-04","commitResults":[{"hash":"05513fd4f3692745941c3a718dfdf2009a6f1d05","messageTitle":"Level 6","messageBody":"","tags":["Level-6"],"fileTypesAndContributionMap":{"java":{"insertions":93,"deletions":40}}}]},{"date":"2022-11-11","commitResults":[{"hash":"8896efecf5913bd8a2375bf104af044249714a1d","messageTitle":"Level 7 save","messageBody":"","fileTypesAndContributionMap":{"gradle":{"insertions":21,"deletions":0},"java":{"insertions":353,"deletions":86},"bat":{"insertions":103,"deletions":0}}}]}]},"authorFileTypeContributionMap":{"LiuYHYH":{"java":567,"md":0,"fxml":0,"sh":0,"bat":103,"gradle":21,"txt":0}},"authorContributionVariance":{"LiuYHYH":3933.8691},"authorDisplayNameMap":{"LiuYHYH":"LIU ..HUAN"}}
