{"authorDailyContributionsMap":{"Ayesh02":[{"date":"2022-09-17","commitResults":[{"hash":"60ad2fcad8843d482ac52897982507d4b8cade1c","messageTitle":"added level 0","messageBody":"","tags":["level-0"],"fileTypesAndContributionMap":{"java":{"insertions":34,"deletions":1}}},{"hash":"af5b870a58b8041daf96d24122dfa3b487c54ffe","messageTitle":"updated intro text","messageBody":"","tags":["level-1"],"fileTypesAndContributionMap":{"java":{"insertions":2,"deletions":1}}},{"hash":"4a710641b17fea91ac8da99be6187a1c562f4cb1","messageTitle":"added level 2","messageBody":"","tags":["level-2"],"fileTypesAndContributionMap":{"java":{"insertions":50,"deletions":2}}},{"hash":"c89e777ff3b4b3eed27d1a90e402f5b9c6ad9715","messageTitle":"added level 3 and refactoring","messageBody":"","tags":["level-3"],"fileTypesAndContributionMap":{"java":{"insertions":53,"deletions":9}}},{"hash":"1d2452cbc88faf0f3ae3e0dbc014153d07cbef44","messageTitle":"added level 4","messageBody":"","tags":["level-4"],"fileTypesAndContributionMap":{"java":{"insertions":77,"deletions":8}}},{"hash":"2624ef896be44168672e06d3106b086ea6f089df","messageTitle":"changed branding and message when no tasks to show","messageBody":"","fileTypesAndContributionMap":{"java":{"insertions":14,"deletions":8}}}]},{"date":"2022-10-02","commitResults":[{"hash":"833166440ede8310b97c3fc1c5ce65f2de4fa528","messageTitle":"code refactor and clean up","messageBody":"","fileTypesAndContributionMap":{"java":{"insertions":139,"deletions":89}}},{"hash":"d43a99922dce70c2efa7d0f8115dc8358de8d1d3","messageTitle":"code refactor on task type","messageBody":"","fileTypesAndContributionMap":{"java":{"insertions":5,"deletions":5}}}]},{"date":"2022-10-04","commitResults":[{"hash":"5ef9846f49beb5113bc447da7c7e66591b9d425c","messageTitle":"code refactor and clean up based on given extensions","messageBody":"","fileTypesAndContributionMap":{"java":{"insertions":140,"deletions":128}}}]},{"date":"2022-10-15","commitResults":[{"hash":"a438110ad7e4634aaac738b8ebbb0012eb40289e","messageTitle":"added error handling and project re-structure","messageBody":"","tags":["level-5"],"fileTypesAndContributionMap":{"java":{"insertions":256,"deletions":135}}},{"hash":"a2daae41fc1907929eee534fe99311d2453e1ada","messageTitle":"added delete and enums for actions and code refactoring","messageBody":"","tags":["level-6"],"fileTypesAndContributionMap":{"java":{"insertions":173,"deletions":86}}}]},{"date":"2022-10-16","commitResults":[{"hash":"fb3dcd0c49d65d6a7fcdd72f648ca5d057b6cd0a","messageTitle":"added read and save to file with error handling and id field instead of using array size","messageBody":"","fileTypesAndContributionMap":{"txt":{"insertions":13,"deletions":0},"java":{"insertions":198,"deletions":45}}},{"hash":"c2d0dfbeed26e346769c7715131af89aaf03961c","messageTitle":"wip - breaking into more packages","messageBody":"","fileTypesAndContributionMap":{"txt":{"insertions":6,"deletions":3},"java":{"insertions":348,"deletions":207}}}]},{"date":"2022-10-19","commitResults":[{"hash":"d3fa8407785cdc175e0a5ed8ac596de4b60908e0","messageTitle":"breaking down into commands and re-structuring","messageBody":"","tags":["level-7"],"fileTypesAndContributionMap":{"txt":{"insertions":5,"deletions":15},"java":{"insertions":342,"deletions":138}}},{"hash":"6778b91dcb8b713342310ccc41c4e3c3e3aa46b9","messageTitle":"add datetime converter","messageBody":"","fileTypesAndContributionMap":{"txt":{"insertions":6,"deletions":5},"java":{"insertions":66,"deletions":34}}}]},{"date":"2022-10-20","commitResults":[{"hash":"b3e52a8135801cb3d39765c21d36a26bc14f6e49","messageTitle":"added filter by single date and range","messageBody":"","fileTypesAndContributionMap":{"java":{"insertions":101,"deletions":8}}}]},{"date":"2022-10-29","commitResults":[{"hash":"e4e41ad04518859f428f6c4494263841ec3116b8","messageTitle":"folder rename to match coding standard","messageBody":"","fileTypesAndContributionMap":{"txt":{"insertions":2,"deletions":4},"java":{"insertions":118,"deletions":138}}},{"hash":"ffd92d4e25c1146e1073b7d1a6dd5b5f50a40040","messageTitle":"added level 0","messageBody":"","fileTypesAndContributionMap":{"java":{"insertions":34,"deletions":1}}},{"hash":"149f1b0f87640b1ab6a513f4e7bafbeb189cea67","messageTitle":"updated intro text","messageBody":"","fileTypesAndContributionMap":{"java":{"insertions":2,"deletions":1}}},{"hash":"63eae60a863a1da96f70aaf53f01a42c4495bb15","messageTitle":"added level 2","messageBody":"","fileTypesAndContributionMap":{"java":{"insertions":50,"deletions":2}}},{"hash":"7f9090eeee5ea1cc6589ec541d089035e23342c2","messageTitle":"added level 3 and refactoring","messageBody":"","fileTypesAndContributionMap":{"java":{"insertions":53,"deletions":9}}},{"hash":"1cc694dbbf31f2efb6c23603bca08e447c711b0d","messageTitle":"added level 4","messageBody":"","fileTypesAndContributionMap":{"java":{"insertions":77,"deletions":8}}},{"hash":"5ec74a1f6385481e9700adef853bc44d3fed89f2","messageTitle":"changed branding and message when no tasks to show","messageBody":"","fileTypesAndContributionMap":{"java":{"insertions":14,"deletions":8}}},{"hash":"0ac1fc7db0ff3084c8139d673243a34a4bd30ccc","messageTitle":"code refactor and clean up","messageBody":"","fileTypesAndContributionMap":{"java":{"insertions":139,"deletions":89}}},{"hash":"cc1273c85735fe74f3ec1dbfe638ed342ca87741","messageTitle":"code refactor on task type","messageBody":"","fileTypesAndContributionMap":{"java":{"insertions":5,"deletions":5}}},{"hash":"407fe6c974655ca4e9602a95975720a25609daeb","messageTitle":"code refactor and clean up based on given extensions","messageBody":"","fileTypesAndContributionMap":{"java":{"insertions":140,"deletions":128}}},{"hash":"52a8adc39a427abb0c84366a8d8c1dd614ffe3fa","messageTitle":"added error handling and project re-structure","messageBody":"","fileTypesAndContributionMap":{"java":{"insertions":256,"deletions":135}}},{"hash":"286aed29d656aca574580308443e6dc81647c831","messageTitle":"added delete and enums for actions and code refactoring","messageBody":"","fileTypesAndContributionMap":{"java":{"insertions":173,"deletions":86}}},{"hash":"4b7a069a70132d509d1102246de30958a0155cd3","messageTitle":"added read and save to file with error handling and id field instead of using array size","messageBody":"","fileTypesAndContributionMap":{"txt":{"insertions":13,"deletions":0},"java":{"insertions":198,"deletions":45}}},{"hash":"e8844361ba4b9c90aa36e046b682c42f6bf1a84b","messageTitle":"wip - breaking into more packages","messageBody":"","fileTypesAndContributionMap":{"txt":{"insertions":6,"deletions":3},"java":{"insertions":348,"deletions":207}}},{"hash":"1c0724551aef0c0181ec1433db55a1ae2b845a0b","messageTitle":"breaking down into commands and re-structuring","messageBody":"","fileTypesAndContributionMap":{"txt":{"insertions":5,"deletions":15},"java":{"insertions":342,"deletions":138}}},{"hash":"a20c1db62994d85e7929d078f98f762eb0626837","messageTitle":"add datetime converter","messageBody":"","fileTypesAndContributionMap":{"txt":{"insertions":6,"deletions":5},"java":{"insertions":66,"deletions":34}}},{"hash":"4eab0dfa6093643f2891a7b19710098152226412","messageTitle":"added filter by single date and range","messageBody":"","fileTypesAndContributionMap":{"java":{"insertions":101,"deletions":8}}},{"hash":"4091fb258c8608f17739065d071e5853ddeac14f","messageTitle":"folder rename to match coding standard","messageBody":"","fileTypesAndContributionMap":{"txt":{"insertions":2,"deletions":4},"java":{"insertions":118,"deletions":138}}}]},{"date":"2022-10-30","commitResults":[{"hash":"973164da2b38492cf1eda49f7b390c4c2912e76b","messageTitle":"added todo test and gradle build","messageBody":"","fileTypesAndContributionMap":{"gradle":{"insertions":2,"deletions":1},"txt":{"insertions":2,"deletions":2},"java":{"insertions":156,"deletions":1}}},{"hash":"42aac9b5a7c5b2f6079fcd93e085038f7d96bbd8","messageTitle":"added event test","messageBody":"","fileTypesAndContributionMap":{"java":{"insertions":189,"deletions":1}}}]},{"date":"2022-11-01","commitResults":[{"hash":"3def06008382179a5ad69c6e1abee2a0206f8a66","messageTitle":"added test cases for event and deadline and updated date conversion in domain","messageBody":"","fileTypesAndContributionMap":{"txt":{"insertions":5,"deletions":2},"java":{"insertions":259,"deletions":3}}},{"hash":"290c920aa958d55c04eed19a9578777eb0a802f4","messageTitle":"added documentation for domain","messageBody":"","fileTypesAndContributionMap":{"java":{"insertions":245,"deletions":4}}}]},{"date":"2022-11-02","commitResults":[{"hash":"7f54df3f3e0fd3baa171d0b7d74ca68a5df5191b","messageTitle":"documentation for all methods","messageBody":"","tags":["level-8"],"fileTypesAndContributionMap":{"java":{"insertions":192,"deletions":5}}}]}]},"authorFileTypeContributionMap":{"Ayesh02":{"java":2107,"md":0,"fxml":0,"sh":0,"bat":0,"gradle":2,"txt":8}},"authorContributionVariance":{"Ayesh02":155913.45},"authorDisplayNameMap":{"Ayesh02":"AYES..AMED"}}
