{"authorDailyContributionsMap":{"Ayesh02":[{"date":"2022-09-17","commitResults":[{"hash":"60ad2fcad8843d482ac52897982507d4b8cade1c","messageTitle":"added level 0","messageBody":"","tags":["level-0"],"fileTypesAndContributionMap":{"java":{"insertions":34,"deletions":1}}},{"hash":"af5b870a58b8041daf96d24122dfa3b487c54ffe","messageTitle":"updated intro text","messageBody":"","tags":["level-1"],"fileTypesAndContributionMap":{"java":{"insertions":2,"deletions":1}}},{"hash":"4a710641b17fea91ac8da99be6187a1c562f4cb1","messageTitle":"added level 2","messageBody":"","tags":["level-2"],"fileTypesAndContributionMap":{"java":{"insertions":50,"deletions":2}}},{"hash":"c89e777ff3b4b3eed27d1a90e402f5b9c6ad9715","messageTitle":"added level 3 and refactoring","messageBody":"","tags":["level-3"],"fileTypesAndContributionMap":{"java":{"insertions":53,"deletions":9}}},{"hash":"1d2452cbc88faf0f3ae3e0dbc014153d07cbef44","messageTitle":"added level 4","messageBody":"","tags":["level-4"],"fileTypesAndContributionMap":{"java":{"insertions":77,"deletions":8}}},{"hash":"2624ef896be44168672e06d3106b086ea6f089df","messageTitle":"changed branding and message when no tasks to show","messageBody":"","fileTypesAndContributionMap":{"java":{"insertions":14,"deletions":8}}}]},{"date":"2022-10-02","commitResults":[{"hash":"833166440ede8310b97c3fc1c5ce65f2de4fa528","messageTitle":"code refactor and clean up","messageBody":"","fileTypesAndContributionMap":{"java":{"insertions":139,"deletions":89}}},{"hash":"d43a99922dce70c2efa7d0f8115dc8358de8d1d3","messageTitle":"code refactor on task type","messageBody":"","fileTypesAndContributionMap":{"java":{"insertions":5,"deletions":5}}}]},{"date":"2022-10-04","commitResults":[{"hash":"5ef9846f49beb5113bc447da7c7e66591b9d425c","messageTitle":"code refactor and clean up based on given extensions","messageBody":"","fileTypesAndContributionMap":{"java":{"insertions":140,"deletions":128}}}]},{"date":"2022-10-15","commitResults":[{"hash":"a438110ad7e4634aaac738b8ebbb0012eb40289e","messageTitle":"added error handling and project re-structure","messageBody":"","tags":["level-5"],"fileTypesAndContributionMap":{"java":{"insertions":256,"deletions":135}}},{"hash":"a2daae41fc1907929eee534fe99311d2453e1ada","messageTitle":"added delete and enums for actions and code refactoring","messageBody":"","tags":["level-6"],"fileTypesAndContributionMap":{"java":{"insertions":173,"deletions":86}}}]}]},"authorFileTypeContributionMap":{"Ayesh02":{"java":477,"md":0,"fxml":0,"sh":0,"bat":0,"gradle":0,"txt":0}},"authorContributionVariance":{"Ayesh02":8536.684},"authorDisplayNameMap":{"Ayesh02":"AYES..AMED"}}
