[{"path":"docs/README.md","fileType":"md","lines":[{"lineNumber":1,"author":{"gitId":"-"},"content":"# User Guide","lastModifiedDate":"2019-07-29"},{"lineNumber":2,"author":{"gitId":"-"},"content":"","lastModifiedDate":"2019-07-29"},{"lineNumber":3,"author":{"gitId":"-"},"content":"## Features ","lastModifiedDate":"2019-07-29"},{"lineNumber":4,"author":{"gitId":"-"},"content":"","lastModifiedDate":"2019-07-29"},{"lineNumber":5,"author":{"gitId":"-"},"content":"### Feature-ABC","lastModifiedDate":"2021-07-17"},{"lineNumber":6,"author":{"gitId":"-"},"content":"","lastModifiedDate":"2021-07-17"},{"lineNumber":7,"author":{"gitId":"-"},"content":"Description of the feature.","lastModifiedDate":"2021-07-17"},{"lineNumber":8,"author":{"gitId":"-"},"content":"","lastModifiedDate":"2021-07-17"},{"lineNumber":9,"author":{"gitId":"-"},"content":"### Feature-XYZ","lastModifiedDate":"2021-07-17"},{"lineNumber":10,"author":{"gitId":"-"},"content":"","lastModifiedDate":"2021-07-17"},{"lineNumber":11,"author":{"gitId":"-"},"content":"Description of the feature.","lastModifiedDate":"2021-07-17"},{"lineNumber":12,"author":{"gitId":"-"},"content":"","lastModifiedDate":"2019-07-29"},{"lineNumber":13,"author":{"gitId":"-"},"content":"## Usage","lastModifiedDate":"2019-07-29"},{"lineNumber":14,"author":{"gitId":"-"},"content":"","lastModifiedDate":"2019-07-29"},{"lineNumber":15,"author":{"gitId":"-"},"content":"### `Keyword` - Describe action","lastModifiedDate":"2019-07-29"},{"lineNumber":16,"author":{"gitId":"-"},"content":"","lastModifiedDate":"2019-07-29"},{"lineNumber":17,"author":{"gitId":"-"},"content":"Describe the action and its outcome.","lastModifiedDate":"2021-07-17"},{"lineNumber":18,"author":{"gitId":"-"},"content":"","lastModifiedDate":"2019-07-29"},{"lineNumber":19,"author":{"gitId":"-"},"content":"Example of usage: ","lastModifiedDate":"2019-07-29"},{"lineNumber":20,"author":{"gitId":"-"},"content":"","lastModifiedDate":"2019-07-29"},{"lineNumber":21,"author":{"gitId":"-"},"content":"`keyword (optional arguments)`","lastModifiedDate":"2019-07-29"},{"lineNumber":22,"author":{"gitId":"-"},"content":"","lastModifiedDate":"2019-07-29"},{"lineNumber":23,"author":{"gitId":"-"},"content":"Expected outcome:","lastModifiedDate":"2019-07-29"},{"lineNumber":24,"author":{"gitId":"-"},"content":"","lastModifiedDate":"2019-07-29"},{"lineNumber":25,"author":{"gitId":"-"},"content":"Description of the outcome.","lastModifiedDate":"2021-07-17"},{"lineNumber":26,"author":{"gitId":"-"},"content":"","lastModifiedDate":"2021-07-17"},{"lineNumber":27,"author":{"gitId":"-"},"content":"```","lastModifiedDate":"2021-07-17"},{"lineNumber":28,"author":{"gitId":"-"},"content":"expected output","lastModifiedDate":"2021-07-17"},{"lineNumber":29,"author":{"gitId":"-"},"content":"```","lastModifiedDate":"2021-07-17"},{"lineNumber":30,"author":{"gitId":"xumou49"},"content":"","lastModifiedDate":"2022-09-07"},{"lineNumber":31,"author":{"gitId":"xumou49"},"content":"`test pr\u0027","lastModifiedDate":"2022-09-07"}],"authorContributionMap":{"-":29,"xumou49":2}},{"path":"src/main/java/Duke.java","fileType":"java","lines":[{"lineNumber":1,"author":{"gitId":"xumou49"},"content":"","lastModifiedDate":"2022-09-07"},{"lineNumber":2,"author":{"gitId":"xumou49"},"content":"import java.util.*;","lastModifiedDate":"2022-10-11"},{"lineNumber":3,"author":{"gitId":"xumou49"},"content":"","lastModifiedDate":"2022-10-11"},{"lineNumber":4,"author":{"gitId":"xumou49"},"content":"import Utils.DukeUtils;","lastModifiedDate":"2022-10-11"},{"lineNumber":5,"author":{"gitId":"xumou49"},"content":"import constant.CommandExecutor;","lastModifiedDate":"2022-10-11"},{"lineNumber":6,"author":{"gitId":"xumou49"},"content":"import entity.TaskList;","lastModifiedDate":"2022-10-11"},{"lineNumber":7,"author":{"gitId":"xumou49"},"content":"import exceptions.DukeException;","lastModifiedDate":"2022-10-11"},{"lineNumber":8,"author":{"gitId":"xumou49"},"content":"","lastModifiedDate":"2022-09-15"},{"lineNumber":9,"author":{"gitId":"-"},"content":"public class Duke {","lastModifiedDate":"2022-10-11"},{"lineNumber":10,"author":{"gitId":"xumou49"},"content":"    private static final Map\u003cString, CommandExecutor\u003e COMMAND_EXECUTOR_MAP \u003d createMap();","lastModifiedDate":"2022-10-11"},{"lineNumber":11,"author":{"gitId":"-"},"content":"    public static void main(String[] args) {","lastModifiedDate":"2019-07-29"},{"lineNumber":12,"author":{"gitId":"xumou49"},"content":"        // DUKE greeting message","lastModifiedDate":"2022-09-15"},{"lineNumber":13,"author":{"gitId":"xumou49"},"content":"        DukeUtils.dukeInit();","lastModifiedDate":"2022-09-15"},{"lineNumber":14,"author":{"gitId":"xumou49"},"content":"        TaskList taskList \u003d new TaskList();","lastModifiedDate":"2022-10-11"},{"lineNumber":15,"author":{"gitId":"xumou49"},"content":"        String inputs, commandHead;","lastModifiedDate":"2022-10-11"},{"lineNumber":16,"author":{"gitId":"xumou49"},"content":"        CommandExecutor command;","lastModifiedDate":"2022-10-11"},{"lineNumber":17,"author":{"gitId":"xumou49"},"content":"        whileLoop:","lastModifiedDate":"2022-10-11"},{"lineNumber":18,"author":{"gitId":"xumou49"},"content":"        while (true) {","lastModifiedDate":"2022-10-11"},{"lineNumber":19,"author":{"gitId":"xumou49"},"content":"            inputs \u003d inputText();","lastModifiedDate":"2022-10-11"},{"lineNumber":20,"author":{"gitId":"xumou49"},"content":"            commandHead \u003d DukeUtils.getCommandHead(inputs);","lastModifiedDate":"2022-10-11"},{"lineNumber":21,"author":{"gitId":"xumou49"},"content":"            command \u003d COMMAND_EXECUTOR_MAP.get(commandHead);","lastModifiedDate":"2022-10-11"},{"lineNumber":22,"author":{"gitId":"xumou49"},"content":"            command \u003d command !\u003d null ? command : CommandExecutor.UNDEFINED;","lastModifiedDate":"2022-10-11"},{"lineNumber":23,"author":{"gitId":"xumou49"},"content":"            if (command \u003d\u003d CommandExecutor.BYE) break whileLoop;","lastModifiedDate":"2022-10-11"},{"lineNumber":24,"author":{"gitId":"xumou49"},"content":"","lastModifiedDate":"2022-09-07"},{"lineNumber":25,"author":{"gitId":"xumou49"},"content":"            try {","lastModifiedDate":"2022-10-07"},{"lineNumber":26,"author":{"gitId":"xumou49"},"content":"                command.execute(taskList, inputs);","lastModifiedDate":"2022-10-11"},{"lineNumber":27,"author":{"gitId":"xumou49"},"content":"            } catch (DukeException err) {","lastModifiedDate":"2022-10-11"},{"lineNumber":28,"author":{"gitId":"xumou49"},"content":"                DukeUtils.echoText(err.getMessage());","lastModifiedDate":"2022-10-11"},{"lineNumber":29,"author":{"gitId":"xumou49"},"content":"            }","lastModifiedDate":"2022-09-07"},{"lineNumber":30,"author":{"gitId":"xumou49"},"content":"        }","lastModifiedDate":"2022-09-07"},{"lineNumber":31,"author":{"gitId":"xumou49"},"content":"","lastModifiedDate":"2022-09-07"},{"lineNumber":32,"author":{"gitId":"xumou49"},"content":"    }","lastModifiedDate":"2022-09-07"},{"lineNumber":33,"author":{"gitId":"xumou49"},"content":"","lastModifiedDate":"2022-10-11"},{"lineNumber":34,"author":{"gitId":"xumou49"},"content":"    public static String inputText() {","lastModifiedDate":"2022-09-07"},{"lineNumber":35,"author":{"gitId":"xumou49"},"content":"        Scanner s \u003d new Scanner(System.in);","lastModifiedDate":"2022-09-07"},{"lineNumber":36,"author":{"gitId":"xumou49"},"content":"        return s.nextLine();","lastModifiedDate":"2022-09-07"},{"lineNumber":37,"author":{"gitId":"xumou49"},"content":"    }","lastModifiedDate":"2022-09-07"},{"lineNumber":38,"author":{"gitId":"xumou49"},"content":"    private static Map\u003cString, CommandExecutor\u003e createMap() {","lastModifiedDate":"2022-10-11"},{"lineNumber":39,"author":{"gitId":"xumou49"},"content":"        return Map.of(","lastModifiedDate":"2022-10-11"},{"lineNumber":40,"author":{"gitId":"xumou49"},"content":"                \"bye\", CommandExecutor.BYE,","lastModifiedDate":"2022-10-11"},{"lineNumber":41,"author":{"gitId":"xumou49"},"content":"                \"list\", CommandExecutor.LIST,","lastModifiedDate":"2022-10-11"},{"lineNumber":42,"author":{"gitId":"xumou49"},"content":"                \"mark\", CommandExecutor.MARK,","lastModifiedDate":"2022-10-11"},{"lineNumber":43,"author":{"gitId":"xumou49"},"content":"                \"unmark\", CommandExecutor.UNMARK,","lastModifiedDate":"2022-10-11"},{"lineNumber":44,"author":{"gitId":"xumou49"},"content":"                \"deadline\", CommandExecutor.DEADLINE,","lastModifiedDate":"2022-10-11"},{"lineNumber":45,"author":{"gitId":"xumou49"},"content":"                \"todo\", CommandExecutor.TODO,","lastModifiedDate":"2022-10-11"},{"lineNumber":46,"author":{"gitId":"xumou49"},"content":"                \"event\", CommandExecutor.EVENT,","lastModifiedDate":"2022-10-11"},{"lineNumber":47,"author":{"gitId":"xumou49"},"content":"                \"delete\", CommandExecutor.DELETE","lastModifiedDate":"2022-10-11"},{"lineNumber":48,"author":{"gitId":"xumou49"},"content":"        );","lastModifiedDate":"2022-10-11"},{"lineNumber":49,"author":{"gitId":"-"},"content":"    }","lastModifiedDate":"2022-10-11"},{"lineNumber":50,"author":{"gitId":"-"},"content":"}","lastModifiedDate":"2019-07-29"}],"authorContributionMap":{"xumou49":46,"-":4}},{"path":"src/main/java/Utils/DukeUtils.java","fileType":"java","lines":[{"lineNumber":1,"author":{"gitId":"xumou49"},"content":"package Utils;","lastModifiedDate":"2022-10-11"},{"lineNumber":2,"author":{"gitId":"xumou49"},"content":"","lastModifiedDate":"2022-10-11"},{"lineNumber":3,"author":{"gitId":"xumou49"},"content":"import entity.Task;","lastModifiedDate":"2022-10-11"},{"lineNumber":4,"author":{"gitId":"xumou49"},"content":"","lastModifiedDate":"2022-10-11"},{"lineNumber":5,"author":{"gitId":"xumou49"},"content":"import java.util.List;","lastModifiedDate":"2022-10-11"},{"lineNumber":6,"author":{"gitId":"xumou49"},"content":"","lastModifiedDate":"2022-10-11"},{"lineNumber":7,"author":{"gitId":"xumou49"},"content":"public class DukeUtils {","lastModifiedDate":"2022-10-11"},{"lineNumber":8,"author":{"gitId":"xumou49"},"content":"    public static void dukeInit() {","lastModifiedDate":"2022-10-11"},{"lineNumber":9,"author":{"gitId":"xumou49"},"content":"        String logo \u003d \" ____        _        \\n\"","lastModifiedDate":"2022-10-11"},{"lineNumber":10,"author":{"gitId":"xumou49"},"content":"                + \"|  _ \\\\ _   _| | _____ \\n\"","lastModifiedDate":"2022-10-11"},{"lineNumber":11,"author":{"gitId":"xumou49"},"content":"                + \"| | | | | | | |/ / _ \\\\\\n\"","lastModifiedDate":"2022-10-11"},{"lineNumber":12,"author":{"gitId":"xumou49"},"content":"                + \"| |_| | |_| |   \u003c  __/\\n\"","lastModifiedDate":"2022-10-11"},{"lineNumber":13,"author":{"gitId":"xumou49"},"content":"                + \"|____/ \\\\__,_|_|\\\\_\\\\___|\\n\";","lastModifiedDate":"2022-10-11"},{"lineNumber":14,"author":{"gitId":"xumou49"},"content":"        String breakLine \u003d \"-------------------------------------------------\";","lastModifiedDate":"2022-10-11"},{"lineNumber":15,"author":{"gitId":"xumou49"},"content":"        String tab \u003d \"     \";","lastModifiedDate":"2022-10-11"},{"lineNumber":16,"author":{"gitId":"xumou49"},"content":"        System.out.println(\"Hello from bowen\u0027s\\n\" + logo + breakLine);","lastModifiedDate":"2022-10-11"},{"lineNumber":17,"author":{"gitId":"xumou49"},"content":"        System.out.println(tab + breakLine);","lastModifiedDate":"2022-10-11"},{"lineNumber":18,"author":{"gitId":"xumou49"},"content":"        System.out.println(tab + \"Hello! I\u0027m Duke\\n\" + tab + \"What can I do for you?\");","lastModifiedDate":"2022-10-11"},{"lineNumber":19,"author":{"gitId":"xumou49"},"content":"        System.out.println(tab + breakLine);","lastModifiedDate":"2022-10-11"},{"lineNumber":20,"author":{"gitId":"xumou49"},"content":"    }","lastModifiedDate":"2022-10-11"},{"lineNumber":21,"author":{"gitId":"xumou49"},"content":"","lastModifiedDate":"2022-10-11"},{"lineNumber":22,"author":{"gitId":"xumou49"},"content":"    public static void echoText(String text) {","lastModifiedDate":"2022-10-11"},{"lineNumber":23,"author":{"gitId":"xumou49"},"content":"        String breakLine \u003d \"-------------------------------------------------\";","lastModifiedDate":"2022-10-11"},{"lineNumber":24,"author":{"gitId":"xumou49"},"content":"        String tab \u003d \"     \";","lastModifiedDate":"2022-10-11"},{"lineNumber":25,"author":{"gitId":"xumou49"},"content":"        System.out.println(tab + breakLine);","lastModifiedDate":"2022-10-11"},{"lineNumber":26,"author":{"gitId":"xumou49"},"content":"        System.out.println(tab + text);","lastModifiedDate":"2022-10-11"},{"lineNumber":27,"author":{"gitId":"xumou49"},"content":"        System.out.println(tab + breakLine);","lastModifiedDate":"2022-10-11"},{"lineNumber":28,"author":{"gitId":"xumou49"},"content":"    }","lastModifiedDate":"2022-10-11"},{"lineNumber":29,"author":{"gitId":"xumou49"},"content":"","lastModifiedDate":"2022-10-11"},{"lineNumber":30,"author":{"gitId":"xumou49"},"content":"    public static void printList(List\u003cTask\u003e tasks) {","lastModifiedDate":"2022-10-11"},{"lineNumber":31,"author":{"gitId":"xumou49"},"content":"        String breakLine \u003d \"-------------------------------------------------\";","lastModifiedDate":"2022-10-11"},{"lineNumber":32,"author":{"gitId":"xumou49"},"content":"        String tab \u003d \"     \";","lastModifiedDate":"2022-10-11"},{"lineNumber":33,"author":{"gitId":"xumou49"},"content":"        System.out.println(tab + breakLine);","lastModifiedDate":"2022-10-11"},{"lineNumber":34,"author":{"gitId":"xumou49"},"content":"        int counter \u003d 0;","lastModifiedDate":"2022-10-11"},{"lineNumber":35,"author":{"gitId":"xumou49"},"content":"        for (Task task : tasks)","lastModifiedDate":"2022-10-11"},{"lineNumber":36,"author":{"gitId":"xumou49"},"content":"            System.out.println(tab + ++counter + \". \" + task);","lastModifiedDate":"2022-10-11"},{"lineNumber":37,"author":{"gitId":"xumou49"},"content":"        System.out.println(tab + breakLine);","lastModifiedDate":"2022-10-11"},{"lineNumber":38,"author":{"gitId":"xumou49"},"content":"    }","lastModifiedDate":"2022-10-11"},{"lineNumber":39,"author":{"gitId":"xumou49"},"content":"","lastModifiedDate":"2022-10-11"},{"lineNumber":40,"author":{"gitId":"xumou49"},"content":"    public static String getCommandHead(String inputs) {","lastModifiedDate":"2022-10-11"},{"lineNumber":41,"author":{"gitId":"xumou49"},"content":"        return inputs.split(\" \", 2)[0].trim();","lastModifiedDate":"2022-10-11"},{"lineNumber":42,"author":{"gitId":"xumou49"},"content":"    }","lastModifiedDate":"2022-10-11"},{"lineNumber":43,"author":{"gitId":"xumou49"},"content":"","lastModifiedDate":"2022-10-11"},{"lineNumber":44,"author":{"gitId":"xumou49"},"content":"    public static String getCommandBody(String inputs) {","lastModifiedDate":"2022-10-11"},{"lineNumber":45,"author":{"gitId":"xumou49"},"content":"        return inputs.split(\" \", 2)[1].trim();","lastModifiedDate":"2022-10-11"},{"lineNumber":46,"author":{"gitId":"xumou49"},"content":"    }","lastModifiedDate":"2022-10-11"},{"lineNumber":47,"author":{"gitId":"xumou49"},"content":"","lastModifiedDate":"2022-10-11"},{"lineNumber":48,"author":{"gitId":"xumou49"},"content":"    public static int countCommandParts(String inputs) {","lastModifiedDate":"2022-10-11"},{"lineNumber":49,"author":{"gitId":"xumou49"},"content":"        return inputs.split(\" \", 2).length;","lastModifiedDate":"2022-10-11"},{"lineNumber":50,"author":{"gitId":"xumou49"},"content":"    }","lastModifiedDate":"2022-10-11"},{"lineNumber":51,"author":{"gitId":"xumou49"},"content":"}","lastModifiedDate":"2022-10-11"}],"authorContributionMap":{"xumou49":51}},{"path":"src/main/java/constant/CommandExecutor.java","fileType":"java","lines":[{"lineNumber":1,"author":{"gitId":"xumou49"},"content":"package constant;","lastModifiedDate":"2022-10-11"},{"lineNumber":2,"author":{"gitId":"xumou49"},"content":"","lastModifiedDate":"2022-10-11"},{"lineNumber":3,"author":{"gitId":"xumou49"},"content":"import entity.TaskList;","lastModifiedDate":"2022-10-11"},{"lineNumber":4,"author":{"gitId":"xumou49"},"content":"import entity.Deadline;","lastModifiedDate":"2022-10-11"},{"lineNumber":5,"author":{"gitId":"xumou49"},"content":"import entity.Event;","lastModifiedDate":"2022-10-11"},{"lineNumber":6,"author":{"gitId":"xumou49"},"content":"import entity.Todo;","lastModifiedDate":"2022-10-11"},{"lineNumber":7,"author":{"gitId":"xumou49"},"content":"","lastModifiedDate":"2022-10-11"},{"lineNumber":8,"author":{"gitId":"xumou49"},"content":"import Utils.DukeUtils;","lastModifiedDate":"2022-10-11"},{"lineNumber":9,"author":{"gitId":"xumou49"},"content":"import exceptions.DukeException;","lastModifiedDate":"2022-10-11"},{"lineNumber":10,"author":{"gitId":"xumou49"},"content":"","lastModifiedDate":"2022-10-11"},{"lineNumber":11,"author":{"gitId":"xumou49"},"content":"public enum CommandExecutor {","lastModifiedDate":"2022-10-11"},{"lineNumber":12,"author":{"gitId":"xumou49"},"content":"    BYE {","lastModifiedDate":"2022-10-11"},{"lineNumber":13,"author":{"gitId":"xumou49"},"content":"        @Override","lastModifiedDate":"2022-10-11"},{"lineNumber":14,"author":{"gitId":"xumou49"},"content":"        public void execute(TaskList taskList, String inputs) {","lastModifiedDate":"2022-10-11"},{"lineNumber":15,"author":{"gitId":"xumou49"},"content":"            System.out.println(\"bye bye\");","lastModifiedDate":"2022-10-11"},{"lineNumber":16,"author":{"gitId":"xumou49"},"content":"        }","lastModifiedDate":"2022-10-11"},{"lineNumber":17,"author":{"gitId":"xumou49"},"content":"    },","lastModifiedDate":"2022-10-11"},{"lineNumber":18,"author":{"gitId":"xumou49"},"content":"    LIST {","lastModifiedDate":"2022-10-11"},{"lineNumber":19,"author":{"gitId":"xumou49"},"content":"        @Override","lastModifiedDate":"2022-10-11"},{"lineNumber":20,"author":{"gitId":"xumou49"},"content":"        public void execute(TaskList taskList, String inputs) {","lastModifiedDate":"2022-10-11"},{"lineNumber":21,"author":{"gitId":"xumou49"},"content":"            DukeUtils.printList(taskList.tasks);","lastModifiedDate":"2022-10-11"},{"lineNumber":22,"author":{"gitId":"xumou49"},"content":"        }","lastModifiedDate":"2022-10-11"},{"lineNumber":23,"author":{"gitId":"xumou49"},"content":"    },","lastModifiedDate":"2022-10-11"},{"lineNumber":24,"author":{"gitId":"xumou49"},"content":"    MARK {","lastModifiedDate":"2022-10-11"},{"lineNumber":25,"author":{"gitId":"xumou49"},"content":"        @Override","lastModifiedDate":"2022-10-11"},{"lineNumber":26,"author":{"gitId":"xumou49"},"content":"        public void execute(TaskList taskList, String inputs) throws DukeException {","lastModifiedDate":"2022-10-11"},{"lineNumber":27,"author":{"gitId":"xumou49"},"content":"            if (DukeUtils.countCommandParts(inputs) \u003c 2)","lastModifiedDate":"2022-10-11"},{"lineNumber":28,"author":{"gitId":"xumou49"},"content":"                throw new DukeException(\"☹ OOPS!!! Mark is not specified.\");","lastModifiedDate":"2022-10-11"},{"lineNumber":29,"author":{"gitId":"xumou49"},"content":"","lastModifiedDate":"2022-10-11"},{"lineNumber":30,"author":{"gitId":"xumou49"},"content":"            String commandBody \u003d DukeUtils.getCommandBody(inputs);","lastModifiedDate":"2022-10-11"},{"lineNumber":31,"author":{"gitId":"xumou49"},"content":"            int taskNo \u003d Integer.parseInt(commandBody) - 1;","lastModifiedDate":"2022-10-11"},{"lineNumber":32,"author":{"gitId":"xumou49"},"content":"","lastModifiedDate":"2022-10-11"},{"lineNumber":33,"author":{"gitId":"xumou49"},"content":"            if (taskNo \u003e\u003d taskList.tasks.size())","lastModifiedDate":"2022-10-11"},{"lineNumber":34,"author":{"gitId":"xumou49"},"content":"                throw new DukeException(\"☹ OOPS!!! The task for marking is not in list.\");","lastModifiedDate":"2022-10-11"},{"lineNumber":35,"author":{"gitId":"xumou49"},"content":"            taskList.markTask(taskNo);","lastModifiedDate":"2022-10-11"},{"lineNumber":36,"author":{"gitId":"xumou49"},"content":"","lastModifiedDate":"2022-10-11"},{"lineNumber":37,"author":{"gitId":"xumou49"},"content":"        }","lastModifiedDate":"2022-10-11"},{"lineNumber":38,"author":{"gitId":"xumou49"},"content":"    },","lastModifiedDate":"2022-10-11"},{"lineNumber":39,"author":{"gitId":"xumou49"},"content":"    UNMARK {","lastModifiedDate":"2022-10-11"},{"lineNumber":40,"author":{"gitId":"xumou49"},"content":"        @Override","lastModifiedDate":"2022-10-11"},{"lineNumber":41,"author":{"gitId":"xumou49"},"content":"        public void execute(TaskList taskList, String inputs) throws DukeException {","lastModifiedDate":"2022-10-11"},{"lineNumber":42,"author":{"gitId":"xumou49"},"content":"            if (DukeUtils.countCommandParts(inputs) \u003c 2)","lastModifiedDate":"2022-10-11"},{"lineNumber":43,"author":{"gitId":"xumou49"},"content":"                throw new DukeException(\"☹ OOPS!!! Unmark is not specified\");","lastModifiedDate":"2022-10-11"},{"lineNumber":44,"author":{"gitId":"xumou49"},"content":"","lastModifiedDate":"2022-10-11"},{"lineNumber":45,"author":{"gitId":"xumou49"},"content":"            String commandBody \u003d DukeUtils.getCommandBody(inputs);","lastModifiedDate":"2022-10-11"},{"lineNumber":46,"author":{"gitId":"xumou49"},"content":"            int taskNo \u003d Integer.parseInt(commandBody) - 1;","lastModifiedDate":"2022-10-11"},{"lineNumber":47,"author":{"gitId":"xumou49"},"content":"","lastModifiedDate":"2022-10-11"},{"lineNumber":48,"author":{"gitId":"xumou49"},"content":"            if (taskNo \u003e\u003d taskList.tasks.size())","lastModifiedDate":"2022-10-11"},{"lineNumber":49,"author":{"gitId":"xumou49"},"content":"                throw new DukeException(\"☹ OOPS!!! The task for unmarking is not in list.\");","lastModifiedDate":"2022-10-11"},{"lineNumber":50,"author":{"gitId":"xumou49"},"content":"            taskList.unmarkTask(taskNo);","lastModifiedDate":"2022-10-11"},{"lineNumber":51,"author":{"gitId":"xumou49"},"content":"        }","lastModifiedDate":"2022-10-11"},{"lineNumber":52,"author":{"gitId":"xumou49"},"content":"    },","lastModifiedDate":"2022-10-11"},{"lineNumber":53,"author":{"gitId":"xumou49"},"content":"    DEADLINE {","lastModifiedDate":"2022-10-11"},{"lineNumber":54,"author":{"gitId":"xumou49"},"content":"        @Override","lastModifiedDate":"2022-10-11"},{"lineNumber":55,"author":{"gitId":"xumou49"},"content":"        public void execute(TaskList taskList, String inputs) throws DukeException {","lastModifiedDate":"2022-10-11"},{"lineNumber":56,"author":{"gitId":"xumou49"},"content":"            if (DukeUtils.countCommandParts(inputs) \u003c 2)","lastModifiedDate":"2022-10-11"},{"lineNumber":57,"author":{"gitId":"xumou49"},"content":"                throw new DukeException(\"☹ OOPS!!! The description of a deadline cannot be empty.\");","lastModifiedDate":"2022-10-11"},{"lineNumber":58,"author":{"gitId":"xumou49"},"content":"","lastModifiedDate":"2022-10-11"},{"lineNumber":59,"author":{"gitId":"xumou49"},"content":"            String commandBody \u003d DukeUtils.getCommandBody(inputs);","lastModifiedDate":"2022-10-11"},{"lineNumber":60,"author":{"gitId":"xumou49"},"content":"            String[] deadlineDesc \u003d commandBody.split(\"/by\", 2);","lastModifiedDate":"2022-10-11"},{"lineNumber":61,"author":{"gitId":"xumou49"},"content":"            Deadline deadline \u003d deadlineDesc.length \u003d\u003d 2 ?","lastModifiedDate":"2022-10-11"},{"lineNumber":62,"author":{"gitId":"xumou49"},"content":"                    new Deadline(deadlineDesc[0], deadlineDesc[1]) :","lastModifiedDate":"2022-10-11"},{"lineNumber":63,"author":{"gitId":"xumou49"},"content":"                    new Deadline(deadlineDesc[0], \"\");","lastModifiedDate":"2022-10-11"},{"lineNumber":64,"author":{"gitId":"xumou49"},"content":"            taskList.addTask(deadline);","lastModifiedDate":"2022-10-11"},{"lineNumber":65,"author":{"gitId":"xumou49"},"content":"        }","lastModifiedDate":"2022-10-11"},{"lineNumber":66,"author":{"gitId":"xumou49"},"content":"    },","lastModifiedDate":"2022-10-11"},{"lineNumber":67,"author":{"gitId":"xumou49"},"content":"    TODO {","lastModifiedDate":"2022-10-11"},{"lineNumber":68,"author":{"gitId":"xumou49"},"content":"        @Override","lastModifiedDate":"2022-10-11"},{"lineNumber":69,"author":{"gitId":"xumou49"},"content":"        public void execute(TaskList taskList, String inputs) throws DukeException {","lastModifiedDate":"2022-10-11"},{"lineNumber":70,"author":{"gitId":"xumou49"},"content":"            if (DukeUtils.countCommandParts(inputs) \u003c 2)","lastModifiedDate":"2022-10-11"},{"lineNumber":71,"author":{"gitId":"xumou49"},"content":"                throw new DukeException(\"☹ OOPS!!! The description of a todo cannot be empty.\");","lastModifiedDate":"2022-10-11"},{"lineNumber":72,"author":{"gitId":"xumou49"},"content":"","lastModifiedDate":"2022-10-11"},{"lineNumber":73,"author":{"gitId":"xumou49"},"content":"            String commandBody \u003d DukeUtils.getCommandBody(inputs);","lastModifiedDate":"2022-10-11"},{"lineNumber":74,"author":{"gitId":"xumou49"},"content":"            Todo todo \u003d new Todo(commandBody);","lastModifiedDate":"2022-10-11"},{"lineNumber":75,"author":{"gitId":"xumou49"},"content":"            taskList.addTask(todo);","lastModifiedDate":"2022-10-11"},{"lineNumber":76,"author":{"gitId":"xumou49"},"content":"        }","lastModifiedDate":"2022-10-11"},{"lineNumber":77,"author":{"gitId":"xumou49"},"content":"    },","lastModifiedDate":"2022-10-11"},{"lineNumber":78,"author":{"gitId":"xumou49"},"content":"    EVENT {","lastModifiedDate":"2022-10-11"},{"lineNumber":79,"author":{"gitId":"xumou49"},"content":"        @Override","lastModifiedDate":"2022-10-11"},{"lineNumber":80,"author":{"gitId":"xumou49"},"content":"        public void execute(TaskList taskList, String inputs) throws DukeException {","lastModifiedDate":"2022-10-11"},{"lineNumber":81,"author":{"gitId":"xumou49"},"content":"            if (DukeUtils.countCommandParts(inputs) \u003c 2)","lastModifiedDate":"2022-10-11"},{"lineNumber":82,"author":{"gitId":"xumou49"},"content":"                throw new DukeException(\"☹ OOPS!!! The description of a event cannot be empty.\");","lastModifiedDate":"2022-10-11"},{"lineNumber":83,"author":{"gitId":"xumou49"},"content":"","lastModifiedDate":"2022-10-11"},{"lineNumber":84,"author":{"gitId":"xumou49"},"content":"            String commandBody \u003d DukeUtils.getCommandBody(inputs);","lastModifiedDate":"2022-10-11"},{"lineNumber":85,"author":{"gitId":"xumou49"},"content":"            String[] eventDesc \u003d commandBody.split(\"/at\", 2);","lastModifiedDate":"2022-10-11"},{"lineNumber":86,"author":{"gitId":"xumou49"},"content":"            Event event \u003d eventDesc.length \u003d\u003d 2 ?","lastModifiedDate":"2022-10-11"},{"lineNumber":87,"author":{"gitId":"xumou49"},"content":"                    new Event(eventDesc[0], eventDesc[1]) :","lastModifiedDate":"2022-10-11"},{"lineNumber":88,"author":{"gitId":"xumou49"},"content":"                    new Event(eventDesc[0], \"\");","lastModifiedDate":"2022-10-11"},{"lineNumber":89,"author":{"gitId":"xumou49"},"content":"            taskList.addTask(event);","lastModifiedDate":"2022-10-11"},{"lineNumber":90,"author":{"gitId":"xumou49"},"content":"        }","lastModifiedDate":"2022-10-11"},{"lineNumber":91,"author":{"gitId":"xumou49"},"content":"    },","lastModifiedDate":"2022-10-11"},{"lineNumber":92,"author":{"gitId":"xumou49"},"content":"    DELETE {","lastModifiedDate":"2022-10-11"},{"lineNumber":93,"author":{"gitId":"xumou49"},"content":"        @Override","lastModifiedDate":"2022-10-11"},{"lineNumber":94,"author":{"gitId":"xumou49"},"content":"        public void execute(TaskList taskList, String inputs) throws DukeException {","lastModifiedDate":"2022-10-11"},{"lineNumber":95,"author":{"gitId":"xumou49"},"content":"            if (DukeUtils.countCommandParts(inputs) \u003c 2)","lastModifiedDate":"2022-10-11"},{"lineNumber":96,"author":{"gitId":"xumou49"},"content":"                throw new DukeException(\"☹ OOPS!!! Delete is not specified\");","lastModifiedDate":"2022-10-11"},{"lineNumber":97,"author":{"gitId":"xumou49"},"content":"","lastModifiedDate":"2022-10-11"},{"lineNumber":98,"author":{"gitId":"xumou49"},"content":"            String commandBody \u003d DukeUtils.getCommandBody(inputs);","lastModifiedDate":"2022-10-11"},{"lineNumber":99,"author":{"gitId":"xumou49"},"content":"            int taskNo \u003d Integer.parseInt(commandBody) - 1;","lastModifiedDate":"2022-10-11"},{"lineNumber":100,"author":{"gitId":"xumou49"},"content":"","lastModifiedDate":"2022-10-11"},{"lineNumber":101,"author":{"gitId":"xumou49"},"content":"            if (taskNo \u003e\u003d taskList.tasks.size())","lastModifiedDate":"2022-10-11"},{"lineNumber":102,"author":{"gitId":"xumou49"},"content":"                throw new DukeException(\"☹ OOPS!!! The task for deleting is not in list.\");","lastModifiedDate":"2022-10-11"},{"lineNumber":103,"author":{"gitId":"xumou49"},"content":"","lastModifiedDate":"2022-10-11"},{"lineNumber":104,"author":{"gitId":"xumou49"},"content":"            taskList.deleteTask(taskNo);","lastModifiedDate":"2022-10-11"},{"lineNumber":105,"author":{"gitId":"xumou49"},"content":"        }","lastModifiedDate":"2022-10-11"},{"lineNumber":106,"author":{"gitId":"xumou49"},"content":"    },","lastModifiedDate":"2022-10-11"},{"lineNumber":107,"author":{"gitId":"xumou49"},"content":"    UNDEFINED {","lastModifiedDate":"2022-10-11"},{"lineNumber":108,"author":{"gitId":"xumou49"},"content":"        @Override","lastModifiedDate":"2022-10-11"},{"lineNumber":109,"author":{"gitId":"xumou49"},"content":"        public void execute(TaskList taskList, String inputs) throws DukeException {","lastModifiedDate":"2022-10-11"},{"lineNumber":110,"author":{"gitId":"xumou49"},"content":"            throw new DukeException(\"☹ OOPS!!! I\u0027m sorry, but I don\u0027t know what that means :-(\");","lastModifiedDate":"2022-10-11"},{"lineNumber":111,"author":{"gitId":"xumou49"},"content":"        }","lastModifiedDate":"2022-10-11"},{"lineNumber":112,"author":{"gitId":"xumou49"},"content":"    };","lastModifiedDate":"2022-10-11"},{"lineNumber":113,"author":{"gitId":"xumou49"},"content":"","lastModifiedDate":"2022-10-11"},{"lineNumber":114,"author":{"gitId":"xumou49"},"content":"","lastModifiedDate":"2022-10-11"},{"lineNumber":115,"author":{"gitId":"xumou49"},"content":"//    public abstract void execute();","lastModifiedDate":"2022-10-11"},{"lineNumber":116,"author":{"gitId":"xumou49"},"content":"","lastModifiedDate":"2022-10-11"},{"lineNumber":117,"author":{"gitId":"xumou49"},"content":"    public abstract void execute(TaskList taskList, String inputs) throws DukeException;","lastModifiedDate":"2022-10-11"},{"lineNumber":118,"author":{"gitId":"xumou49"},"content":"}","lastModifiedDate":"2022-10-11"}],"authorContributionMap":{"xumou49":118}},{"path":"src/main/java/entity/Deadline.java","fileType":"java","lines":[{"lineNumber":1,"author":{"gitId":"xumou49"},"content":"package entity;","lastModifiedDate":"2022-10-11"},{"lineNumber":2,"author":{"gitId":"xumou49"},"content":"","lastModifiedDate":"2022-10-11"},{"lineNumber":3,"author":{"gitId":"xumou49"},"content":"public class Deadline extends Task {","lastModifiedDate":"2022-09-15"},{"lineNumber":4,"author":{"gitId":"xumou49"},"content":"","lastModifiedDate":"2022-09-15"},{"lineNumber":5,"author":{"gitId":"xumou49"},"content":"    protected String by;","lastModifiedDate":"2022-09-15"},{"lineNumber":6,"author":{"gitId":"xumou49"},"content":"","lastModifiedDate":"2022-09-15"},{"lineNumber":7,"author":{"gitId":"xumou49"},"content":"    public Deadline(String description, String by) {","lastModifiedDate":"2022-09-15"},{"lineNumber":8,"author":{"gitId":"xumou49"},"content":"        super(description);","lastModifiedDate":"2022-09-15"},{"lineNumber":9,"author":{"gitId":"xumou49"},"content":"        this.by \u003d by;","lastModifiedDate":"2022-09-15"},{"lineNumber":10,"author":{"gitId":"xumou49"},"content":"    }","lastModifiedDate":"2022-09-15"},{"lineNumber":11,"author":{"gitId":"xumou49"},"content":"","lastModifiedDate":"2022-09-15"},{"lineNumber":12,"author":{"gitId":"xumou49"},"content":"    @Override","lastModifiedDate":"2022-09-15"},{"lineNumber":13,"author":{"gitId":"xumou49"},"content":"    public String toString() {","lastModifiedDate":"2022-09-15"},{"lineNumber":14,"author":{"gitId":"xumou49"},"content":"        return \"[D]\" + super.toString() + \" (by: \" + by + \")\";","lastModifiedDate":"2022-09-15"},{"lineNumber":15,"author":{"gitId":"xumou49"},"content":"    }","lastModifiedDate":"2022-09-15"},{"lineNumber":16,"author":{"gitId":"xumou49"},"content":"}","lastModifiedDate":"2022-09-15"}],"authorContributionMap":{"xumou49":16}},{"path":"src/main/java/entity/Event.java","fileType":"java","lines":[{"lineNumber":1,"author":{"gitId":"xumou49"},"content":"package entity;","lastModifiedDate":"2022-10-11"},{"lineNumber":2,"author":{"gitId":"xumou49"},"content":"","lastModifiedDate":"2022-10-11"},{"lineNumber":3,"author":{"gitId":"xumou49"},"content":"import entity.Task;","lastModifiedDate":"2022-10-11"},{"lineNumber":4,"author":{"gitId":"xumou49"},"content":"","lastModifiedDate":"2022-10-11"},{"lineNumber":5,"author":{"gitId":"xumou49"},"content":"public class Event extends Task {","lastModifiedDate":"2022-09-15"},{"lineNumber":6,"author":{"gitId":"xumou49"},"content":"    protected String at;","lastModifiedDate":"2022-09-15"},{"lineNumber":7,"author":{"gitId":"xumou49"},"content":"","lastModifiedDate":"2022-09-15"},{"lineNumber":8,"author":{"gitId":"xumou49"},"content":"    public Event(String description, String at) {","lastModifiedDate":"2022-09-15"},{"lineNumber":9,"author":{"gitId":"xumou49"},"content":"        super(description);","lastModifiedDate":"2022-09-15"},{"lineNumber":10,"author":{"gitId":"xumou49"},"content":"        this.at \u003d at;","lastModifiedDate":"2022-09-15"},{"lineNumber":11,"author":{"gitId":"xumou49"},"content":"    }","lastModifiedDate":"2022-09-15"},{"lineNumber":12,"author":{"gitId":"xumou49"},"content":"","lastModifiedDate":"2022-09-15"},{"lineNumber":13,"author":{"gitId":"xumou49"},"content":"    @Override","lastModifiedDate":"2022-09-15"},{"lineNumber":14,"author":{"gitId":"xumou49"},"content":"    public String toString() {","lastModifiedDate":"2022-09-15"},{"lineNumber":15,"author":{"gitId":"xumou49"},"content":"        return \"[E]\" + super.toString() + \" (at: \" + at + \")\";","lastModifiedDate":"2022-09-15"},{"lineNumber":16,"author":{"gitId":"xumou49"},"content":"    }","lastModifiedDate":"2022-09-15"},{"lineNumber":17,"author":{"gitId":"xumou49"},"content":"}","lastModifiedDate":"2022-09-15"}],"authorContributionMap":{"xumou49":17}},{"path":"src/main/java/entity/Task.java","fileType":"java","lines":[{"lineNumber":1,"author":{"gitId":"xumou49"},"content":"package entity;","lastModifiedDate":"2022-10-11"},{"lineNumber":2,"author":{"gitId":"xumou49"},"content":"","lastModifiedDate":"2022-10-11"},{"lineNumber":3,"author":{"gitId":"xumou49"},"content":"public class Task {","lastModifiedDate":"2022-09-15"},{"lineNumber":4,"author":{"gitId":"xumou49"},"content":"    protected String description;","lastModifiedDate":"2022-09-15"},{"lineNumber":5,"author":{"gitId":"xumou49"},"content":"    protected boolean isDone;","lastModifiedDate":"2022-09-15"},{"lineNumber":6,"author":{"gitId":"xumou49"},"content":"","lastModifiedDate":"2022-09-15"},{"lineNumber":7,"author":{"gitId":"xumou49"},"content":"    public Task(String description) {","lastModifiedDate":"2022-09-15"},{"lineNumber":8,"author":{"gitId":"xumou49"},"content":"        this.description \u003d description;","lastModifiedDate":"2022-09-15"},{"lineNumber":9,"author":{"gitId":"xumou49"},"content":"        this.isDone \u003d false;","lastModifiedDate":"2022-09-15"},{"lineNumber":10,"author":{"gitId":"xumou49"},"content":"    }","lastModifiedDate":"2022-09-15"},{"lineNumber":11,"author":{"gitId":"xumou49"},"content":"","lastModifiedDate":"2022-10-11"},{"lineNumber":12,"author":{"gitId":"xumou49"},"content":"    public String getDescription() {","lastModifiedDate":"2022-09-15"},{"lineNumber":13,"author":{"gitId":"xumou49"},"content":"        return this.description;","lastModifiedDate":"2022-09-15"},{"lineNumber":14,"author":{"gitId":"xumou49"},"content":"    }","lastModifiedDate":"2022-09-15"},{"lineNumber":15,"author":{"gitId":"xumou49"},"content":"","lastModifiedDate":"2022-10-11"},{"lineNumber":16,"author":{"gitId":"xumou49"},"content":"    public String getStatusIcon() {","lastModifiedDate":"2022-09-15"},{"lineNumber":17,"author":{"gitId":"xumou49"},"content":"        return (isDone ? \"X\" : \" \"); // mark done task with X","lastModifiedDate":"2022-09-15"},{"lineNumber":18,"author":{"gitId":"xumou49"},"content":"    }","lastModifiedDate":"2022-09-15"},{"lineNumber":19,"author":{"gitId":"xumou49"},"content":"","lastModifiedDate":"2022-10-11"},{"lineNumber":20,"author":{"gitId":"xumou49"},"content":"    public void markTask() {","lastModifiedDate":"2022-09-15"},{"lineNumber":21,"author":{"gitId":"xumou49"},"content":"        this.isDone \u003d true;","lastModifiedDate":"2022-09-15"},{"lineNumber":22,"author":{"gitId":"xumou49"},"content":"    }","lastModifiedDate":"2022-09-15"},{"lineNumber":23,"author":{"gitId":"xumou49"},"content":"","lastModifiedDate":"2022-10-11"},{"lineNumber":24,"author":{"gitId":"xumou49"},"content":"    public void unmarkTask() {","lastModifiedDate":"2022-09-15"},{"lineNumber":25,"author":{"gitId":"xumou49"},"content":"        this.isDone \u003d false;","lastModifiedDate":"2022-09-15"},{"lineNumber":26,"author":{"gitId":"xumou49"},"content":"    }","lastModifiedDate":"2022-09-15"},{"lineNumber":27,"author":{"gitId":"xumou49"},"content":"","lastModifiedDate":"2022-10-11"},{"lineNumber":28,"author":{"gitId":"xumou49"},"content":"    public String toString() {","lastModifiedDate":"2022-09-15"},{"lineNumber":29,"author":{"gitId":"xumou49"},"content":"        return \"[\" + getStatusIcon() + \"] \" + description;","lastModifiedDate":"2022-09-15"},{"lineNumber":30,"author":{"gitId":"xumou49"},"content":"    }","lastModifiedDate":"2022-09-15"},{"lineNumber":31,"author":{"gitId":"xumou49"},"content":"}","lastModifiedDate":"2022-09-15"}],"authorContributionMap":{"xumou49":31}},{"path":"src/main/java/entity/TaskList.java","fileType":"java","lines":[{"lineNumber":1,"author":{"gitId":"xumou49"},"content":"package entity;","lastModifiedDate":"2022-10-11"},{"lineNumber":2,"author":{"gitId":"xumou49"},"content":"import Utils.DukeUtils;","lastModifiedDate":"2022-10-11"},{"lineNumber":3,"author":{"gitId":"xumou49"},"content":"","lastModifiedDate":"2022-10-11"},{"lineNumber":4,"author":{"gitId":"xumou49"},"content":"import java.util.ArrayList;","lastModifiedDate":"2022-10-11"},{"lineNumber":5,"author":{"gitId":"xumou49"},"content":"import java.util.List;","lastModifiedDate":"2022-10-11"},{"lineNumber":6,"author":{"gitId":"xumou49"},"content":"","lastModifiedDate":"2022-10-11"},{"lineNumber":7,"author":{"gitId":"xumou49"},"content":"public class TaskList {","lastModifiedDate":"2022-10-11"},{"lineNumber":8,"author":{"gitId":"xumou49"},"content":"    public List\u003cTask\u003e tasks;","lastModifiedDate":"2022-10-11"},{"lineNumber":9,"author":{"gitId":"xumou49"},"content":"    public TaskList() {","lastModifiedDate":"2022-10-11"},{"lineNumber":10,"author":{"gitId":"xumou49"},"content":"        this.tasks \u003d new ArrayList\u003c\u003e();","lastModifiedDate":"2022-10-11"},{"lineNumber":11,"author":{"gitId":"xumou49"},"content":"    }","lastModifiedDate":"2022-10-11"},{"lineNumber":12,"author":{"gitId":"xumou49"},"content":"    public void addTask(Task task) {","lastModifiedDate":"2022-10-11"},{"lineNumber":13,"author":{"gitId":"xumou49"},"content":"        tasks.add(task);","lastModifiedDate":"2022-10-11"},{"lineNumber":14,"author":{"gitId":"xumou49"},"content":"        DukeUtils.echoText(\"Got it. I\u0027ve added this task: \\n      \" + task +","lastModifiedDate":"2022-10-11"},{"lineNumber":15,"author":{"gitId":"xumou49"},"content":"                \"\\n     Now you have \" + tasks.size() + \" tasks in the list.\");","lastModifiedDate":"2022-10-11"},{"lineNumber":16,"author":{"gitId":"xumou49"},"content":"    }","lastModifiedDate":"2022-10-11"},{"lineNumber":17,"author":{"gitId":"xumou49"},"content":"    public void markTask(int taskNo) {","lastModifiedDate":"2022-10-11"},{"lineNumber":18,"author":{"gitId":"xumou49"},"content":"        Task task \u003d tasks.get(taskNo);","lastModifiedDate":"2022-10-11"},{"lineNumber":19,"author":{"gitId":"xumou49"},"content":"        task.markTask();","lastModifiedDate":"2022-10-11"},{"lineNumber":20,"author":{"gitId":"xumou49"},"content":"        DukeUtils.echoText(\"Nice! I\u0027ve marked this task as done:\\n      \" + task);","lastModifiedDate":"2022-10-11"},{"lineNumber":21,"author":{"gitId":"xumou49"},"content":"    }","lastModifiedDate":"2022-10-11"},{"lineNumber":22,"author":{"gitId":"xumou49"},"content":"    public void unmarkTask(int taskNo) {","lastModifiedDate":"2022-10-11"},{"lineNumber":23,"author":{"gitId":"xumou49"},"content":"        Task task \u003d tasks.get(taskNo);","lastModifiedDate":"2022-10-11"},{"lineNumber":24,"author":{"gitId":"xumou49"},"content":"        task.unmarkTask();","lastModifiedDate":"2022-10-11"},{"lineNumber":25,"author":{"gitId":"xumou49"},"content":"        DukeUtils.echoText(\"OK, I\u0027ve marked this task as not done yet:\\n      \" + task);","lastModifiedDate":"2022-10-11"},{"lineNumber":26,"author":{"gitId":"xumou49"},"content":"    }","lastModifiedDate":"2022-10-11"},{"lineNumber":27,"author":{"gitId":"xumou49"},"content":"    public void deleteTask(int taskNo) {","lastModifiedDate":"2022-10-11"},{"lineNumber":28,"author":{"gitId":"xumou49"},"content":"        Task task \u003d tasks.get(taskNo);","lastModifiedDate":"2022-10-11"},{"lineNumber":29,"author":{"gitId":"xumou49"},"content":"        tasks.remove(taskNo);","lastModifiedDate":"2022-10-11"},{"lineNumber":30,"author":{"gitId":"xumou49"},"content":"        DukeUtils.echoText(\"Noted. I\u0027ve removed this task:\\n      \" + task +","lastModifiedDate":"2022-10-11"},{"lineNumber":31,"author":{"gitId":"xumou49"},"content":"                \"\\n     Now you have \" + tasks.size() + \" tasks in the list.\");","lastModifiedDate":"2022-10-11"},{"lineNumber":32,"author":{"gitId":"xumou49"},"content":"    }","lastModifiedDate":"2022-10-11"},{"lineNumber":33,"author":{"gitId":"xumou49"},"content":"","lastModifiedDate":"2022-10-11"},{"lineNumber":34,"author":{"gitId":"xumou49"},"content":"}","lastModifiedDate":"2022-10-11"}],"authorContributionMap":{"xumou49":34}},{"path":"src/main/java/entity/Todo.java","fileType":"java","lines":[{"lineNumber":1,"author":{"gitId":"xumou49"},"content":"package entity;","lastModifiedDate":"2022-10-11"},{"lineNumber":2,"author":{"gitId":"xumou49"},"content":"","lastModifiedDate":"2022-10-11"},{"lineNumber":3,"author":{"gitId":"xumou49"},"content":"import entity.Task;","lastModifiedDate":"2022-10-11"},{"lineNumber":4,"author":{"gitId":"xumou49"},"content":"","lastModifiedDate":"2022-10-11"},{"lineNumber":5,"author":{"gitId":"xumou49"},"content":"public class Todo extends Task {","lastModifiedDate":"2022-09-15"},{"lineNumber":6,"author":{"gitId":"xumou49"},"content":"","lastModifiedDate":"2022-09-15"},{"lineNumber":7,"author":{"gitId":"xumou49"},"content":"    public Todo(String description) {","lastModifiedDate":"2022-09-15"},{"lineNumber":8,"author":{"gitId":"xumou49"},"content":"        super(description);","lastModifiedDate":"2022-09-15"},{"lineNumber":9,"author":{"gitId":"xumou49"},"content":"    }","lastModifiedDate":"2022-09-15"},{"lineNumber":10,"author":{"gitId":"xumou49"},"content":"","lastModifiedDate":"2022-09-15"},{"lineNumber":11,"author":{"gitId":"xumou49"},"content":"    @Override","lastModifiedDate":"2022-09-15"},{"lineNumber":12,"author":{"gitId":"xumou49"},"content":"    public String toString() {","lastModifiedDate":"2022-09-15"},{"lineNumber":13,"author":{"gitId":"xumou49"},"content":"        return \"[T]\" + super.toString();","lastModifiedDate":"2022-09-15"},{"lineNumber":14,"author":{"gitId":"xumou49"},"content":"    }","lastModifiedDate":"2022-09-15"},{"lineNumber":15,"author":{"gitId":"xumou49"},"content":"}","lastModifiedDate":"2022-09-15"}],"authorContributionMap":{"xumou49":15}},{"path":"src/main/java/exceptions/DukeException.java","fileType":"java","lines":[{"lineNumber":1,"author":{"gitId":"xumou49"},"content":"package exceptions;","lastModifiedDate":"2022-10-11"},{"lineNumber":2,"author":{"gitId":"xumou49"},"content":"","lastModifiedDate":"2022-10-11"},{"lineNumber":3,"author":{"gitId":"xumou49"},"content":"public class DukeException extends Exception{","lastModifiedDate":"2022-10-07"},{"lineNumber":4,"author":{"gitId":"xumou49"},"content":"    public DukeException(String errorMessage) {","lastModifiedDate":"2022-10-07"},{"lineNumber":5,"author":{"gitId":"xumou49"},"content":"        super(errorMessage);","lastModifiedDate":"2022-10-07"},{"lineNumber":6,"author":{"gitId":"xumou49"},"content":"    }","lastModifiedDate":"2022-10-07"},{"lineNumber":7,"author":{"gitId":"xumou49"},"content":"}","lastModifiedDate":"2022-10-07"}],"authorContributionMap":{"xumou49":7}}]
