{"authorDailyContributionsMap":{"xumou49":[{"date":"2022-09-07","commitResults":[{"hash":"b2800696e3374e241daef0f07499061d2a426e19","messageTitle":"test pull request","messageBody":"","fileTypesAndContributionMap":{"md":{"insertions":2,"deletions":0}}},{"hash":"696b608cea55f6c3b9fcb59ebdc02dfdd04f8e74","messageTitle":"Level-1: Greet, Echo, Exit","messageBody":"","tags":["level-1"],"fileTypesAndContributionMap":{"java":{"insertions":34,"deletions":1}}},{"hash":"8d13be687d9e1c42a6bdc27cc06feeb048895393","messageTitle":"Level-2: Add, List","messageBody":"","tags":["level-2"],"fileTypesAndContributionMap":{"java":{"insertions":19,"deletions":3}}}]},{"date":"2022-09-15","commitResults":[{"hash":"49fb42fcbf698784af6399a23675dd2436b9d7c1","messageTitle":"Level-3: Mark as Done","messageBody":"","tags":["level-3"],"fileTypesAndContributionMap":{"java":{"insertions":90,"deletions":24}}},{"hash":"65c8a6e07eb447e5df58fb857f9b0160e41fce7d","messageTitle":"Level-4: ToDo, Event, Deadline","messageBody":"","tags":["level-4"],"fileTypesAndContributionMap":{"java":{"insertions":63,"deletions":0}}}]},{"date":"2022-10-07","commitResults":[{"hash":"3cb11eed9cf726489a1dc4d9884b6496211a79ac","messageTitle":"Level-5: Handle Errors","messageBody":"","tags":["level-5"],"fileTypesAndContributionMap":{"java":{"insertions":57,"deletions":24}}}]},{"date":"2022-10-11","commitResults":[{"hash":"daad177701e95ad29b15dbf560ab26dd926137b4","messageTitle":"Level-6: A-Enums: Enums if-applicable","messageBody":"","tags":["level-6"],"fileTypesAndContributionMap":{"java":{"insertions":259,"deletions":141}}}]},{"date":"2022-10-26","commitResults":[{"hash":"d7dbdcb53c3582e282d9a7113c926ee0814a2ec1","messageTitle":"Level-7: Save, A-MoreOOP, A-Packages","messageBody":"","tags":["level-7"],"fileTypesAndContributionMap":{"txt":{"insertions":3,"deletions":0},"java":{"insertions":286,"deletions":114}}}]},{"date":"2022-11-02","commitResults":[{"hash":"956d0ddd04fc8b45f996b17dd61d8f6af6507060","messageTitle":"Level-8: Dates and Times, A-JavaDoc, A-Gradle, A-JUnit","messageBody":"","tags":["level-8"],"fileTypesAndContributionMap":{"gradle":{"insertions":28,"deletions":0},"txt":{"insertions":3,"deletions":2},"java":{"insertions":609,"deletions":120},"bat":{"insertions":103,"deletions":0}}}]},{"date":"2022-11-08","commitResults":[{"hash":"bfe2fc4496541b5d23f52885c127aea48236c124","messageTitle":"Level-8: A-JavaDoc, A-Gradle, A-JUnit","messageBody":"","tags":["level-8-1"],"fileTypesAndContributionMap":{"txt":{"insertions":4,"deletions":4},"java":{"insertions":65,"deletions":23}}},{"hash":"5929a1da3c4daa7ea0a1098378a6ec8e52897ff8","messageTitle":"Level-9: Find, Individual feature, A-CodingStandard, A-CodeQuality","messageBody":"","tags":["level-9"],"fileTypesAndContributionMap":{"java":{"insertions":97,"deletions":11}}}]}]},"authorFileTypeContributionMap":{"xumou49":{"java":1125,"md":2,"fxml":0,"sh":0,"bat":103,"gradle":28,"txt":4}},"authorContributionVariance":{"xumou49":11850.504},"authorDisplayNameMap":{"xumou49":"XU B..OWEN"}}
