{"authorDailyContributionsMap":{"xumou49":[{"date":"2022-09-07","commitResults":[{"hash":"b2800696e3374e241daef0f07499061d2a426e19","messageTitle":"test pull request","messageBody":"","fileTypesAndContributionMap":{"md":{"insertions":2,"deletions":0}}},{"hash":"696b608cea55f6c3b9fcb59ebdc02dfdd04f8e74","messageTitle":"Level-1: Greet, Echo, Exit","messageBody":"","fileTypesAndContributionMap":{"java":{"insertions":34,"deletions":1}}},{"hash":"8d13be687d9e1c42a6bdc27cc06feeb048895393","messageTitle":"Level-2: Add, List","messageBody":"","fileTypesAndContributionMap":{"java":{"insertions":19,"deletions":3}}}]}]},"authorFileTypeContributionMap":{"xumou49":{"java":49,"md":2,"fxml":0,"sh":0,"bat":0,"gradle":0,"txt":0}},"authorContributionVariance":{"xumou49":108.66805},"authorDisplayNameMap":{"xumou49":"XU B..OWEN"}}
