[{"path":"src/main/java/Duke.java","fileType":"java","lines":[{"lineNumber":1,"author":{"gitId":"0493730"},"content":"import java.util.Scanner;","lastModifiedDate":"2022-09-11"},{"lineNumber":2,"author":{"gitId":"0493730"},"content":"","lastModifiedDate":"2022-09-11"},{"lineNumber":3,"author":{"gitId":"-"},"content":"public class Duke {","lastModifiedDate":"2019-07-29"},{"lineNumber":4,"author":{"gitId":"0493730"},"content":"    public static String line \u003d \"\\n----------------------------------\\n\";","lastModifiedDate":"2022-09-11"},{"lineNumber":5,"author":{"gitId":"0493730"},"content":"    static private String userInput \u003d \"\";","lastModifiedDate":"2022-09-12"},{"lineNumber":6,"author":{"gitId":"0493730"},"content":"    static private String taskList[] \u003d new String[100];","lastModifiedDate":"2022-09-12"},{"lineNumber":7,"author":{"gitId":"0493730"},"content":"    static private int taskListCount \u003d 0;","lastModifiedDate":"2022-09-12"},{"lineNumber":8,"author":{"gitId":"0493730"},"content":"","lastModifiedDate":"2022-09-11"},{"lineNumber":9,"author":{"gitId":"-"},"content":"    public static void main(String[] args) {","lastModifiedDate":"2019-07-29"},{"lineNumber":10,"author":{"gitId":"0493730"},"content":"        String logo \u003d \"⠀⠀⠀⠀⠀⠀⠀⠀⠀⠀⠀⠀⣀⠔⠋⠀⠐⠈⠉⠉⠉⠀⠀⠀⠉⠓⢄⠀⣀⠄⠚⠙⠉⠁⠀⠉⠉⠉⠁⠂⡀⠀⠀⠀⠀⠀⠀⠀⠀⠀\\n\" +","lastModifiedDate":"2022-09-11"},{"lineNumber":11,"author":{"gitId":"0493730"},"content":"                \"⠀⠀⠀⠀⠀⠀⠀⠀⠀⠀⣠⠎⠀⠀⠀⠀⠀⠀⠀⠀⠀⠀⠀⠀⠀⠀⠀⣿⡀⠀⠁⠀⠀⠀⠀⠀⠀⠀⠀⠐⣜⣦⠀⠀⠀⠀⠀⠀⠀⠀\\n\" +","lastModifiedDate":"2022-09-11"},{"lineNumber":12,"author":{"gitId":"0493730"},"content":"                \"⠀⠀⠀⠀⠀⠀⠀⠀⢀⠔⡁⠀⠀⠀⠀⠀⠀⣀⣀⣤⡤⠤⣤⣄⣀⣀⠀⠘⣷⡄⠀⠀⠀⠀⠀⠀⠀⠀⠀⠀⠀⢹⣷⡀⠀⠀⠀⠀⠀⠀\\n\" +","lastModifiedDate":"2022-09-11"},{"lineNumber":13,"author":{"gitId":"0493730"},"content":"                \"⠀⠀⠀⠀⠀⠀⠀⣰⣥⠞⠀⠀⠀⠀⢠⡴⠟⠋⠉⠀⠀⠀⠀⠀⠉⠙⠻⢶⣼⣷⣠⣤⡴⠶⠶⠶⠶⠶⢦⣤⣤⣈⠙⣷⣤⣀⠀⠀⠀⠀\\n\" +","lastModifiedDate":"2022-09-11"},{"lineNumber":14,"author":{"gitId":"0493730"},"content":"                \"⠀⠀⠀⠀⠀⢀⣴⢳⠏⠀⠀⠀⠀⠀⠀⠀⠀⠀⠀⠀⠀⠀⠀⣀⣀⣀⣀⣀⣈⣻⣦⡀⠀⠀⠀⠀⠀⠀⠀⠀⣀⣈⠀⠀⠉⠈⠑⢄⠀⠀\\n\" +","lastModifiedDate":"2022-09-11"},{"lineNumber":15,"author":{"gitId":"0493730"},"content":"                \"⠀⠀⠀⠀⢀⣼⣿⡋⠀⠀⠀⠀⠀⠀⠀⠀⠀⠀⢀⣤⠶⢛⣫⣭⣭⠿⠾⠯⣭⣭⣍⣛⢦⣀⣤⣶⣞⣋⣭⢭⣭⣭⣭⣭⣟⣓⣶⠀⠑⠄\\n\" +","lastModifiedDate":"2022-09-11"},{"lineNumber":16,"author":{"gitId":"0493730"},"content":"                \"⠀⢀⣠⠴⡩⠀⢸⡇⠀⠀⠀⠀⠀⠀⠀⡤⠴⢞⣉⡴⠚⠉⠁⠀⠀⠀⠀⠀⠀⠀⠈⠉⠻⡟⠛⠉⠉⠉⠀⠀⠀⠀⠀⠀⠈⠉⠉⠓⠇⠈\\n\" +","lastModifiedDate":"2022-09-11"},{"lineNumber":17,"author":{"gitId":"0493730"},"content":"                \"⢤⣿⣼⠂⠀⠀⣿⠀⠀⠀⠀⠀⠀⣴⡛⠛⢛⠋⠁⠀⠀⠀⠀⠀⠀⠀⠀⠀⠀⠀⠀⠀⠀⢹⡆⠀⠀⠀⠀⠀⠀⠀⠀⠀⠀⠀⠀⠀⠀⢂\\n\" +","lastModifiedDate":"2022-09-11"},{"lineNumber":18,"author":{"gitId":"0493730"},"content":"                \"⣿⣿⠙⠀⠀⠀⠉⠀⠀⠀⠀⠀⠀⠈⠉⠛⠛⢷⣤⡀⠀⠀⠀⠀⠀⠀⠀⠀⠀⠀⠀⠀⢀⡿⠀⠀⠀⠀⠀⠀⠀⠀⠀⠀⠀⠀⠀⠀⡀⠘\\n\" +","lastModifiedDate":"2022-09-11"},{"lineNumber":19,"author":{"gitId":"0493730"},"content":"                \"⢹⣿⣷⣄⠀⠀⠀⠀⠀⠀⠀⠀⠀⠀⠀⠀⠀⢤⡿⡿⠲⢤⣄⣀⣀⣀⣀⣀⣤⣴⠶⠞⢋⡿⠲⠶⠦⢤⣶⢦⣴⣶⡶⠶⠶⠞⠛⠋⣁⡀\\n\" +","lastModifiedDate":"2022-09-11"},{"lineNumber":20,"author":{"gitId":"0493730"},"content":"                \"⣿⣿⣿⣿⣷⣄⠀⠀⠀⠀⠀⠀⠀⠀⠀⠀⠀⡿⣽⠟⠛⠲⠿⠭⠭⠭⠭⠥⠤⣴⠞⠛⠋⠀⠀⠀⠀⠀⣿⢸⡇⠀⠀⠀⢀⡤⢠⡾⠟⠀\\n\" +","lastModifiedDate":"2022-09-11"},{"lineNumber":21,"author":{"gitId":"0493730"},"content":"                \"⣿⣿⣿⣿⣿⣿⣿⣶⣄⠀⠀⠀⠀⠀⠀⠀⠀⡇⣿⠀⠀⠀⠀⠀⠀⣀⣤⡶⢟⣫⣤⣶⣶⣶⣶⣦⣤⣤⣸⣧⢿⣤⡴⠎⠻⡗⠉⠀⠀⠀\\n\" +","lastModifiedDate":"2022-09-11"},{"lineNumber":22,"author":{"gitId":"0493730"},"content":"                \"⠘⢿⣿⣿⣿⣿⣿⣿⣿⣷⣦⣄⠀⠀⠀⠀⢀⡇⣿⠀⠀⠀⢀⣾⣿⣿⣷⡾⠿⠟⠋⣉⣉⣉⠉⢻⣷⣝⠋⢹⡼⡇⠀⠀⠀⠙⢆⠀⠀⠀\\n\" +","lastModifiedDate":"2022-09-11"},{"lineNumber":23,"author":{"gitId":"0493730"},"content":"                \"⠀⠀⠻⢿⣿⣿⣿⣿⣿⣿⣿⣿⣷⣶⣤⣀⠸⢇⣟⣤⣶⣿⠿⢟⣋⣩⣤⣶⣶⣾⡿⠟⠛⠻⢿⣦⣽⣿⣷⣾⣇⣿⡀⠀⠀⠀⠨⢆⠀⠀\\n\" +","lastModifiedDate":"2022-09-11"},{"lineNumber":24,"author":{"gitId":"0493730"},"content":"                \"⠀⠀⠀⠸⣿⣭⣭⣶⣶⣶⣶⣶⣼⣿⣿⣿⣿⣿⡟⣛⣭⣴⣾⠿⠟⠛⠉⠁⠀⠀⠀⢀⣀⣀⣀⡉⠙⠛⠻⣿⣿⣿⡿⢿⣷⣶⣦⡾⣆⠀\\n\" +","lastModifiedDate":"2022-09-11"},{"lineNumber":25,"author":{"gitId":"0493730"},"content":"                \"⠀⠀⠀⠀⠙⠋⠉⣿⡇⣿⣿⣿⣿⣿⣟⣋⣁⣥⣾⡿⠛⠛⠻⠶⠶⠶⣤⣤⣄⣀⣀⣸⡿⠿⣿⡿⢿⠿⣷⣦⣉⠻⣿⣦⡴⠿⠻⣧⣾⠀\\n\" +","lastModifiedDate":"2022-09-11"},{"lineNumber":26,"author":{"gitId":"0493730"},"content":"                \"⠀⠀⠀⠀⠀⠀⠀⣿⡇⠙⣻⣿⣿⣿⣿⣿⣿⠛⠛⠿⣷⣶⣤⣤⣤⣀⣀⣀⣀⠈⠉⢹⣿⡙⣿⡄⠸⠀⢀⠉⠻⣷⣼⣿⣀⣠⣴⣿⢹⠀\\n\" +","lastModifiedDate":"2022-09-11"},{"lineNumber":27,"author":{"gitId":"0493730"},"content":"                \"⠀⠀⠀⠀⠀⠀⠀⢻⣇⢰⣿⣏⠙⠻⣭⣿⣿⣿⣿⣿⣿⣷⣾⣯⣭⣛⠿⣿⣙⠛⠛⠛⠻⣿⣾⣿⣷⣶⣶⣤⣀⠀⠙⢿⣯⣉⣾⡟⢸⠀\\n\" +","lastModifiedDate":"2022-09-11"},{"lineNumber":28,"author":{"gitId":"0493730"},"content":"                \"⠂⠀⠀⠀⠀⢀⣾⣾⣿⣿⣿⣿⣿⣶⣶⣶⣶⣶⣶⣾⣿⣿⣿⣿⣿⣿⣷⣜⢿⣿⣿⣿⣶⣾⣿⣿⣿⣿⣾⣿⣿⣿⣷⣦⣙⠿⣿⣰⡇⠀\\n\" +","lastModifiedDate":"2022-09-11"},{"lineNumber":29,"author":{"gitId":"0493730"},"content":"                \"⣤⣶⣶⣶⣤⣼⣿⡏⠀⠀⠈⣿⣿⣿⣿⣿⣿⣿⣿⣭⣭⣉⣉⣉⠉⠙⠛⢿⣧⡘⢿⣿⡿⠿⠿⠿⠿⠿⠿⠿⢻⡿⠿⢿⣿⣦⡈⢻⡆⠀\\n\" +","lastModifiedDate":"2022-09-11"},{"lineNumber":30,"author":{"gitId":"0493730"},"content":"                \"⠉⠉⠉⠉⠉⠙⠛⠁⠀⠀⠀⠈⠉⠉⠉⠉⠉⠉⠉⠉⠙⠻⠿⠿⣷⣄⠀⠀⠹⣿⣦⠻⣷⣄⡀⠀⡠⣔⡴⠖⠉⠀⠀⠀⠀⠈⣿⠘⣷⠀\\n\" +","lastModifiedDate":"2022-09-11"},{"lineNumber":31,"author":{"gitId":"0493730"},"content":"                \"⢀⣴⣿⡿⢠⣶⣷⣦⠀⣼⣷⣶⡄⣾⠀⣷⠀⢸⡇⢸⣷⡄⢠⣿⡎⣿⣧⣴⣶⣾⣿⣷⣜⠿⣿⡗⠋⠁⠀⠀⠀⠀⠀⠀⠀⠀⢹⡀⣿⠀\\n\" +","lastModifiedDate":"2022-09-11"},{"lineNumber":32,"author":{"gitId":"0493730"},"content":"                \"⢸⣏⠀⠀⣿⡇⠀⣹⡇⣿⣷⡿⠃⣿⠀⣿⡀⣸⡇⢸⡿⣷⣼⢻⡇⢿⣿⠿⠿⠛⠛⠛⢿⣦⡈⠻⣯⣱⠀⠀⠀⠀⠀⠀⠀⢀⡾⢰⡏⠀\\n\" +","lastModifiedDate":"2022-09-11"},{"lineNumber":33,"author":{"gitId":"0493730"},"content":"                \"⠈⠻⠿⠗⠘⠿⠿⠟⠀⠿⠃⠀⠀⠿⠀⠛⠿⠿⠃⠸⠇⠻⠇⠸⠇⢸⣿⡄⠀⠀⠀⠀⠀⠻⣷⣦⣈⡛⡗⠒⠶⣖⣛⣛⣭⣽⡾⠟⠀⠀\\n\" +","lastModifiedDate":"2022-09-11"},{"lineNumber":34,"author":{"gitId":"0493730"},"content":"                \"⠀⠀⠀⠀⠀⠀⠀⠀⠀⠀⠀⠀⠀⠀⠀⠀⠀⠀⠀⠀⠀⠀⠀⠀⠀⠀⣿⡇⠀⠀⠀⠀⠀⠀⠈⢙⣻⣿⠿⡿⠛⠛⠛⠉⠉⠀⠀⠀⠀⠀\";","lastModifiedDate":"2022-09-11"},{"lineNumber":35,"author":{"gitId":"0493730"},"content":"","lastModifiedDate":"2022-09-11"},{"lineNumber":36,"author":{"gitId":"0493730"},"content":"        System.out.println(logo);","lastModifiedDate":"2022-09-11"},{"lineNumber":37,"author":{"gitId":"0493730"},"content":"","lastModifiedDate":"2022-09-11"},{"lineNumber":38,"author":{"gitId":"0493730"},"content":"        Scanner scanner \u003d new Scanner(System.in);","lastModifiedDate":"2022-09-12"},{"lineNumber":39,"author":{"gitId":"0493730"},"content":"        System.out.println(line + \"Hello! I\u0027m Pepe\\nWhat can I do for you?\" + line);","lastModifiedDate":"2022-09-11"},{"lineNumber":40,"author":{"gitId":"0493730"},"content":"","lastModifiedDate":"2022-09-11"},{"lineNumber":41,"author":{"gitId":"0493730"},"content":"        userInput \u003d scanner.nextLine();","lastModifiedDate":"2022-09-12"},{"lineNumber":42,"author":{"gitId":"0493730"},"content":"        while(!userInput.equalsIgnoreCase(\"bye\")) {","lastModifiedDate":"2022-09-11"},{"lineNumber":43,"author":{"gitId":"0493730"},"content":"            switch(userInput) {","lastModifiedDate":"2022-09-12"},{"lineNumber":44,"author":{"gitId":"0493730"},"content":"                case \"list\":","lastModifiedDate":"2022-09-12"},{"lineNumber":45,"author":{"gitId":"0493730"},"content":"                    list();","lastModifiedDate":"2022-09-11"},{"lineNumber":46,"author":{"gitId":"0493730"},"content":"                    break;","lastModifiedDate":"2022-09-12"},{"lineNumber":47,"author":{"gitId":"0493730"},"content":"                case \"read book\":","lastModifiedDate":"2022-09-12"},{"lineNumber":48,"author":{"gitId":"0493730"},"content":"                    readBook();","lastModifiedDate":"2022-09-12"},{"lineNumber":49,"author":{"gitId":"0493730"},"content":"                    break;","lastModifiedDate":"2022-09-12"},{"lineNumber":50,"author":{"gitId":"0493730"},"content":"                case \"return book\":","lastModifiedDate":"2022-09-12"},{"lineNumber":51,"author":{"gitId":"0493730"},"content":"                    returnBook();","lastModifiedDate":"2022-09-12"},{"lineNumber":52,"author":{"gitId":"0493730"},"content":"                    break;","lastModifiedDate":"2022-09-12"},{"lineNumber":53,"author":{"gitId":"-"},"content":"            }","lastModifiedDate":"2019-07-29"},{"lineNumber":54,"author":{"gitId":"0493730"},"content":"            userInput \u003d scanner.nextLine();","lastModifiedDate":"2022-09-12"},{"lineNumber":55,"author":{"gitId":"0493730"},"content":"        }","lastModifiedDate":"2022-09-11"},{"lineNumber":56,"author":{"gitId":"0493730"},"content":"        bye();","lastModifiedDate":"2022-09-11"},{"lineNumber":57,"author":{"gitId":"0493730"},"content":"","lastModifiedDate":"2022-09-12"},{"lineNumber":58,"author":{"gitId":"0493730"},"content":"    }","lastModifiedDate":"2022-09-11"},{"lineNumber":59,"author":{"gitId":"0493730"},"content":"    public static void list() {","lastModifiedDate":"2022-09-11"},{"lineNumber":60,"author":{"gitId":"0493730"},"content":"        System.out.println(line);","lastModifiedDate":"2022-09-12"},{"lineNumber":61,"author":{"gitId":"0493730"},"content":"        for(int i\u003d0; i\u003ctaskListCount; i++) {","lastModifiedDate":"2022-09-12"},{"lineNumber":62,"author":{"gitId":"0493730"},"content":"            int taskNumber \u003d i+1;","lastModifiedDate":"2022-09-12"},{"lineNumber":63,"author":{"gitId":"0493730"},"content":"            System.out.println(taskNumber + \". \" + taskList[taskNumber]);","lastModifiedDate":"2022-09-12"},{"lineNumber":64,"author":{"gitId":"0493730"},"content":"        }","lastModifiedDate":"2022-09-12"},{"lineNumber":65,"author":{"gitId":"0493730"},"content":"        System.out.println(line);","lastModifiedDate":"2022-09-12"},{"lineNumber":66,"author":{"gitId":"0493730"},"content":"    }","lastModifiedDate":"2022-09-11"},{"lineNumber":67,"author":{"gitId":"0493730"},"content":"","lastModifiedDate":"2022-09-11"},{"lineNumber":68,"author":{"gitId":"0493730"},"content":"    public static void blah() {","lastModifiedDate":"2022-09-11"},{"lineNumber":69,"author":{"gitId":"0493730"},"content":"        System.out.println(line + \"blah\" + line);","lastModifiedDate":"2022-09-11"},{"lineNumber":70,"author":{"gitId":"0493730"},"content":"    }","lastModifiedDate":"2022-09-11"},{"lineNumber":71,"author":{"gitId":"0493730"},"content":"","lastModifiedDate":"2022-09-11"},{"lineNumber":72,"author":{"gitId":"0493730"},"content":"    public static void bye() {","lastModifiedDate":"2022-09-11"},{"lineNumber":73,"author":{"gitId":"0493730"},"content":"        System.out.println(line + \"Bye. Hope to see you again soon!\" + line);","lastModifiedDate":"2022-09-11"},{"lineNumber":74,"author":{"gitId":"0493730"},"content":"    }","lastModifiedDate":"2022-09-11"},{"lineNumber":75,"author":{"gitId":"0493730"},"content":"","lastModifiedDate":"2022-09-11"},{"lineNumber":76,"author":{"gitId":"0493730"},"content":"    public static void readBook() {","lastModifiedDate":"2022-09-12"},{"lineNumber":77,"author":{"gitId":"0493730"},"content":"        taskListCount++;","lastModifiedDate":"2022-09-12"},{"lineNumber":78,"author":{"gitId":"0493730"},"content":"        System.out.println(\"read \" + taskListCount);","lastModifiedDate":"2022-09-12"},{"lineNumber":79,"author":{"gitId":"0493730"},"content":"        taskList[taskListCount] \u003d userInput;","lastModifiedDate":"2022-09-12"},{"lineNumber":80,"author":{"gitId":"0493730"},"content":"        System.out.println(line + \"added: read book\" + line);","lastModifiedDate":"2022-09-12"},{"lineNumber":81,"author":{"gitId":"0493730"},"content":"    }","lastModifiedDate":"2022-09-12"},{"lineNumber":82,"author":{"gitId":"0493730"},"content":"","lastModifiedDate":"2022-09-12"},{"lineNumber":83,"author":{"gitId":"0493730"},"content":"    public static void returnBook() {","lastModifiedDate":"2022-09-12"},{"lineNumber":84,"author":{"gitId":"0493730"},"content":"        taskListCount++;","lastModifiedDate":"2022-09-12"},{"lineNumber":85,"author":{"gitId":"0493730"},"content":"        System.out.println(\"return \" + taskListCount);","lastModifiedDate":"2022-09-12"},{"lineNumber":86,"author":{"gitId":"0493730"},"content":"        taskList[taskListCount] \u003d userInput;","lastModifiedDate":"2022-09-12"},{"lineNumber":87,"author":{"gitId":"0493730"},"content":"        System.out.println(line + \"added: return book\" + line);","lastModifiedDate":"2022-09-12"},{"lineNumber":88,"author":{"gitId":"-"},"content":"    }","lastModifiedDate":"2022-09-12"},{"lineNumber":89,"author":{"gitId":"-"},"content":"}","lastModifiedDate":"2019-07-29"}],"authorContributionMap":{"0493730":84,"-":5}},{"path":"things/fruits.txt","fileType":"txt","lines":[{"lineNumber":1,"author":{"gitId":"0493730"},"content":"apples","lastModifiedDate":"2022-09-11"},{"lineNumber":2,"author":{"gitId":"0493730"},"content":"berries","lastModifiedDate":"2022-09-11"},{"lineNumber":3,"author":{"gitId":"0493730"},"content":"cherries","lastModifiedDate":"2022-09-11"}],"authorContributionMap":{"0493730":3}}]
