[{"path":"src/main/java/Duke/Duke.java","fileType":"java","lines":[{"lineNumber":1,"author":{"gitId":"0493730"},"content":"package Duke;","lastModifiedDate":"2022-10-28"},{"lineNumber":2,"author":{"gitId":"0493730"},"content":"import java.io.FileNotFoundException;","lastModifiedDate":"2022-11-04"},{"lineNumber":3,"author":{"gitId":"0493730"},"content":"import java.io.IOException;","lastModifiedDate":"2022-11-04"},{"lineNumber":4,"author":{"gitId":"0493730"},"content":"import java.util.Scanner;","lastModifiedDate":"2022-09-11"},{"lineNumber":5,"author":{"gitId":"0493730"},"content":"","lastModifiedDate":"2022-09-11"},{"lineNumber":6,"author":{"gitId":"0493730"},"content":"import Duke.Exception.DukeException;","lastModifiedDate":"2022-10-28"},{"lineNumber":7,"author":{"gitId":"0493730"},"content":"import Duke.Storage.Storage;","lastModifiedDate":"2022-11-04"},{"lineNumber":8,"author":{"gitId":"0493730"},"content":"import Duke.TaskList.Task;","lastModifiedDate":"2022-10-28"},{"lineNumber":9,"author":{"gitId":"0493730"},"content":"import Duke.TaskList.Tasklist;","lastModifiedDate":"2022-11-04"},{"lineNumber":10,"author":{"gitId":"0493730"},"content":"import Duke.Ui.Ui;","lastModifiedDate":"2022-11-04"},{"lineNumber":11,"author":{"gitId":"0493730"},"content":"","lastModifiedDate":"2022-10-28"},{"lineNumber":12,"author":{"gitId":"-"},"content":"public class Duke {","lastModifiedDate":"2019-07-29"},{"lineNumber":13,"author":{"gitId":"0493730"},"content":"    private static Ui ui;","lastModifiedDate":"2022-11-04"},{"lineNumber":14,"author":{"gitId":"0493730"},"content":"    private static Storage storage;","lastModifiedDate":"2022-11-04"},{"lineNumber":15,"author":{"gitId":"0493730"},"content":"    private static Tasklist tl;","lastModifiedDate":"2022-11-04"},{"lineNumber":16,"author":{"gitId":"0493730"},"content":"","lastModifiedDate":"2022-09-11"},{"lineNumber":17,"author":{"gitId":"0493730"},"content":"    public Duke (String path) throws DukeException {","lastModifiedDate":"2022-11-04"},{"lineNumber":18,"author":{"gitId":"0493730"},"content":"        ui \u003d new Ui();","lastModifiedDate":"2022-11-04"},{"lineNumber":19,"author":{"gitId":"0493730"},"content":"        ui.hello();","lastModifiedDate":"2022-11-04"},{"lineNumber":20,"author":{"gitId":"0493730"},"content":"","lastModifiedDate":"2022-09-16"},{"lineNumber":21,"author":{"gitId":"0493730"},"content":"        try {","lastModifiedDate":"2022-11-04"},{"lineNumber":22,"author":{"gitId":"0493730"},"content":"            storage \u003d new Storage(path);","lastModifiedDate":"2022-11-04"},{"lineNumber":23,"author":{"gitId":"0493730"},"content":"            tl \u003d new Tasklist(storage.load());","lastModifiedDate":"2022-11-04"},{"lineNumber":24,"author":{"gitId":"0493730"},"content":"        } catch (DukeException e){","lastModifiedDate":"2022-11-04"},{"lineNumber":25,"author":{"gitId":"0493730"},"content":"            tl \u003d new Tasklist();","lastModifiedDate":"2022-11-04"},{"lineNumber":26,"author":{"gitId":"0493730"},"content":"        } catch (FileNotFoundException e) {","lastModifiedDate":"2022-11-04"},{"lineNumber":27,"author":{"gitId":"0493730"},"content":"            System.out.println(\"Sorry the file cannot be located.\");","lastModifiedDate":"2022-11-04"},{"lineNumber":28,"author":{"gitId":"0493730"},"content":"        } catch (IOException e) {","lastModifiedDate":"2022-11-04"},{"lineNumber":29,"author":{"gitId":"0493730"},"content":"            throw new DukeException(\"Unable to create tasks.txt\");","lastModifiedDate":"2022-11-04"},{"lineNumber":30,"author":{"gitId":"0493730"},"content":"        }","lastModifiedDate":"2022-11-04"},{"lineNumber":31,"author":{"gitId":"0493730"},"content":"    }","lastModifiedDate":"2022-11-04"},{"lineNumber":32,"author":{"gitId":"0493730"},"content":"","lastModifiedDate":"2022-09-11"},{"lineNumber":33,"author":{"gitId":"0493730"},"content":"    public void run() {","lastModifiedDate":"2022-11-04"},{"lineNumber":34,"author":{"gitId":"0493730"},"content":"        String userInput;","lastModifiedDate":"2022-11-04"},{"lineNumber":35,"author":{"gitId":"0493730"},"content":"        boolean end \u003d false;","lastModifiedDate":"2022-11-04"},{"lineNumber":36,"author":{"gitId":"0493730"},"content":"","lastModifiedDate":"2022-09-11"},{"lineNumber":37,"author":{"gitId":"0493730"},"content":"        while (!end) {","lastModifiedDate":"2022-11-04"},{"lineNumber":38,"author":{"gitId":"0493730"},"content":"            try {","lastModifiedDate":"2022-11-04"},{"lineNumber":39,"author":{"gitId":"0493730"},"content":"                userInput \u003d Ui.getUserInput().nextLine();","lastModifiedDate":"2022-11-04"},{"lineNumber":40,"author":{"gitId":"0493730"},"content":"                Ui.line();","lastModifiedDate":"2022-11-04"},{"lineNumber":41,"author":{"gitId":"0493730"},"content":"                Ui.input(tl, userInput);","lastModifiedDate":"2022-11-04"},{"lineNumber":42,"author":{"gitId":"0493730"},"content":"","lastModifiedDate":"2022-09-11"},{"lineNumber":43,"author":{"gitId":"0493730"},"content":"                if(userInput.equalsIgnoreCase(\"bye\")) {","lastModifiedDate":"2022-11-04"},{"lineNumber":44,"author":{"gitId":"0493730"},"content":"                    end \u003d true;","lastModifiedDate":"2022-11-04"},{"lineNumber":45,"author":{"gitId":"-"},"content":"                }","lastModifiedDate":"2019-07-29"},{"lineNumber":46,"author":{"gitId":"0493730"},"content":"            } catch(DukeException e) {","lastModifiedDate":"2022-09-21"},{"lineNumber":47,"author":{"gitId":"0493730"},"content":"                Ui.error(e.getMessage());","lastModifiedDate":"2022-11-04"},{"lineNumber":48,"author":{"gitId":"0493730"},"content":"            } finally {","lastModifiedDate":"2022-11-04"},{"lineNumber":49,"author":{"gitId":"0493730"},"content":"                Ui.line();","lastModifiedDate":"2022-11-04"},{"lineNumber":50,"author":{"gitId":"0493730"},"content":"            }","lastModifiedDate":"2022-09-21"},{"lineNumber":51,"author":{"gitId":"0493730"},"content":"        }","lastModifiedDate":"2022-09-21"},{"lineNumber":52,"author":{"gitId":"0493730"},"content":"    }","lastModifiedDate":"2022-09-11"},{"lineNumber":53,"author":{"gitId":"0493730"},"content":"","lastModifiedDate":"2022-11-04"},{"lineNumber":54,"author":{"gitId":"0493730"},"content":"    public static void main(String[] arg) throws DukeException {","lastModifiedDate":"2022-11-04"},{"lineNumber":55,"author":{"gitId":"0493730"},"content":"        new Duke(\"tasks.txt\").run();","lastModifiedDate":"2022-11-04"},{"lineNumber":56,"author":{"gitId":"0493730"},"content":"    }","lastModifiedDate":"2022-09-12"},{"lineNumber":57,"author":{"gitId":"-"},"content":"}","lastModifiedDate":"2019-07-29"}],"authorContributionMap":{"0493730":54,"-":3}},{"path":"src/main/java/Duke/Exception/DukeException.java","fileType":"java","lines":[{"lineNumber":1,"author":{"gitId":"0493730"},"content":"package Duke.Exception;","lastModifiedDate":"2022-10-28"},{"lineNumber":2,"author":{"gitId":"0493730"},"content":"","lastModifiedDate":"2022-10-28"},{"lineNumber":3,"author":{"gitId":"0493730"},"content":"public class DukeException extends Exception {","lastModifiedDate":"2022-09-21"},{"lineNumber":4,"author":{"gitId":"0493730"},"content":"    public DukeException(String outputMessage) {","lastModifiedDate":"2022-11-04"},{"lineNumber":5,"author":{"gitId":"0493730"},"content":"        super(outputMessage);","lastModifiedDate":"2022-11-04"},{"lineNumber":6,"author":{"gitId":"0493730"},"content":"    }","lastModifiedDate":"2022-11-04"},{"lineNumber":7,"author":{"gitId":"0493730"},"content":"}","lastModifiedDate":"2022-09-21"}],"authorContributionMap":{"0493730":7}},{"path":"src/main/java/Duke/Parser/Parser.java","fileType":"java","lines":[{"lineNumber":1,"author":{"gitId":"0493730"},"content":"package Duke.Parser;","lastModifiedDate":"2022-10-28"},{"lineNumber":2,"author":{"gitId":"0493730"},"content":"import Duke.Exception.DukeException;","lastModifiedDate":"2022-10-28"},{"lineNumber":3,"author":{"gitId":"0493730"},"content":"","lastModifiedDate":"2022-10-28"},{"lineNumber":4,"author":{"gitId":"0493730"},"content":"import java.time.DateTimeException;","lastModifiedDate":"2022-11-04"},{"lineNumber":5,"author":{"gitId":"0493730"},"content":"import java.time.LocalDate;","lastModifiedDate":"2022-11-04"},{"lineNumber":6,"author":{"gitId":"0493730"},"content":"import java.time.LocalTime;","lastModifiedDate":"2022-11-04"},{"lineNumber":7,"author":{"gitId":"0493730"},"content":"import java.time.format.DateTimeParseException;","lastModifiedDate":"2022-11-04"},{"lineNumber":8,"author":{"gitId":"0493730"},"content":"","lastModifiedDate":"2022-11-04"},{"lineNumber":9,"author":{"gitId":"0493730"},"content":"public class Parser {","lastModifiedDate":"2022-10-28"},{"lineNumber":10,"author":{"gitId":"0493730"},"content":"    public static String command;","lastModifiedDate":"2022-10-28"},{"lineNumber":11,"author":{"gitId":"0493730"},"content":"    public static String listIdx;","lastModifiedDate":"2022-10-28"},{"lineNumber":12,"author":{"gitId":"0493730"},"content":"    private String todoDesc;","lastModifiedDate":"2022-11-04"},{"lineNumber":13,"author":{"gitId":"0493730"},"content":"    private String deadlineDesc;","lastModifiedDate":"2022-11-04"},{"lineNumber":14,"author":{"gitId":"0493730"},"content":"    private String eventDesc;","lastModifiedDate":"2022-11-04"},{"lineNumber":15,"author":{"gitId":"0493730"},"content":"    private LocalDate deadlineDate;","lastModifiedDate":"2022-11-04"},{"lineNumber":16,"author":{"gitId":"0493730"},"content":"    private LocalDate eventDate;","lastModifiedDate":"2022-11-04"},{"lineNumber":17,"author":{"gitId":"0493730"},"content":"    private LocalTime eventStart;","lastModifiedDate":"2022-11-04"},{"lineNumber":18,"author":{"gitId":"0493730"},"content":"    private LocalTime eventEnd;","lastModifiedDate":"2022-11-04"},{"lineNumber":19,"author":{"gitId":"0493730"},"content":"","lastModifiedDate":"2022-10-28"},{"lineNumber":20,"author":{"gitId":"0493730"},"content":"    public Parser(String userInput) throws DukeException {","lastModifiedDate":"2022-10-28"},{"lineNumber":21,"author":{"gitId":"0493730"},"content":"        boolean oneWord \u003d false;","lastModifiedDate":"2022-10-28"},{"lineNumber":22,"author":{"gitId":"0493730"},"content":"        String[] userInputArr \u003d userInput.split(\" \",2);","lastModifiedDate":"2022-11-04"},{"lineNumber":23,"author":{"gitId":"0493730"},"content":"        command \u003d userInputArr[0].toLowerCase();","lastModifiedDate":"2022-11-04"},{"lineNumber":24,"author":{"gitId":"0493730"},"content":"        if(command.equals(\"list\") || command.equals(\"bye\")) {","lastModifiedDate":"2022-10-28"},{"lineNumber":25,"author":{"gitId":"0493730"},"content":"            oneWord \u003d true;","lastModifiedDate":"2022-10-28"},{"lineNumber":26,"author":{"gitId":"0493730"},"content":"        }","lastModifiedDate":"2022-10-28"},{"lineNumber":27,"author":{"gitId":"0493730"},"content":"        switch(command.toLowerCase()) {","lastModifiedDate":"2022-10-28"},{"lineNumber":28,"author":{"gitId":"0493730"},"content":"            case \"mark\":","lastModifiedDate":"2022-11-04"},{"lineNumber":29,"author":{"gitId":"0493730"},"content":"","lastModifiedDate":"2022-11-04"},{"lineNumber":30,"author":{"gitId":"0493730"},"content":"            case \"unmark\":","lastModifiedDate":"2022-11-04"},{"lineNumber":31,"author":{"gitId":"0493730"},"content":"","lastModifiedDate":"2022-11-04"},{"lineNumber":32,"author":{"gitId":"0493730"},"content":"            case \"delete\":","lastModifiedDate":"2022-10-28"},{"lineNumber":33,"author":{"gitId":"0493730"},"content":"                listIdx \u003d userInputArr[1];","lastModifiedDate":"2022-11-04"},{"lineNumber":34,"author":{"gitId":"0493730"},"content":"                break;","lastModifiedDate":"2022-11-04"},{"lineNumber":35,"author":{"gitId":"0493730"},"content":"            case \"todo\":","lastModifiedDate":"2022-11-04"},{"lineNumber":36,"author":{"gitId":"0493730"},"content":"                getTodo(userInputArr[1]);","lastModifiedDate":"2022-11-04"},{"lineNumber":37,"author":{"gitId":"0493730"},"content":"                break;","lastModifiedDate":"2022-11-04"},{"lineNumber":38,"author":{"gitId":"0493730"},"content":"            case \"deadline\":","lastModifiedDate":"2022-11-04"},{"lineNumber":39,"author":{"gitId":"0493730"},"content":"                getDeadline(userInputArr[1]);","lastModifiedDate":"2022-11-04"},{"lineNumber":40,"author":{"gitId":"0493730"},"content":"                break;","lastModifiedDate":"2022-10-28"},{"lineNumber":41,"author":{"gitId":"0493730"},"content":"            case \"event\":","lastModifiedDate":"2022-11-04"},{"lineNumber":42,"author":{"gitId":"0493730"},"content":"                getEvent(userInputArr[1]);","lastModifiedDate":"2022-11-04"},{"lineNumber":43,"author":{"gitId":"0493730"},"content":"                break;","lastModifiedDate":"2022-11-04"},{"lineNumber":44,"author":{"gitId":"0493730"},"content":"            default:","lastModifiedDate":"2022-11-04"},{"lineNumber":45,"author":{"gitId":"0493730"},"content":"                if(!oneWord) {","lastModifiedDate":"2022-11-04"},{"lineNumber":46,"author":{"gitId":"0493730"},"content":"                    throw new DukeException(\"Sorry. I do not understand this command.\");","lastModifiedDate":"2022-11-04"},{"lineNumber":47,"author":{"gitId":"0493730"},"content":"                }","lastModifiedDate":"2022-11-04"},{"lineNumber":48,"author":{"gitId":"0493730"},"content":"        }","lastModifiedDate":"2022-11-04"},{"lineNumber":49,"author":{"gitId":"0493730"},"content":"    }","lastModifiedDate":"2022-11-04"},{"lineNumber":50,"author":{"gitId":"0493730"},"content":"","lastModifiedDate":"2022-11-04"},{"lineNumber":51,"author":{"gitId":"0493730"},"content":"    private void getTodo(String detail) throws DukeException {","lastModifiedDate":"2022-11-04"},{"lineNumber":52,"author":{"gitId":"0493730"},"content":"        todoDesc \u003d detail;","lastModifiedDate":"2022-11-04"},{"lineNumber":53,"author":{"gitId":"0493730"},"content":"    }","lastModifiedDate":"2022-11-04"},{"lineNumber":54,"author":{"gitId":"0493730"},"content":"","lastModifiedDate":"2022-11-04"},{"lineNumber":55,"author":{"gitId":"0493730"},"content":"    private void getDeadline(String detail) throws DukeException {","lastModifiedDate":"2022-11-04"},{"lineNumber":56,"author":{"gitId":"0493730"},"content":"        String detailSplit[] \u003d detail.split(\" /by\", 2);","lastModifiedDate":"2022-11-04"},{"lineNumber":57,"author":{"gitId":"0493730"},"content":"        deadlineDesc \u003d detailSplit[0];","lastModifiedDate":"2022-11-04"},{"lineNumber":58,"author":{"gitId":"0493730"},"content":"        String date \u003d detailSplit[1];","lastModifiedDate":"2022-11-04"},{"lineNumber":59,"author":{"gitId":"0493730"},"content":"","lastModifiedDate":"2022-11-04"},{"lineNumber":60,"author":{"gitId":"0493730"},"content":"        if(date.isEmpty()) {","lastModifiedDate":"2022-11-04"},{"lineNumber":61,"author":{"gitId":"0493730"},"content":"            throw new DukeException(\"Sorry. Please enter date and time for deadline.\");","lastModifiedDate":"2022-11-04"},{"lineNumber":62,"author":{"gitId":"0493730"},"content":"        }","lastModifiedDate":"2022-11-04"},{"lineNumber":63,"author":{"gitId":"0493730"},"content":"        try {","lastModifiedDate":"2022-11-04"},{"lineNumber":64,"author":{"gitId":"0493730"},"content":"            deadlineDate \u003d LocalDate.parse(date);","lastModifiedDate":"2022-11-04"},{"lineNumber":65,"author":{"gitId":"0493730"},"content":"        } catch(DateTimeParseException e) {","lastModifiedDate":"2022-11-04"},{"lineNumber":66,"author":{"gitId":"0493730"},"content":"            throw new DukeException(\"Sorry. Date format needs to be YYYY-MM-DD.\");","lastModifiedDate":"2022-11-04"},{"lineNumber":67,"author":{"gitId":"0493730"},"content":"        }","lastModifiedDate":"2022-11-04"},{"lineNumber":68,"author":{"gitId":"0493730"},"content":"    }","lastModifiedDate":"2022-11-04"},{"lineNumber":69,"author":{"gitId":"0493730"},"content":"","lastModifiedDate":"2022-11-04"},{"lineNumber":70,"author":{"gitId":"0493730"},"content":"    private void getEvent(String detail) throws DukeException {","lastModifiedDate":"2022-11-04"},{"lineNumber":71,"author":{"gitId":"0493730"},"content":"        String detailSplit[] \u003d detail.split(\" /at\", 2);","lastModifiedDate":"2022-11-04"},{"lineNumber":72,"author":{"gitId":"0493730"},"content":"        String dateTime[] \u003d detailSplit[1].split(\" \", 2);","lastModifiedDate":"2022-11-04"},{"lineNumber":73,"author":{"gitId":"0493730"},"content":"        try {","lastModifiedDate":"2022-11-04"},{"lineNumber":74,"author":{"gitId":"0493730"},"content":"            eventDate \u003d LocalDate.parse(dateTime[0]);","lastModifiedDate":"2022-11-04"},{"lineNumber":75,"author":{"gitId":"0493730"},"content":"        } catch (DateTimeParseException e) {","lastModifiedDate":"2022-11-04"},{"lineNumber":76,"author":{"gitId":"0493730"},"content":"            throw new DukeException(\"Sorry. Date format needs to be YYYY-MM-DD.\");","lastModifiedDate":"2022-11-04"},{"lineNumber":77,"author":{"gitId":"0493730"},"content":"        }","lastModifiedDate":"2022-11-04"},{"lineNumber":78,"author":{"gitId":"0493730"},"content":"","lastModifiedDate":"2022-11-04"},{"lineNumber":79,"author":{"gitId":"0493730"},"content":"        String[] start \u003d dateTime[1].split(\" - \", 2);","lastModifiedDate":"2022-11-04"},{"lineNumber":80,"author":{"gitId":"0493730"},"content":"        if (start.length \u003c 2) {","lastModifiedDate":"2022-11-04"},{"lineNumber":81,"author":{"gitId":"0493730"},"content":"            throw new DukeException(\"Sorry. Time format needs to be 12:00 - 13:00\");","lastModifiedDate":"2022-11-04"},{"lineNumber":82,"author":{"gitId":"0493730"},"content":"        }","lastModifiedDate":"2022-11-04"},{"lineNumber":83,"author":{"gitId":"0493730"},"content":"        try {","lastModifiedDate":"2022-11-04"},{"lineNumber":84,"author":{"gitId":"0493730"},"content":"            eventStart \u003d LocalTime.parse(dateTime[0]);","lastModifiedDate":"2022-11-04"},{"lineNumber":85,"author":{"gitId":"0493730"},"content":"            eventEnd \u003d LocalTime.parse(dateTime[1]);","lastModifiedDate":"2022-11-04"},{"lineNumber":86,"author":{"gitId":"0493730"},"content":"            if (eventStart.compareTo(eventEnd) \u003e 0) {","lastModifiedDate":"2022-11-04"},{"lineNumber":87,"author":{"gitId":"0493730"},"content":"                throw new DukeException(\"Sorry. Start time cannot be later than end time.\");","lastModifiedDate":"2022-11-04"},{"lineNumber":88,"author":{"gitId":"0493730"},"content":"            }","lastModifiedDate":"2022-11-04"},{"lineNumber":89,"author":{"gitId":"0493730"},"content":"        } catch (DateTimeParseException e) {","lastModifiedDate":"2022-11-04"},{"lineNumber":90,"author":{"gitId":"0493730"},"content":"            throw new DukeException(\"Sorry. Time format needs to be HH-mm.\");","lastModifiedDate":"2022-11-04"},{"lineNumber":91,"author":{"gitId":"0493730"},"content":"        }","lastModifiedDate":"2022-10-28"},{"lineNumber":92,"author":{"gitId":"0493730"},"content":"    }","lastModifiedDate":"2022-10-28"},{"lineNumber":93,"author":{"gitId":"0493730"},"content":"","lastModifiedDate":"2022-10-28"},{"lineNumber":94,"author":{"gitId":"0493730"},"content":"    public String getCommand() {","lastModifiedDate":"2022-10-28"},{"lineNumber":95,"author":{"gitId":"0493730"},"content":"        return command;","lastModifiedDate":"2022-10-28"},{"lineNumber":96,"author":{"gitId":"0493730"},"content":"    }","lastModifiedDate":"2022-10-28"},{"lineNumber":97,"author":{"gitId":"0493730"},"content":"","lastModifiedDate":"2022-11-04"},{"lineNumber":98,"author":{"gitId":"0493730"},"content":"    public String getListIdx() {","lastModifiedDate":"2022-11-04"},{"lineNumber":99,"author":{"gitId":"0493730"},"content":"        return listIdx;","lastModifiedDate":"2022-11-04"},{"lineNumber":100,"author":{"gitId":"0493730"},"content":"    }","lastModifiedDate":"2022-11-04"},{"lineNumber":101,"author":{"gitId":"0493730"},"content":"","lastModifiedDate":"2022-11-04"},{"lineNumber":102,"author":{"gitId":"0493730"},"content":"    public String getTodoDesc() {","lastModifiedDate":"2022-11-04"},{"lineNumber":103,"author":{"gitId":"0493730"},"content":"        return todoDesc;","lastModifiedDate":"2022-11-04"},{"lineNumber":104,"author":{"gitId":"0493730"},"content":"    }","lastModifiedDate":"2022-11-04"},{"lineNumber":105,"author":{"gitId":"0493730"},"content":"","lastModifiedDate":"2022-11-04"},{"lineNumber":106,"author":{"gitId":"0493730"},"content":"    public String getDeadlineDesc() {","lastModifiedDate":"2022-11-04"},{"lineNumber":107,"author":{"gitId":"0493730"},"content":"        return deadlineDesc;","lastModifiedDate":"2022-11-04"},{"lineNumber":108,"author":{"gitId":"0493730"},"content":"    }","lastModifiedDate":"2022-11-04"},{"lineNumber":109,"author":{"gitId":"0493730"},"content":"","lastModifiedDate":"2022-11-04"},{"lineNumber":110,"author":{"gitId":"0493730"},"content":"    public LocalDate getDatelineDate() {","lastModifiedDate":"2022-11-04"},{"lineNumber":111,"author":{"gitId":"0493730"},"content":"        return deadlineDate;","lastModifiedDate":"2022-11-04"},{"lineNumber":112,"author":{"gitId":"0493730"},"content":"    }","lastModifiedDate":"2022-11-04"},{"lineNumber":113,"author":{"gitId":"0493730"},"content":"","lastModifiedDate":"2022-11-04"},{"lineNumber":114,"author":{"gitId":"0493730"},"content":"    public String getEventDesc() {","lastModifiedDate":"2022-11-04"},{"lineNumber":115,"author":{"gitId":"0493730"},"content":"        return eventDesc;","lastModifiedDate":"2022-11-04"},{"lineNumber":116,"author":{"gitId":"0493730"},"content":"    }","lastModifiedDate":"2022-11-04"},{"lineNumber":117,"author":{"gitId":"0493730"},"content":"","lastModifiedDate":"2022-11-04"},{"lineNumber":118,"author":{"gitId":"0493730"},"content":"    public LocalDate getEventDate() {","lastModifiedDate":"2022-11-04"},{"lineNumber":119,"author":{"gitId":"0493730"},"content":"        return eventDate;","lastModifiedDate":"2022-11-04"},{"lineNumber":120,"author":{"gitId":"0493730"},"content":"    }","lastModifiedDate":"2022-11-04"},{"lineNumber":121,"author":{"gitId":"0493730"},"content":"","lastModifiedDate":"2022-11-04"},{"lineNumber":122,"author":{"gitId":"0493730"},"content":"    public LocalTime getEventStart() {","lastModifiedDate":"2022-11-04"},{"lineNumber":123,"author":{"gitId":"0493730"},"content":"        return eventStart;","lastModifiedDate":"2022-11-04"},{"lineNumber":124,"author":{"gitId":"0493730"},"content":"    }","lastModifiedDate":"2022-11-04"},{"lineNumber":125,"author":{"gitId":"0493730"},"content":"","lastModifiedDate":"2022-11-04"},{"lineNumber":126,"author":{"gitId":"0493730"},"content":"    public LocalTime getEventEnd() {","lastModifiedDate":"2022-11-04"},{"lineNumber":127,"author":{"gitId":"0493730"},"content":"        return eventEnd;","lastModifiedDate":"2022-11-04"},{"lineNumber":128,"author":{"gitId":"0493730"},"content":"    }","lastModifiedDate":"2022-11-04"},{"lineNumber":129,"author":{"gitId":"0493730"},"content":"}","lastModifiedDate":"2022-10-28"}],"authorContributionMap":{"0493730":129}},{"path":"src/main/java/Duke/Storage/Storage.java","fileType":"java","lines":[{"lineNumber":1,"author":{"gitId":"0493730"},"content":"package Duke.Storage;","lastModifiedDate":"2022-10-28"},{"lineNumber":2,"author":{"gitId":"0493730"},"content":"import java.io.File;","lastModifiedDate":"2022-10-28"},{"lineNumber":3,"author":{"gitId":"0493730"},"content":"import java.io.FileNotFoundException;","lastModifiedDate":"2022-10-28"},{"lineNumber":4,"author":{"gitId":"0493730"},"content":"import java.io.FileWriter;","lastModifiedDate":"2022-10-28"},{"lineNumber":5,"author":{"gitId":"0493730"},"content":"import java.io.IOException;","lastModifiedDate":"2022-10-28"},{"lineNumber":6,"author":{"gitId":"0493730"},"content":"import java.util.Scanner;","lastModifiedDate":"2022-10-28"},{"lineNumber":7,"author":{"gitId":"0493730"},"content":"import java.util.ArrayList;","lastModifiedDate":"2022-10-28"},{"lineNumber":8,"author":{"gitId":"0493730"},"content":"import java.util.List;","lastModifiedDate":"2022-11-04"},{"lineNumber":9,"author":{"gitId":"0493730"},"content":"import java.time.LocalTime;","lastModifiedDate":"2022-11-04"},{"lineNumber":10,"author":{"gitId":"0493730"},"content":"import java.time.LocalDate;","lastModifiedDate":"2022-11-04"},{"lineNumber":11,"author":{"gitId":"0493730"},"content":"","lastModifiedDate":"2022-11-04"},{"lineNumber":12,"author":{"gitId":"0493730"},"content":"import Duke.Exception.DukeException;","lastModifiedDate":"2022-11-04"},{"lineNumber":13,"author":{"gitId":"0493730"},"content":"import Duke.TaskList.*;","lastModifiedDate":"2022-10-28"},{"lineNumber":14,"author":{"gitId":"0493730"},"content":"","lastModifiedDate":"2022-10-28"},{"lineNumber":15,"author":{"gitId":"0493730"},"content":"import javax.lang.model.type.ArrayType;","lastModifiedDate":"2022-10-28"},{"lineNumber":16,"author":{"gitId":"0493730"},"content":"","lastModifiedDate":"2022-10-28"},{"lineNumber":17,"author":{"gitId":"0493730"},"content":"public class Storage {","lastModifiedDate":"2022-10-28"},{"lineNumber":18,"author":{"gitId":"0493730"},"content":"    private static File file;","lastModifiedDate":"2022-10-28"},{"lineNumber":19,"author":{"gitId":"0493730"},"content":"","lastModifiedDate":"2022-10-28"},{"lineNumber":20,"author":{"gitId":"0493730"},"content":"    public Storage (String fileName) throws IOException {","lastModifiedDate":"2022-10-28"},{"lineNumber":21,"author":{"gitId":"0493730"},"content":"        file \u003d new File(fileName);","lastModifiedDate":"2022-10-28"},{"lineNumber":22,"author":{"gitId":"0493730"},"content":"        if (file.createNewFile()){","lastModifiedDate":"2022-10-28"},{"lineNumber":23,"author":{"gitId":"0493730"},"content":"            System.out.println(\"tasks.txt has been created\");","lastModifiedDate":"2022-10-28"},{"lineNumber":24,"author":{"gitId":"0493730"},"content":"        } else {","lastModifiedDate":"2022-10-28"},{"lineNumber":25,"author":{"gitId":"0493730"},"content":"            System.out.println(\"tasks.txt has been found\");","lastModifiedDate":"2022-11-04"},{"lineNumber":26,"author":{"gitId":"0493730"},"content":"        }","lastModifiedDate":"2022-10-28"},{"lineNumber":27,"author":{"gitId":"0493730"},"content":"    }","lastModifiedDate":"2022-10-28"},{"lineNumber":28,"author":{"gitId":"0493730"},"content":"","lastModifiedDate":"2022-10-28"},{"lineNumber":29,"author":{"gitId":"0493730"},"content":"    public static void save(String file, Task task) throws IOException {","lastModifiedDate":"2022-10-28"},{"lineNumber":30,"author":{"gitId":"0493730"},"content":"        FileWriter saveFile \u003d new FileWriter(file);","lastModifiedDate":"2022-10-28"},{"lineNumber":31,"author":{"gitId":"0493730"},"content":"        ArrayList\u003cTask\u003e taskList \u003d task.getList();","lastModifiedDate":"2022-11-04"},{"lineNumber":32,"author":{"gitId":"0493730"},"content":"        for(Task tasks:taskList) {","lastModifiedDate":"2022-10-28"},{"lineNumber":33,"author":{"gitId":"0493730"},"content":"            saveFile.write(tasks.saveToFile());","lastModifiedDate":"2022-10-28"},{"lineNumber":34,"author":{"gitId":"0493730"},"content":"        }","lastModifiedDate":"2022-10-28"},{"lineNumber":35,"author":{"gitId":"0493730"},"content":"        saveFile.close();","lastModifiedDate":"2022-11-04"},{"lineNumber":36,"author":{"gitId":"0493730"},"content":"    }","lastModifiedDate":"2022-11-04"},{"lineNumber":37,"author":{"gitId":"0493730"},"content":"","lastModifiedDate":"2022-11-04"},{"lineNumber":38,"author":{"gitId":"0493730"},"content":"    public List\u003cTask\u003e load() throws DukeException, FileNotFoundException {","lastModifiedDate":"2022-11-04"},{"lineNumber":39,"author":{"gitId":"0493730"},"content":"        boolean isDone;","lastModifiedDate":"2022-11-04"},{"lineNumber":40,"author":{"gitId":"0493730"},"content":"        List\u003cTask\u003e taskList \u003d new ArrayList\u003c\u003e();","lastModifiedDate":"2022-11-04"},{"lineNumber":41,"author":{"gitId":"0493730"},"content":"        Scanner loaded \u003d new Scanner(file);","lastModifiedDate":"2022-11-04"},{"lineNumber":42,"author":{"gitId":"0493730"},"content":"","lastModifiedDate":"2022-11-04"},{"lineNumber":43,"author":{"gitId":"0493730"},"content":"        while(loaded.hasNext()) {","lastModifiedDate":"2022-11-04"},{"lineNumber":44,"author":{"gitId":"0493730"},"content":"            String[] fileArr \u003d loaded.nextLine().split(\" \\\\| \", 5);","lastModifiedDate":"2022-11-04"},{"lineNumber":45,"author":{"gitId":"0493730"},"content":"            String type \u003d fileArr[0];","lastModifiedDate":"2022-11-04"},{"lineNumber":46,"author":{"gitId":"0493730"},"content":"            String status \u003d fileArr[1];","lastModifiedDate":"2022-11-04"},{"lineNumber":47,"author":{"gitId":"0493730"},"content":"            //String taskPriority \u003d fileArr[2];","lastModifiedDate":"2022-11-04"},{"lineNumber":48,"author":{"gitId":"0493730"},"content":"            String description \u003d fileArr[3];","lastModifiedDate":"2022-11-04"},{"lineNumber":49,"author":{"gitId":"0493730"},"content":"            String deadline \u003d fileArr[4];","lastModifiedDate":"2022-11-04"},{"lineNumber":50,"author":{"gitId":"0493730"},"content":"","lastModifiedDate":"2022-11-04"},{"lineNumber":51,"author":{"gitId":"0493730"},"content":"            if(status.equals(\"1\")) {","lastModifiedDate":"2022-11-04"},{"lineNumber":52,"author":{"gitId":"0493730"},"content":"                isDone \u003d true;","lastModifiedDate":"2022-11-04"},{"lineNumber":53,"author":{"gitId":"0493730"},"content":"            } else {","lastModifiedDate":"2022-11-04"},{"lineNumber":54,"author":{"gitId":"0493730"},"content":"                isDone \u003d false;","lastModifiedDate":"2022-11-04"},{"lineNumber":55,"author":{"gitId":"0493730"},"content":"            }","lastModifiedDate":"2022-11-04"},{"lineNumber":56,"author":{"gitId":"0493730"},"content":"","lastModifiedDate":"2022-11-04"},{"lineNumber":57,"author":{"gitId":"0493730"},"content":"            switch (type) {","lastModifiedDate":"2022-11-04"},{"lineNumber":58,"author":{"gitId":"0493730"},"content":"                case \"T\":","lastModifiedDate":"2022-11-04"},{"lineNumber":59,"author":{"gitId":"0493730"},"content":"                    taskList.add(new ToDo(description, isDone));","lastModifiedDate":"2022-11-04"},{"lineNumber":60,"author":{"gitId":"0493730"},"content":"                    break;","lastModifiedDate":"2022-11-04"},{"lineNumber":61,"author":{"gitId":"0493730"},"content":"                case \"D\":","lastModifiedDate":"2022-11-04"},{"lineNumber":62,"author":{"gitId":"0493730"},"content":"                    LocalDate dl \u003d LocalDate.parse(fileArr[4]);","lastModifiedDate":"2022-11-04"},{"lineNumber":63,"author":{"gitId":"0493730"},"content":"                    taskList.add(new Deadline(description, dl, isDone));","lastModifiedDate":"2022-11-04"},{"lineNumber":64,"author":{"gitId":"0493730"},"content":"                    break;","lastModifiedDate":"2022-11-04"},{"lineNumber":65,"author":{"gitId":"0493730"},"content":"                case \"E\":","lastModifiedDate":"2022-11-04"},{"lineNumber":66,"author":{"gitId":"0493730"},"content":"                    String[] date \u003d deadline.split(\" \",2);","lastModifiedDate":"2022-11-04"},{"lineNumber":67,"author":{"gitId":"0493730"},"content":"                    LocalDate eDate \u003d LocalDate.parse(date[0]);","lastModifiedDate":"2022-11-04"},{"lineNumber":68,"author":{"gitId":"0493730"},"content":"                    String[] startEndTime \u003d deadline.split(\" - \");","lastModifiedDate":"2022-11-04"},{"lineNumber":69,"author":{"gitId":"0493730"},"content":"                    LocalTime start \u003d LocalTime.parse(startEndTime[0]);","lastModifiedDate":"2022-11-04"},{"lineNumber":70,"author":{"gitId":"0493730"},"content":"                    LocalTime end \u003d LocalTime.parse(startEndTime[1]);","lastModifiedDate":"2022-11-04"},{"lineNumber":71,"author":{"gitId":"0493730"},"content":"                    break;","lastModifiedDate":"2022-11-04"},{"lineNumber":72,"author":{"gitId":"0493730"},"content":"                default:","lastModifiedDate":"2022-11-04"},{"lineNumber":73,"author":{"gitId":"0493730"},"content":"                    throw new DukeException(\"Sorry. I do not understand.\");","lastModifiedDate":"2022-11-04"},{"lineNumber":74,"author":{"gitId":"0493730"},"content":"            }","lastModifiedDate":"2022-11-04"},{"lineNumber":75,"author":{"gitId":"0493730"},"content":"        }","lastModifiedDate":"2022-11-04"},{"lineNumber":76,"author":{"gitId":"0493730"},"content":"        return taskList;","lastModifiedDate":"2022-11-04"},{"lineNumber":77,"author":{"gitId":"0493730"},"content":"    }","lastModifiedDate":"2022-10-28"},{"lineNumber":78,"author":{"gitId":"0493730"},"content":"","lastModifiedDate":"2022-10-28"},{"lineNumber":79,"author":{"gitId":"0493730"},"content":"    public static File getFile(){","lastModifiedDate":"2022-10-28"},{"lineNumber":80,"author":{"gitId":"0493730"},"content":"        return file;","lastModifiedDate":"2022-10-28"},{"lineNumber":81,"author":{"gitId":"0493730"},"content":"    }","lastModifiedDate":"2022-10-28"},{"lineNumber":82,"author":{"gitId":"0493730"},"content":"}","lastModifiedDate":"2022-10-28"}],"authorContributionMap":{"0493730":82}},{"path":"src/main/java/Duke/TaskList/Deadline.java","fileType":"java","lines":[{"lineNumber":1,"author":{"gitId":"0493730"},"content":"package Duke.TaskList;","lastModifiedDate":"2022-10-28"},{"lineNumber":2,"author":{"gitId":"0493730"},"content":"","lastModifiedDate":"2022-10-28"},{"lineNumber":3,"author":{"gitId":"0493730"},"content":"import java.time.LocalDate;","lastModifiedDate":"2022-11-04"},{"lineNumber":4,"author":{"gitId":"0493730"},"content":"import java.time.format.DateTimeFormatter;","lastModifiedDate":"2022-11-04"},{"lineNumber":5,"author":{"gitId":"0493730"},"content":"public class Deadline extends Task {","lastModifiedDate":"2022-09-21"},{"lineNumber":6,"author":{"gitId":"0493730"},"content":"    private LocalDate by;","lastModifiedDate":"2022-11-04"},{"lineNumber":7,"author":{"gitId":"0493730"},"content":"    private DateTimeFormatter displayDateFormat \u003d DateTimeFormatter.ofPattern(\"MMM d yyyy\");","lastModifiedDate":"2022-11-04"},{"lineNumber":8,"author":{"gitId":"0493730"},"content":"    private DateTimeFormatter saveDateFormat \u003d DateTimeFormatter.ofPattern(\"yyyy-MM-dd\");","lastModifiedDate":"2022-11-04"},{"lineNumber":9,"author":{"gitId":"0493730"},"content":"","lastModifiedDate":"2022-09-21"},{"lineNumber":10,"author":{"gitId":"0493730"},"content":"","lastModifiedDate":"2022-11-04"},{"lineNumber":11,"author":{"gitId":"0493730"},"content":"    public Deadline(String description, LocalDate by, boolean isDone) {","lastModifiedDate":"2022-11-04"},{"lineNumber":12,"author":{"gitId":"0493730"},"content":"        super(description);","lastModifiedDate":"2022-09-21"},{"lineNumber":13,"author":{"gitId":"0493730"},"content":"        this.by \u003d by;","lastModifiedDate":"2022-09-21"},{"lineNumber":14,"author":{"gitId":"0493730"},"content":"        super.isDone \u003d isDone;","lastModifiedDate":"2022-11-04"},{"lineNumber":15,"author":{"gitId":"0493730"},"content":"    }","lastModifiedDate":"2022-09-21"},{"lineNumber":16,"author":{"gitId":"0493730"},"content":"","lastModifiedDate":"2022-09-21"},{"lineNumber":17,"author":{"gitId":"0493730"},"content":"    @Override","lastModifiedDate":"2022-09-21"},{"lineNumber":18,"author":{"gitId":"0493730"},"content":"    public String toString() {","lastModifiedDate":"2022-09-21"},{"lineNumber":19,"author":{"gitId":"0493730"},"content":"        return \"[D]\" + super.toString() + \" ( by: \" + by +\")\";","lastModifiedDate":"2022-09-21"},{"lineNumber":20,"author":{"gitId":"0493730"},"content":"    }","lastModifiedDate":"2022-09-21"},{"lineNumber":21,"author":{"gitId":"0493730"},"content":"","lastModifiedDate":"2022-10-28"},{"lineNumber":22,"author":{"gitId":"0493730"},"content":"    @Override","lastModifiedDate":"2022-10-28"},{"lineNumber":23,"author":{"gitId":"0493730"},"content":"    public String saveToFile() {","lastModifiedDate":"2022-10-28"},{"lineNumber":24,"author":{"gitId":"0493730"},"content":"        int status \u003d isDone ? 1:0;","lastModifiedDate":"2022-11-04"},{"lineNumber":25,"author":{"gitId":"0493730"},"content":"        return \"D | \" + status + \" | \" + super.description;","lastModifiedDate":"2022-11-04"},{"lineNumber":26,"author":{"gitId":"0493730"},"content":"    }","lastModifiedDate":"2022-10-28"},{"lineNumber":27,"author":{"gitId":"0493730"},"content":"}","lastModifiedDate":"2022-09-21"}],"authorContributionMap":{"0493730":27}},{"path":"src/main/java/Duke/TaskList/Event.java","fileType":"java","lines":[{"lineNumber":1,"author":{"gitId":"0493730"},"content":"package Duke.TaskList;","lastModifiedDate":"2022-10-28"},{"lineNumber":2,"author":{"gitId":"0493730"},"content":"","lastModifiedDate":"2022-10-28"},{"lineNumber":3,"author":{"gitId":"0493730"},"content":"import java.time.LocalDate;","lastModifiedDate":"2022-11-04"},{"lineNumber":4,"author":{"gitId":"0493730"},"content":"import java.time.LocalTime;","lastModifiedDate":"2022-11-04"},{"lineNumber":5,"author":{"gitId":"0493730"},"content":"import java.time.format.DateTimeFormatter;","lastModifiedDate":"2022-11-04"},{"lineNumber":6,"author":{"gitId":"0493730"},"content":"","lastModifiedDate":"2022-11-04"},{"lineNumber":7,"author":{"gitId":"0493730"},"content":"public class Event extends Task {","lastModifiedDate":"2022-09-21"},{"lineNumber":8,"author":{"gitId":"0493730"},"content":"    private LocalDate date;","lastModifiedDate":"2022-11-04"},{"lineNumber":9,"author":{"gitId":"0493730"},"content":"    private LocalTime start, end;","lastModifiedDate":"2022-11-04"},{"lineNumber":10,"author":{"gitId":"0493730"},"content":"    private DateTimeFormatter displayDateFormat \u003d DateTimeFormatter.ofPattern(\"MMM d yyyy\");","lastModifiedDate":"2022-11-04"},{"lineNumber":11,"author":{"gitId":"0493730"},"content":"    private DateTimeFormatter displayTimeFormat \u003d DateTimeFormatter.ofPattern(\"HH:mm\");","lastModifiedDate":"2022-11-04"},{"lineNumber":12,"author":{"gitId":"0493730"},"content":"    private DateTimeFormatter saveDateFormat \u003d DateTimeFormatter.ofPattern(\"yyyy-MM-dd\");","lastModifiedDate":"2022-11-04"},{"lineNumber":13,"author":{"gitId":"0493730"},"content":"    private DateTimeFormatter saveTimeFormat \u003d DateTimeFormatter.ofPattern(\"HH:mm\");","lastModifiedDate":"2022-11-04"},{"lineNumber":14,"author":{"gitId":"0493730"},"content":"","lastModifiedDate":"2022-09-21"},{"lineNumber":15,"author":{"gitId":"0493730"},"content":"    public Event(String description, LocalDate date, LocalTime start, LocalTime end, boolean isDone) {","lastModifiedDate":"2022-11-04"},{"lineNumber":16,"author":{"gitId":"0493730"},"content":"        super(description);","lastModifiedDate":"2022-09-21"},{"lineNumber":17,"author":{"gitId":"0493730"},"content":"        this.date \u003d date;","lastModifiedDate":"2022-11-04"},{"lineNumber":18,"author":{"gitId":"0493730"},"content":"        this.start \u003d start;","lastModifiedDate":"2022-11-04"},{"lineNumber":19,"author":{"gitId":"0493730"},"content":"        this.end \u003d end;","lastModifiedDate":"2022-11-04"},{"lineNumber":20,"author":{"gitId":"0493730"},"content":"        super.isDone \u003d isDone;","lastModifiedDate":"2022-11-04"},{"lineNumber":21,"author":{"gitId":"0493730"},"content":"    }","lastModifiedDate":"2022-09-21"},{"lineNumber":22,"author":{"gitId":"0493730"},"content":"","lastModifiedDate":"2022-09-21"},{"lineNumber":23,"author":{"gitId":"0493730"},"content":"    @Override","lastModifiedDate":"2022-09-21"},{"lineNumber":24,"author":{"gitId":"0493730"},"content":"    public String toString() {","lastModifiedDate":"2022-09-21"},{"lineNumber":25,"author":{"gitId":"0493730"},"content":"        return \"[E]\" + super.toString() + \" ( at: \" + date + start + end + \" ) \";","lastModifiedDate":"2022-11-04"},{"lineNumber":26,"author":{"gitId":"0493730"},"content":"    }","lastModifiedDate":"2022-09-21"},{"lineNumber":27,"author":{"gitId":"0493730"},"content":"","lastModifiedDate":"2022-10-28"},{"lineNumber":28,"author":{"gitId":"0493730"},"content":"    @Override","lastModifiedDate":"2022-10-28"},{"lineNumber":29,"author":{"gitId":"0493730"},"content":"    public String saveToFile() {","lastModifiedDate":"2022-10-28"},{"lineNumber":30,"author":{"gitId":"0493730"},"content":"        int status \u003d isDone ? 1:0;","lastModifiedDate":"2022-11-04"},{"lineNumber":31,"author":{"gitId":"0493730"},"content":"        return \"E | \" + status + \" | \" + super.description;","lastModifiedDate":"2022-11-04"},{"lineNumber":32,"author":{"gitId":"0493730"},"content":"    }","lastModifiedDate":"2022-10-28"},{"lineNumber":33,"author":{"gitId":"0493730"},"content":"}","lastModifiedDate":"2022-09-21"}],"authorContributionMap":{"0493730":33}},{"path":"src/main/java/Duke/TaskList/Task.java","fileType":"java","lines":[{"lineNumber":1,"author":{"gitId":"0493730"},"content":"package Duke.TaskList;","lastModifiedDate":"2022-10-28"},{"lineNumber":2,"author":{"gitId":"0493730"},"content":"import java.util.ArrayList;","lastModifiedDate":"2022-10-28"},{"lineNumber":3,"author":{"gitId":"0493730"},"content":"import Duke.*;","lastModifiedDate":"2022-10-28"},{"lineNumber":4,"author":{"gitId":"0493730"},"content":"import Duke.Exception.DukeException;","lastModifiedDate":"2022-10-28"},{"lineNumber":5,"author":{"gitId":"0493730"},"content":"","lastModifiedDate":"2022-10-28"},{"lineNumber":6,"author":{"gitId":"0493730"},"content":"public abstract class Task {","lastModifiedDate":"2022-10-28"},{"lineNumber":7,"author":{"gitId":"0493730"},"content":"    protected String description;","lastModifiedDate":"2022-09-22"},{"lineNumber":8,"author":{"gitId":"0493730"},"content":"    protected boolean isDone;","lastModifiedDate":"2022-09-16"},{"lineNumber":9,"author":{"gitId":"0493730"},"content":"    private static ArrayList\u003cTask\u003e taskList;","lastModifiedDate":"2022-10-28"},{"lineNumber":10,"author":{"gitId":"0493730"},"content":"","lastModifiedDate":"2022-09-16"},{"lineNumber":11,"author":{"gitId":"0493730"},"content":"    public Task(String description) {","lastModifiedDate":"2022-09-16"},{"lineNumber":12,"author":{"gitId":"0493730"},"content":"        this.description \u003d description;","lastModifiedDate":"2022-09-16"},{"lineNumber":13,"author":{"gitId":"0493730"},"content":"        this.isDone \u003d false;","lastModifiedDate":"2022-09-16"},{"lineNumber":14,"author":{"gitId":"0493730"},"content":"    }","lastModifiedDate":"2022-09-16"},{"lineNumber":15,"author":{"gitId":"0493730"},"content":"","lastModifiedDate":"2022-09-16"},{"lineNumber":16,"author":{"gitId":"0493730"},"content":"    public String getTask() {","lastModifiedDate":"2022-09-22"},{"lineNumber":17,"author":{"gitId":"0493730"},"content":"        return this.description;","lastModifiedDate":"2022-09-22"},{"lineNumber":18,"author":{"gitId":"0493730"},"content":"    }","lastModifiedDate":"2022-09-22"},{"lineNumber":19,"author":{"gitId":"0493730"},"content":"","lastModifiedDate":"2022-09-22"},{"lineNumber":20,"author":{"gitId":"0493730"},"content":"    public static ArrayList\u003cTask\u003e getList (){","lastModifiedDate":"2022-10-28"},{"lineNumber":21,"author":{"gitId":"0493730"},"content":"        return taskList;","lastModifiedDate":"2022-10-28"},{"lineNumber":22,"author":{"gitId":"0493730"},"content":"    }","lastModifiedDate":"2022-10-28"},{"lineNumber":23,"author":{"gitId":"0493730"},"content":"","lastModifiedDate":"2022-09-21"},{"lineNumber":24,"author":{"gitId":"0493730"},"content":"    public void markAsDone(boolean status){","lastModifiedDate":"2022-11-04"},{"lineNumber":25,"author":{"gitId":"0493730"},"content":"        this.isDone \u003d status;","lastModifiedDate":"2022-11-04"},{"lineNumber":26,"author":{"gitId":"0493730"},"content":"    }","lastModifiedDate":"2022-09-16"},{"lineNumber":27,"author":{"gitId":"0493730"},"content":"","lastModifiedDate":"2022-09-16"},{"lineNumber":28,"author":{"gitId":"0493730"},"content":"    public String getStatusIcon() {","lastModifiedDate":"2022-09-16"},{"lineNumber":29,"author":{"gitId":"0493730"},"content":"        return (isDone ? \"\\u2713\" : \"\\u2718\");","lastModifiedDate":"2022-11-04"},{"lineNumber":30,"author":{"gitId":"0493730"},"content":"    }","lastModifiedDate":"2022-09-16"},{"lineNumber":31,"author":{"gitId":"0493730"},"content":"","lastModifiedDate":"2022-09-21"},{"lineNumber":32,"author":{"gitId":"0493730"},"content":"    @Override","lastModifiedDate":"2022-09-21"},{"lineNumber":33,"author":{"gitId":"0493730"},"content":"    public String toString() {","lastModifiedDate":"2022-09-21"},{"lineNumber":34,"author":{"gitId":"0493730"},"content":"        return \"[\" + getStatusIcon() + \"] \" + description;","lastModifiedDate":"2022-09-21"},{"lineNumber":35,"author":{"gitId":"0493730"},"content":"    }","lastModifiedDate":"2022-09-21"},{"lineNumber":36,"author":{"gitId":"0493730"},"content":"","lastModifiedDate":"2022-10-28"},{"lineNumber":37,"author":{"gitId":"0493730"},"content":"    public abstract String saveToFile();","lastModifiedDate":"2022-10-28"},{"lineNumber":38,"author":{"gitId":"0493730"},"content":"}","lastModifiedDate":"2022-09-16"}],"authorContributionMap":{"0493730":38}},{"path":"src/main/java/Duke/TaskList/Tasklist.java","fileType":"java","lines":[{"lineNumber":1,"author":{"gitId":"0493730"},"content":"package Duke.TaskList;","lastModifiedDate":"2022-11-04"},{"lineNumber":2,"author":{"gitId":"0493730"},"content":"","lastModifiedDate":"2022-11-04"},{"lineNumber":3,"author":{"gitId":"0493730"},"content":"import Duke.Duke;","lastModifiedDate":"2022-11-04"},{"lineNumber":4,"author":{"gitId":"0493730"},"content":"import Duke.Exception.DukeException;","lastModifiedDate":"2022-11-04"},{"lineNumber":5,"author":{"gitId":"0493730"},"content":"import Duke.Parser.Parser;","lastModifiedDate":"2022-11-04"},{"lineNumber":6,"author":{"gitId":"0493730"},"content":"import Duke.Ui.Ui;","lastModifiedDate":"2022-11-04"},{"lineNumber":7,"author":{"gitId":"0493730"},"content":"import Duke.TaskList.*;","lastModifiedDate":"2022-11-04"},{"lineNumber":8,"author":{"gitId":"0493730"},"content":"","lastModifiedDate":"2022-11-04"},{"lineNumber":9,"author":{"gitId":"0493730"},"content":"import java.util.ArrayList;","lastModifiedDate":"2022-11-04"},{"lineNumber":10,"author":{"gitId":"0493730"},"content":"import java.util.List;","lastModifiedDate":"2022-11-04"},{"lineNumber":11,"author":{"gitId":"0493730"},"content":"","lastModifiedDate":"2022-11-04"},{"lineNumber":12,"author":{"gitId":"0493730"},"content":"public class Tasklist {","lastModifiedDate":"2022-11-04"},{"lineNumber":13,"author":{"gitId":"0493730"},"content":"    private static ArrayList\u003cTask\u003e tl;","lastModifiedDate":"2022-11-04"},{"lineNumber":14,"author":{"gitId":"0493730"},"content":"    private static Ui ui \u003d new Ui();","lastModifiedDate":"2022-11-04"},{"lineNumber":15,"author":{"gitId":"0493730"},"content":"","lastModifiedDate":"2022-11-04"},{"lineNumber":16,"author":{"gitId":"0493730"},"content":"    public Tasklist(){","lastModifiedDate":"2022-11-04"},{"lineNumber":17,"author":{"gitId":"0493730"},"content":"        tl \u003d new ArrayList\u003c\u003e();","lastModifiedDate":"2022-11-04"},{"lineNumber":18,"author":{"gitId":"0493730"},"content":"    }","lastModifiedDate":"2022-11-04"},{"lineNumber":19,"author":{"gitId":"0493730"},"content":"","lastModifiedDate":"2022-11-04"},{"lineNumber":20,"author":{"gitId":"0493730"},"content":"    public Tasklist(List\u003cTask\u003e list) {","lastModifiedDate":"2022-11-04"},{"lineNumber":21,"author":{"gitId":"0493730"},"content":"        tl \u003d new ArrayList\u003c\u003e();","lastModifiedDate":"2022-11-04"},{"lineNumber":22,"author":{"gitId":"0493730"},"content":"        tl.addAll(list);","lastModifiedDate":"2022-11-04"},{"lineNumber":23,"author":{"gitId":"0493730"},"content":"    }","lastModifiedDate":"2022-11-04"},{"lineNumber":24,"author":{"gitId":"0493730"},"content":"","lastModifiedDate":"2022-11-04"},{"lineNumber":25,"author":{"gitId":"0493730"},"content":"    public static void display (ArrayList\u003cTask\u003e tL, String command) {","lastModifiedDate":"2022-11-04"},{"lineNumber":26,"author":{"gitId":"0493730"},"content":"        if (command \u003d\u003d \"\") {","lastModifiedDate":"2022-11-04"},{"lineNumber":27,"author":{"gitId":"0493730"},"content":"            Ui.line();","lastModifiedDate":"2022-11-04"},{"lineNumber":28,"author":{"gitId":"0493730"},"content":"            System.out.println(\"Please enter a command. Command cannot be empty.\");","lastModifiedDate":"2022-11-04"},{"lineNumber":29,"author":{"gitId":"0493730"},"content":"            Ui.line();","lastModifiedDate":"2022-11-04"},{"lineNumber":30,"author":{"gitId":"0493730"},"content":"        }","lastModifiedDate":"2022-11-04"},{"lineNumber":31,"author":{"gitId":"0493730"},"content":"","lastModifiedDate":"2022-11-04"},{"lineNumber":32,"author":{"gitId":"0493730"},"content":"        switch(command) {","lastModifiedDate":"2022-11-04"},{"lineNumber":33,"author":{"gitId":"0493730"},"content":"            case \"list\":","lastModifiedDate":"2022-11-04"},{"lineNumber":34,"author":{"gitId":"0493730"},"content":"                if (tl.size() \u003d\u003d 0) {","lastModifiedDate":"2022-11-04"},{"lineNumber":35,"author":{"gitId":"0493730"},"content":"                    Ui.line();","lastModifiedDate":"2022-11-04"},{"lineNumber":36,"author":{"gitId":"0493730"},"content":"                    System.out.println(\"Your list is empty\\n\");","lastModifiedDate":"2022-11-04"},{"lineNumber":37,"author":{"gitId":"0493730"},"content":"                    Ui.line();","lastModifiedDate":"2022-11-04"},{"lineNumber":38,"author":{"gitId":"0493730"},"content":"                } else {","lastModifiedDate":"2022-11-04"},{"lineNumber":39,"author":{"gitId":"0493730"},"content":"                    Ui.line();","lastModifiedDate":"2022-11-04"},{"lineNumber":40,"author":{"gitId":"0493730"},"content":"                    System.out.println(\"Here are the tasks in your list:\\n\");","lastModifiedDate":"2022-11-04"},{"lineNumber":41,"author":{"gitId":"0493730"},"content":"                    Ui.line();","lastModifiedDate":"2022-11-04"},{"lineNumber":42,"author":{"gitId":"0493730"},"content":"                }","lastModifiedDate":"2022-11-04"},{"lineNumber":43,"author":{"gitId":"0493730"},"content":"            for (int index \u003d 1; index \u003c\u003d tL.size(); index++){","lastModifiedDate":"2022-11-04"},{"lineNumber":44,"author":{"gitId":"0493730"},"content":"                System.out.println (index + \". \" + tL.get(index-1).toString() + tL.get(index-1).getTask());","lastModifiedDate":"2022-11-04"},{"lineNumber":45,"author":{"gitId":"0493730"},"content":"            }","lastModifiedDate":"2022-11-04"},{"lineNumber":46,"author":{"gitId":"0493730"},"content":"        }","lastModifiedDate":"2022-11-04"},{"lineNumber":47,"author":{"gitId":"0493730"},"content":"    }","lastModifiedDate":"2022-11-04"},{"lineNumber":48,"author":{"gitId":"0493730"},"content":"","lastModifiedDate":"2022-11-04"},{"lineNumber":49,"author":{"gitId":"0493730"},"content":"    public static void addTodo(ToDo todo) {","lastModifiedDate":"2022-11-04"},{"lineNumber":50,"author":{"gitId":"0493730"},"content":"        tl.add(todo);","lastModifiedDate":"2022-11-04"},{"lineNumber":51,"author":{"gitId":"0493730"},"content":"        Ui.addedTask(tl);","lastModifiedDate":"2022-11-04"},{"lineNumber":52,"author":{"gitId":"0493730"},"content":"    }","lastModifiedDate":"2022-11-04"},{"lineNumber":53,"author":{"gitId":"0493730"},"content":"","lastModifiedDate":"2022-11-04"},{"lineNumber":54,"author":{"gitId":"0493730"},"content":"    public static void addDeadline(Deadline deadline) {","lastModifiedDate":"2022-11-04"},{"lineNumber":55,"author":{"gitId":"0493730"},"content":"        tl.add(deadline);","lastModifiedDate":"2022-11-04"},{"lineNumber":56,"author":{"gitId":"0493730"},"content":"        Ui.addedTask(tl);","lastModifiedDate":"2022-11-04"},{"lineNumber":57,"author":{"gitId":"0493730"},"content":"    }","lastModifiedDate":"2022-11-04"},{"lineNumber":58,"author":{"gitId":"0493730"},"content":"","lastModifiedDate":"2022-11-04"},{"lineNumber":59,"author":{"gitId":"0493730"},"content":"    public static void addEvent(Event event) {","lastModifiedDate":"2022-11-04"},{"lineNumber":60,"author":{"gitId":"0493730"},"content":"        tl.add(event);","lastModifiedDate":"2022-11-04"},{"lineNumber":61,"author":{"gitId":"0493730"},"content":"        Ui.addedTask(tl);","lastModifiedDate":"2022-11-04"},{"lineNumber":62,"author":{"gitId":"0493730"},"content":"    }","lastModifiedDate":"2022-11-04"},{"lineNumber":63,"author":{"gitId":"0493730"},"content":"","lastModifiedDate":"2022-11-04"},{"lineNumber":64,"author":{"gitId":"0493730"},"content":"    public static void markTask(String userInput, boolean status) throws DukeException {","lastModifiedDate":"2022-11-04"},{"lineNumber":65,"author":{"gitId":"0493730"},"content":"        try {","lastModifiedDate":"2022-11-04"},{"lineNumber":66,"author":{"gitId":"0493730"},"content":"            tl.get(Integer.parseInt(userInput)-1).markAsDone(status );","lastModifiedDate":"2022-11-04"},{"lineNumber":67,"author":{"gitId":"0493730"},"content":"            if(status) {","lastModifiedDate":"2022-11-04"},{"lineNumber":68,"author":{"gitId":"0493730"},"content":"                Ui.line();","lastModifiedDate":"2022-11-04"},{"lineNumber":69,"author":{"gitId":"0493730"},"content":"                System.out.println( \"Nice! I\u0027ve marked this task as done:\");","lastModifiedDate":"2022-11-04"},{"lineNumber":70,"author":{"gitId":"0493730"},"content":"                Ui.line();","lastModifiedDate":"2022-11-04"},{"lineNumber":71,"author":{"gitId":"0493730"},"content":"            } else {","lastModifiedDate":"2022-11-04"},{"lineNumber":72,"author":{"gitId":"0493730"},"content":"                Ui.line();","lastModifiedDate":"2022-11-04"},{"lineNumber":73,"author":{"gitId":"0493730"},"content":"                System.out.println(\"Ok! I\u0027ve marked this task as not done yet: \");","lastModifiedDate":"2022-11-04"},{"lineNumber":74,"author":{"gitId":"0493730"},"content":"                Ui.line();","lastModifiedDate":"2022-11-04"},{"lineNumber":75,"author":{"gitId":"0493730"},"content":"            }","lastModifiedDate":"2022-11-04"},{"lineNumber":76,"author":{"gitId":"0493730"},"content":"            System.out.println (tl.get(Integer.parseInt(userInput) - 1).getTask());","lastModifiedDate":"2022-11-04"},{"lineNumber":77,"author":{"gitId":"0493730"},"content":"        } catch (NumberFormatException e){","lastModifiedDate":"2022-11-04"},{"lineNumber":78,"author":{"gitId":"0493730"},"content":"            throw new DukeException(\"Please indicate task number\");","lastModifiedDate":"2022-11-04"},{"lineNumber":79,"author":{"gitId":"0493730"},"content":"        } catch (IndexOutOfBoundsException e){","lastModifiedDate":"2022-11-04"},{"lineNumber":80,"author":{"gitId":"0493730"},"content":"            if (tl.size() \u003d\u003d 0){","lastModifiedDate":"2022-11-04"},{"lineNumber":81,"author":{"gitId":"0493730"},"content":"                throw new DukeException(\"Sorry. A task cannot be marked in an empty list.\");","lastModifiedDate":"2022-11-04"},{"lineNumber":82,"author":{"gitId":"0493730"},"content":"            } else {","lastModifiedDate":"2022-11-04"},{"lineNumber":83,"author":{"gitId":"0493730"},"content":"                throw new DukeException(\"Sorry. Please indicate a task number in the list.\");","lastModifiedDate":"2022-11-04"},{"lineNumber":84,"author":{"gitId":"0493730"},"content":"            }","lastModifiedDate":"2022-11-04"},{"lineNumber":85,"author":{"gitId":"0493730"},"content":"        }","lastModifiedDate":"2022-11-04"},{"lineNumber":86,"author":{"gitId":"0493730"},"content":"    }","lastModifiedDate":"2022-11-04"},{"lineNumber":87,"author":{"gitId":"0493730"},"content":"","lastModifiedDate":"2022-11-04"},{"lineNumber":88,"author":{"gitId":"0493730"},"content":"    public static void deleteTask(String userInput) throws DukeException {","lastModifiedDate":"2022-11-04"},{"lineNumber":89,"author":{"gitId":"0493730"},"content":"        try {","lastModifiedDate":"2022-11-04"},{"lineNumber":90,"author":{"gitId":"0493730"},"content":"            int idx \u003d Integer.parseInt(userInput)-1;","lastModifiedDate":"2022-11-04"},{"lineNumber":91,"author":{"gitId":"0493730"},"content":"            String description \u003d tl.get(idx).getTask();","lastModifiedDate":"2022-11-04"},{"lineNumber":92,"author":{"gitId":"0493730"},"content":"            tl.remove(idx);","lastModifiedDate":"2022-11-04"},{"lineNumber":93,"author":{"gitId":"0493730"},"content":"            Ui.line();","lastModifiedDate":"2022-11-04"},{"lineNumber":94,"author":{"gitId":"0493730"},"content":"            System.out.println(\"Noted. I\u0027ve remove this task: \\n\" + description);","lastModifiedDate":"2022-11-04"},{"lineNumber":95,"author":{"gitId":"0493730"},"content":"            System.out.println(\"Now you have \" + tl.size() + \" tasks in your list.\");","lastModifiedDate":"2022-11-04"},{"lineNumber":96,"author":{"gitId":"0493730"},"content":"        } catch (NumberFormatException e){","lastModifiedDate":"2022-11-04"},{"lineNumber":97,"author":{"gitId":"0493730"},"content":"            throw new DukeException(\"Please indicate task number\");","lastModifiedDate":"2022-11-04"},{"lineNumber":98,"author":{"gitId":"0493730"},"content":"        } catch (IndexOutOfBoundsException e){","lastModifiedDate":"2022-11-04"},{"lineNumber":99,"author":{"gitId":"0493730"},"content":"            if (tl.size() \u003d\u003d 0){","lastModifiedDate":"2022-11-04"},{"lineNumber":100,"author":{"gitId":"0493730"},"content":"                throw new DukeException(\"Sorry. A task cannot be deleted from an empty list.\");","lastModifiedDate":"2022-11-04"},{"lineNumber":101,"author":{"gitId":"0493730"},"content":"            } else {","lastModifiedDate":"2022-11-04"},{"lineNumber":102,"author":{"gitId":"0493730"},"content":"                throw new DukeException(\"Sorry. Please indicate a task number in the list.\");","lastModifiedDate":"2022-11-04"},{"lineNumber":103,"author":{"gitId":"0493730"},"content":"            }","lastModifiedDate":"2022-11-04"},{"lineNumber":104,"author":{"gitId":"0493730"},"content":"        }","lastModifiedDate":"2022-11-04"},{"lineNumber":105,"author":{"gitId":"0493730"},"content":"    }","lastModifiedDate":"2022-11-04"},{"lineNumber":106,"author":{"gitId":"0493730"},"content":"","lastModifiedDate":"2022-11-04"},{"lineNumber":107,"author":{"gitId":"0493730"},"content":"    public static ArrayList\u003cTask\u003e getList() {","lastModifiedDate":"2022-11-04"},{"lineNumber":108,"author":{"gitId":"0493730"},"content":"        return tl;","lastModifiedDate":"2022-11-04"},{"lineNumber":109,"author":{"gitId":"0493730"},"content":"    }","lastModifiedDate":"2022-11-04"},{"lineNumber":110,"author":{"gitId":"0493730"},"content":"}","lastModifiedDate":"2022-11-04"}],"authorContributionMap":{"0493730":110}},{"path":"src/main/java/Duke/TaskList/ToDo.java","fileType":"java","lines":[{"lineNumber":1,"author":{"gitId":"0493730"},"content":"package Duke.TaskList;","lastModifiedDate":"2022-10-28"},{"lineNumber":2,"author":{"gitId":"0493730"},"content":"","lastModifiedDate":"2022-10-28"},{"lineNumber":3,"author":{"gitId":"0493730"},"content":"public class ToDo extends Task {","lastModifiedDate":"2022-09-21"},{"lineNumber":4,"author":{"gitId":"0493730"},"content":"","lastModifiedDate":"2022-09-21"},{"lineNumber":5,"author":{"gitId":"0493730"},"content":"    public ToDo(String description, boolean isDone) {","lastModifiedDate":"2022-11-04"},{"lineNumber":6,"author":{"gitId":"0493730"},"content":"        super(description);","lastModifiedDate":"2022-09-21"},{"lineNumber":7,"author":{"gitId":"0493730"},"content":"        super.isDone \u003d isDone;","lastModifiedDate":"2022-11-04"},{"lineNumber":8,"author":{"gitId":"0493730"},"content":"    }","lastModifiedDate":"2022-09-21"},{"lineNumber":9,"author":{"gitId":"0493730"},"content":"","lastModifiedDate":"2022-09-21"},{"lineNumber":10,"author":{"gitId":"0493730"},"content":"    @Override","lastModifiedDate":"2022-09-21"},{"lineNumber":11,"author":{"gitId":"0493730"},"content":"    public String toString() {","lastModifiedDate":"2022-09-21"},{"lineNumber":12,"author":{"gitId":"0493730"},"content":"        return \"[T]\" + super.toString();","lastModifiedDate":"2022-09-21"},{"lineNumber":13,"author":{"gitId":"0493730"},"content":"    }","lastModifiedDate":"2022-09-21"},{"lineNumber":14,"author":{"gitId":"0493730"},"content":"","lastModifiedDate":"2022-10-28"},{"lineNumber":15,"author":{"gitId":"0493730"},"content":"    @Override","lastModifiedDate":"2022-10-28"},{"lineNumber":16,"author":{"gitId":"0493730"},"content":"    public String saveToFile() {","lastModifiedDate":"2022-10-28"},{"lineNumber":17,"author":{"gitId":"0493730"},"content":"        int status \u003d isDone ? 1:0;","lastModifiedDate":"2022-11-04"},{"lineNumber":18,"author":{"gitId":"0493730"},"content":"        return \"T | \" + status + \" | \" + super.description + \"\\r\";","lastModifiedDate":"2022-11-04"},{"lineNumber":19,"author":{"gitId":"0493730"},"content":"    }","lastModifiedDate":"2022-10-28"},{"lineNumber":20,"author":{"gitId":"0493730"},"content":"}","lastModifiedDate":"2022-09-21"}],"authorContributionMap":{"0493730":20}},{"path":"src/main/java/Duke/Ui/Ui.java","fileType":"java","lines":[{"lineNumber":1,"author":{"gitId":"0493730"},"content":"package Duke.Ui;","lastModifiedDate":"2022-10-28"},{"lineNumber":2,"author":{"gitId":"0493730"},"content":"import Duke.Exception.DukeException;","lastModifiedDate":"2022-10-28"},{"lineNumber":3,"author":{"gitId":"0493730"},"content":"import Duke.Parser.*;","lastModifiedDate":"2022-10-28"},{"lineNumber":4,"author":{"gitId":"0493730"},"content":"import Duke.TaskList.*;","lastModifiedDate":"2022-10-28"},{"lineNumber":5,"author":{"gitId":"0493730"},"content":"","lastModifiedDate":"2022-10-28"},{"lineNumber":6,"author":{"gitId":"0493730"},"content":"import static Duke.Duke.*;","lastModifiedDate":"2022-10-28"},{"lineNumber":7,"author":{"gitId":"0493730"},"content":"","lastModifiedDate":"2022-10-28"},{"lineNumber":8,"author":{"gitId":"0493730"},"content":"import java.io.IOException;","lastModifiedDate":"2022-10-28"},{"lineNumber":9,"author":{"gitId":"0493730"},"content":"import java.util.ArrayList;","lastModifiedDate":"2022-11-04"},{"lineNumber":10,"author":{"gitId":"0493730"},"content":"import java.util.Scanner;","lastModifiedDate":"2022-09-11"},{"lineNumber":11,"author":{"gitId":"0493730"},"content":"","lastModifiedDate":"2022-09-11"},{"lineNumber":12,"author":{"gitId":"0493730"},"content":"public class Ui {","lastModifiedDate":"2022-10-28"},{"lineNumber":13,"author":{"gitId":"0493730"},"content":"    public static Scanner userInput;","lastModifiedDate":"2022-11-04"},{"lineNumber":14,"author":{"gitId":"0493730"},"content":"","lastModifiedDate":"2022-09-11"},{"lineNumber":15,"author":{"gitId":"0493730"},"content":"    public Ui() {","lastModifiedDate":"2022-10-28"},{"lineNumber":16,"author":{"gitId":"0493730"},"content":"        userInput \u003d new Scanner(System.in);","lastModifiedDate":"2022-10-28"},{"lineNumber":17,"author":{"gitId":"0493730"},"content":"    }","lastModifiedDate":"2022-09-16"},{"lineNumber":18,"author":{"gitId":"0493730"},"content":"","lastModifiedDate":"2022-09-16"},{"lineNumber":19,"author":{"gitId":"0493730"},"content":"    public static Scanner getUserInput() {","lastModifiedDate":"2022-11-04"},{"lineNumber":20,"author":{"gitId":"0493730"},"content":"        return userInput;","lastModifiedDate":"2022-11-04"},{"lineNumber":21,"author":{"gitId":"0493730"},"content":"    }","lastModifiedDate":"2022-11-04"},{"lineNumber":22,"author":{"gitId":"0493730"},"content":"","lastModifiedDate":"2022-11-04"},{"lineNumber":23,"author":{"gitId":"0493730"},"content":"    public static void line() {","lastModifiedDate":"2022-10-28"},{"lineNumber":24,"author":{"gitId":"0493730"},"content":"        System.out.println(\"\\n_______________________________________________________________________________________________\\n\");","lastModifiedDate":"2022-10-28"},{"lineNumber":25,"author":{"gitId":"0493730"},"content":"    }","lastModifiedDate":"2022-10-28"},{"lineNumber":26,"author":{"gitId":"0493730"},"content":"","lastModifiedDate":"2022-10-28"},{"lineNumber":27,"author":{"gitId":"0493730"},"content":"    public static void hello() {","lastModifiedDate":"2022-10-28"},{"lineNumber":28,"author":{"gitId":"0493730"},"content":"        String logo \u003d \"⠀⠀⠀⠀⠀⠀⠀⠀⠀⠀⠀⠀⣀⠔⠋⠀⠐⠈⠉⠉⠉⠀⠀⠀⠉⠓⢄⠀⣀⠄⠚⠙⠉⠁⠀⠉⠉⠉⠁⠂⡀⠀⠀⠀⠀⠀⠀⠀⠀⠀\\n\" +","lastModifiedDate":"2022-09-11"},{"lineNumber":29,"author":{"gitId":"0493730"},"content":"                \"⠀⠀⠀⠀⠀⠀⠀⠀⠀⠀⣠⠎⠀⠀⠀⠀⠀⠀⠀⠀⠀⠀⠀⠀⠀⠀⠀⣿⡀⠀⠁⠀⠀⠀⠀⠀⠀⠀⠀⠐⣜⣦⠀⠀⠀⠀⠀⠀⠀⠀\\n\" +","lastModifiedDate":"2022-09-11"},{"lineNumber":30,"author":{"gitId":"0493730"},"content":"                \"⠀⠀⠀⠀⠀⠀⠀⠀⢀⠔⡁⠀⠀⠀⠀⠀⠀⣀⣀⣤⡤⠤⣤⣄⣀⣀⠀⠘⣷⡄⠀⠀⠀⠀⠀⠀⠀⠀⠀⠀⠀⢹⣷⡀⠀⠀⠀⠀⠀⠀\\n\" +","lastModifiedDate":"2022-09-11"},{"lineNumber":31,"author":{"gitId":"0493730"},"content":"                \"⠀⠀⠀⠀⠀⠀⠀⣰⣥⠞⠀⠀⠀⠀⢠⡴⠟⠋⠉⠀⠀⠀⠀⠀⠉⠙⠻⢶⣼⣷⣠⣤⡴⠶⠶⠶⠶⠶⢦⣤⣤⣈⠙⣷⣤⣀⠀⠀⠀⠀\\n\" +","lastModifiedDate":"2022-09-11"},{"lineNumber":32,"author":{"gitId":"0493730"},"content":"                \"⠀⠀⠀⠀⠀⢀⣴⢳⠏⠀⠀⠀⠀⠀⠀⠀⠀⠀⠀⠀⠀⠀⠀⣀⣀⣀⣀⣀⣈⣻⣦⡀⠀⠀⠀⠀⠀⠀⠀⠀⣀⣈⠀⠀⠉⠈⠑⢄⠀⠀\\n\" +","lastModifiedDate":"2022-09-11"},{"lineNumber":33,"author":{"gitId":"0493730"},"content":"                \"⠀⠀⠀⠀⢀⣼⣿⡋⠀⠀⠀⠀⠀⠀⠀⠀⠀⠀⢀⣤⠶⢛⣫⣭⣭⠿⠾⠯⣭⣭⣍⣛⢦⣀⣤⣶⣞⣋⣭⢭⣭⣭⣭⣭⣟⣓⣶⠀⠑⠄\\n\" +","lastModifiedDate":"2022-09-11"},{"lineNumber":34,"author":{"gitId":"0493730"},"content":"                \"⠀⢀⣠⠴⡩⠀⢸⡇⠀⠀⠀⠀⠀⠀⠀⡤⠴⢞⣉⡴⠚⠉⠁⠀⠀⠀⠀⠀⠀⠀⠈⠉⠻⡟⠛⠉⠉⠉⠀⠀⠀⠀⠀⠀⠈⠉⠉⠓⠇⠈\\n\" +","lastModifiedDate":"2022-09-11"},{"lineNumber":35,"author":{"gitId":"0493730"},"content":"                \"⢤⣿⣼⠂⠀⠀⣿⠀⠀⠀⠀⠀⠀⣴⡛⠛⢛⠋⠁⠀⠀⠀⠀⠀⠀⠀⠀⠀⠀⠀⠀⠀⠀⢹⡆⠀⠀⠀⠀⠀⠀⠀⠀⠀⠀⠀⠀⠀⠀⢂\\n\" +","lastModifiedDate":"2022-09-11"},{"lineNumber":36,"author":{"gitId":"0493730"},"content":"                \"⣿⣿⠙⠀⠀⠀⠉⠀⠀⠀⠀⠀⠀⠈⠉⠛⠛⢷⣤⡀⠀⠀⠀⠀⠀⠀⠀⠀⠀⠀⠀⠀⢀⡿⠀⠀⠀⠀⠀⠀⠀⠀⠀⠀⠀⠀⠀⠀⡀⠘\\n\" +","lastModifiedDate":"2022-09-11"},{"lineNumber":37,"author":{"gitId":"0493730"},"content":"                \"⢹⣿⣷⣄⠀⠀⠀⠀⠀⠀⠀⠀⠀⠀⠀⠀⠀⢤⡿⡿⠲⢤⣄⣀⣀⣀⣀⣀⣤⣴⠶⠞⢋⡿⠲⠶⠦⢤⣶⢦⣴⣶⡶⠶⠶⠞⠛⠋⣁⡀\\n\" +","lastModifiedDate":"2022-09-11"},{"lineNumber":38,"author":{"gitId":"0493730"},"content":"                \"⣿⣿⣿⣿⣷⣄⠀⠀⠀⠀⠀⠀⠀⠀⠀⠀⠀⡿⣽⠟⠛⠲⠿⠭⠭⠭⠭⠥⠤⣴⠞⠛⠋⠀⠀⠀⠀⠀⣿⢸⡇⠀⠀⠀⢀⡤⢠⡾⠟⠀\\n\" +","lastModifiedDate":"2022-09-11"},{"lineNumber":39,"author":{"gitId":"0493730"},"content":"                \"⣿⣿⣿⣿⣿⣿⣿⣶⣄⠀⠀⠀⠀⠀⠀⠀⠀⡇⣿⠀⠀⠀⠀⠀⠀⣀⣤⡶⢟⣫⣤⣶⣶⣶⣶⣦⣤⣤⣸⣧⢿⣤⡴⠎⠻⡗⠉⠀⠀⠀\\n\" +","lastModifiedDate":"2022-09-11"},{"lineNumber":40,"author":{"gitId":"0493730"},"content":"                \"⠘⢿⣿⣿⣿⣿⣿⣿⣿⣷⣦⣄⠀⠀⠀⠀⢀⡇⣿⠀⠀⠀⢀⣾⣿⣿⣷⡾⠿⠟⠋⣉⣉⣉⠉⢻⣷⣝⠋⢹⡼⡇⠀⠀⠀⠙⢆⠀⠀⠀\\n\" +","lastModifiedDate":"2022-09-11"},{"lineNumber":41,"author":{"gitId":"0493730"},"content":"                \"⠀⠀⠻⢿⣿⣿⣿⣿⣿⣿⣿⣿⣷⣶⣤⣀⠸⢇⣟⣤⣶⣿⠿⢟⣋⣩⣤⣶⣶⣾⡿⠟⠛⠻⢿⣦⣽⣿⣷⣾⣇⣿⡀⠀⠀⠀⠨⢆⠀⠀\\n\" +","lastModifiedDate":"2022-09-11"},{"lineNumber":42,"author":{"gitId":"0493730"},"content":"                \"⠀⠀⠀⠸⣿⣭⣭⣶⣶⣶⣶⣶⣼⣿⣿⣿⣿⣿⡟⣛⣭⣴⣾⠿⠟⠛⠉⠁⠀⠀⠀⢀⣀⣀⣀⡉⠙⠛⠻⣿⣿⣿⡿⢿⣷⣶⣦⡾⣆⠀\\n\" +","lastModifiedDate":"2022-09-11"},{"lineNumber":43,"author":{"gitId":"0493730"},"content":"                \"⠀⠀⠀⠀⠙⠋⠉⣿⡇⣿⣿⣿⣿⣿⣟⣋⣁⣥⣾⡿⠛⠛⠻⠶⠶⠶⣤⣤⣄⣀⣀⣸⡿⠿⣿⡿⢿⠿⣷⣦⣉⠻⣿⣦⡴⠿⠻⣧⣾⠀\\n\" +","lastModifiedDate":"2022-09-11"},{"lineNumber":44,"author":{"gitId":"0493730"},"content":"                \"⠀⠀⠀⠀⠀⠀⠀⣿⡇⠙⣻⣿⣿⣿⣿⣿⣿⠛⠛⠿⣷⣶⣤⣤⣤⣀⣀⣀⣀⠈⠉⢹⣿⡙⣿⡄⠸⠀⢀⠉⠻⣷⣼⣿⣀⣠⣴⣿⢹⠀\\n\" +","lastModifiedDate":"2022-09-11"},{"lineNumber":45,"author":{"gitId":"0493730"},"content":"                \"⠀⠀⠀⠀⠀⠀⠀⢻⣇⢰⣿⣏⠙⠻⣭⣿⣿⣿⣿⣿⣿⣷⣾⣯⣭⣛⠿⣿⣙⠛⠛⠛⠻⣿⣾⣿⣷⣶⣶⣤⣀⠀⠙⢿⣯⣉⣾⡟⢸⠀\\n\" +","lastModifiedDate":"2022-09-11"},{"lineNumber":46,"author":{"gitId":"0493730"},"content":"                \"⠂⠀⠀⠀⠀⢀⣾⣾⣿⣿⣿⣿⣿⣶⣶⣶⣶⣶⣶⣾⣿⣿⣿⣿⣿⣿⣷⣜⢿⣿⣿⣿⣶⣾⣿⣿⣿⣿⣾⣿⣿⣿⣷⣦⣙⠿⣿⣰⡇⠀\\n\" +","lastModifiedDate":"2022-09-11"},{"lineNumber":47,"author":{"gitId":"0493730"},"content":"                \"⣤⣶⣶⣶⣤⣼⣿⡏⠀⠀⠈⣿⣿⣿⣿⣿⣿⣿⣿⣭⣭⣉⣉⣉⠉⠙⠛⢿⣧⡘⢿⣿⡿⠿⠿⠿⠿⠿⠿⠿⢻⡿⠿⢿⣿⣦⡈⢻⡆⠀\\n\" +","lastModifiedDate":"2022-09-11"},{"lineNumber":48,"author":{"gitId":"0493730"},"content":"                \"⠉⠉⠉⠉⠉⠙⠛⠁⠀⠀⠀⠈⠉⠉⠉⠉⠉⠉⠉⠉⠙⠻⠿⠿⣷⣄⠀⠀⠹⣿⣦⠻⣷⣄⡀⠀⡠⣔⡴⠖⠉⠀⠀⠀⠀⠈⣿⠘⣷⠀\\n\" +","lastModifiedDate":"2022-09-11"},{"lineNumber":49,"author":{"gitId":"0493730"},"content":"                \"⢀⣴⣿⡿⢠⣶⣷⣦⠀⣼⣷⣶⡄⣾⠀⣷⠀⢸⡇⢸⣷⡄⢠⣿⡎⣿⣧⣴⣶⣾⣿⣷⣜⠿⣿⡗⠋⠁⠀⠀⠀⠀⠀⠀⠀⠀⢹⡀⣿⠀\\n\" +","lastModifiedDate":"2022-09-11"},{"lineNumber":50,"author":{"gitId":"0493730"},"content":"                \"⢸⣏⠀⠀⣿⡇⠀⣹⡇⣿⣷⡿⠃⣿⠀⣿⡀⣸⡇⢸⡿⣷⣼⢻⡇⢿⣿⠿⠿⠛⠛⠛⢿⣦⡈⠻⣯⣱⠀⠀⠀⠀⠀⠀⠀⢀⡾⢰⡏⠀\\n\" +","lastModifiedDate":"2022-09-11"},{"lineNumber":51,"author":{"gitId":"0493730"},"content":"                \"⠈⠻⠿⠗⠘⠿⠿⠟⠀⠿⠃⠀⠀⠿⠀⠛⠿⠿⠃⠸⠇⠻⠇⠸⠇⢸⣿⡄⠀⠀⠀⠀⠀⠻⣷⣦⣈⡛⡗⠒⠶⣖⣛⣛⣭⣽⡾⠟⠀⠀\\n\" +","lastModifiedDate":"2022-09-11"},{"lineNumber":52,"author":{"gitId":"0493730"},"content":"                \"⠀⠀⠀⠀⠀⠀⠀⠀⠀⠀⠀⠀⠀⠀⠀⠀⠀⠀⠀⠀⠀⠀⠀⠀⠀⠀⣿⡇⠀⠀⠀⠀⠀⠀⠈⢙⣻⣿⠿⡿⠛⠛⠛⠉⠉⠀⠀⠀⠀⠀\";","lastModifiedDate":"2022-09-11"},{"lineNumber":53,"author":{"gitId":"0493730"},"content":"","lastModifiedDate":"2022-09-11"},{"lineNumber":54,"author":{"gitId":"0493730"},"content":"        System.out.println(logo);","lastModifiedDate":"2022-09-11"},{"lineNumber":55,"author":{"gitId":"0493730"},"content":"        line();","lastModifiedDate":"2022-10-28"},{"lineNumber":56,"author":{"gitId":"0493730"},"content":"        System.out.println(\"Hello! I\u0027m Pepe\\nWhat can I do for you?\");","lastModifiedDate":"2022-10-28"},{"lineNumber":57,"author":{"gitId":"0493730"},"content":"        line();","lastModifiedDate":"2022-10-28"},{"lineNumber":58,"author":{"gitId":"-"},"content":"    }","lastModifiedDate":"2019-07-29"},{"lineNumber":59,"author":{"gitId":"0493730"},"content":"","lastModifiedDate":"2022-10-28"},{"lineNumber":60,"author":{"gitId":"0493730"},"content":"    public static void bye() {","lastModifiedDate":"2022-10-28"},{"lineNumber":61,"author":{"gitId":"0493730"},"content":"        line();","lastModifiedDate":"2022-10-28"},{"lineNumber":62,"author":{"gitId":"0493730"},"content":"        System.out.println(\"Bye. Hope to see you again soon!\");","lastModifiedDate":"2022-10-28"},{"lineNumber":63,"author":{"gitId":"0493730"},"content":"        line();","lastModifiedDate":"2022-10-28"},{"lineNumber":64,"author":{"gitId":"0493730"},"content":"    }","lastModifiedDate":"2022-09-21"},{"lineNumber":65,"author":{"gitId":"0493730"},"content":"","lastModifiedDate":"2022-10-28"},{"lineNumber":66,"author":{"gitId":"0493730"},"content":"    public static void addedTask(ArrayList\u003cTask\u003e tl) {","lastModifiedDate":"2022-11-04"},{"lineNumber":67,"author":{"gitId":"0493730"},"content":"        line();","lastModifiedDate":"2022-10-28"},{"lineNumber":68,"author":{"gitId":"0493730"},"content":"        System.out.println(\"Got it. I\u0027ve added this task:\\n\");","lastModifiedDate":"2022-10-28"},{"lineNumber":69,"author":{"gitId":"0493730"},"content":"        System.out.println(tl.get(tl.size()-1).toString() + tl.get(tl.size()-1).getTask());","lastModifiedDate":"2022-11-04"},{"lineNumber":70,"author":{"gitId":"0493730"},"content":"        System.out.println(\"Now you have \" + tl.size() + \" tasks in the list.\");","lastModifiedDate":"2022-11-04"},{"lineNumber":71,"author":{"gitId":"0493730"},"content":"        line();","lastModifiedDate":"2022-10-28"},{"lineNumber":72,"author":{"gitId":"0493730"},"content":"    }","lastModifiedDate":"2022-09-22"},{"lineNumber":73,"author":{"gitId":"0493730"},"content":"","lastModifiedDate":"2022-10-28"},{"lineNumber":74,"author":{"gitId":"0493730"},"content":"    public static void input (Tasklist task, String userInput) throws DukeException {","lastModifiedDate":"2022-11-04"},{"lineNumber":75,"author":{"gitId":"0493730"},"content":"        Parser process \u003d new Parser(userInput);","lastModifiedDate":"2022-11-04"},{"lineNumber":76,"author":{"gitId":"0493730"},"content":"        try {","lastModifiedDate":"2022-09-21"},{"lineNumber":77,"author":{"gitId":"0493730"},"content":"            switch (process.getCommand()) {","lastModifiedDate":"2022-11-04"},{"lineNumber":78,"author":{"gitId":"0493730"},"content":"                case \"list\":","lastModifiedDate":"2022-10-28"},{"lineNumber":79,"author":{"gitId":"0493730"},"content":"                    Tasklist.display(Tasklist.getList(), \"list\");","lastModifiedDate":"2022-11-04"},{"lineNumber":80,"author":{"gitId":"0493730"},"content":"                    break;","lastModifiedDate":"2022-11-04"},{"lineNumber":81,"author":{"gitId":"0493730"},"content":"                case \"mark\":","lastModifiedDate":"2022-11-04"},{"lineNumber":82,"author":{"gitId":"0493730"},"content":"                    Tasklist.markTask(process.getListIdx(), true);","lastModifiedDate":"2022-11-04"},{"lineNumber":83,"author":{"gitId":"0493730"},"content":"                    break;","lastModifiedDate":"2022-11-04"},{"lineNumber":84,"author":{"gitId":"0493730"},"content":"                case \"unmark\":","lastModifiedDate":"2022-11-04"},{"lineNumber":85,"author":{"gitId":"0493730"},"content":"                    Tasklist.markTask(process.getListIdx(), false);","lastModifiedDate":"2022-11-04"},{"lineNumber":86,"author":{"gitId":"0493730"},"content":"                    break;","lastModifiedDate":"2022-11-04"},{"lineNumber":87,"author":{"gitId":"0493730"},"content":"                case \"delete\":","lastModifiedDate":"2022-11-04"},{"lineNumber":88,"author":{"gitId":"0493730"},"content":"                    Tasklist.deleteTask(process.getListIdx());","lastModifiedDate":"2022-11-04"},{"lineNumber":89,"author":{"gitId":"0493730"},"content":"                    break;","lastModifiedDate":"2022-10-28"},{"lineNumber":90,"author":{"gitId":"0493730"},"content":"                case \"todo\":","lastModifiedDate":"2022-10-28"},{"lineNumber":91,"author":{"gitId":"0493730"},"content":"                    Tasklist.addTodo(new ToDo(process.getTodoDesc(), false));","lastModifiedDate":"2022-11-04"},{"lineNumber":92,"author":{"gitId":"0493730"},"content":"                    break;","lastModifiedDate":"2022-11-04"},{"lineNumber":93,"author":{"gitId":"0493730"},"content":"                case \"deadline\":","lastModifiedDate":"2022-11-04"},{"lineNumber":94,"author":{"gitId":"0493730"},"content":"                    Tasklist.addDeadline(new Deadline(process.getDeadlineDesc(), process.getDatelineDate(),  false));","lastModifiedDate":"2022-11-04"},{"lineNumber":95,"author":{"gitId":"0493730"},"content":"                    break;","lastModifiedDate":"2022-10-28"},{"lineNumber":96,"author":{"gitId":"0493730"},"content":"                case \"event\":","lastModifiedDate":"2022-11-04"},{"lineNumber":97,"author":{"gitId":"0493730"},"content":"                    Tasklist.addEvent(new Event(process.getEventDesc(), process.getEventDate(), process.getEventStart(), process.getEventEnd(), false));","lastModifiedDate":"2022-11-04"},{"lineNumber":98,"author":{"gitId":"0493730"},"content":"                    break;","lastModifiedDate":"2022-10-28"},{"lineNumber":99,"author":{"gitId":"0493730"},"content":"                case \"bye\":","lastModifiedDate":"2022-10-28"},{"lineNumber":100,"author":{"gitId":"0493730"},"content":"                    bye();","lastModifiedDate":"2022-10-28"},{"lineNumber":101,"author":{"gitId":"0493730"},"content":"                    break;","lastModifiedDate":"2022-10-28"},{"lineNumber":102,"author":{"gitId":"0493730"},"content":"            }","lastModifiedDate":"2022-09-21"},{"lineNumber":103,"author":{"gitId":"0493730"},"content":"        } catch(ArrayIndexOutOfBoundsException e) {","lastModifiedDate":"2022-11-04"},{"lineNumber":104,"author":{"gitId":"0493730"},"content":"            throw new DukeException(\"Sorry. I do not understand.\");","lastModifiedDate":"2022-11-04"},{"lineNumber":105,"author":{"gitId":"0493730"},"content":"        }","lastModifiedDate":"2022-09-21"},{"lineNumber":106,"author":{"gitId":"0493730"},"content":"    }","lastModifiedDate":"2022-09-11"},{"lineNumber":107,"author":{"gitId":"0493730"},"content":"","lastModifiedDate":"2022-11-04"},{"lineNumber":108,"author":{"gitId":"0493730"},"content":"    public static void error(String error) {","lastModifiedDate":"2022-11-04"},{"lineNumber":109,"author":{"gitId":"0493730"},"content":"        System.out.println(error);","lastModifiedDate":"2022-11-04"},{"lineNumber":110,"author":{"gitId":"0493730"},"content":"    }","lastModifiedDate":"2022-09-12"},{"lineNumber":111,"author":{"gitId":"-"},"content":"}","lastModifiedDate":"2019-07-29"}],"authorContributionMap":{"0493730":109,"-":2}}]
