[{"path":"src/main/java/Deadline.java","fileType":"java","lines":[{"lineNumber":1,"author":{"gitId":"0493730"},"content":"public class Deadline extends Task {","lastModifiedDate":"2022-09-21"},{"lineNumber":2,"author":{"gitId":"0493730"},"content":"    protected String by;","lastModifiedDate":"2022-09-21"},{"lineNumber":3,"author":{"gitId":"0493730"},"content":"","lastModifiedDate":"2022-09-21"},{"lineNumber":4,"author":{"gitId":"0493730"},"content":"    public Deadline(String description, String by) {","lastModifiedDate":"2022-09-21"},{"lineNumber":5,"author":{"gitId":"0493730"},"content":"        super(description);","lastModifiedDate":"2022-09-21"},{"lineNumber":6,"author":{"gitId":"0493730"},"content":"        this.by \u003d by;","lastModifiedDate":"2022-09-21"},{"lineNumber":7,"author":{"gitId":"0493730"},"content":"    }","lastModifiedDate":"2022-09-21"},{"lineNumber":8,"author":{"gitId":"0493730"},"content":"","lastModifiedDate":"2022-09-21"},{"lineNumber":9,"author":{"gitId":"0493730"},"content":"    @Override","lastModifiedDate":"2022-09-21"},{"lineNumber":10,"author":{"gitId":"0493730"},"content":"    public String toString() {","lastModifiedDate":"2022-09-21"},{"lineNumber":11,"author":{"gitId":"0493730"},"content":"        return \"[D]\" + super.toString() + \" ( by: \" + by +\")\";","lastModifiedDate":"2022-09-21"},{"lineNumber":12,"author":{"gitId":"0493730"},"content":"    }","lastModifiedDate":"2022-09-21"},{"lineNumber":13,"author":{"gitId":"0493730"},"content":"}","lastModifiedDate":"2022-09-21"}],"authorContributionMap":{"0493730":13}},{"path":"src/main/java/Duke.java","fileType":"java","lines":[{"lineNumber":1,"author":{"gitId":"0493730"},"content":"import java.util.Scanner;","lastModifiedDate":"2022-09-11"},{"lineNumber":2,"author":{"gitId":"0493730"},"content":"","lastModifiedDate":"2022-09-11"},{"lineNumber":3,"author":{"gitId":"-"},"content":"public class Duke {","lastModifiedDate":"2019-07-29"},{"lineNumber":4,"author":{"gitId":"0493730"},"content":"    public static String line \u003d \"\\n--------------------------------------------------------------------\\n\";","lastModifiedDate":"2022-09-21"},{"lineNumber":5,"author":{"gitId":"0493730"},"content":"    static public String userInput \u003d \"\";","lastModifiedDate":"2022-09-21"},{"lineNumber":6,"author":{"gitId":"0493730"},"content":"    static public Task taskList[] \u003d new Task[100];","lastModifiedDate":"2022-09-21"},{"lineNumber":7,"author":{"gitId":"0493730"},"content":"    static public int taskListCount \u003d 0;","lastModifiedDate":"2022-09-21"},{"lineNumber":8,"author":{"gitId":"0493730"},"content":"","lastModifiedDate":"2022-09-11"},{"lineNumber":9,"author":{"gitId":"0493730"},"content":"/*    public static void list() {","lastModifiedDate":"2022-09-21"},{"lineNumber":10,"author":{"gitId":"0493730"},"content":"        System.out.println(line);","lastModifiedDate":"2022-09-16"},{"lineNumber":11,"author":{"gitId":"0493730"},"content":"        for (int i \u003d 0; i \u003c taskListCount; i++) {","lastModifiedDate":"2022-09-16"},{"lineNumber":12,"author":{"gitId":"0493730"},"content":"            System.out.println(i+1 + \". \" + \"[\" + taskList[i].getStatusIcon() + \"] \" + taskList[i].description);","lastModifiedDate":"2022-09-16"},{"lineNumber":13,"author":{"gitId":"0493730"},"content":"        }","lastModifiedDate":"2022-09-16"},{"lineNumber":14,"author":{"gitId":"0493730"},"content":"        System.out.println(line);","lastModifiedDate":"2022-09-16"},{"lineNumber":15,"author":{"gitId":"0493730"},"content":"    }*/","lastModifiedDate":"2022-09-21"},{"lineNumber":16,"author":{"gitId":"0493730"},"content":"","lastModifiedDate":"2022-09-16"},{"lineNumber":17,"author":{"gitId":"0493730"},"content":"    public static void bye() {","lastModifiedDate":"2022-09-16"},{"lineNumber":18,"author":{"gitId":"0493730"},"content":"        System.out.println(line + \"Bye. Hope to see you again soon!\" + line);","lastModifiedDate":"2022-09-16"},{"lineNumber":19,"author":{"gitId":"0493730"},"content":"    }","lastModifiedDate":"2022-09-16"},{"lineNumber":20,"author":{"gitId":"0493730"},"content":"","lastModifiedDate":"2022-09-16"},{"lineNumber":21,"author":{"gitId":"0493730"},"content":"","lastModifiedDate":"2022-09-21"},{"lineNumber":22,"author":{"gitId":"-"},"content":"    public static void main(String[] args) {","lastModifiedDate":"2019-07-29"},{"lineNumber":23,"author":{"gitId":"0493730"},"content":"        String logo \u003d \"⠀⠀⠀⠀⠀⠀⠀⠀⠀⠀⠀⠀⣀⠔⠋⠀⠐⠈⠉⠉⠉⠀⠀⠀⠉⠓⢄⠀⣀⠄⠚⠙⠉⠁⠀⠉⠉⠉⠁⠂⡀⠀⠀⠀⠀⠀⠀⠀⠀⠀\\n\" +","lastModifiedDate":"2022-09-11"},{"lineNumber":24,"author":{"gitId":"0493730"},"content":"                \"⠀⠀⠀⠀⠀⠀⠀⠀⠀⠀⣠⠎⠀⠀⠀⠀⠀⠀⠀⠀⠀⠀⠀⠀⠀⠀⠀⣿⡀⠀⠁⠀⠀⠀⠀⠀⠀⠀⠀⠐⣜⣦⠀⠀⠀⠀⠀⠀⠀⠀\\n\" +","lastModifiedDate":"2022-09-11"},{"lineNumber":25,"author":{"gitId":"0493730"},"content":"                \"⠀⠀⠀⠀⠀⠀⠀⠀⢀⠔⡁⠀⠀⠀⠀⠀⠀⣀⣀⣤⡤⠤⣤⣄⣀⣀⠀⠘⣷⡄⠀⠀⠀⠀⠀⠀⠀⠀⠀⠀⠀⢹⣷⡀⠀⠀⠀⠀⠀⠀\\n\" +","lastModifiedDate":"2022-09-11"},{"lineNumber":26,"author":{"gitId":"0493730"},"content":"                \"⠀⠀⠀⠀⠀⠀⠀⣰⣥⠞⠀⠀⠀⠀⢠⡴⠟⠋⠉⠀⠀⠀⠀⠀⠉⠙⠻⢶⣼⣷⣠⣤⡴⠶⠶⠶⠶⠶⢦⣤⣤⣈⠙⣷⣤⣀⠀⠀⠀⠀\\n\" +","lastModifiedDate":"2022-09-11"},{"lineNumber":27,"author":{"gitId":"0493730"},"content":"                \"⠀⠀⠀⠀⠀⢀⣴⢳⠏⠀⠀⠀⠀⠀⠀⠀⠀⠀⠀⠀⠀⠀⠀⣀⣀⣀⣀⣀⣈⣻⣦⡀⠀⠀⠀⠀⠀⠀⠀⠀⣀⣈⠀⠀⠉⠈⠑⢄⠀⠀\\n\" +","lastModifiedDate":"2022-09-11"},{"lineNumber":28,"author":{"gitId":"0493730"},"content":"                \"⠀⠀⠀⠀⢀⣼⣿⡋⠀⠀⠀⠀⠀⠀⠀⠀⠀⠀⢀⣤⠶⢛⣫⣭⣭⠿⠾⠯⣭⣭⣍⣛⢦⣀⣤⣶⣞⣋⣭⢭⣭⣭⣭⣭⣟⣓⣶⠀⠑⠄\\n\" +","lastModifiedDate":"2022-09-11"},{"lineNumber":29,"author":{"gitId":"0493730"},"content":"                \"⠀⢀⣠⠴⡩⠀⢸⡇⠀⠀⠀⠀⠀⠀⠀⡤⠴⢞⣉⡴⠚⠉⠁⠀⠀⠀⠀⠀⠀⠀⠈⠉⠻⡟⠛⠉⠉⠉⠀⠀⠀⠀⠀⠀⠈⠉⠉⠓⠇⠈\\n\" +","lastModifiedDate":"2022-09-11"},{"lineNumber":30,"author":{"gitId":"0493730"},"content":"                \"⢤⣿⣼⠂⠀⠀⣿⠀⠀⠀⠀⠀⠀⣴⡛⠛⢛⠋⠁⠀⠀⠀⠀⠀⠀⠀⠀⠀⠀⠀⠀⠀⠀⢹⡆⠀⠀⠀⠀⠀⠀⠀⠀⠀⠀⠀⠀⠀⠀⢂\\n\" +","lastModifiedDate":"2022-09-11"},{"lineNumber":31,"author":{"gitId":"0493730"},"content":"                \"⣿⣿⠙⠀⠀⠀⠉⠀⠀⠀⠀⠀⠀⠈⠉⠛⠛⢷⣤⡀⠀⠀⠀⠀⠀⠀⠀⠀⠀⠀⠀⠀⢀⡿⠀⠀⠀⠀⠀⠀⠀⠀⠀⠀⠀⠀⠀⠀⡀⠘\\n\" +","lastModifiedDate":"2022-09-11"},{"lineNumber":32,"author":{"gitId":"0493730"},"content":"                \"⢹⣿⣷⣄⠀⠀⠀⠀⠀⠀⠀⠀⠀⠀⠀⠀⠀⢤⡿⡿⠲⢤⣄⣀⣀⣀⣀⣀⣤⣴⠶⠞⢋⡿⠲⠶⠦⢤⣶⢦⣴⣶⡶⠶⠶⠞⠛⠋⣁⡀\\n\" +","lastModifiedDate":"2022-09-11"},{"lineNumber":33,"author":{"gitId":"0493730"},"content":"                \"⣿⣿⣿⣿⣷⣄⠀⠀⠀⠀⠀⠀⠀⠀⠀⠀⠀⡿⣽⠟⠛⠲⠿⠭⠭⠭⠭⠥⠤⣴⠞⠛⠋⠀⠀⠀⠀⠀⣿⢸⡇⠀⠀⠀⢀⡤⢠⡾⠟⠀\\n\" +","lastModifiedDate":"2022-09-11"},{"lineNumber":34,"author":{"gitId":"0493730"},"content":"                \"⣿⣿⣿⣿⣿⣿⣿⣶⣄⠀⠀⠀⠀⠀⠀⠀⠀⡇⣿⠀⠀⠀⠀⠀⠀⣀⣤⡶⢟⣫⣤⣶⣶⣶⣶⣦⣤⣤⣸⣧⢿⣤⡴⠎⠻⡗⠉⠀⠀⠀\\n\" +","lastModifiedDate":"2022-09-11"},{"lineNumber":35,"author":{"gitId":"0493730"},"content":"                \"⠘⢿⣿⣿⣿⣿⣿⣿⣿⣷⣦⣄⠀⠀⠀⠀⢀⡇⣿⠀⠀⠀⢀⣾⣿⣿⣷⡾⠿⠟⠋⣉⣉⣉⠉⢻⣷⣝⠋⢹⡼⡇⠀⠀⠀⠙⢆⠀⠀⠀\\n\" +","lastModifiedDate":"2022-09-11"},{"lineNumber":36,"author":{"gitId":"0493730"},"content":"                \"⠀⠀⠻⢿⣿⣿⣿⣿⣿⣿⣿⣿⣷⣶⣤⣀⠸⢇⣟⣤⣶⣿⠿⢟⣋⣩⣤⣶⣶⣾⡿⠟⠛⠻⢿⣦⣽⣿⣷⣾⣇⣿⡀⠀⠀⠀⠨⢆⠀⠀\\n\" +","lastModifiedDate":"2022-09-11"},{"lineNumber":37,"author":{"gitId":"0493730"},"content":"                \"⠀⠀⠀⠸⣿⣭⣭⣶⣶⣶⣶⣶⣼⣿⣿⣿⣿⣿⡟⣛⣭⣴⣾⠿⠟⠛⠉⠁⠀⠀⠀⢀⣀⣀⣀⡉⠙⠛⠻⣿⣿⣿⡿⢿⣷⣶⣦⡾⣆⠀\\n\" +","lastModifiedDate":"2022-09-11"},{"lineNumber":38,"author":{"gitId":"0493730"},"content":"                \"⠀⠀⠀⠀⠙⠋⠉⣿⡇⣿⣿⣿⣿⣿⣟⣋⣁⣥⣾⡿⠛⠛⠻⠶⠶⠶⣤⣤⣄⣀⣀⣸⡿⠿⣿⡿⢿⠿⣷⣦⣉⠻⣿⣦⡴⠿⠻⣧⣾⠀\\n\" +","lastModifiedDate":"2022-09-11"},{"lineNumber":39,"author":{"gitId":"0493730"},"content":"                \"⠀⠀⠀⠀⠀⠀⠀⣿⡇⠙⣻⣿⣿⣿⣿⣿⣿⠛⠛⠿⣷⣶⣤⣤⣤⣀⣀⣀⣀⠈⠉⢹⣿⡙⣿⡄⠸⠀⢀⠉⠻⣷⣼⣿⣀⣠⣴⣿⢹⠀\\n\" +","lastModifiedDate":"2022-09-11"},{"lineNumber":40,"author":{"gitId":"0493730"},"content":"                \"⠀⠀⠀⠀⠀⠀⠀⢻⣇⢰⣿⣏⠙⠻⣭⣿⣿⣿⣿⣿⣿⣷⣾⣯⣭⣛⠿⣿⣙⠛⠛⠛⠻⣿⣾⣿⣷⣶⣶⣤⣀⠀⠙⢿⣯⣉⣾⡟⢸⠀\\n\" +","lastModifiedDate":"2022-09-11"},{"lineNumber":41,"author":{"gitId":"0493730"},"content":"                \"⠂⠀⠀⠀⠀⢀⣾⣾⣿⣿⣿⣿⣿⣶⣶⣶⣶⣶⣶⣾⣿⣿⣿⣿⣿⣿⣷⣜⢿⣿⣿⣿⣶⣾⣿⣿⣿⣿⣾⣿⣿⣿⣷⣦⣙⠿⣿⣰⡇⠀\\n\" +","lastModifiedDate":"2022-09-11"},{"lineNumber":42,"author":{"gitId":"0493730"},"content":"                \"⣤⣶⣶⣶⣤⣼⣿⡏⠀⠀⠈⣿⣿⣿⣿⣿⣿⣿⣿⣭⣭⣉⣉⣉⠉⠙⠛⢿⣧⡘⢿⣿⡿⠿⠿⠿⠿⠿⠿⠿⢻⡿⠿⢿⣿⣦⡈⢻⡆⠀\\n\" +","lastModifiedDate":"2022-09-11"},{"lineNumber":43,"author":{"gitId":"0493730"},"content":"                \"⠉⠉⠉⠉⠉⠙⠛⠁⠀⠀⠀⠈⠉⠉⠉⠉⠉⠉⠉⠉⠙⠻⠿⠿⣷⣄⠀⠀⠹⣿⣦⠻⣷⣄⡀⠀⡠⣔⡴⠖⠉⠀⠀⠀⠀⠈⣿⠘⣷⠀\\n\" +","lastModifiedDate":"2022-09-11"},{"lineNumber":44,"author":{"gitId":"0493730"},"content":"                \"⢀⣴⣿⡿⢠⣶⣷⣦⠀⣼⣷⣶⡄⣾⠀⣷⠀⢸⡇⢸⣷⡄⢠⣿⡎⣿⣧⣴⣶⣾⣿⣷⣜⠿⣿⡗⠋⠁⠀⠀⠀⠀⠀⠀⠀⠀⢹⡀⣿⠀\\n\" +","lastModifiedDate":"2022-09-11"},{"lineNumber":45,"author":{"gitId":"0493730"},"content":"                \"⢸⣏⠀⠀⣿⡇⠀⣹⡇⣿⣷⡿⠃⣿⠀⣿⡀⣸⡇⢸⡿⣷⣼⢻⡇⢿⣿⠿⠿⠛⠛⠛⢿⣦⡈⠻⣯⣱⠀⠀⠀⠀⠀⠀⠀⢀⡾⢰⡏⠀\\n\" +","lastModifiedDate":"2022-09-11"},{"lineNumber":46,"author":{"gitId":"0493730"},"content":"                \"⠈⠻⠿⠗⠘⠿⠿⠟⠀⠿⠃⠀⠀⠿⠀⠛⠿⠿⠃⠸⠇⠻⠇⠸⠇⢸⣿⡄⠀⠀⠀⠀⠀⠻⣷⣦⣈⡛⡗⠒⠶⣖⣛⣛⣭⣽⡾⠟⠀⠀\\n\" +","lastModifiedDate":"2022-09-11"},{"lineNumber":47,"author":{"gitId":"0493730"},"content":"                \"⠀⠀⠀⠀⠀⠀⠀⠀⠀⠀⠀⠀⠀⠀⠀⠀⠀⠀⠀⠀⠀⠀⠀⠀⠀⠀⣿⡇⠀⠀⠀⠀⠀⠀⠈⢙⣻⣿⠿⡿⠛⠛⠛⠉⠉⠀⠀⠀⠀⠀\";","lastModifiedDate":"2022-09-11"},{"lineNumber":48,"author":{"gitId":"0493730"},"content":"","lastModifiedDate":"2022-09-11"},{"lineNumber":49,"author":{"gitId":"0493730"},"content":"        System.out.println(logo);","lastModifiedDate":"2022-09-11"},{"lineNumber":50,"author":{"gitId":"0493730"},"content":"","lastModifiedDate":"2022-09-11"},{"lineNumber":51,"author":{"gitId":"0493730"},"content":"        Scanner scanner \u003d new Scanner(System.in);","lastModifiedDate":"2022-09-12"},{"lineNumber":52,"author":{"gitId":"0493730"},"content":"        System.out.println(line + \"Hello! I\u0027m Pepe\\nWhat can I do for you?\" + line);","lastModifiedDate":"2022-09-11"},{"lineNumber":53,"author":{"gitId":"0493730"},"content":"","lastModifiedDate":"2022-09-11"},{"lineNumber":54,"author":{"gitId":"0493730"},"content":"        userInput \u003d scanner.nextLine();","lastModifiedDate":"2022-09-12"},{"lineNumber":55,"author":{"gitId":"0493730"},"content":"        while(!userInput.equalsIgnoreCase(\"bye\")) {","lastModifiedDate":"2022-09-11"},{"lineNumber":56,"author":{"gitId":"0493730"},"content":"            if (userInput.startsWith(\"list\")) {","lastModifiedDate":"2022-09-21"},{"lineNumber":57,"author":{"gitId":"0493730"},"content":"                Task.list();","lastModifiedDate":"2022-09-21"},{"lineNumber":58,"author":{"gitId":"-"},"content":"            }","lastModifiedDate":"2019-07-29"},{"lineNumber":59,"author":{"gitId":"0493730"},"content":"            else if(userInput.contains(\"mark\")) {","lastModifiedDate":"2022-09-21"},{"lineNumber":60,"author":{"gitId":"0493730"},"content":"                Task.markTask();","lastModifiedDate":"2022-09-21"},{"lineNumber":61,"author":{"gitId":"0493730"},"content":"            }","lastModifiedDate":"2022-09-21"},{"lineNumber":62,"author":{"gitId":"0493730"},"content":"            else if (userInput.startsWith(\"todo\") || userInput.startsWith(\"deadline\") || userInput.startsWith(\"event\")) {","lastModifiedDate":"2022-09-21"},{"lineNumber":63,"author":{"gitId":"0493730"},"content":"                Task.addTask(userInput);","lastModifiedDate":"2022-09-21"},{"lineNumber":64,"author":{"gitId":"0493730"},"content":"                System.out.println(line + \"Got it. I\u0027ve added this task:\\n\");","lastModifiedDate":"2022-09-21"},{"lineNumber":65,"author":{"gitId":"0493730"},"content":"                System.out.println(taskList[taskListCount-1].toString());","lastModifiedDate":"2022-09-21"},{"lineNumber":66,"author":{"gitId":"0493730"},"content":"                System.out.println(\"Now you have \" + taskListCount + \" tasks in the list.\" + line);","lastModifiedDate":"2022-09-21"},{"lineNumber":67,"author":{"gitId":"0493730"},"content":"            }","lastModifiedDate":"2022-09-21"},{"lineNumber":68,"author":{"gitId":"0493730"},"content":"","lastModifiedDate":"2022-09-21"},{"lineNumber":69,"author":{"gitId":"0493730"},"content":"            userInput \u003d scanner.nextLine();","lastModifiedDate":"2022-09-12"},{"lineNumber":70,"author":{"gitId":"0493730"},"content":"        }","lastModifiedDate":"2022-09-11"},{"lineNumber":71,"author":{"gitId":"0493730"},"content":"        bye();","lastModifiedDate":"2022-09-11"},{"lineNumber":72,"author":{"gitId":"-"},"content":"    }","lastModifiedDate":"2022-09-12"},{"lineNumber":73,"author":{"gitId":"-"},"content":"}","lastModifiedDate":"2019-07-29"}],"authorContributionMap":{"0493730":68,"-":5}},{"path":"src/main/java/Event.java","fileType":"java","lines":[{"lineNumber":1,"author":{"gitId":"0493730"},"content":"public class Event extends Task {","lastModifiedDate":"2022-09-21"},{"lineNumber":2,"author":{"gitId":"0493730"},"content":"    protected String at;","lastModifiedDate":"2022-09-21"},{"lineNumber":3,"author":{"gitId":"0493730"},"content":"","lastModifiedDate":"2022-09-21"},{"lineNumber":4,"author":{"gitId":"0493730"},"content":"    public Event(String description, String at) {","lastModifiedDate":"2022-09-21"},{"lineNumber":5,"author":{"gitId":"0493730"},"content":"        super(description);","lastModifiedDate":"2022-09-21"},{"lineNumber":6,"author":{"gitId":"0493730"},"content":"        this.at \u003d at;","lastModifiedDate":"2022-09-21"},{"lineNumber":7,"author":{"gitId":"0493730"},"content":"    }","lastModifiedDate":"2022-09-21"},{"lineNumber":8,"author":{"gitId":"0493730"},"content":"","lastModifiedDate":"2022-09-21"},{"lineNumber":9,"author":{"gitId":"0493730"},"content":"    @Override","lastModifiedDate":"2022-09-21"},{"lineNumber":10,"author":{"gitId":"0493730"},"content":"    public String toString() {","lastModifiedDate":"2022-09-21"},{"lineNumber":11,"author":{"gitId":"0493730"},"content":"        return \"[E]\" + super.toString() + \" ( at: \" + at +\")\";","lastModifiedDate":"2022-09-21"},{"lineNumber":12,"author":{"gitId":"0493730"},"content":"    }","lastModifiedDate":"2022-09-21"},{"lineNumber":13,"author":{"gitId":"0493730"},"content":"}","lastModifiedDate":"2022-09-21"}],"authorContributionMap":{"0493730":13}},{"path":"src/main/java/Task.java","fileType":"java","lines":[{"lineNumber":1,"author":{"gitId":"0493730"},"content":"public class Task {","lastModifiedDate":"2022-09-16"},{"lineNumber":2,"author":{"gitId":"0493730"},"content":"    protected static String description \u003d \"\";","lastModifiedDate":"2022-09-21"},{"lineNumber":3,"author":{"gitId":"0493730"},"content":"    protected boolean isDone;","lastModifiedDate":"2022-09-16"},{"lineNumber":4,"author":{"gitId":"0493730"},"content":"    public  String[] split;","lastModifiedDate":"2022-09-21"},{"lineNumber":5,"author":{"gitId":"0493730"},"content":"","lastModifiedDate":"2022-09-16"},{"lineNumber":6,"author":{"gitId":"0493730"},"content":"    public Task(String description) {","lastModifiedDate":"2022-09-16"},{"lineNumber":7,"author":{"gitId":"0493730"},"content":"        this.description \u003d description;","lastModifiedDate":"2022-09-16"},{"lineNumber":8,"author":{"gitId":"0493730"},"content":"        this.isDone \u003d false;","lastModifiedDate":"2022-09-16"},{"lineNumber":9,"author":{"gitId":"0493730"},"content":"    }","lastModifiedDate":"2022-09-16"},{"lineNumber":10,"author":{"gitId":"0493730"},"content":"","lastModifiedDate":"2022-09-16"},{"lineNumber":11,"author":{"gitId":"0493730"},"content":"    public static void addTask (String input) throws RuntimeException {","lastModifiedDate":"2022-09-21"},{"lineNumber":12,"author":{"gitId":"0493730"},"content":"        String des \u003d \"\";","lastModifiedDate":"2022-09-21"},{"lineNumber":13,"author":{"gitId":"0493730"},"content":"        String date \u003d \"\";","lastModifiedDate":"2022-09-21"},{"lineNumber":14,"author":{"gitId":"0493730"},"content":"        int dateIdx \u003d 0;","lastModifiedDate":"2022-09-21"},{"lineNumber":15,"author":{"gitId":"0493730"},"content":"        Duke.taskListCount++;","lastModifiedDate":"2022-09-21"},{"lineNumber":16,"author":{"gitId":"0493730"},"content":"","lastModifiedDate":"2022-09-21"},{"lineNumber":17,"author":{"gitId":"0493730"},"content":"        String[] split \u003d Duke.userInput.split(\" \");","lastModifiedDate":"2022-09-21"},{"lineNumber":18,"author":{"gitId":"0493730"},"content":"        for (int i\u003d1; i\u003csplit.length; i++) {","lastModifiedDate":"2022-09-21"},{"lineNumber":19,"author":{"gitId":"0493730"},"content":"            if (split[i].startsWith(\"/\")) {","lastModifiedDate":"2022-09-21"},{"lineNumber":20,"author":{"gitId":"0493730"},"content":"                dateIdx \u003d i;","lastModifiedDate":"2022-09-21"},{"lineNumber":21,"author":{"gitId":"0493730"},"content":"                break;","lastModifiedDate":"2022-09-21"},{"lineNumber":22,"author":{"gitId":"0493730"},"content":"            }","lastModifiedDate":"2022-09-21"},{"lineNumber":23,"author":{"gitId":"0493730"},"content":"            des \u003d des + split[i] + \" \";","lastModifiedDate":"2022-09-21"},{"lineNumber":24,"author":{"gitId":"0493730"},"content":"        }","lastModifiedDate":"2022-09-21"},{"lineNumber":25,"author":{"gitId":"0493730"},"content":"","lastModifiedDate":"2022-09-21"},{"lineNumber":26,"author":{"gitId":"0493730"},"content":"        for (int j\u003ddateIdx+1; j\u003csplit.length; j++) {","lastModifiedDate":"2022-09-21"},{"lineNumber":27,"author":{"gitId":"0493730"},"content":"            date \u003d date + split[j] + \" \";","lastModifiedDate":"2022-09-21"},{"lineNumber":28,"author":{"gitId":"0493730"},"content":"        }","lastModifiedDate":"2022-09-21"},{"lineNumber":29,"author":{"gitId":"0493730"},"content":"","lastModifiedDate":"2022-09-21"},{"lineNumber":30,"author":{"gitId":"0493730"},"content":"        switch (split[0]) {","lastModifiedDate":"2022-09-21"},{"lineNumber":31,"author":{"gitId":"0493730"},"content":"            case \"todo\":","lastModifiedDate":"2022-09-21"},{"lineNumber":32,"author":{"gitId":"0493730"},"content":"                Duke.taskList[Duke.taskListCount-1] \u003d new ToDo(des);","lastModifiedDate":"2022-09-21"},{"lineNumber":33,"author":{"gitId":"0493730"},"content":"                break;","lastModifiedDate":"2022-09-21"},{"lineNumber":34,"author":{"gitId":"0493730"},"content":"            case \"deadline\":","lastModifiedDate":"2022-09-21"},{"lineNumber":35,"author":{"gitId":"0493730"},"content":"                Duke.taskList[Duke.taskListCount-1] \u003d new Deadline(des, date);","lastModifiedDate":"2022-09-21"},{"lineNumber":36,"author":{"gitId":"0493730"},"content":"                break;","lastModifiedDate":"2022-09-21"},{"lineNumber":37,"author":{"gitId":"0493730"},"content":"            case \"event\":","lastModifiedDate":"2022-09-21"},{"lineNumber":38,"author":{"gitId":"0493730"},"content":"                Duke.taskList[Duke.taskListCount-1] \u003d new Event(des, date);","lastModifiedDate":"2022-09-21"},{"lineNumber":39,"author":{"gitId":"0493730"},"content":"                break;","lastModifiedDate":"2022-09-21"},{"lineNumber":40,"author":{"gitId":"0493730"},"content":"            default:","lastModifiedDate":"2022-09-21"},{"lineNumber":41,"author":{"gitId":"0493730"},"content":"                Duke.taskList[Duke.taskListCount-1] \u003d new Task(input);","lastModifiedDate":"2022-09-21"},{"lineNumber":42,"author":{"gitId":"0493730"},"content":"                break;","lastModifiedDate":"2022-09-21"},{"lineNumber":43,"author":{"gitId":"0493730"},"content":"        }","lastModifiedDate":"2022-09-21"},{"lineNumber":44,"author":{"gitId":"0493730"},"content":"    }","lastModifiedDate":"2022-09-21"},{"lineNumber":45,"author":{"gitId":"0493730"},"content":"","lastModifiedDate":"2022-09-21"},{"lineNumber":46,"author":{"gitId":"0493730"},"content":"    public static void list() {","lastModifiedDate":"2022-09-21"},{"lineNumber":47,"author":{"gitId":"0493730"},"content":"        System.out.println(Duke.line);","lastModifiedDate":"2022-09-21"},{"lineNumber":48,"author":{"gitId":"0493730"},"content":"        System.out.println(\"Here are the tasks in your list:\\n\");","lastModifiedDate":"2022-09-21"},{"lineNumber":49,"author":{"gitId":"0493730"},"content":"        for (int i \u003d 0; i \u003c Duke.taskListCount; i++) {","lastModifiedDate":"2022-09-21"},{"lineNumber":50,"author":{"gitId":"0493730"},"content":"            System.out.println(i+1 + \". \" + Duke.taskList[i].toString());","lastModifiedDate":"2022-09-21"},{"lineNumber":51,"author":{"gitId":"0493730"},"content":"        }","lastModifiedDate":"2022-09-21"},{"lineNumber":52,"author":{"gitId":"0493730"},"content":"        System.out.println(Duke.line);","lastModifiedDate":"2022-09-21"},{"lineNumber":53,"author":{"gitId":"0493730"},"content":"    }","lastModifiedDate":"2022-09-21"},{"lineNumber":54,"author":{"gitId":"0493730"},"content":"","lastModifiedDate":"2022-09-21"},{"lineNumber":55,"author":{"gitId":"0493730"},"content":"    public static void markTask() {","lastModifiedDate":"2022-09-21"},{"lineNumber":56,"author":{"gitId":"0493730"},"content":"        try {","lastModifiedDate":"2022-09-21"},{"lineNumber":57,"author":{"gitId":"0493730"},"content":"            String[] split \u003d Duke.userInput.split(\" \");","lastModifiedDate":"2022-09-21"},{"lineNumber":58,"author":{"gitId":"0493730"},"content":"            int taskId \u003d (Integer.parseInt(split[1])) - 1;","lastModifiedDate":"2022-09-21"},{"lineNumber":59,"author":{"gitId":"0493730"},"content":"            if (Duke.userInput.contains(\"un\")) {","lastModifiedDate":"2022-09-21"},{"lineNumber":60,"author":{"gitId":"0493730"},"content":"                Duke.taskList[taskId].markAsNotdone();","lastModifiedDate":"2022-09-21"},{"lineNumber":61,"author":{"gitId":"0493730"},"content":"            }","lastModifiedDate":"2022-09-21"},{"lineNumber":62,"author":{"gitId":"0493730"},"content":"            else {","lastModifiedDate":"2022-09-21"},{"lineNumber":63,"author":{"gitId":"0493730"},"content":"                Duke.taskList[taskId].markAsDone();","lastModifiedDate":"2022-09-21"},{"lineNumber":64,"author":{"gitId":"0493730"},"content":"            }","lastModifiedDate":"2022-09-21"},{"lineNumber":65,"author":{"gitId":"0493730"},"content":"        }","lastModifiedDate":"2022-09-21"},{"lineNumber":66,"author":{"gitId":"0493730"},"content":"        catch (IndexOutOfBoundsException e) {","lastModifiedDate":"2022-09-21"},{"lineNumber":67,"author":{"gitId":"0493730"},"content":"            System.out.println(\"Something went wrong. Please enter a valid operation. E.g. mark 1\");","lastModifiedDate":"2022-09-21"},{"lineNumber":68,"author":{"gitId":"0493730"},"content":"        }","lastModifiedDate":"2022-09-21"},{"lineNumber":69,"author":{"gitId":"0493730"},"content":"    }","lastModifiedDate":"2022-09-21"},{"lineNumber":70,"author":{"gitId":"0493730"},"content":"","lastModifiedDate":"2022-09-21"},{"lineNumber":71,"author":{"gitId":"0493730"},"content":"    public String getTask() {","lastModifiedDate":"2022-09-16"},{"lineNumber":72,"author":{"gitId":"0493730"},"content":"        return this.description;","lastModifiedDate":"2022-09-16"},{"lineNumber":73,"author":{"gitId":"0493730"},"content":"    }","lastModifiedDate":"2022-09-16"},{"lineNumber":74,"author":{"gitId":"0493730"},"content":"","lastModifiedDate":"2022-09-16"},{"lineNumber":75,"author":{"gitId":"0493730"},"content":"    public void markAsNotdone() { isDone \u003d false;","lastModifiedDate":"2022-09-21"},{"lineNumber":76,"author":{"gitId":"0493730"},"content":"        System.out.println(Duke.line + \"OK, I\u0027ve marked this task as not done yet.\");","lastModifiedDate":"2022-09-16"},{"lineNumber":77,"author":{"gitId":"0493730"},"content":"        System.out.println(\"[ ] \" + description + Duke.line);","lastModifiedDate":"2022-09-16"},{"lineNumber":78,"author":{"gitId":"0493730"},"content":"    }","lastModifiedDate":"2022-09-16"},{"lineNumber":79,"author":{"gitId":"0493730"},"content":"","lastModifiedDate":"2022-09-16"},{"lineNumber":80,"author":{"gitId":"0493730"},"content":"    public void markAsDone() {","lastModifiedDate":"2022-09-16"},{"lineNumber":81,"author":{"gitId":"0493730"},"content":"        isDone \u003d true;","lastModifiedDate":"2022-09-16"},{"lineNumber":82,"author":{"gitId":"0493730"},"content":"        System.out.println(Duke.line + \"Nice! I\u0027ve marked this task as done:\");","lastModifiedDate":"2022-09-16"},{"lineNumber":83,"author":{"gitId":"0493730"},"content":"        System.out.println(\"[X] \" + description + Duke.line);","lastModifiedDate":"2022-09-16"},{"lineNumber":84,"author":{"gitId":"0493730"},"content":"    }","lastModifiedDate":"2022-09-16"},{"lineNumber":85,"author":{"gitId":"0493730"},"content":"","lastModifiedDate":"2022-09-16"},{"lineNumber":86,"author":{"gitId":"0493730"},"content":"    public String getStatusIcon() {","lastModifiedDate":"2022-09-16"},{"lineNumber":87,"author":{"gitId":"0493730"},"content":"        return (isDone ? \"X\" : \" \");","lastModifiedDate":"2022-09-16"},{"lineNumber":88,"author":{"gitId":"0493730"},"content":"    }","lastModifiedDate":"2022-09-16"},{"lineNumber":89,"author":{"gitId":"0493730"},"content":"","lastModifiedDate":"2022-09-21"},{"lineNumber":90,"author":{"gitId":"0493730"},"content":"    @Override","lastModifiedDate":"2022-09-21"},{"lineNumber":91,"author":{"gitId":"0493730"},"content":"    public String toString() {","lastModifiedDate":"2022-09-21"},{"lineNumber":92,"author":{"gitId":"0493730"},"content":"        return \"[\" + getStatusIcon() + \"] \" + description;","lastModifiedDate":"2022-09-21"},{"lineNumber":93,"author":{"gitId":"0493730"},"content":"    }","lastModifiedDate":"2022-09-21"},{"lineNumber":94,"author":{"gitId":"0493730"},"content":"}","lastModifiedDate":"2022-09-16"}],"authorContributionMap":{"0493730":94}},{"path":"src/main/java/ToDo.java","fileType":"java","lines":[{"lineNumber":1,"author":{"gitId":"0493730"},"content":"public class ToDo extends Task {","lastModifiedDate":"2022-09-21"},{"lineNumber":2,"author":{"gitId":"0493730"},"content":"","lastModifiedDate":"2022-09-21"},{"lineNumber":3,"author":{"gitId":"0493730"},"content":"    public ToDo(String description) {","lastModifiedDate":"2022-09-21"},{"lineNumber":4,"author":{"gitId":"0493730"},"content":"        super(description);","lastModifiedDate":"2022-09-21"},{"lineNumber":5,"author":{"gitId":"0493730"},"content":"    }","lastModifiedDate":"2022-09-21"},{"lineNumber":6,"author":{"gitId":"0493730"},"content":"","lastModifiedDate":"2022-09-21"},{"lineNumber":7,"author":{"gitId":"0493730"},"content":"    @Override","lastModifiedDate":"2022-09-21"},{"lineNumber":8,"author":{"gitId":"0493730"},"content":"    public String toString() {","lastModifiedDate":"2022-09-21"},{"lineNumber":9,"author":{"gitId":"0493730"},"content":"        return \"[T]\" + super.toString();","lastModifiedDate":"2022-09-21"},{"lineNumber":10,"author":{"gitId":"0493730"},"content":"    }","lastModifiedDate":"2022-09-21"},{"lineNumber":11,"author":{"gitId":"0493730"},"content":"}","lastModifiedDate":"2022-09-21"}],"authorContributionMap":{"0493730":11}}]
