{"authorDailyContributionsMap":{"0493730":[{"date":"2022-09-11","commitResults":[{"hash":"c57c019b5e24e288d9009707c1afa3415ae5944f","messageTitle":"add fruits.txt","messageBody":"","fileTypesAndContributionMap":{"txt":{"insertions":3,"deletions":0}}},{"hash":"a0d1e920174e177ba9f471fda6df0a87a2426f49","messageTitle":"edited fruits.txt","messageBody":"","fileTypesAndContributionMap":{"txt":{"insertions":1,"deletions":1}}},{"hash":"ff5439557d2b0973ddde9f1c233e17095cc44069","messageTitle":"add colors.txt, shapes.txt","messageBody":"","tags":["v1.0"],"fileTypesAndContributionMap":{"txt":{"insertions":0,"deletions":0}}},{"hash":"40064a9afb95d442a7c7e0108b0d4489d6ac95f1","messageTitle":"Add Level-1","messageBody":"","tags":["Level-1"],"fileTypesAndContributionMap":{"java":{"insertions":60,"deletions":6}}}]},{"date":"2022-09-12","commitResults":[{"hash":"c0f2fe0aac961b44605e14f0bffec570e899e3ad","messageTitle":"Add Level-2","messageBody":"","tags":["Level-2"],"fileTypesAndContributionMap":{"java":{"insertions":36,"deletions":11}}}]},{"date":"2022-09-16","commitResults":[{"hash":"a99d9eeed85120f724c68c23b1c9b0a147ac9681","messageTitle":"Add Level-3","messageBody":"","tags":["Level-3"],"fileTypesAndContributionMap":{"txt":{"insertions":0,"deletions":3},"java":{"insertions":61,"deletions":36}}}]},{"date":"2022-09-21","commitResults":[{"hash":"4fabaa104340096c334979c31ac78554f067e0fd","messageTitle":"Add Level-4","messageBody":"","tags":["Level-4"],"fileTypesAndContributionMap":{"java":{"insertions":124,"deletions":34}}},{"hash":"d4f387f731706db5d24b7d54fafb9169be48ebed","messageTitle":"Add Level-5: Exceptions","messageBody":"","tags":["Level-5"],"fileTypesAndContributionMap":{"java":{"insertions":23,"deletions":7}}}]}]},"authorFileTypeContributionMap":{"0493730":{"java":215,"md":0,"fxml":0,"sh":0,"bat":0,"gradle":0,"txt":0}},"authorContributionVariance":{"0493730":1087.3551},"authorDisplayNameMap":{"0493730":"VERA..EIRA"}}
