{"authorDailyContributionsMap":{"0493730":[{"date":"2022-09-11","commitResults":[{"hash":"c57c019b5e24e288d9009707c1afa3415ae5944f","messageTitle":"add fruits.txt","messageBody":"","fileTypesAndContributionMap":{"txt":{"insertions":3,"deletions":0}}},{"hash":"a0d1e920174e177ba9f471fda6df0a87a2426f49","messageTitle":"edited fruits.txt","messageBody":"","fileTypesAndContributionMap":{"txt":{"insertions":1,"deletions":1}}},{"hash":"ff5439557d2b0973ddde9f1c233e17095cc44069","messageTitle":"add colors.txt, shapes.txt","messageBody":"","tags":["v1.0"],"fileTypesAndContributionMap":{"txt":{"insertions":0,"deletions":0}}},{"hash":"40064a9afb95d442a7c7e0108b0d4489d6ac95f1","messageTitle":"Add Level-1","messageBody":"","tags":["Level-1"],"fileTypesAndContributionMap":{"java":{"insertions":60,"deletions":6}}}]},{"date":"2022-09-12","commitResults":[{"hash":"c0f2fe0aac961b44605e14f0bffec570e899e3ad","messageTitle":"Add Level-2","messageBody":"","tags":["Level-2"],"fileTypesAndContributionMap":{"java":{"insertions":36,"deletions":11}}}]},{"date":"2022-09-16","commitResults":[{"hash":"a99d9eeed85120f724c68c23b1c9b0a147ac9681","messageTitle":"Add Level-3","messageBody":"","tags":["Level-3"],"fileTypesAndContributionMap":{"txt":{"insertions":0,"deletions":3},"java":{"insertions":61,"deletions":36}}}]},{"date":"2022-09-21","commitResults":[{"hash":"4fabaa104340096c334979c31ac78554f067e0fd","messageTitle":"Add Level-4","messageBody":"","tags":["Level-4"],"fileTypesAndContributionMap":{"java":{"insertions":124,"deletions":34}}},{"hash":"d4f387f731706db5d24b7d54fafb9169be48ebed","messageTitle":"Add Level-5: Exceptions","messageBody":"","tags":["Level-5"],"fileTypesAndContributionMap":{"java":{"insertions":23,"deletions":7}}}]},{"date":"2022-09-22","commitResults":[{"hash":"4c7844853bd02fdc5166928c9553dbaae6220ddf","messageTitle":"Edited Level 4 \u0026 5","messageBody":"","fileTypesAndContributionMap":{"java":{"insertions":10,"deletions":21}}},{"hash":"42d5233aee71a887b7676a4d435179629d31cf9b","messageTitle":"Add Level-6: Delete","messageBody":"","tags":["Level-6"],"fileTypesAndContributionMap":{"java":{"insertions":22,"deletions":1}}}]},{"date":"2022-10-28","commitResults":[{"hash":"2b618c9bc4dfab75b134e96b36cda0a1afd9ff4a","messageTitle":"Add Level-7: Packages","messageBody":"","tags":["Level-7_Packages"],"fileTypesAndContributionMap":{"java":{"insertions":208,"deletions":14}}}]},{"date":"2022-11-04","commitResults":[{"hash":"93c8a3525dc7a1e1ab17a1a9ba77058dcaa22f2c","messageTitle":"Level-7","messageBody":"","tags":["Level-7"],"fileTypesAndContributionMap":{"java":{"insertions":379,"deletions":189}}}]},{"date":"2022-11-11","commitResults":[{"hash":"cb7c5f2bffc8a7fe72925585b9a2f7c8aca119ee","messageTitle":"Edited Level-7","messageBody":"","fileTypesAndContributionMap":{"java":{"insertions":12,"deletions":6}}},{"hash":"2824c15fa534c3e3f442e1f86a7e8b6cbb7d4428","messageTitle":"Level-8_DateTime","messageBody":"","fileTypesAndContributionMap":{"java":{"insertions":3,"deletions":20}}}]},{"date":"2022-11-12","commitResults":[{"hash":"e95db23717429e5e41eae06f9239066e80599fd0","messageTitle":"Level-8_DateTime","messageBody":"","tags":["Level-8_datetime"],"fileTypesAndContributionMap":{"java":{"insertions":69,"deletions":30}}},{"hash":"2cb4431335f84c6c164e85392aaeba15b0f9e0c0","messageTitle":"Level-9_find","messageBody":"","tags":["Level-9_find"],"fileTypesAndContributionMap":{"java":{"insertions":5,"deletions":1}}}]},{"date":"2022-11-13","commitResults":[{"hash":"e26c3d85314ed1adf9e6da4f66cc94f45d067441","messageTitle":"Added javadoc","messageBody":"","fileTypesAndContributionMap":{"java":{"insertions":99,"deletions":4}}},{"hash":"1991a719512bc2dd79fcf02401d933c41a5965f6","messageTitle":"Final_Submission","messageBody":"","tags":["Final_Submission"],"fileTypesAndContributionMap":{"java":{"insertions":1,"deletions":1}}}]}]},"authorFileTypeContributionMap":{"0493730":{"java":736,"md":0,"fxml":0,"sh":0,"bat":0,"gradle":0,"txt":0}},"authorContributionVariance":{"0493730":4368.9717},"authorDisplayNameMap":{"0493730":"VERA..EIRA"}}
