{"repoSenseVersion":"d4c1c73a4b","reportGeneratedTime":"Wed Sep 28 11:28:28 2022 UTC+08:00","reportGenerationTime":" 4.75 second(s)","zoneId":"UTC+08:00","reportTitle":"TIC2002 iP Code Dashboard","repos":[{"location":{"location":"https://github.com/e0493677/duke.git","repoName":"duke","organization":"e0493677","domainName":"github"},"branch":"master","displayName":"e0493677/duke[master]","outputFolderName":"e0493677_duke_master"},{"location":{"location":"https://github.com/0493730/duke.git","repoName":"duke","organization":"0493730","domainName":"github"},"branch":"master","displayName":"0493730/duke[master]","outputFolderName":"0493730_duke_master"},{"location":{"location":"https://github.com/aaronseah/duke.git","repoName":"duke","organization":"aaronseah","domainName":"github"},"branch":"master","displayName":"aaronseah/duke[master]","outputFolderName":"aaronseah_duke_master"},{"location":{"location":"https://github.com/Anyerxkp/duke.git","repoName":"duke","organization":"Anyerxkp","domainName":"github"},"branch":"master","displayName":"Anyerxkp/duke[master]","outputFolderName":"Anyerxkp_duke_master"},{"location":{"location":"https://github.com/yuyanen/duke.git","repoName":"duke","organization":"yuyanen","domainName":"github"},"branch":"master","displayName":"yuyanen/duke[master]","outputFolderName":"yuyanen_duke_master"},{"location":{"location":"https://github.com/Alaskaredfish/duke.git","repoName":"duke","organization":"Alaskaredfish","domainName":"github"},"branch":"master","displayName":"Alaskaredfish/duke[master]","outputFolderName":"Alaskaredfish_duke_master"},{"location":{"location":"https://github.com/Dex-Kee/duke.git","repoName":"duke","organization":"Dex-Kee","domainName":"github"},"branch":"master","displayName":"Dex-Kee/duke[master]","outputFolderName":"Dex-Kee_duke_master"},{"location":{"location":"https://github.com/Directorkang/duke.git","repoName":"duke","organization":"Directorkang","domainName":"github"},"branch":"master","displayName":"Directorkang/duke[master]","outputFolderName":"Directorkang_duke_master"},{"location":{"location":"https://github.com/siyingpng/duke.git","repoName":"duke","organization":"siyingpng","domainName":"github"},"branch":"master","displayName":"siyingpng/duke[master]","outputFolderName":"siyingpng_duke_master"},{"location":{"location":"https://github.com/Phoebezzzi/duke.git","repoName":"duke","organization":"Phoebezzzi","domainName":"github"},"branch":"master","displayName":"Phoebezzzi/duke[master]","outputFolderName":"Phoebezzzi_duke_master"},{"location":{"location":"https://github.com/joelleeyueer/duke.git","repoName":"duke","organization":"joelleeyueer","domainName":"github"},"branch":"master","displayName":"joelleeyueer/duke[master]","outputFolderName":"joelleeyueer_duke_master"},{"location":{"location":"https://github.com/denny-wongso/duke.git","repoName":"duke","organization":"denny-wongso","domainName":"github"},"branch":"master","displayName":"denny-wongso/duke[master]","outputFolderName":"denny-wongso_duke_master"},{"location":{"location":"https://github.com/nikhilo0/duke.git","repoName":"duke","organization":"nikhilo0","domainName":"github"},"branch":"master","displayName":"nikhilo0/duke[master]","outputFolderName":"nikhilo0_duke_master"},{"location":{"location":"https://github.com/Ayesh02/duke.git","repoName":"duke","organization":"Ayesh02","domainName":"github"},"branch":"master","displayName":"Ayesh02/duke[master]","outputFolderName":"Ayesh02_duke_master"},{"location":{"location":"https://github.com/rinachua/duke.git","repoName":"duke","organization":"rinachua","domainName":"github"},"branch":"master","displayName":"rinachua/duke[master]","outputFolderName":"rinachua_duke_master"},{"location":{"location":"https://github.com/Traezar/duke.git","repoName":"duke","organization":"Traezar","domainName":"github"},"branch":"master","displayName":"Traezar/duke[master]","outputFolderName":"Traezar_duke_master"},{"location":{"location":"https://github.com/fatston/duke.git","repoName":"duke","organization":"fatston","domainName":"github"},"branch":"master","displayName":"fatston/duke[master]","outputFolderName":"fatston_duke_master"},{"location":{"location":"https://github.com/drrnsyk/duke.git","repoName":"duke","organization":"drrnsyk","domainName":"github"},"branch":"master","displayName":"drrnsyk/duke[master]","outputFolderName":"drrnsyk_duke_master"},{"location":{"location":"https://github.com/bboy-zero/duke.git","repoName":"duke","organization":"bboy-zero","domainName":"github"},"branch":"master","displayName":"bboy-zero/duke[master]","outputFolderName":"bboy-zero_duke_master"},{"location":{"location":"https://github.com/YaoLiangA0227092H/duke.git","repoName":"duke","organization":"YaoLiangA0227092H","domainName":"github"},"branch":"master","displayName":"YaoLiangA0227092H/duke[master]","outputFolderName":"YaoLiangA0227092H_duke_master"},{"location":{"location":"https://github.com/zzlilyzz/duke.git","repoName":"duke","organization":"zzlilyzz","domainName":"github"},"branch":"master","displayName":"zzlilyzz/duke[master]","outputFolderName":"zzlilyzz_duke_master"},{"location":{"location":"https://github.com/limexpepper/duke.git","repoName":"duke","organization":"limexpepper","domainName":"github"},"branch":"master","displayName":"limexpepper/duke[master]","outputFolderName":"limexpepper_duke_master"},{"location":{"location":"https://github.com/LiuYHYH/duke.git","repoName":"duke","organization":"LiuYHYH","domainName":"github"},"branch":"master","displayName":"LiuYHYH/duke[master]","outputFolderName":"LiuYHYH_duke_master"},{"location":{"location":"https://github.com/aaronangxz/duke.git","repoName":"duke","organization":"aaronangxz","domainName":"github"},"branch":"master","displayName":"aaronangxz/duke[master]","outputFolderName":"aaronangxz_duke_master"},{"location":{"location":"https://github.com/xumou49/duke.git","repoName":"duke","organization":"xumou49","domainName":"github"},"branch":"master","displayName":"xumou49/duke[master]","outputFolderName":"xumou49_duke_master"},{"location":{"location":"https://github.com/qwchua/duke.git","repoName":"duke","organization":"qwchua","domainName":"github"},"branch":"master","displayName":"qwchua/duke[master]","outputFolderName":"qwchua_duke_master"},{"location":{"location":"https://github.com/nleo7826/duke.git","repoName":"duke","organization":"nleo7826","domainName":"github"},"branch":"master","displayName":"nleo7826/duke[master]","outputFolderName":"nleo7826_duke_master"},{"location":{"location":"https://github.com/jiangxinbxin93/duke.git","repoName":"duke","organization":"jiangxinbxin93","domainName":"github"},"branch":"master","displayName":"jiangxinbxin93/duke[master]","outputFolderName":"jiangxinbxin93_duke_master"},{"location":{"location":"https://github.com/kaiting12/duke.git","repoName":"duke","organization":"kaiting12","domainName":"github"},"branch":"master","displayName":"kaiting12/duke[master]","outputFolderName":"kaiting12_duke_master"},{"location":{"location":"https://github.com/Hidhid8/duke.git","repoName":"duke","organization":"Hidhid8","domainName":"github"},"branch":"master","displayName":"Hidhid8/duke[master]","outputFolderName":"Hidhid8_duke_master"}],"errorSet":[{"repoName":"pineapplehui/duke[master]","errorMessage":"Failed to clone from https://github.com/pineapplehui/duke.git"},{"repoName":"msjacelyn23/duke[master]","errorMessage":"Failed to clone from https://github.com/msjacelyn23/duke.git"}],"sinceDate":"2022-08-08","untilDate":"2022-09-28","isSinceDateProvided":true,"isUntilDateProvided":false,"supportedDomainUrlMap":{"NOT_RECOGNIZED":{"BRANCH":"","REPO_URL":"UNSUPPORTED","BASE_URL":"UNSUPPORTED","HISTORY_PATH":"","COMMIT_PATH":"","BLAME_PATH":""},"github":{"BRANCH":"tree/$BRANCH","REPO_URL":"https://github.com/$ORGANIZATION/$REPO_NAME/","BASE_URL":"https://github.com/","HISTORY_PATH":"commits/$BRANCH/$FILE_PATH","COMMIT_PATH":"commit/$COMMIT_HASH","BLAME_PATH":"blame/$BRANCH/$FILE_PATH"}}}
