[{"path":"src/main/java/duke/Deadline.java","fileType":"java","lines":[{"lineNumber":1,"author":{"gitId":"Traezar"},"content":"package duke;","lastModifiedDate":"2022-11-12"},{"lineNumber":2,"author":{"gitId":"Traezar"},"content":"import java.time.LocalDate;","lastModifiedDate":"2022-11-12"},{"lineNumber":3,"author":{"gitId":"Traezar"},"content":"import java.time.format.DateTimeFormatter;","lastModifiedDate":"2022-11-12"},{"lineNumber":4,"author":{"gitId":"Traezar"},"content":"","lastModifiedDate":"2022-11-12"},{"lineNumber":5,"author":{"gitId":"Traezar"},"content":"public class Deadline extends Task {","lastModifiedDate":"2022-10-10"},{"lineNumber":6,"author":{"gitId":"Traezar"},"content":"    protected String by;","lastModifiedDate":"2022-10-10"},{"lineNumber":7,"author":{"gitId":"Traezar"},"content":"    protected LocalDate byDate;","lastModifiedDate":"2022-11-12"},{"lineNumber":8,"author":{"gitId":"Traezar"},"content":"    public Deadline(String description, String by) {","lastModifiedDate":"2022-10-10"},{"lineNumber":9,"author":{"gitId":"Traezar"},"content":"        super(description);","lastModifiedDate":"2022-10-10"},{"lineNumber":10,"author":{"gitId":"Traezar"},"content":"        LocalDate parsedDate;","lastModifiedDate":"2022-11-12"},{"lineNumber":11,"author":{"gitId":"Traezar"},"content":"        try {","lastModifiedDate":"2022-11-12"},{"lineNumber":12,"author":{"gitId":"Traezar"},"content":"            parsedDate \u003d LocalDate.parse(by.trim());","lastModifiedDate":"2022-11-12"},{"lineNumber":13,"author":{"gitId":"Traezar"},"content":"            this.byDate \u003d parsedDate;","lastModifiedDate":"2022-11-12"},{"lineNumber":14,"author":{"gitId":"Traezar"},"content":"        }catch( Exception e){","lastModifiedDate":"2022-11-12"},{"lineNumber":15,"author":{"gitId":"Traezar"},"content":"        }","lastModifiedDate":"2022-11-12"},{"lineNumber":16,"author":{"gitId":"Traezar"},"content":"","lastModifiedDate":"2022-11-12"},{"lineNumber":17,"author":{"gitId":"Traezar"},"content":"        this.by \u003d by;","lastModifiedDate":"2022-10-10"},{"lineNumber":18,"author":{"gitId":"Traezar"},"content":"    }","lastModifiedDate":"2022-10-10"},{"lineNumber":19,"author":{"gitId":"Traezar"},"content":"","lastModifiedDate":"2022-10-10"},{"lineNumber":20,"author":{"gitId":"Traezar"},"content":"    @Override","lastModifiedDate":"2022-10-10"},{"lineNumber":21,"author":{"gitId":"Traezar"},"content":"    public String toString() {","lastModifiedDate":"2022-10-10"},{"lineNumber":22,"author":{"gitId":"Traezar"},"content":"        return \"[D]\" + super.toString() + \" (by: \" + by + \")\";","lastModifiedDate":"2022-10-10"},{"lineNumber":23,"author":{"gitId":"Traezar"},"content":"    }","lastModifiedDate":"2022-10-10"},{"lineNumber":24,"author":{"gitId":"Traezar"},"content":"    @Override","lastModifiedDate":"2022-11-12"},{"lineNumber":25,"author":{"gitId":"Traezar"},"content":"    public String toFile() { return(\"D | \"+(super.isDone? 1:0)+\" | \"+super.description+\" | \"+dateToString()+\"\\n\");}","lastModifiedDate":"2022-11-12"},{"lineNumber":26,"author":{"gitId":"Traezar"},"content":"","lastModifiedDate":"2022-11-12"},{"lineNumber":27,"author":{"gitId":"Traezar"},"content":"    public String dateToString(){","lastModifiedDate":"2022-11-12"},{"lineNumber":28,"author":{"gitId":"Traezar"},"content":"        if (byDate \u003d\u003d null){return by;}","lastModifiedDate":"2022-11-12"},{"lineNumber":29,"author":{"gitId":"Traezar"},"content":"        return byDate.format(DateTimeFormatter.ofPattern(\"MMM d yyyy\"));","lastModifiedDate":"2022-11-12"},{"lineNumber":30,"author":{"gitId":"Traezar"},"content":"    }","lastModifiedDate":"2022-11-12"},{"lineNumber":31,"author":{"gitId":"Traezar"},"content":"}","lastModifiedDate":"2022-10-10"}],"authorContributionMap":{"Traezar":31}},{"path":"src/main/java/duke/Duke.java","fileType":"java","lines":[{"lineNumber":1,"author":{"gitId":"Traezar"},"content":"package duke;","lastModifiedDate":"2022-11-12"},{"lineNumber":2,"author":{"gitId":"Traezar"},"content":"import java.util.Scanner;","lastModifiedDate":"2022-11-12"},{"lineNumber":3,"author":{"gitId":"Traezar"},"content":"","lastModifiedDate":"2022-11-12"},{"lineNumber":4,"author":{"gitId":"Traezar"},"content":"public class Duke {","lastModifiedDate":"2022-11-12"},{"lineNumber":5,"author":{"gitId":"Traezar"},"content":"","lastModifiedDate":"2022-11-12"},{"lineNumber":6,"author":{"gitId":"Traezar"},"content":"","lastModifiedDate":"2022-11-12"},{"lineNumber":7,"author":{"gitId":"Traezar"},"content":"    public static void main(String[] args) {","lastModifiedDate":"2022-11-12"},{"lineNumber":8,"author":{"gitId":"Traezar"},"content":"        Scanner scanner \u003d new Scanner(System.in);","lastModifiedDate":"2022-11-12"},{"lineNumber":9,"author":{"gitId":"Traezar"},"content":"        Tasklist.initialize();","lastModifiedDate":"2022-11-12"},{"lineNumber":10,"author":{"gitId":"Traezar"},"content":"        String input;","lastModifiedDate":"2022-11-12"},{"lineNumber":11,"author":{"gitId":"Traezar"},"content":"","lastModifiedDate":"2022-11-12"},{"lineNumber":12,"author":{"gitId":"Traezar"},"content":"        Ui.printBanner();","lastModifiedDate":"2022-11-12"},{"lineNumber":13,"author":{"gitId":"Traezar"},"content":"        input \u003d scanner.nextLine();","lastModifiedDate":"2022-11-12"},{"lineNumber":14,"author":{"gitId":"Traezar"},"content":"        while(!input.equals(Parser.EXIT_COMMAND)){","lastModifiedDate":"2022-11-12"},{"lineNumber":15,"author":{"gitId":"Traezar"},"content":"            try{","lastModifiedDate":"2022-11-12"},{"lineNumber":16,"author":{"gitId":"Traezar"},"content":"                Parser.executeCommand(input);","lastModifiedDate":"2022-11-12"},{"lineNumber":17,"author":{"gitId":"Traezar"},"content":"            }","lastModifiedDate":"2022-11-12"},{"lineNumber":18,"author":{"gitId":"Traezar"},"content":"            catch (UnknownCommandException | EmptyDescriptionException| InvalidDeleteOptionException| MissingTimeException e) {","lastModifiedDate":"2022-11-12"},{"lineNumber":19,"author":{"gitId":"Traezar"},"content":"                    Ui.printDivider();","lastModifiedDate":"2022-11-12"},{"lineNumber":20,"author":{"gitId":"Traezar"},"content":"                    System.out.println(\"\\t\"+e.getMessage());","lastModifiedDate":"2022-11-12"},{"lineNumber":21,"author":{"gitId":"Traezar"},"content":"                    Ui.printDivider();","lastModifiedDate":"2022-11-12"},{"lineNumber":22,"author":{"gitId":"Traezar"},"content":"            }","lastModifiedDate":"2022-11-12"},{"lineNumber":23,"author":{"gitId":"Traezar"},"content":"            input \u003d scanner.nextLine();","lastModifiedDate":"2022-11-12"},{"lineNumber":24,"author":{"gitId":"Traezar"},"content":"        }","lastModifiedDate":"2022-11-12"},{"lineNumber":25,"author":{"gitId":"Traezar"},"content":"        Ui.exitMessage();","lastModifiedDate":"2022-11-12"},{"lineNumber":26,"author":{"gitId":"Traezar"},"content":"    }","lastModifiedDate":"2022-11-12"},{"lineNumber":27,"author":{"gitId":"Traezar"},"content":"","lastModifiedDate":"2022-11-12"},{"lineNumber":28,"author":{"gitId":"Traezar"},"content":"","lastModifiedDate":"2022-11-12"},{"lineNumber":29,"author":{"gitId":"Traezar"},"content":"","lastModifiedDate":"2022-11-12"},{"lineNumber":30,"author":{"gitId":"Traezar"},"content":"","lastModifiedDate":"2022-11-12"},{"lineNumber":31,"author":{"gitId":"Traezar"},"content":"","lastModifiedDate":"2022-11-12"},{"lineNumber":32,"author":{"gitId":"Traezar"},"content":"","lastModifiedDate":"2022-11-12"},{"lineNumber":33,"author":{"gitId":"Traezar"},"content":"","lastModifiedDate":"2022-11-12"},{"lineNumber":34,"author":{"gitId":"Traezar"},"content":"","lastModifiedDate":"2022-11-12"},{"lineNumber":35,"author":{"gitId":"Traezar"},"content":"","lastModifiedDate":"2022-11-12"},{"lineNumber":36,"author":{"gitId":"Traezar"},"content":"","lastModifiedDate":"2022-11-12"},{"lineNumber":37,"author":{"gitId":"Traezar"},"content":"","lastModifiedDate":"2022-11-12"},{"lineNumber":38,"author":{"gitId":"Traezar"},"content":"","lastModifiedDate":"2022-11-12"},{"lineNumber":39,"author":{"gitId":"Traezar"},"content":"","lastModifiedDate":"2022-11-12"},{"lineNumber":40,"author":{"gitId":"Traezar"},"content":"","lastModifiedDate":"2022-11-12"},{"lineNumber":41,"author":{"gitId":"Traezar"},"content":"}","lastModifiedDate":"2022-11-12"}],"authorContributionMap":{"Traezar":41}},{"path":"src/main/java/duke/EmptyDescriptionException.java","fileType":"java","lines":[{"lineNumber":1,"author":{"gitId":"Traezar"},"content":"package duke;","lastModifiedDate":"2022-11-12"},{"lineNumber":2,"author":{"gitId":"Traezar"},"content":"public class EmptyDescriptionException extends Exception {","lastModifiedDate":"2022-11-06"},{"lineNumber":3,"author":{"gitId":"Traezar"},"content":"    public EmptyDescriptionException(String type) {","lastModifiedDate":"2022-11-06"},{"lineNumber":4,"author":{"gitId":"Traezar"},"content":"        super(\"☹ OOPS!!! The description of a \"+type+\" cannot be empty.\");","lastModifiedDate":"2022-11-06"},{"lineNumber":5,"author":{"gitId":"Traezar"},"content":"    }","lastModifiedDate":"2022-11-06"},{"lineNumber":6,"author":{"gitId":"Traezar"},"content":"}","lastModifiedDate":"2022-11-06"}],"authorContributionMap":{"Traezar":6}},{"path":"src/main/java/duke/Event.java","fileType":"java","lines":[{"lineNumber":1,"author":{"gitId":"Traezar"},"content":"package duke;","lastModifiedDate":"2022-11-12"},{"lineNumber":2,"author":{"gitId":"Traezar"},"content":"import java.time.LocalDate;","lastModifiedDate":"2022-11-12"},{"lineNumber":3,"author":{"gitId":"Traezar"},"content":"import java.time.format.DateTimeFormatter;","lastModifiedDate":"2022-11-12"},{"lineNumber":4,"author":{"gitId":"Traezar"},"content":"","lastModifiedDate":"2022-11-12"},{"lineNumber":5,"author":{"gitId":"Traezar"},"content":"public class Event extends Task{","lastModifiedDate":"2022-10-10"},{"lineNumber":6,"author":{"gitId":"Traezar"},"content":"    protected String at;","lastModifiedDate":"2022-10-10"},{"lineNumber":7,"author":{"gitId":"Traezar"},"content":"    protected LocalDate atDate;","lastModifiedDate":"2022-11-12"},{"lineNumber":8,"author":{"gitId":"Traezar"},"content":"    public Event(String description,String at) {","lastModifiedDate":"2022-10-10"},{"lineNumber":9,"author":{"gitId":"Traezar"},"content":"        super(description);","lastModifiedDate":"2022-10-10"},{"lineNumber":10,"author":{"gitId":"Traezar"},"content":"        LocalDate parsedDate;","lastModifiedDate":"2022-11-12"},{"lineNumber":11,"author":{"gitId":"Traezar"},"content":"        try {","lastModifiedDate":"2022-11-12"},{"lineNumber":12,"author":{"gitId":"Traezar"},"content":"            parsedDate \u003d LocalDate.parse(at.trim());","lastModifiedDate":"2022-11-12"},{"lineNumber":13,"author":{"gitId":"Traezar"},"content":"            this.atDate \u003d parsedDate;","lastModifiedDate":"2022-11-12"},{"lineNumber":14,"author":{"gitId":"Traezar"},"content":"        }catch( Exception e){","lastModifiedDate":"2022-11-12"},{"lineNumber":15,"author":{"gitId":"Traezar"},"content":"            System.out.println(e.getLocalizedMessage());","lastModifiedDate":"2022-11-12"},{"lineNumber":16,"author":{"gitId":"Traezar"},"content":"        }","lastModifiedDate":"2022-11-12"},{"lineNumber":17,"author":{"gitId":"Traezar"},"content":"        this.at \u003d at;","lastModifiedDate":"2022-10-10"},{"lineNumber":18,"author":{"gitId":"Traezar"},"content":"    }","lastModifiedDate":"2022-10-10"},{"lineNumber":19,"author":{"gitId":"Traezar"},"content":"","lastModifiedDate":"2022-10-10"},{"lineNumber":20,"author":{"gitId":"Traezar"},"content":"    @Override","lastModifiedDate":"2022-10-10"},{"lineNumber":21,"author":{"gitId":"Traezar"},"content":"    public String toString() {","lastModifiedDate":"2022-10-10"},{"lineNumber":22,"author":{"gitId":"Traezar"},"content":"        return \"[E]\" + super.toString() + \" (at: \" + dateToString() + \")\";","lastModifiedDate":"2022-11-12"},{"lineNumber":23,"author":{"gitId":"Traezar"},"content":"    }","lastModifiedDate":"2022-10-10"},{"lineNumber":24,"author":{"gitId":"Traezar"},"content":"    @Override","lastModifiedDate":"2022-11-12"},{"lineNumber":25,"author":{"gitId":"Traezar"},"content":"    public String toFile() { return(\"E | \"+(super.isDone? 1:0)+\" | \"+super.description+\" | \"+dateSaveFormat()+\"\\n\");}","lastModifiedDate":"2022-11-12"},{"lineNumber":26,"author":{"gitId":"Traezar"},"content":"    public String dateToString(){","lastModifiedDate":"2022-11-12"},{"lineNumber":27,"author":{"gitId":"Traezar"},"content":"        if (atDate \u003d\u003d null){return at;}","lastModifiedDate":"2022-11-12"},{"lineNumber":28,"author":{"gitId":"Traezar"},"content":"        return atDate.format(DateTimeFormatter.ofPattern(\"MMM d yyyy\"));","lastModifiedDate":"2022-11-12"},{"lineNumber":29,"author":{"gitId":"Traezar"},"content":"    }","lastModifiedDate":"2022-11-12"},{"lineNumber":30,"author":{"gitId":"Traezar"},"content":"","lastModifiedDate":"2022-11-12"},{"lineNumber":31,"author":{"gitId":"Traezar"},"content":"    public String dateSaveFormat(){","lastModifiedDate":"2022-11-12"},{"lineNumber":32,"author":{"gitId":"Traezar"},"content":"        if (atDate \u003d\u003d null){return at;}","lastModifiedDate":"2022-11-12"},{"lineNumber":33,"author":{"gitId":"Traezar"},"content":"        return atDate.toString();","lastModifiedDate":"2022-11-12"},{"lineNumber":34,"author":{"gitId":"Traezar"},"content":"    }","lastModifiedDate":"2022-11-12"},{"lineNumber":35,"author":{"gitId":"Traezar"},"content":"}","lastModifiedDate":"2022-10-10"}],"authorContributionMap":{"Traezar":35}},{"path":"src/main/java/duke/InvalidDeleteOptionException.java","fileType":"java","lines":[{"lineNumber":1,"author":{"gitId":"Traezar"},"content":"package duke;","lastModifiedDate":"2022-11-12"},{"lineNumber":2,"author":{"gitId":"Traezar"},"content":"public class InvalidDeleteOptionException extends Throwable {","lastModifiedDate":"2022-11-06"},{"lineNumber":3,"author":{"gitId":"Traezar"},"content":"    public InvalidDeleteOptionException(int index, int size) {","lastModifiedDate":"2022-11-06"},{"lineNumber":4,"author":{"gitId":"Traezar"},"content":"        super(\"\\tTried to Delete :\"+ index + 1 + \" List has only \"+size+\"item(s).\");","lastModifiedDate":"2022-11-06"},{"lineNumber":5,"author":{"gitId":"Traezar"},"content":"    }","lastModifiedDate":"2022-11-06"},{"lineNumber":6,"author":{"gitId":"Traezar"},"content":"}","lastModifiedDate":"2022-11-06"}],"authorContributionMap":{"Traezar":6}},{"path":"src/main/java/duke/MissingTimeException.java","fileType":"java","lines":[{"lineNumber":1,"author":{"gitId":"Traezar"},"content":"package duke;","lastModifiedDate":"2022-11-12"},{"lineNumber":2,"author":{"gitId":"Traezar"},"content":"public class MissingTimeException extends Exception {","lastModifiedDate":"2022-11-06"},{"lineNumber":3,"author":{"gitId":"Traezar"},"content":"    public MissingTimeException() {","lastModifiedDate":"2022-11-06"},{"lineNumber":4,"author":{"gitId":"Traezar"},"content":"        super(\"Event or Deadline Require time as a second argument.\\n\"+","lastModifiedDate":"2022-11-06"},{"lineNumber":5,"author":{"gitId":"Traezar"},"content":"                \"\\t\\tExample:\\n\"+","lastModifiedDate":"2022-11-06"},{"lineNumber":6,"author":{"gitId":"Traezar"},"content":"                \"\\t\\t\\tdeadline return book /by Sunday\\n\"+","lastModifiedDate":"2022-11-06"},{"lineNumber":7,"author":{"gitId":"Traezar"},"content":"                \"\\t\\t\\tevent project meeting /at Mon 2-4pm\");","lastModifiedDate":"2022-11-06"},{"lineNumber":8,"author":{"gitId":"Traezar"},"content":"    }","lastModifiedDate":"2022-11-06"},{"lineNumber":9,"author":{"gitId":"Traezar"},"content":"}","lastModifiedDate":"2022-11-06"}],"authorContributionMap":{"Traezar":9}},{"path":"src/main/java/duke/Parser.java","fileType":"java","lines":[{"lineNumber":1,"author":{"gitId":"Traezar"},"content":"package duke;","lastModifiedDate":"2022-11-12"},{"lineNumber":2,"author":{"gitId":"Traezar"},"content":"","lastModifiedDate":"2022-11-12"},{"lineNumber":3,"author":{"gitId":"Traezar"},"content":"public class Parser {","lastModifiedDate":"2022-11-12"},{"lineNumber":4,"author":{"gitId":"Traezar"},"content":"    public static final String EXIT_COMMAND  \u003d\"bye\";","lastModifiedDate":"2022-11-12"},{"lineNumber":5,"author":{"gitId":"Traezar"},"content":"    public static final String LIST_COMMAND  \u003d\"list\";","lastModifiedDate":"2022-11-12"},{"lineNumber":6,"author":{"gitId":"Traezar"},"content":"    public static final String MARK_COMMAND  \u003d\"mark\";","lastModifiedDate":"2022-11-12"},{"lineNumber":7,"author":{"gitId":"Traezar"},"content":"    public static final String UNMARK_COMMAND  \u003d\"unmark\";","lastModifiedDate":"2022-11-12"},{"lineNumber":8,"author":{"gitId":"Traezar"},"content":"    public static final String TODO_COMMAND \u003d\"todo\";","lastModifiedDate":"2022-11-12"},{"lineNumber":9,"author":{"gitId":"Traezar"},"content":"    public static final String DEADLINE_COMMAND  \u003d\"deadline\";","lastModifiedDate":"2022-11-12"},{"lineNumber":10,"author":{"gitId":"Traezar"},"content":"    public static final String EVENT_COMMAND  \u003d\"event\";","lastModifiedDate":"2022-11-12"},{"lineNumber":11,"author":{"gitId":"Traezar"},"content":"    public static final String DELETE_COMMAND  \u003d\"delete\";","lastModifiedDate":"2022-11-12"},{"lineNumber":12,"author":{"gitId":"Traezar"},"content":"","lastModifiedDate":"2022-11-12"},{"lineNumber":13,"author":{"gitId":"Traezar"},"content":"    public static void executeCommand( String command)","lastModifiedDate":"2022-11-12"},{"lineNumber":14,"author":{"gitId":"Traezar"},"content":"            throws UnknownCommandException, EmptyDescriptionException,MissingTimeException,InvalidDeleteOptionException{","lastModifiedDate":"2022-11-12"},{"lineNumber":15,"author":{"gitId":"Traezar"},"content":"        String[] inputs \u003d command.split(\" \");","lastModifiedDate":"2022-11-12"},{"lineNumber":16,"author":{"gitId":"Traezar"},"content":"        String[] commandArgs;","lastModifiedDate":"2022-11-12"},{"lineNumber":17,"author":{"gitId":"Traezar"},"content":"        Task t \u003d null;","lastModifiedDate":"2022-11-12"},{"lineNumber":18,"author":{"gitId":"Traezar"},"content":"        switch(inputs[0]){","lastModifiedDate":"2022-11-12"},{"lineNumber":19,"author":{"gitId":"Traezar"},"content":"            case LIST_COMMAND :","lastModifiedDate":"2022-11-12"},{"lineNumber":20,"author":{"gitId":"Traezar"},"content":"                Ui.listTasks();","lastModifiedDate":"2022-11-12"},{"lineNumber":21,"author":{"gitId":"Traezar"},"content":"                break;","lastModifiedDate":"2022-11-12"},{"lineNumber":22,"author":{"gitId":"Traezar"},"content":"            case MARK_COMMAND:","lastModifiedDate":"2022-11-12"},{"lineNumber":23,"author":{"gitId":"Traezar"},"content":"                Tasklist.mark(inputs[1]);","lastModifiedDate":"2022-11-12"},{"lineNumber":24,"author":{"gitId":"Traezar"},"content":"                break;","lastModifiedDate":"2022-11-12"},{"lineNumber":25,"author":{"gitId":"Traezar"},"content":"            case UNMARK_COMMAND:","lastModifiedDate":"2022-11-12"},{"lineNumber":26,"author":{"gitId":"Traezar"},"content":"                Tasklist.unmark(inputs[1]);","lastModifiedDate":"2022-11-12"},{"lineNumber":27,"author":{"gitId":"Traezar"},"content":"                break;","lastModifiedDate":"2022-11-12"},{"lineNumber":28,"author":{"gitId":"Traezar"},"content":"            case TODO_COMMAND:","lastModifiedDate":"2022-11-12"},{"lineNumber":29,"author":{"gitId":"Traezar"},"content":"                commandArgs \u003d splitCommandArgs(command);","lastModifiedDate":"2022-11-12"},{"lineNumber":30,"author":{"gitId":"Traezar"},"content":"                validateDescritionNotEmpty(TODO_COMMAND,commandArgs[0]);","lastModifiedDate":"2022-11-12"},{"lineNumber":31,"author":{"gitId":"Traezar"},"content":"                t \u003d Tasklist.addTodo(commandArgs[0]);","lastModifiedDate":"2022-11-12"},{"lineNumber":32,"author":{"gitId":"Traezar"},"content":"                break;","lastModifiedDate":"2022-11-12"},{"lineNumber":33,"author":{"gitId":"Traezar"},"content":"            case DEADLINE_COMMAND:","lastModifiedDate":"2022-11-12"},{"lineNumber":34,"author":{"gitId":"Traezar"},"content":"                commandArgs \u003d splitCommandArgs(command);","lastModifiedDate":"2022-11-12"},{"lineNumber":35,"author":{"gitId":"Traezar"},"content":"                validateDescritionNotEmpty(DEADLINE_COMMAND,commandArgs[0]);","lastModifiedDate":"2022-11-12"},{"lineNumber":36,"author":{"gitId":"Traezar"},"content":"                validateTimeFormatIsPresent(commandArgs);","lastModifiedDate":"2022-11-12"},{"lineNumber":37,"author":{"gitId":"Traezar"},"content":"                t \u003d Tasklist.addDeadline(commandArgs[0],commandArgs[1]);","lastModifiedDate":"2022-11-12"},{"lineNumber":38,"author":{"gitId":"Traezar"},"content":"                break;","lastModifiedDate":"2022-11-12"},{"lineNumber":39,"author":{"gitId":"Traezar"},"content":"            case EVENT_COMMAND:","lastModifiedDate":"2022-11-12"},{"lineNumber":40,"author":{"gitId":"Traezar"},"content":"                commandArgs \u003d splitCommandArgs(command);","lastModifiedDate":"2022-11-12"},{"lineNumber":41,"author":{"gitId":"Traezar"},"content":"                validateDescritionNotEmpty(EVENT_COMMAND,commandArgs[0]);","lastModifiedDate":"2022-11-12"},{"lineNumber":42,"author":{"gitId":"Traezar"},"content":"                validateTimeFormatIsPresent(commandArgs);","lastModifiedDate":"2022-11-12"},{"lineNumber":43,"author":{"gitId":"Traezar"},"content":"                t \u003d Tasklist.addEvent(commandArgs[0],commandArgs[1]);","lastModifiedDate":"2022-11-12"},{"lineNumber":44,"author":{"gitId":"Traezar"},"content":"                break;","lastModifiedDate":"2022-11-12"},{"lineNumber":45,"author":{"gitId":"Traezar"},"content":"            case DELETE_COMMAND:","lastModifiedDate":"2022-11-12"},{"lineNumber":46,"author":{"gitId":"Traezar"},"content":"                commandArgs \u003d splitCommandArgs(command);","lastModifiedDate":"2022-11-12"},{"lineNumber":47,"author":{"gitId":"Traezar"},"content":"                validateDescritionNotEmpty(DELETE_COMMAND,commandArgs[0]);","lastModifiedDate":"2022-11-12"},{"lineNumber":48,"author":{"gitId":"Traezar"},"content":"                Tasklist.deleteTask(Tasklist.tasks,Integer.parseInt(commandArgs[0].trim()) - 1);","lastModifiedDate":"2022-11-12"},{"lineNumber":49,"author":{"gitId":"Traezar"},"content":"                break;","lastModifiedDate":"2022-11-12"},{"lineNumber":50,"author":{"gitId":"Traezar"},"content":"            case EXIT_COMMAND:","lastModifiedDate":"2022-11-12"},{"lineNumber":51,"author":{"gitId":"Traezar"},"content":"                break;","lastModifiedDate":"2022-11-12"},{"lineNumber":52,"author":{"gitId":"Traezar"},"content":"            default:","lastModifiedDate":"2022-11-12"},{"lineNumber":53,"author":{"gitId":"Traezar"},"content":"                throw new UnknownCommandException();","lastModifiedDate":"2022-11-12"},{"lineNumber":54,"author":{"gitId":"Traezar"},"content":"        }","lastModifiedDate":"2022-11-12"},{"lineNumber":55,"author":{"gitId":"Traezar"},"content":"        if (t !\u003d null){","lastModifiedDate":"2022-11-12"},{"lineNumber":56,"author":{"gitId":"Traezar"},"content":"            Ui.printTaskAddAcknowledge(t, Tasklist.tasks.size());","lastModifiedDate":"2022-11-12"},{"lineNumber":57,"author":{"gitId":"Traezar"},"content":"        }","lastModifiedDate":"2022-11-12"},{"lineNumber":58,"author":{"gitId":"Traezar"},"content":"        try{Storage.saveToFile();}","lastModifiedDate":"2022-11-12"},{"lineNumber":59,"author":{"gitId":"Traezar"},"content":"        catch (Exception e) {","lastModifiedDate":"2022-11-12"},{"lineNumber":60,"author":{"gitId":"Traezar"},"content":"            System.out.println(\"\\t\"+e.getMessage());","lastModifiedDate":"2022-11-12"},{"lineNumber":61,"author":{"gitId":"Traezar"},"content":"        }","lastModifiedDate":"2022-11-12"},{"lineNumber":62,"author":{"gitId":"Traezar"},"content":"    }","lastModifiedDate":"2022-11-12"},{"lineNumber":63,"author":{"gitId":"Traezar"},"content":"","lastModifiedDate":"2022-11-12"},{"lineNumber":64,"author":{"gitId":"Traezar"},"content":"    //Splits the input from commandline for Deadlines and Events to the desc and time components","lastModifiedDate":"2022-11-12"},{"lineNumber":65,"author":{"gitId":"Traezar"},"content":"    private static String[] splitCommandArgs(String input){","lastModifiedDate":"2022-11-12"},{"lineNumber":66,"author":{"gitId":"Traezar"},"content":"        String[] commandArgs;","lastModifiedDate":"2022-11-12"},{"lineNumber":67,"author":{"gitId":"Traezar"},"content":"        int indexOfFirstSpace\u003d (input.split(\" \")[0].length());","lastModifiedDate":"2022-11-12"},{"lineNumber":68,"author":{"gitId":"Traezar"},"content":"        // use this regex for simplicity as a deadline is going to use /by or /at","lastModifiedDate":"2022-11-12"},{"lineNumber":69,"author":{"gitId":"Traezar"},"content":"        commandArgs \u003d input.substring(indexOfFirstSpace).split(\"/[a-z]{2}\");","lastModifiedDate":"2022-11-12"},{"lineNumber":70,"author":{"gitId":"Traezar"},"content":"        return commandArgs;","lastModifiedDate":"2022-11-12"},{"lineNumber":71,"author":{"gitId":"Traezar"},"content":"    }","lastModifiedDate":"2022-11-12"},{"lineNumber":72,"author":{"gitId":"Traezar"},"content":"","lastModifiedDate":"2022-11-12"},{"lineNumber":73,"author":{"gitId":"Traezar"},"content":"    private static void validateTimeFormatIsPresent(String[] command)throws MissingTimeException{","lastModifiedDate":"2022-11-12"},{"lineNumber":74,"author":{"gitId":"Traezar"},"content":"        if (command.length !\u003d 2){","lastModifiedDate":"2022-11-12"},{"lineNumber":75,"author":{"gitId":"Traezar"},"content":"            throw new MissingTimeException();","lastModifiedDate":"2022-11-12"},{"lineNumber":76,"author":{"gitId":"Traezar"},"content":"        }","lastModifiedDate":"2022-11-12"},{"lineNumber":77,"author":{"gitId":"Traezar"},"content":"    }","lastModifiedDate":"2022-11-12"},{"lineNumber":78,"author":{"gitId":"Traezar"},"content":"    private static void validateDescritionNotEmpty(String name,String desc)throws EmptyDescriptionException{","lastModifiedDate":"2022-11-12"},{"lineNumber":79,"author":{"gitId":"Traezar"},"content":"        if (desc.isEmpty()){","lastModifiedDate":"2022-11-12"},{"lineNumber":80,"author":{"gitId":"Traezar"},"content":"            throw new EmptyDescriptionException(name);","lastModifiedDate":"2022-11-12"},{"lineNumber":81,"author":{"gitId":"Traezar"},"content":"        }","lastModifiedDate":"2022-11-12"},{"lineNumber":82,"author":{"gitId":"Traezar"},"content":"    }","lastModifiedDate":"2022-11-12"},{"lineNumber":83,"author":{"gitId":"Traezar"},"content":"}","lastModifiedDate":"2022-11-12"}],"authorContributionMap":{"Traezar":83}},{"path":"src/main/java/duke/Storage.java","fileType":"java","lines":[{"lineNumber":1,"author":{"gitId":"Traezar"},"content":"package duke;","lastModifiedDate":"2022-11-12"},{"lineNumber":2,"author":{"gitId":"Traezar"},"content":"import java.io.File;","lastModifiedDate":"2022-11-12"},{"lineNumber":3,"author":{"gitId":"Traezar"},"content":"import java.io.FileWriter;","lastModifiedDate":"2022-11-12"},{"lineNumber":4,"author":{"gitId":"Traezar"},"content":"import java.io.IOException;","lastModifiedDate":"2022-11-12"},{"lineNumber":5,"author":{"gitId":"Traezar"},"content":"import java.nio.file.Files;","lastModifiedDate":"2022-11-12"},{"lineNumber":6,"author":{"gitId":"Traezar"},"content":"import java.nio.file.Path;","lastModifiedDate":"2022-11-12"},{"lineNumber":7,"author":{"gitId":"Traezar"},"content":"import java.nio.file.Paths;","lastModifiedDate":"2022-11-12"},{"lineNumber":8,"author":{"gitId":"Traezar"},"content":"import java.util.Scanner;","lastModifiedDate":"2022-11-12"},{"lineNumber":9,"author":{"gitId":"Traezar"},"content":"","lastModifiedDate":"2022-11-12"},{"lineNumber":10,"author":{"gitId":"Traezar"},"content":"public class Storage {","lastModifiedDate":"2022-11-12"},{"lineNumber":11,"author":{"gitId":"Traezar"},"content":"","lastModifiedDate":"2022-11-12"},{"lineNumber":12,"author":{"gitId":"Traezar"},"content":"    public static void importTasks() {","lastModifiedDate":"2022-11-12"},{"lineNumber":13,"author":{"gitId":"Traezar"},"content":"        //if dir exists open it else create it","lastModifiedDate":"2022-11-12"},{"lineNumber":14,"author":{"gitId":"Traezar"},"content":"        Path path \u003d Paths.get(\"data\"+ File.separatorChar+\"saveFile.txt\");","lastModifiedDate":"2022-11-12"},{"lineNumber":15,"author":{"gitId":"Traezar"},"content":"        boolean directoryExists \u003d Files.exists(path);","lastModifiedDate":"2022-11-12"},{"lineNumber":16,"author":{"gitId":"Traezar"},"content":"        if (!directoryExists) {","lastModifiedDate":"2022-11-12"},{"lineNumber":17,"author":{"gitId":"Traezar"},"content":"            try{","lastModifiedDate":"2022-11-12"},{"lineNumber":18,"author":{"gitId":"Traezar"},"content":"                Files.createDirectories(Paths.get(\"data\"));","lastModifiedDate":"2022-11-12"},{"lineNumber":19,"author":{"gitId":"Traezar"},"content":"                Files.createFile(path);","lastModifiedDate":"2022-11-12"},{"lineNumber":20,"author":{"gitId":"Traezar"},"content":"            }","lastModifiedDate":"2022-11-12"},{"lineNumber":21,"author":{"gitId":"Traezar"},"content":"            catch (IOException e) {","lastModifiedDate":"2022-11-12"},{"lineNumber":22,"author":{"gitId":"Traezar"},"content":"                System.out.println(e.getMessage());","lastModifiedDate":"2022-11-12"},{"lineNumber":23,"author":{"gitId":"Traezar"},"content":"            }","lastModifiedDate":"2022-11-12"},{"lineNumber":24,"author":{"gitId":"Traezar"},"content":"","lastModifiedDate":"2022-11-12"},{"lineNumber":25,"author":{"gitId":"Traezar"},"content":"        }","lastModifiedDate":"2022-11-12"},{"lineNumber":26,"author":{"gitId":"Traezar"},"content":"        boolean fileExists \u003d java.nio.file.Files.exists(path);","lastModifiedDate":"2022-11-12"},{"lineNumber":27,"author":{"gitId":"Traezar"},"content":"        if (!fileExists) {","lastModifiedDate":"2022-11-12"},{"lineNumber":28,"author":{"gitId":"Traezar"},"content":"            System.out.println(\"File Dont Exist for Some Reason\");","lastModifiedDate":"2022-11-12"},{"lineNumber":29,"author":{"gitId":"Traezar"},"content":"        }","lastModifiedDate":"2022-11-12"},{"lineNumber":30,"author":{"gitId":"Traezar"},"content":"        try{","lastModifiedDate":"2022-11-12"},{"lineNumber":31,"author":{"gitId":"Traezar"},"content":"            Scanner scanner \u003d new Scanner(path.toFile());","lastModifiedDate":"2022-11-12"},{"lineNumber":32,"author":{"gitId":"Traezar"},"content":"            while (scanner.hasNextLine()) {","lastModifiedDate":"2022-11-12"},{"lineNumber":33,"author":{"gitId":"Traezar"},"content":"                String nextLine \u003d scanner.nextLine().replaceAll(\"\\\\s+\",\"\");","lastModifiedDate":"2022-11-12"},{"lineNumber":34,"author":{"gitId":"Traezar"},"content":"                try {","lastModifiedDate":"2022-11-12"},{"lineNumber":35,"author":{"gitId":"Traezar"},"content":"                    importRow(nextLine);","lastModifiedDate":"2022-11-12"},{"lineNumber":36,"author":{"gitId":"Traezar"},"content":"                }catch (Exception e) {","lastModifiedDate":"2022-11-12"},{"lineNumber":37,"author":{"gitId":"Traezar"},"content":"                    System.out.println(e.getMessage() + \" \u003c---- THIS WAS FOUND IN FILE. WEIRD?!?\");","lastModifiedDate":"2022-11-12"},{"lineNumber":38,"author":{"gitId":"Traezar"},"content":"                }","lastModifiedDate":"2022-11-12"},{"lineNumber":39,"author":{"gitId":"Traezar"},"content":"","lastModifiedDate":"2022-11-12"},{"lineNumber":40,"author":{"gitId":"Traezar"},"content":"            }","lastModifiedDate":"2022-11-12"},{"lineNumber":41,"author":{"gitId":"Traezar"},"content":"            scanner.close();","lastModifiedDate":"2022-11-12"},{"lineNumber":42,"author":{"gitId":"Traezar"},"content":"        }","lastModifiedDate":"2022-11-12"},{"lineNumber":43,"author":{"gitId":"Traezar"},"content":"        catch (IOException e) {","lastModifiedDate":"2022-11-12"},{"lineNumber":44,"author":{"gitId":"Traezar"},"content":"            System.out.println(e.getMessage());","lastModifiedDate":"2022-11-12"},{"lineNumber":45,"author":{"gitId":"Traezar"},"content":"        }","lastModifiedDate":"2022-11-12"},{"lineNumber":46,"author":{"gitId":"Traezar"},"content":"    }","lastModifiedDate":"2022-11-12"},{"lineNumber":47,"author":{"gitId":"Traezar"},"content":"","lastModifiedDate":"2022-11-12"},{"lineNumber":48,"author":{"gitId":"Traezar"},"content":"    public static void  importRow(String row)throws Exception{","lastModifiedDate":"2022-11-12"},{"lineNumber":49,"author":{"gitId":"Traezar"},"content":"        String[] info \u003d row.split(\"\\\\|\",100);","lastModifiedDate":"2022-11-12"},{"lineNumber":50,"author":{"gitId":"Traezar"},"content":"        Task task;","lastModifiedDate":"2022-11-12"},{"lineNumber":51,"author":{"gitId":"Traezar"},"content":"        boolean done \u003d info[1].trim().equals(\"1\");","lastModifiedDate":"2022-11-12"},{"lineNumber":52,"author":{"gitId":"Traezar"},"content":"        switch(info[0]){","lastModifiedDate":"2022-11-12"},{"lineNumber":53,"author":{"gitId":"Traezar"},"content":"            case \"T\":","lastModifiedDate":"2022-11-12"},{"lineNumber":54,"author":{"gitId":"Traezar"},"content":"                task \u003d new Todo(info[2]);","lastModifiedDate":"2022-11-12"},{"lineNumber":55,"author":{"gitId":"Traezar"},"content":"                break;","lastModifiedDate":"2022-11-12"},{"lineNumber":56,"author":{"gitId":"Traezar"},"content":"            case \"D\":","lastModifiedDate":"2022-11-12"},{"lineNumber":57,"author":{"gitId":"Traezar"},"content":"                task \u003d new Deadline(info[2],info[3]);","lastModifiedDate":"2022-11-12"},{"lineNumber":58,"author":{"gitId":"Traezar"},"content":"                break;","lastModifiedDate":"2022-11-12"},{"lineNumber":59,"author":{"gitId":"Traezar"},"content":"            case \"E\":","lastModifiedDate":"2022-11-12"},{"lineNumber":60,"author":{"gitId":"Traezar"},"content":"                task \u003d new Event(info[2],info[3]);","lastModifiedDate":"2022-11-12"},{"lineNumber":61,"author":{"gitId":"Traezar"},"content":"                break;","lastModifiedDate":"2022-11-12"},{"lineNumber":62,"author":{"gitId":"Traezar"},"content":"            default :","lastModifiedDate":"2022-11-12"},{"lineNumber":63,"author":{"gitId":"Traezar"},"content":"                throw new Exception(\"File had someweird stuff\");","lastModifiedDate":"2022-11-12"},{"lineNumber":64,"author":{"gitId":"Traezar"},"content":"        }","lastModifiedDate":"2022-11-12"},{"lineNumber":65,"author":{"gitId":"Traezar"},"content":"        if (done){task.markAsDone();}","lastModifiedDate":"2022-11-12"},{"lineNumber":66,"author":{"gitId":"Traezar"},"content":"        Tasklist.add(task);","lastModifiedDate":"2022-11-12"},{"lineNumber":67,"author":{"gitId":"Traezar"},"content":"    }","lastModifiedDate":"2022-11-12"},{"lineNumber":68,"author":{"gitId":"Traezar"},"content":"    public static void  saveToFile()throws Exception{","lastModifiedDate":"2022-11-12"},{"lineNumber":69,"author":{"gitId":"Traezar"},"content":"        Path path \u003d Paths.get(\"data\"+ File.separatorChar+\"saveFile.txt\");","lastModifiedDate":"2022-11-12"},{"lineNumber":70,"author":{"gitId":"Traezar"},"content":"        FileWriter writer \u003d new FileWriter(path.toFile());","lastModifiedDate":"2022-11-12"},{"lineNumber":71,"author":{"gitId":"Traezar"},"content":"        for (int i \u003d 0; i \u003c Tasklist.size();i++){","lastModifiedDate":"2022-11-12"},{"lineNumber":72,"author":{"gitId":"Traezar"},"content":"            writer.write(Tasklist.tasks.get(i).toFile());","lastModifiedDate":"2022-11-12"},{"lineNumber":73,"author":{"gitId":"Traezar"},"content":"        }","lastModifiedDate":"2022-11-12"},{"lineNumber":74,"author":{"gitId":"Traezar"},"content":"        writer.close();","lastModifiedDate":"2022-11-12"},{"lineNumber":75,"author":{"gitId":"Traezar"},"content":"    }","lastModifiedDate":"2022-11-12"},{"lineNumber":76,"author":{"gitId":"Traezar"},"content":"}","lastModifiedDate":"2022-11-12"},{"lineNumber":77,"author":{"gitId":"Traezar"},"content":"","lastModifiedDate":"2022-11-12"},{"lineNumber":78,"author":{"gitId":"Traezar"},"content":"","lastModifiedDate":"2022-11-12"},{"lineNumber":79,"author":{"gitId":"Traezar"},"content":"","lastModifiedDate":"2022-11-12"}],"authorContributionMap":{"Traezar":79}},{"path":"src/main/java/duke/Task.java","fileType":"java","lines":[{"lineNumber":1,"author":{"gitId":"Traezar"},"content":"package duke;","lastModifiedDate":"2022-11-12"},{"lineNumber":2,"author":{"gitId":"Traezar"},"content":"public class Task {","lastModifiedDate":"2022-10-09"},{"lineNumber":3,"author":{"gitId":"Traezar"},"content":"    protected String description;","lastModifiedDate":"2022-10-09"},{"lineNumber":4,"author":{"gitId":"Traezar"},"content":"    protected boolean isDone;","lastModifiedDate":"2022-10-09"},{"lineNumber":5,"author":{"gitId":"Traezar"},"content":"","lastModifiedDate":"2022-10-09"},{"lineNumber":6,"author":{"gitId":"Traezar"},"content":"    public Task(String description) {","lastModifiedDate":"2022-10-09"},{"lineNumber":7,"author":{"gitId":"Traezar"},"content":"        this.description \u003d description;","lastModifiedDate":"2022-10-09"},{"lineNumber":8,"author":{"gitId":"Traezar"},"content":"        this.isDone \u003d false;","lastModifiedDate":"2022-10-09"},{"lineNumber":9,"author":{"gitId":"Traezar"},"content":"    }","lastModifiedDate":"2022-10-09"},{"lineNumber":10,"author":{"gitId":"Traezar"},"content":"","lastModifiedDate":"2022-10-09"},{"lineNumber":11,"author":{"gitId":"Traezar"},"content":"    public String getStatusIcon() {","lastModifiedDate":"2022-10-09"},{"lineNumber":12,"author":{"gitId":"Traezar"},"content":"        return (isDone ? \"X\" : \" \"); // mark done task with X","lastModifiedDate":"2022-10-09"},{"lineNumber":13,"author":{"gitId":"Traezar"},"content":"    }","lastModifiedDate":"2022-10-09"},{"lineNumber":14,"author":{"gitId":"Traezar"},"content":"    public void markAsDone(){","lastModifiedDate":"2022-10-09"},{"lineNumber":15,"author":{"gitId":"Traezar"},"content":"        this.isDone \u003d true;","lastModifiedDate":"2022-10-09"},{"lineNumber":16,"author":{"gitId":"Traezar"},"content":"    }","lastModifiedDate":"2022-10-09"},{"lineNumber":17,"author":{"gitId":"Traezar"},"content":"    public void markAsNotDone(){","lastModifiedDate":"2022-10-09"},{"lineNumber":18,"author":{"gitId":"Traezar"},"content":"        this.isDone \u003d false;","lastModifiedDate":"2022-10-09"},{"lineNumber":19,"author":{"gitId":"Traezar"},"content":"    }","lastModifiedDate":"2022-10-09"},{"lineNumber":20,"author":{"gitId":"Traezar"},"content":"","lastModifiedDate":"2022-10-09"},{"lineNumber":21,"author":{"gitId":"Traezar"},"content":"    public String toString(){","lastModifiedDate":"2022-10-09"},{"lineNumber":22,"author":{"gitId":"Traezar"},"content":"        return \"[\"+getStatusIcon()+\"] \" + description;","lastModifiedDate":"2022-10-09"},{"lineNumber":23,"author":{"gitId":"Traezar"},"content":"    }","lastModifiedDate":"2022-10-09"},{"lineNumber":24,"author":{"gitId":"Traezar"},"content":"    public String toFile(){return \"\";}","lastModifiedDate":"2022-11-12"},{"lineNumber":25,"author":{"gitId":"Traezar"},"content":"}","lastModifiedDate":"2022-10-09"}],"authorContributionMap":{"Traezar":25}},{"path":"src/main/java/duke/Tasklist.java","fileType":"java","lines":[{"lineNumber":1,"author":{"gitId":"Traezar"},"content":"package duke;","lastModifiedDate":"2022-11-12"},{"lineNumber":2,"author":{"gitId":"Traezar"},"content":"import java.util.List;","lastModifiedDate":"2022-11-12"},{"lineNumber":3,"author":{"gitId":"Traezar"},"content":"import java.util.ArrayList;","lastModifiedDate":"2022-11-12"},{"lineNumber":4,"author":{"gitId":"Traezar"},"content":"public class Tasklist {","lastModifiedDate":"2022-11-12"},{"lineNumber":5,"author":{"gitId":"Traezar"},"content":"    public static List\u003cTask\u003e tasks  \u003d new ArrayList\u003c\u003e(100);","lastModifiedDate":"2022-11-12"},{"lineNumber":6,"author":{"gitId":"Traezar"},"content":"    public Tasklist(){","lastModifiedDate":"2022-11-12"},{"lineNumber":7,"author":{"gitId":"Traezar"},"content":"    }","lastModifiedDate":"2022-11-12"},{"lineNumber":8,"author":{"gitId":"Traezar"},"content":"    public static void initialize(){","lastModifiedDate":"2022-11-12"},{"lineNumber":9,"author":{"gitId":"Traezar"},"content":"        Storage.importTasks();","lastModifiedDate":"2022-11-12"},{"lineNumber":10,"author":{"gitId":"Traezar"},"content":"    }","lastModifiedDate":"2022-11-12"},{"lineNumber":11,"author":{"gitId":"Traezar"},"content":"","lastModifiedDate":"2022-11-12"},{"lineNumber":12,"author":{"gitId":"Traezar"},"content":"    public static void mark(String taskIndex){","lastModifiedDate":"2022-11-12"},{"lineNumber":13,"author":{"gitId":"Traezar"},"content":"        Task task \u003d Tasklist.get(Integer.parseInt(taskIndex) - 1);","lastModifiedDate":"2022-11-12"},{"lineNumber":14,"author":{"gitId":"Traezar"},"content":"        Ui.printDivider();","lastModifiedDate":"2022-11-12"},{"lineNumber":15,"author":{"gitId":"Traezar"},"content":"        System.out.println(\"\\tNice! I\u0027ve marked this task as done:\");","lastModifiedDate":"2022-11-12"},{"lineNumber":16,"author":{"gitId":"Traezar"},"content":"        task.markAsDone();","lastModifiedDate":"2022-11-12"},{"lineNumber":17,"author":{"gitId":"Traezar"},"content":"        System.out.println(\"\\t\"+ task);","lastModifiedDate":"2022-11-12"},{"lineNumber":18,"author":{"gitId":"Traezar"},"content":"        Ui.printDivider();","lastModifiedDate":"2022-11-12"},{"lineNumber":19,"author":{"gitId":"Traezar"},"content":"    }","lastModifiedDate":"2022-11-12"},{"lineNumber":20,"author":{"gitId":"Traezar"},"content":"    public static void unmark(String taskIndex){","lastModifiedDate":"2022-11-12"},{"lineNumber":21,"author":{"gitId":"Traezar"},"content":"","lastModifiedDate":"2022-11-12"},{"lineNumber":22,"author":{"gitId":"Traezar"},"content":"        Task task \u003d tasks.get(Integer.parseInt(taskIndex) - 1);","lastModifiedDate":"2022-11-12"},{"lineNumber":23,"author":{"gitId":"Traezar"},"content":"        Ui.printDivider();","lastModifiedDate":"2022-11-12"},{"lineNumber":24,"author":{"gitId":"Traezar"},"content":"        System.out.println(\"\\tOK, I\u0027ve marked this task as not done yet:\");","lastModifiedDate":"2022-11-12"},{"lineNumber":25,"author":{"gitId":"Traezar"},"content":"        task.markAsNotDone();","lastModifiedDate":"2022-11-12"},{"lineNumber":26,"author":{"gitId":"Traezar"},"content":"        System.out.println(\"\\t\"+task);","lastModifiedDate":"2022-11-12"},{"lineNumber":27,"author":{"gitId":"Traezar"},"content":"        Ui.printDivider();","lastModifiedDate":"2022-11-12"},{"lineNumber":28,"author":{"gitId":"Traezar"},"content":"    }","lastModifiedDate":"2022-11-12"},{"lineNumber":29,"author":{"gitId":"Traezar"},"content":"","lastModifiedDate":"2022-11-12"},{"lineNumber":30,"author":{"gitId":"Traezar"},"content":"    public static Task addTodo(String desc){","lastModifiedDate":"2022-11-12"},{"lineNumber":31,"author":{"gitId":"Traezar"},"content":"        Todo t \u003d new Todo(desc);","lastModifiedDate":"2022-11-12"},{"lineNumber":32,"author":{"gitId":"Traezar"},"content":"        tasks.add(t);","lastModifiedDate":"2022-11-12"},{"lineNumber":33,"author":{"gitId":"Traezar"},"content":"        return t;","lastModifiedDate":"2022-11-12"},{"lineNumber":34,"author":{"gitId":"Traezar"},"content":"","lastModifiedDate":"2022-11-12"},{"lineNumber":35,"author":{"gitId":"Traezar"},"content":"    }","lastModifiedDate":"2022-11-12"},{"lineNumber":36,"author":{"gitId":"Traezar"},"content":"","lastModifiedDate":"2022-11-12"},{"lineNumber":37,"author":{"gitId":"Traezar"},"content":"    public static Task addEvent(String desc,String time){","lastModifiedDate":"2022-11-12"},{"lineNumber":38,"author":{"gitId":"Traezar"},"content":"        Event e \u003d new Event(desc,time);","lastModifiedDate":"2022-11-12"},{"lineNumber":39,"author":{"gitId":"Traezar"},"content":"        tasks.add(e);","lastModifiedDate":"2022-11-12"},{"lineNumber":40,"author":{"gitId":"Traezar"},"content":"        return e;","lastModifiedDate":"2022-11-12"},{"lineNumber":41,"author":{"gitId":"Traezar"},"content":"    }","lastModifiedDate":"2022-11-12"},{"lineNumber":42,"author":{"gitId":"Traezar"},"content":"","lastModifiedDate":"2022-11-12"},{"lineNumber":43,"author":{"gitId":"Traezar"},"content":"    public static Task addDeadline(String desc,String time){","lastModifiedDate":"2022-11-12"},{"lineNumber":44,"author":{"gitId":"Traezar"},"content":"        Deadline d \u003d new Deadline(desc,time);","lastModifiedDate":"2022-11-12"},{"lineNumber":45,"author":{"gitId":"Traezar"},"content":"        tasks.add(d);","lastModifiedDate":"2022-11-12"},{"lineNumber":46,"author":{"gitId":"Traezar"},"content":"        return d;","lastModifiedDate":"2022-11-12"},{"lineNumber":47,"author":{"gitId":"Traezar"},"content":"    }","lastModifiedDate":"2022-11-12"},{"lineNumber":48,"author":{"gitId":"Traezar"},"content":"","lastModifiedDate":"2022-11-12"},{"lineNumber":49,"author":{"gitId":"Traezar"},"content":"    public static void deleteTask(List\u003cTask\u003e tasks,int index) throws InvalidDeleteOptionException{","lastModifiedDate":"2022-11-12"},{"lineNumber":50,"author":{"gitId":"Traezar"},"content":"        int size \u003dtasks.size();","lastModifiedDate":"2022-11-12"},{"lineNumber":51,"author":{"gitId":"Traezar"},"content":"        if (index \u003e size){","lastModifiedDate":"2022-11-12"},{"lineNumber":52,"author":{"gitId":"Traezar"},"content":"            throw new InvalidDeleteOptionException(index,size);","lastModifiedDate":"2022-11-12"},{"lineNumber":53,"author":{"gitId":"Traezar"},"content":"        }","lastModifiedDate":"2022-11-12"},{"lineNumber":54,"author":{"gitId":"Traezar"},"content":"        Task t \u003d tasks.get(index);","lastModifiedDate":"2022-11-12"},{"lineNumber":55,"author":{"gitId":"Traezar"},"content":"        tasks.remove(index);","lastModifiedDate":"2022-11-12"},{"lineNumber":56,"author":{"gitId":"Traezar"},"content":"        Ui.printDeleteAcknowledge(t, tasks.size());","lastModifiedDate":"2022-11-12"},{"lineNumber":57,"author":{"gitId":"Traezar"},"content":"    }","lastModifiedDate":"2022-11-12"},{"lineNumber":58,"author":{"gitId":"Traezar"},"content":"","lastModifiedDate":"2022-11-12"},{"lineNumber":59,"author":{"gitId":"Traezar"},"content":"    public static int size(){","lastModifiedDate":"2022-11-12"},{"lineNumber":60,"author":{"gitId":"Traezar"},"content":"        return tasks.size();","lastModifiedDate":"2022-11-12"},{"lineNumber":61,"author":{"gitId":"Traezar"},"content":"    }","lastModifiedDate":"2022-11-12"},{"lineNumber":62,"author":{"gitId":"Traezar"},"content":"","lastModifiedDate":"2022-11-12"},{"lineNumber":63,"author":{"gitId":"Traezar"},"content":"    public static void add(Task t){","lastModifiedDate":"2022-11-12"},{"lineNumber":64,"author":{"gitId":"Traezar"},"content":"        Tasklist.tasks.add(t);","lastModifiedDate":"2022-11-12"},{"lineNumber":65,"author":{"gitId":"Traezar"},"content":"    }","lastModifiedDate":"2022-11-12"},{"lineNumber":66,"author":{"gitId":"Traezar"},"content":"","lastModifiedDate":"2022-11-12"},{"lineNumber":67,"author":{"gitId":"Traezar"},"content":"    public  static Task get(int i){","lastModifiedDate":"2022-11-12"},{"lineNumber":68,"author":{"gitId":"Traezar"},"content":"       return Tasklist.tasks.get(i);","lastModifiedDate":"2022-11-12"},{"lineNumber":69,"author":{"gitId":"Traezar"},"content":"    }","lastModifiedDate":"2022-11-12"},{"lineNumber":70,"author":{"gitId":"Traezar"},"content":"}","lastModifiedDate":"2022-11-12"},{"lineNumber":71,"author":{"gitId":"Traezar"},"content":"","lastModifiedDate":"2022-11-12"},{"lineNumber":72,"author":{"gitId":"Traezar"},"content":"","lastModifiedDate":"2022-11-12"},{"lineNumber":73,"author":{"gitId":"Traezar"},"content":"","lastModifiedDate":"2022-11-12"}],"authorContributionMap":{"Traezar":73}},{"path":"src/main/java/duke/Todo.java","fileType":"java","lines":[{"lineNumber":1,"author":{"gitId":"Traezar"},"content":"package duke;","lastModifiedDate":"2022-11-12"},{"lineNumber":2,"author":{"gitId":"Traezar"},"content":"public class Todo extends Task{","lastModifiedDate":"2022-10-10"},{"lineNumber":3,"author":{"gitId":"Traezar"},"content":"    public Todo(String description) {","lastModifiedDate":"2022-10-10"},{"lineNumber":4,"author":{"gitId":"Traezar"},"content":"        super(description);","lastModifiedDate":"2022-10-10"},{"lineNumber":5,"author":{"gitId":"Traezar"},"content":"    }","lastModifiedDate":"2022-10-10"},{"lineNumber":6,"author":{"gitId":"Traezar"},"content":"","lastModifiedDate":"2022-10-10"},{"lineNumber":7,"author":{"gitId":"Traezar"},"content":"    @Override","lastModifiedDate":"2022-10-10"},{"lineNumber":8,"author":{"gitId":"Traezar"},"content":"    public String toString() {","lastModifiedDate":"2022-10-10"},{"lineNumber":9,"author":{"gitId":"Traezar"},"content":"        return \"[T]\" + super.toString();","lastModifiedDate":"2022-10-10"},{"lineNumber":10,"author":{"gitId":"Traezar"},"content":"    }","lastModifiedDate":"2022-10-10"},{"lineNumber":11,"author":{"gitId":"Traezar"},"content":"    @Override","lastModifiedDate":"2022-11-12"},{"lineNumber":12,"author":{"gitId":"Traezar"},"content":"    public String toFile() { return(\"T | \"+(super.isDone? 1:0)+\" | \"+super.description+\"\\n\");}","lastModifiedDate":"2022-11-12"},{"lineNumber":13,"author":{"gitId":"Traezar"},"content":"}","lastModifiedDate":"2022-10-10"}],"authorContributionMap":{"Traezar":13}},{"path":"src/main/java/duke/Ui.java","fileType":"java","lines":[{"lineNumber":1,"author":{"gitId":"Traezar"},"content":"package duke;","lastModifiedDate":"2022-11-12"},{"lineNumber":2,"author":{"gitId":"Traezar"},"content":"public class Ui {","lastModifiedDate":"2022-11-12"},{"lineNumber":3,"author":{"gitId":"Traezar"},"content":"","lastModifiedDate":"2022-11-12"},{"lineNumber":4,"author":{"gitId":"Traezar"},"content":"    public static void printTaskAddAcknowledge(Task task,int count){","lastModifiedDate":"2022-11-12"},{"lineNumber":5,"author":{"gitId":"Traezar"},"content":"        printDivider();","lastModifiedDate":"2022-11-12"},{"lineNumber":6,"author":{"gitId":"Traezar"},"content":"        System.out.println(\"\\tGot it. I\u0027ve added this task:\");","lastModifiedDate":"2022-11-12"},{"lineNumber":7,"author":{"gitId":"Traezar"},"content":"        System.out.println(\"\\t\\t\"+task);","lastModifiedDate":"2022-11-12"},{"lineNumber":8,"author":{"gitId":"Traezar"},"content":"        printTaskCount(count);","lastModifiedDate":"2022-11-12"},{"lineNumber":9,"author":{"gitId":"Traezar"},"content":"        printDivider();","lastModifiedDate":"2022-11-12"},{"lineNumber":10,"author":{"gitId":"Traezar"},"content":"    }","lastModifiedDate":"2022-11-12"},{"lineNumber":11,"author":{"gitId":"Traezar"},"content":"","lastModifiedDate":"2022-11-12"},{"lineNumber":12,"author":{"gitId":"Traezar"},"content":"    public static void printDeleteAcknowledge(Task task,int count){","lastModifiedDate":"2022-11-12"},{"lineNumber":13,"author":{"gitId":"Traezar"},"content":"        printDivider();","lastModifiedDate":"2022-11-12"},{"lineNumber":14,"author":{"gitId":"Traezar"},"content":"        System.out.println(\"\\tNoted. I\u0027ve removed this task:\");","lastModifiedDate":"2022-11-12"},{"lineNumber":15,"author":{"gitId":"Traezar"},"content":"        System.out.println(\"\\t\\t\"+task);","lastModifiedDate":"2022-11-12"},{"lineNumber":16,"author":{"gitId":"Traezar"},"content":"        printTaskCount(count);","lastModifiedDate":"2022-11-12"},{"lineNumber":17,"author":{"gitId":"Traezar"},"content":"        printDivider();","lastModifiedDate":"2022-11-12"},{"lineNumber":18,"author":{"gitId":"Traezar"},"content":"    }","lastModifiedDate":"2022-11-12"},{"lineNumber":19,"author":{"gitId":"Traezar"},"content":"    public static void printTaskCount(int count){","lastModifiedDate":"2022-11-12"},{"lineNumber":20,"author":{"gitId":"Traezar"},"content":"        System.out.println(\"\\tNow you have \" + count+ \" tasks in the list.\");","lastModifiedDate":"2022-11-12"},{"lineNumber":21,"author":{"gitId":"Traezar"},"content":"    }","lastModifiedDate":"2022-11-12"},{"lineNumber":22,"author":{"gitId":"Traezar"},"content":"    public static void printDivider(){","lastModifiedDate":"2022-11-12"},{"lineNumber":23,"author":{"gitId":"Traezar"},"content":"        System.out.println(\"\\t____________________________________________________________\");","lastModifiedDate":"2022-11-12"},{"lineNumber":24,"author":{"gitId":"Traezar"},"content":"    }","lastModifiedDate":"2022-11-12"},{"lineNumber":25,"author":{"gitId":"Traezar"},"content":"    public static void printBanner(){","lastModifiedDate":"2022-11-12"},{"lineNumber":26,"author":{"gitId":"Traezar"},"content":"        String logo \u003d \" ____        _        \\n\"","lastModifiedDate":"2022-11-12"},{"lineNumber":27,"author":{"gitId":"Traezar"},"content":"                + \"|  _ \\\\ _   _| | _____ \\n\"","lastModifiedDate":"2022-11-12"},{"lineNumber":28,"author":{"gitId":"Traezar"},"content":"                + \"| | | | | | | |/ / _ \\\\\\n\"","lastModifiedDate":"2022-11-12"},{"lineNumber":29,"author":{"gitId":"Traezar"},"content":"                + \"| |_| | |_| |   \u003c  __/\\n\"","lastModifiedDate":"2022-11-12"},{"lineNumber":30,"author":{"gitId":"Traezar"},"content":"                + \"|____/ \\\\__,_|_|\\\\_\\\\___|\\n\";","lastModifiedDate":"2022-11-12"},{"lineNumber":31,"author":{"gitId":"Traezar"},"content":"        System.out.println(logo);","lastModifiedDate":"2022-11-12"},{"lineNumber":32,"author":{"gitId":"Traezar"},"content":"        printDivider();","lastModifiedDate":"2022-11-12"},{"lineNumber":33,"author":{"gitId":"Traezar"},"content":"        System.out.println(\"\\tHello! I\u0027m Duke\");","lastModifiedDate":"2022-11-12"},{"lineNumber":34,"author":{"gitId":"Traezar"},"content":"        System.out.println(\"\\tWhat can I do for you?\");","lastModifiedDate":"2022-11-12"},{"lineNumber":35,"author":{"gitId":"Traezar"},"content":"        printDivider();","lastModifiedDate":"2022-11-12"},{"lineNumber":36,"author":{"gitId":"Traezar"},"content":"    }","lastModifiedDate":"2022-11-12"},{"lineNumber":37,"author":{"gitId":"Traezar"},"content":"","lastModifiedDate":"2022-11-12"},{"lineNumber":38,"author":{"gitId":"Traezar"},"content":"    public static void listTasks(){","lastModifiedDate":"2022-11-12"},{"lineNumber":39,"author":{"gitId":"Traezar"},"content":"        printDivider();","lastModifiedDate":"2022-11-12"},{"lineNumber":40,"author":{"gitId":"Traezar"},"content":"        System.out.println(\"\\tHere are the tasks in your list:\");","lastModifiedDate":"2022-11-12"},{"lineNumber":41,"author":{"gitId":"Traezar"},"content":"        for (int i \u003d 0; i \u003c Tasklist.size(); i++) {","lastModifiedDate":"2022-11-12"},{"lineNumber":42,"author":{"gitId":"Traezar"},"content":"            System.out.println(\"\\t\"+ (i + 1)+\". \"+Tasklist.get(i).toString());","lastModifiedDate":"2022-11-12"},{"lineNumber":43,"author":{"gitId":"Traezar"},"content":"        }","lastModifiedDate":"2022-11-12"},{"lineNumber":44,"author":{"gitId":"Traezar"},"content":"        printDivider();","lastModifiedDate":"2022-11-12"},{"lineNumber":45,"author":{"gitId":"Traezar"},"content":"    }","lastModifiedDate":"2022-11-12"},{"lineNumber":46,"author":{"gitId":"Traezar"},"content":"","lastModifiedDate":"2022-11-12"},{"lineNumber":47,"author":{"gitId":"Traezar"},"content":"    public static void exitMessage(){","lastModifiedDate":"2022-11-12"},{"lineNumber":48,"author":{"gitId":"Traezar"},"content":"        printDivider();","lastModifiedDate":"2022-11-12"},{"lineNumber":49,"author":{"gitId":"Traezar"},"content":"        System.out.println(\"\\tBye. Hope to see you again soon!\");","lastModifiedDate":"2022-11-12"},{"lineNumber":50,"author":{"gitId":"Traezar"},"content":"        printDivider();","lastModifiedDate":"2022-11-12"},{"lineNumber":51,"author":{"gitId":"Traezar"},"content":"    }","lastModifiedDate":"2022-11-12"},{"lineNumber":52,"author":{"gitId":"Traezar"},"content":"}","lastModifiedDate":"2022-11-12"}],"authorContributionMap":{"Traezar":52}},{"path":"src/main/java/duke/UnknownCommandException.java","fileType":"java","lines":[{"lineNumber":1,"author":{"gitId":"Traezar"},"content":"package duke;","lastModifiedDate":"2022-11-12"},{"lineNumber":2,"author":{"gitId":"Traezar"},"content":"public class UnknownCommandException extends Exception{","lastModifiedDate":"2022-11-06"},{"lineNumber":3,"author":{"gitId":"Traezar"},"content":"    public UnknownCommandException() {","lastModifiedDate":"2022-11-06"},{"lineNumber":4,"author":{"gitId":"Traezar"},"content":"        super(\"☹ OOPS!!! I\u0027m sorry, but I don\u0027t know what that means :-(\");","lastModifiedDate":"2022-11-06"},{"lineNumber":5,"author":{"gitId":"Traezar"},"content":"    }","lastModifiedDate":"2022-11-06"},{"lineNumber":6,"author":{"gitId":"Traezar"},"content":"}","lastModifiedDate":"2022-11-06"}],"authorContributionMap":{"Traezar":6}},{"path":"text-ui-test/runtest.sh","fileType":"sh","lines":[{"lineNumber":1,"author":{"gitId":"-"},"content":"#!/usr/bin/env bash","lastModifiedDate":"2020-05-25"},{"lineNumber":2,"author":{"gitId":"-"},"content":"","lastModifiedDate":"2020-05-25"},{"lineNumber":3,"author":{"gitId":"-"},"content":"# create bin directory if it doesn\u0027t exist","lastModifiedDate":"2020-05-25"},{"lineNumber":4,"author":{"gitId":"-"},"content":"if [ ! -d \"../bin\" ]","lastModifiedDate":"2020-05-25"},{"lineNumber":5,"author":{"gitId":"-"},"content":"then","lastModifiedDate":"2020-05-25"},{"lineNumber":6,"author":{"gitId":"-"},"content":"    mkdir ../bin","lastModifiedDate":"2020-05-25"},{"lineNumber":7,"author":{"gitId":"-"},"content":"fi","lastModifiedDate":"2020-05-25"},{"lineNumber":8,"author":{"gitId":"-"},"content":"","lastModifiedDate":"2020-05-25"},{"lineNumber":9,"author":{"gitId":"-"},"content":"# delete output from previous run","lastModifiedDate":"2020-05-25"},{"lineNumber":10,"author":{"gitId":"-"},"content":"if [ -e \"./ACTUAL.TXT\" ]","lastModifiedDate":"2020-05-25"},{"lineNumber":11,"author":{"gitId":"-"},"content":"then","lastModifiedDate":"2020-05-25"},{"lineNumber":12,"author":{"gitId":"-"},"content":"    rm ACTUAL.TXT","lastModifiedDate":"2020-05-25"},{"lineNumber":13,"author":{"gitId":"-"},"content":"fi","lastModifiedDate":"2020-05-25"},{"lineNumber":14,"author":{"gitId":"-"},"content":"","lastModifiedDate":"2020-05-25"},{"lineNumber":15,"author":{"gitId":"-"},"content":"# compile the code into the bin folder, terminates if error occurred","lastModifiedDate":"2020-05-25"},{"lineNumber":16,"author":{"gitId":"Traezar"},"content":"if ! javac -cp ../src/main/java -Xlint:none -d ../bin ../src/main/java/Duke.java","lastModifiedDate":"2022-10-09"},{"lineNumber":17,"author":{"gitId":"-"},"content":"then","lastModifiedDate":"2020-05-25"},{"lineNumber":18,"author":{"gitId":"-"},"content":"    echo \"********** BUILD FAILURE **********\"","lastModifiedDate":"2020-05-25"},{"lineNumber":19,"author":{"gitId":"-"},"content":"    exit 1","lastModifiedDate":"2020-05-25"},{"lineNumber":20,"author":{"gitId":"-"},"content":"fi","lastModifiedDate":"2020-05-25"},{"lineNumber":21,"author":{"gitId":"-"},"content":"","lastModifiedDate":"2020-05-25"},{"lineNumber":22,"author":{"gitId":"-"},"content":"# run the program, feed commands from input.txt file and redirect the output to the ACTUAL.TXT","lastModifiedDate":"2020-05-25"},{"lineNumber":23,"author":{"gitId":"-"},"content":"java -classpath ../bin Duke \u003c input.txt \u003e ACTUAL.TXT","lastModifiedDate":"2020-05-25"},{"lineNumber":24,"author":{"gitId":"-"},"content":"","lastModifiedDate":"2020-05-25"},{"lineNumber":25,"author":{"gitId":"-"},"content":"# compare the output to the expected output","lastModifiedDate":"2020-05-25"},{"lineNumber":26,"author":{"gitId":"Traezar"},"content":"diff ACTUAL.TXT EXPECTED.TXT","lastModifiedDate":"2022-10-09"},{"lineNumber":27,"author":{"gitId":"-"},"content":"if [ $? -eq 0 ]","lastModifiedDate":"2020-05-25"},{"lineNumber":28,"author":{"gitId":"-"},"content":"then","lastModifiedDate":"2020-05-25"},{"lineNumber":29,"author":{"gitId":"-"},"content":"    echo \"Test result: PASSED\"","lastModifiedDate":"2020-05-25"},{"lineNumber":30,"author":{"gitId":"-"},"content":"    exit 0","lastModifiedDate":"2020-05-25"},{"lineNumber":31,"author":{"gitId":"-"},"content":"else","lastModifiedDate":"2020-05-25"},{"lineNumber":32,"author":{"gitId":"-"},"content":"    echo \"Test result: FAILED\"","lastModifiedDate":"2020-05-25"},{"lineNumber":33,"author":{"gitId":"-"},"content":"    exit 1","lastModifiedDate":"2020-05-25"},{"lineNumber":34,"author":{"gitId":"-"},"content":"fi","lastModifiedDate":"2020-05-25"}],"authorContributionMap":{"Traezar":2,"-":32}}]
