{"authorDailyContributionsMap":{"Traezar":[{"date":"2022-09-11","commitResults":[{"hash":"52e1d92f5710d0f2d67959abef6292dc423d872e","messageTitle":"Level-1","messageBody":"","fileTypesAndContributionMap":{"java":{"insertions":18,"deletions":1}}}]},{"date":"2022-09-12","commitResults":[{"hash":"7a8acabc1d024e72611cc73043145e7fb02fe418","messageTitle":"Level-2","messageBody":"","fileTypesAndContributionMap":{"java":{"insertions":48,"deletions":12}}}]},{"date":"2022-10-09","commitResults":[{"hash":"eb86a297e266ab2173ddae7b95450ba2cd79eeff","messageTitle":"Level-3","messageBody":"","fileTypesAndContributionMap":{"java":{"insertions":77,"deletions":13},"sh":{"insertions":2,"deletions":6}}}]},{"date":"2022-10-10","commitResults":[{"hash":"f2196d48bb569c8f81562b23c655fbfd4a0716e6","messageTitle":"Level-4","messageBody":"","fileTypesAndContributionMap":{"java":{"insertions":94,"deletions":9}}}]}]},"authorFileTypeContributionMap":{"Traezar":{"java":203,"md":0,"fxml":0,"sh":2,"bat":0,"gradle":0,"txt":0}},"authorContributionVariance":{"Traezar":358.57812},"authorDisplayNameMap":{"Traezar":"RAJE..EVAN"}}
