[{"path":"README.md","fileType":"md","lines":[{"lineNumber":1,"author":{"gitId":"e0493677"},"content":"# Duke.Duke project template","lastModifiedDate":"2022-11-10"},{"lineNumber":2,"author":{"gitId":"-"},"content":"","lastModifiedDate":"2020-05-25"},{"lineNumber":3,"author":{"gitId":"-"},"content":"This is a project template for a greenfield Java project. It\u0027s named after the Java mascot _Duke_. Given below are instructions on how to use it.","lastModifiedDate":"2020-05-25"},{"lineNumber":4,"author":{"gitId":"-"},"content":"","lastModifiedDate":"2020-05-25"},{"lineNumber":5,"author":{"gitId":"-"},"content":"## Setting up in Intellij","lastModifiedDate":"2020-05-25"},{"lineNumber":6,"author":{"gitId":"-"},"content":"","lastModifiedDate":"2020-05-25"},{"lineNumber":7,"author":{"gitId":"-"},"content":"Prerequisites: JDK 11, update Intellij to the most recent version.","lastModifiedDate":"2020-05-25"},{"lineNumber":8,"author":{"gitId":"-"},"content":"","lastModifiedDate":"2020-05-25"},{"lineNumber":9,"author":{"gitId":"-"},"content":"1. Open Intellij (if you are not in the welcome screen, click `File` \u003e `Close Project` to close the existing project first)","lastModifiedDate":"2021-01-17"},{"lineNumber":10,"author":{"gitId":"-"},"content":"1. Open the project into Intellij as follows:","lastModifiedDate":"2021-01-17"},{"lineNumber":11,"author":{"gitId":"-"},"content":"   1. Click `Open`.","lastModifiedDate":"2021-01-17"},{"lineNumber":12,"author":{"gitId":"-"},"content":"   1. Select the project directory, and click `OK`.","lastModifiedDate":"2021-01-17"},{"lineNumber":13,"author":{"gitId":"-"},"content":"   1. If there are any further prompts, accept the defaults.","lastModifiedDate":"2020-05-25"},{"lineNumber":14,"author":{"gitId":"-"},"content":"1. Configure the project to use **JDK 11** (not other versions) as explained in [here](https://www.jetbrains.com/help/idea/sdk.html#set-up-jdk).\u003cbr\u003e","lastModifiedDate":"2021-07-29"},{"lineNumber":15,"author":{"gitId":"-"},"content":"   In the same dialog, set the **Project language level** field to the `SDK default` option.","lastModifiedDate":"2021-07-29"},{"lineNumber":16,"author":{"gitId":"e0493677"},"content":"3. After that, locate the `src/main/java/Duke.Duke.java` file, right-click it, and choose `Run Duke.Duke.main()` (if the code editor is showing compile errors, try restarting the IDE). If the setup is correct, you should see something like the below as the output:","lastModifiedDate":"2022-11-10"},{"lineNumber":17,"author":{"gitId":"-"},"content":"   ```","lastModifiedDate":"2020-05-25"},{"lineNumber":18,"author":{"gitId":"-"},"content":"   Hello from","lastModifiedDate":"2020-05-25"},{"lineNumber":19,"author":{"gitId":"-"},"content":"    ____        _        ","lastModifiedDate":"2020-05-25"},{"lineNumber":20,"author":{"gitId":"-"},"content":"   |  _ \\ _   _| | _____ ","lastModifiedDate":"2020-05-25"},{"lineNumber":21,"author":{"gitId":"-"},"content":"   | | | | | | | |/ / _ \\","lastModifiedDate":"2020-05-25"},{"lineNumber":22,"author":{"gitId":"-"},"content":"   | |_| | |_| |   \u003c  __/","lastModifiedDate":"2020-05-25"},{"lineNumber":23,"author":{"gitId":"-"},"content":"   |____/ \\__,_|_|\\_\\___|","lastModifiedDate":"2020-05-25"},{"lineNumber":24,"author":{"gitId":"-"},"content":"   ```","lastModifiedDate":"2020-05-25"}],"authorContributionMap":{"e0493677":2,"-":22}},{"path":"build.gradle","fileType":"gradle","lines":[{"lineNumber":1,"author":{"gitId":"-"},"content":"plugins {","lastModifiedDate":"2022-11-10"},{"lineNumber":2,"author":{"gitId":"-"},"content":"    id \u0027java\u0027","lastModifiedDate":"2022-11-10"},{"lineNumber":3,"author":{"gitId":"-"},"content":"    id \u0027application\u0027","lastModifiedDate":"2022-11-10"},{"lineNumber":4,"author":{"gitId":"-"},"content":"    id \u0027com.github.johnrengelman.shadow\u0027 version \u00275.1.0\u0027","lastModifiedDate":"2022-11-10"},{"lineNumber":5,"author":{"gitId":"-"},"content":"}","lastModifiedDate":"2022-11-10"},{"lineNumber":6,"author":{"gitId":"-"},"content":"","lastModifiedDate":"2022-11-10"},{"lineNumber":7,"author":{"gitId":"-"},"content":"repositories {","lastModifiedDate":"2022-11-10"},{"lineNumber":8,"author":{"gitId":"-"},"content":"    mavenCentral()","lastModifiedDate":"2022-11-10"},{"lineNumber":9,"author":{"gitId":"-"},"content":"}","lastModifiedDate":"2022-11-10"},{"lineNumber":10,"author":{"gitId":"-"},"content":"","lastModifiedDate":"2022-11-10"},{"lineNumber":11,"author":{"gitId":"-"},"content":"dependencies {","lastModifiedDate":"2022-11-10"},{"lineNumber":12,"author":{"gitId":"-"},"content":"    testImplementation group: \u0027org.junit.jupiter\u0027, name: \u0027junit-jupiter-api\u0027, version: \u00275.5.0\u0027","lastModifiedDate":"2022-11-10"},{"lineNumber":13,"author":{"gitId":"-"},"content":"    testRuntimeOnly group: \u0027org.junit.jupiter\u0027, name: \u0027junit-jupiter-engine\u0027, version: \u00275.5.0\u0027","lastModifiedDate":"2022-11-10"},{"lineNumber":14,"author":{"gitId":"-"},"content":"}","lastModifiedDate":"2022-11-10"},{"lineNumber":15,"author":{"gitId":"-"},"content":"","lastModifiedDate":"2022-11-10"},{"lineNumber":16,"author":{"gitId":"-"},"content":"test {","lastModifiedDate":"2022-11-10"},{"lineNumber":17,"author":{"gitId":"-"},"content":"    useJUnitPlatform()","lastModifiedDate":"2022-11-10"},{"lineNumber":18,"author":{"gitId":"e0493677"},"content":"    systemProperty \"file.encoding\", \"utf-8\"","lastModifiedDate":"2022-11-10"},{"lineNumber":19,"author":{"gitId":"-"},"content":"","lastModifiedDate":"2022-11-10"},{"lineNumber":20,"author":{"gitId":"-"},"content":"    testLogging {","lastModifiedDate":"2022-11-10"},{"lineNumber":21,"author":{"gitId":"-"},"content":"        events \"passed\", \"skipped\", \"failed\"","lastModifiedDate":"2022-11-10"},{"lineNumber":22,"author":{"gitId":"-"},"content":"","lastModifiedDate":"2022-11-10"},{"lineNumber":23,"author":{"gitId":"-"},"content":"        showExceptions true","lastModifiedDate":"2022-11-10"},{"lineNumber":24,"author":{"gitId":"-"},"content":"        exceptionFormat \"full\"","lastModifiedDate":"2022-11-10"},{"lineNumber":25,"author":{"gitId":"-"},"content":"        showCauses true","lastModifiedDate":"2022-11-10"},{"lineNumber":26,"author":{"gitId":"-"},"content":"        showStackTraces true","lastModifiedDate":"2022-11-10"},{"lineNumber":27,"author":{"gitId":"-"},"content":"        showStandardStreams \u003d false","lastModifiedDate":"2022-11-10"},{"lineNumber":28,"author":{"gitId":"-"},"content":"    }","lastModifiedDate":"2022-11-10"},{"lineNumber":29,"author":{"gitId":"-"},"content":"}","lastModifiedDate":"2022-11-10"},{"lineNumber":30,"author":{"gitId":"-"},"content":"","lastModifiedDate":"2022-11-10"},{"lineNumber":31,"author":{"gitId":"-"},"content":"application {","lastModifiedDate":"2022-11-10"},{"lineNumber":32,"author":{"gitId":"e0493677"},"content":"    mainClassName \u003d \"Duke.Duke\"","lastModifiedDate":"2022-11-10"},{"lineNumber":33,"author":{"gitId":"-"},"content":"}","lastModifiedDate":"2022-11-10"},{"lineNumber":34,"author":{"gitId":"-"},"content":"","lastModifiedDate":"2022-11-10"},{"lineNumber":35,"author":{"gitId":"-"},"content":"shadowJar {","lastModifiedDate":"2022-11-10"},{"lineNumber":36,"author":{"gitId":"-"},"content":"    archiveBaseName \u003d \"duke\"","lastModifiedDate":"2022-11-10"},{"lineNumber":37,"author":{"gitId":"-"},"content":"    archiveClassifier \u003d null","lastModifiedDate":"2022-11-10"},{"lineNumber":38,"author":{"gitId":"-"},"content":"}","lastModifiedDate":"2022-11-10"},{"lineNumber":39,"author":{"gitId":"-"},"content":"","lastModifiedDate":"2022-11-10"},{"lineNumber":40,"author":{"gitId":"-"},"content":"run{","lastModifiedDate":"2022-11-10"},{"lineNumber":41,"author":{"gitId":"-"},"content":"    standardInput \u003d System.in","lastModifiedDate":"2022-11-10"},{"lineNumber":42,"author":{"gitId":"-"},"content":"}","lastModifiedDate":"2022-11-10"}],"authorContributionMap":{"e0493677":2,"-":40}},{"path":"data/duke.txt","fileType":"txt","lines":[{"lineNumber":1,"author":{"gitId":"e0493677"},"content":"Todo | true | borrow book","lastModifiedDate":"2022-11-10"},{"lineNumber":2,"author":{"gitId":"e0493677"},"content":"Deadline | false | return book | 2 Dec 2019 18:00","lastModifiedDate":"2022-11-10"},{"lineNumber":3,"author":{"gitId":"e0493677"},"content":"Event | false | project meeting | 5 Oct 2019 10:00","lastModifiedDate":"2022-11-10"}],"authorContributionMap":{"e0493677":3}},{"path":"src/main/java/Duke/Commands/AddCommand.java","fileType":"java","lines":[{"lineNumber":1,"author":{"gitId":"e0493677"},"content":"package Duke.Commands;","lastModifiedDate":"2022-11-10"},{"lineNumber":2,"author":{"gitId":"e0493677"},"content":"","lastModifiedDate":"2022-11-10"},{"lineNumber":3,"author":{"gitId":"e0493677"},"content":"import Duke.TaskList;","lastModifiedDate":"2022-11-10"},{"lineNumber":4,"author":{"gitId":"e0493677"},"content":"import Duke.Storage;","lastModifiedDate":"2022-11-10"},{"lineNumber":5,"author":{"gitId":"e0493677"},"content":"import Duke.Tasks.Task;","lastModifiedDate":"2022-11-10"},{"lineNumber":6,"author":{"gitId":"e0493677"},"content":"","lastModifiedDate":"2022-11-10"},{"lineNumber":7,"author":{"gitId":"e0493677"},"content":"","lastModifiedDate":"2022-11-10"},{"lineNumber":8,"author":{"gitId":"e0493677"},"content":"/**","lastModifiedDate":"2022-11-10"},{"lineNumber":9,"author":{"gitId":"e0493677"},"content":" * Adds a task to the task list.","lastModifiedDate":"2022-11-10"},{"lineNumber":10,"author":{"gitId":"e0493677"},"content":" */","lastModifiedDate":"2022-11-10"},{"lineNumber":11,"author":{"gitId":"e0493677"},"content":"public class AddCommand extends Command {","lastModifiedDate":"2022-11-10"},{"lineNumber":12,"author":{"gitId":"e0493677"},"content":"    private Task task;","lastModifiedDate":"2022-11-10"},{"lineNumber":13,"author":{"gitId":"e0493677"},"content":"","lastModifiedDate":"2022-11-10"},{"lineNumber":14,"author":{"gitId":"e0493677"},"content":"    public AddCommand(Task task) {","lastModifiedDate":"2022-11-10"},{"lineNumber":15,"author":{"gitId":"e0493677"},"content":"        this.task \u003d task;","lastModifiedDate":"2022-11-10"},{"lineNumber":16,"author":{"gitId":"e0493677"},"content":"    }","lastModifiedDate":"2022-11-10"},{"lineNumber":17,"author":{"gitId":"e0493677"},"content":"","lastModifiedDate":"2022-11-10"},{"lineNumber":18,"author":{"gitId":"e0493677"},"content":"    @Override","lastModifiedDate":"2022-11-10"},{"lineNumber":19,"author":{"gitId":"e0493677"},"content":"    public String execute(Storage storage, TaskList taskList) {","lastModifiedDate":"2022-11-10"},{"lineNumber":20,"author":{"gitId":"e0493677"},"content":"        taskList.addTask(task);","lastModifiedDate":"2022-11-10"},{"lineNumber":21,"author":{"gitId":"e0493677"},"content":"        String output \u003d \"Got it! I have added this task to your list:\\n  \"","lastModifiedDate":"2022-11-10"},{"lineNumber":22,"author":{"gitId":"e0493677"},"content":"                + task.getDescription()","lastModifiedDate":"2022-11-10"},{"lineNumber":23,"author":{"gitId":"e0493677"},"content":"                + \"\\nNow you have \" + taskList.getSize() + \" tasks in the list.\";","lastModifiedDate":"2022-11-10"},{"lineNumber":24,"author":{"gitId":"e0493677"},"content":"        return output;","lastModifiedDate":"2022-11-10"},{"lineNumber":25,"author":{"gitId":"e0493677"},"content":"    }","lastModifiedDate":"2022-11-10"},{"lineNumber":26,"author":{"gitId":"e0493677"},"content":"}","lastModifiedDate":"2022-11-10"}],"authorContributionMap":{"e0493677":26}},{"path":"src/main/java/Duke/Commands/Command.java","fileType":"java","lines":[{"lineNumber":1,"author":{"gitId":"e0493677"},"content":"package Duke.Commands;","lastModifiedDate":"2022-11-10"},{"lineNumber":2,"author":{"gitId":"e0493677"},"content":"","lastModifiedDate":"2022-11-10"},{"lineNumber":3,"author":{"gitId":"e0493677"},"content":"import Duke.Storage;","lastModifiedDate":"2022-11-10"},{"lineNumber":4,"author":{"gitId":"e0493677"},"content":"import Duke.TaskList;","lastModifiedDate":"2022-11-10"},{"lineNumber":5,"author":{"gitId":"e0493677"},"content":"","lastModifiedDate":"2022-11-10"},{"lineNumber":6,"author":{"gitId":"e0493677"},"content":"/**","lastModifiedDate":"2022-11-10"},{"lineNumber":7,"author":{"gitId":"e0493677"},"content":" * Represents an executable command.","lastModifiedDate":"2022-11-10"},{"lineNumber":8,"author":{"gitId":"e0493677"},"content":" */","lastModifiedDate":"2022-11-10"},{"lineNumber":9,"author":{"gitId":"e0493677"},"content":"public abstract class Command {","lastModifiedDate":"2022-11-10"},{"lineNumber":10,"author":{"gitId":"e0493677"},"content":"    public abstract String execute(Storage storage, TaskList task);","lastModifiedDate":"2022-11-10"},{"lineNumber":11,"author":{"gitId":"e0493677"},"content":"}","lastModifiedDate":"2022-11-10"}],"authorContributionMap":{"e0493677":11}},{"path":"src/main/java/Duke/Commands/DeleteCommand.java","fileType":"java","lines":[{"lineNumber":1,"author":{"gitId":"e0493677"},"content":"package Duke.Commands;","lastModifiedDate":"2022-11-10"},{"lineNumber":2,"author":{"gitId":"e0493677"},"content":"","lastModifiedDate":"2022-11-10"},{"lineNumber":3,"author":{"gitId":"e0493677"},"content":"import Duke.Storage;","lastModifiedDate":"2022-11-10"},{"lineNumber":4,"author":{"gitId":"e0493677"},"content":"import Duke.TaskList;","lastModifiedDate":"2022-11-10"},{"lineNumber":5,"author":{"gitId":"e0493677"},"content":"import Duke.Tasks.Task;","lastModifiedDate":"2022-11-10"},{"lineNumber":6,"author":{"gitId":"e0493677"},"content":"","lastModifiedDate":"2022-11-10"},{"lineNumber":7,"author":{"gitId":"e0493677"},"content":"/**","lastModifiedDate":"2022-11-10"},{"lineNumber":8,"author":{"gitId":"e0493677"},"content":" * Deletes a task to the task list.","lastModifiedDate":"2022-11-10"},{"lineNumber":9,"author":{"gitId":"e0493677"},"content":" */","lastModifiedDate":"2022-11-10"},{"lineNumber":10,"author":{"gitId":"e0493677"},"content":"public class DeleteCommand extends Command {","lastModifiedDate":"2022-11-10"},{"lineNumber":11,"author":{"gitId":"e0493677"},"content":"    private final int input;","lastModifiedDate":"2022-11-10"},{"lineNumber":12,"author":{"gitId":"e0493677"},"content":"","lastModifiedDate":"2022-11-10"},{"lineNumber":13,"author":{"gitId":"e0493677"},"content":"    public DeleteCommand(int input) {","lastModifiedDate":"2022-11-10"},{"lineNumber":14,"author":{"gitId":"e0493677"},"content":"        this.input \u003d input;","lastModifiedDate":"2022-11-10"},{"lineNumber":15,"author":{"gitId":"e0493677"},"content":"    }","lastModifiedDate":"2022-11-10"},{"lineNumber":16,"author":{"gitId":"e0493677"},"content":"","lastModifiedDate":"2022-11-10"},{"lineNumber":17,"author":{"gitId":"e0493677"},"content":"    @Override","lastModifiedDate":"2022-11-10"},{"lineNumber":18,"author":{"gitId":"e0493677"},"content":"    public String execute(Storage storage, TaskList taskList) {","lastModifiedDate":"2022-11-10"},{"lineNumber":19,"author":{"gitId":"e0493677"},"content":"        Task currTask \u003d taskList.getTask(input-1);","lastModifiedDate":"2022-11-10"},{"lineNumber":20,"author":{"gitId":"e0493677"},"content":"        String output \u003d \"Noted. I\u0027ve removed this task:\\n\";","lastModifiedDate":"2022-11-10"},{"lineNumber":21,"author":{"gitId":"e0493677"},"content":"        output \u003d output.concat(\"  \" + currTask.getDescription() + \"\\n\");","lastModifiedDate":"2022-11-10"},{"lineNumber":22,"author":{"gitId":"e0493677"},"content":"        taskList.removeTask(currTask);","lastModifiedDate":"2022-11-10"},{"lineNumber":23,"author":{"gitId":"e0493677"},"content":"        output \u003d output.concat(\"Now you have \" + taskList.getSize() + \" tasks in the list.\");","lastModifiedDate":"2022-11-10"},{"lineNumber":24,"author":{"gitId":"e0493677"},"content":"","lastModifiedDate":"2022-11-10"},{"lineNumber":25,"author":{"gitId":"e0493677"},"content":"        return output;","lastModifiedDate":"2022-11-10"},{"lineNumber":26,"author":{"gitId":"e0493677"},"content":"    }","lastModifiedDate":"2022-11-10"},{"lineNumber":27,"author":{"gitId":"e0493677"},"content":"}","lastModifiedDate":"2022-11-10"}],"authorContributionMap":{"e0493677":27}},{"path":"src/main/java/Duke/Commands/ExitCommand.java","fileType":"java","lines":[{"lineNumber":1,"author":{"gitId":"e0493677"},"content":"package Duke.Commands;","lastModifiedDate":"2022-11-10"},{"lineNumber":2,"author":{"gitId":"e0493677"},"content":"","lastModifiedDate":"2022-11-10"},{"lineNumber":3,"author":{"gitId":"e0493677"},"content":"import Duke.Messages;","lastModifiedDate":"2022-11-10"},{"lineNumber":4,"author":{"gitId":"e0493677"},"content":"import Duke.TaskList;","lastModifiedDate":"2022-11-10"},{"lineNumber":5,"author":{"gitId":"e0493677"},"content":"import Duke.Storage;","lastModifiedDate":"2022-11-10"},{"lineNumber":6,"author":{"gitId":"e0493677"},"content":"","lastModifiedDate":"2022-11-10"},{"lineNumber":7,"author":{"gitId":"e0493677"},"content":"/**","lastModifiedDate":"2022-11-10"},{"lineNumber":8,"author":{"gitId":"e0493677"},"content":" * Terminates the program.","lastModifiedDate":"2022-11-10"},{"lineNumber":9,"author":{"gitId":"e0493677"},"content":" */","lastModifiedDate":"2022-11-10"},{"lineNumber":10,"author":{"gitId":"e0493677"},"content":"public class ExitCommand extends Command{","lastModifiedDate":"2022-11-10"},{"lineNumber":11,"author":{"gitId":"e0493677"},"content":"    public String execute(Storage storage, TaskList taskList) {","lastModifiedDate":"2022-11-10"},{"lineNumber":12,"author":{"gitId":"e0493677"},"content":"        return Messages.MESSAGE_GOODBYE;","lastModifiedDate":"2022-11-10"},{"lineNumber":13,"author":{"gitId":"e0493677"},"content":"    }","lastModifiedDate":"2022-11-10"},{"lineNumber":14,"author":{"gitId":"e0493677"},"content":"}","lastModifiedDate":"2022-11-10"}],"authorContributionMap":{"e0493677":14}},{"path":"src/main/java/Duke/Commands/ListCommand.java","fileType":"java","lines":[{"lineNumber":1,"author":{"gitId":"e0493677"},"content":"package Duke.Commands;","lastModifiedDate":"2022-11-10"},{"lineNumber":2,"author":{"gitId":"e0493677"},"content":"","lastModifiedDate":"2022-11-10"},{"lineNumber":3,"author":{"gitId":"e0493677"},"content":"import Duke.Storage;","lastModifiedDate":"2022-11-10"},{"lineNumber":4,"author":{"gitId":"e0493677"},"content":"import Duke.TaskList;","lastModifiedDate":"2022-11-10"},{"lineNumber":5,"author":{"gitId":"e0493677"},"content":"import Duke.Tasks.Task;","lastModifiedDate":"2022-11-10"},{"lineNumber":6,"author":{"gitId":"e0493677"},"content":"","lastModifiedDate":"2022-11-10"},{"lineNumber":7,"author":{"gitId":"e0493677"},"content":"import java.util.ArrayList;","lastModifiedDate":"2022-11-10"},{"lineNumber":8,"author":{"gitId":"e0493677"},"content":"","lastModifiedDate":"2022-11-10"},{"lineNumber":9,"author":{"gitId":"e0493677"},"content":"","lastModifiedDate":"2022-11-10"},{"lineNumber":10,"author":{"gitId":"e0493677"},"content":"/**","lastModifiedDate":"2022-11-10"},{"lineNumber":11,"author":{"gitId":"e0493677"},"content":" * List all tasks from the task list.","lastModifiedDate":"2022-11-10"},{"lineNumber":12,"author":{"gitId":"e0493677"},"content":" */","lastModifiedDate":"2022-11-10"},{"lineNumber":13,"author":{"gitId":"e0493677"},"content":"public class ListCommand extends Command {","lastModifiedDate":"2022-11-10"},{"lineNumber":14,"author":{"gitId":"e0493677"},"content":"","lastModifiedDate":"2022-11-10"},{"lineNumber":15,"author":{"gitId":"e0493677"},"content":"    @Override","lastModifiedDate":"2022-11-10"},{"lineNumber":16,"author":{"gitId":"e0493677"},"content":"    public String execute(Storage storage, TaskList taskList) {","lastModifiedDate":"2022-11-10"},{"lineNumber":17,"author":{"gitId":"e0493677"},"content":"        ArrayList\u003cTask\u003e listOftask \u003d taskList.getListOfTask();","lastModifiedDate":"2022-11-10"},{"lineNumber":18,"author":{"gitId":"e0493677"},"content":"","lastModifiedDate":"2022-11-10"},{"lineNumber":19,"author":{"gitId":"e0493677"},"content":"        if(listOftask.size() \u003d\u003d 0){","lastModifiedDate":"2022-11-10"},{"lineNumber":20,"author":{"gitId":"e0493677"},"content":"            return \"List is empty\";","lastModifiedDate":"2022-11-10"},{"lineNumber":21,"author":{"gitId":"e0493677"},"content":"        }","lastModifiedDate":"2022-11-10"},{"lineNumber":22,"author":{"gitId":"e0493677"},"content":"        String output\u003d\"\";","lastModifiedDate":"2022-11-10"},{"lineNumber":23,"author":{"gitId":"e0493677"},"content":"","lastModifiedDate":"2022-11-10"},{"lineNumber":24,"author":{"gitId":"e0493677"},"content":"        for (int i \u003d 0; i \u003c listOftask.size(); i++) {","lastModifiedDate":"2022-11-10"},{"lineNumber":25,"author":{"gitId":"e0493677"},"content":"            output \u003d output.concat((i+1 + \". \" + listOftask.get(i).getDescription() + \"\\n\"));","lastModifiedDate":"2022-11-10"},{"lineNumber":26,"author":{"gitId":"e0493677"},"content":"        }","lastModifiedDate":"2022-11-10"},{"lineNumber":27,"author":{"gitId":"e0493677"},"content":"        return output;","lastModifiedDate":"2022-11-10"},{"lineNumber":28,"author":{"gitId":"e0493677"},"content":"    }","lastModifiedDate":"2022-11-10"},{"lineNumber":29,"author":{"gitId":"e0493677"},"content":"}","lastModifiedDate":"2022-11-10"}],"authorContributionMap":{"e0493677":29}},{"path":"src/main/java/Duke/Commands/MarkCommand.java","fileType":"java","lines":[{"lineNumber":1,"author":{"gitId":"e0493677"},"content":"package Duke.Commands;","lastModifiedDate":"2022-11-10"},{"lineNumber":2,"author":{"gitId":"e0493677"},"content":"","lastModifiedDate":"2022-11-10"},{"lineNumber":3,"author":{"gitId":"e0493677"},"content":"import Duke.Storage;","lastModifiedDate":"2022-11-10"},{"lineNumber":4,"author":{"gitId":"e0493677"},"content":"import Duke.TaskList;","lastModifiedDate":"2022-11-10"},{"lineNumber":5,"author":{"gitId":"e0493677"},"content":"import Duke.Tasks.Task;","lastModifiedDate":"2022-11-10"},{"lineNumber":6,"author":{"gitId":"e0493677"},"content":"","lastModifiedDate":"2022-11-10"},{"lineNumber":7,"author":{"gitId":"e0493677"},"content":"/**","lastModifiedDate":"2022-11-10"},{"lineNumber":8,"author":{"gitId":"e0493677"},"content":" * Mark a task as completed in the task list.","lastModifiedDate":"2022-11-10"},{"lineNumber":9,"author":{"gitId":"e0493677"},"content":" */","lastModifiedDate":"2022-11-10"},{"lineNumber":10,"author":{"gitId":"e0493677"},"content":"public class MarkCommand extends Command {","lastModifiedDate":"2022-11-10"},{"lineNumber":11,"author":{"gitId":"e0493677"},"content":"    private final int input;","lastModifiedDate":"2022-11-10"},{"lineNumber":12,"author":{"gitId":"e0493677"},"content":"","lastModifiedDate":"2022-11-10"},{"lineNumber":13,"author":{"gitId":"e0493677"},"content":"    public MarkCommand(int input) {","lastModifiedDate":"2022-11-10"},{"lineNumber":14,"author":{"gitId":"e0493677"},"content":"        this.input \u003d input;","lastModifiedDate":"2022-11-10"},{"lineNumber":15,"author":{"gitId":"e0493677"},"content":"    }","lastModifiedDate":"2022-11-10"},{"lineNumber":16,"author":{"gitId":"e0493677"},"content":"","lastModifiedDate":"2022-11-10"},{"lineNumber":17,"author":{"gitId":"e0493677"},"content":"    @Override","lastModifiedDate":"2022-11-10"},{"lineNumber":18,"author":{"gitId":"e0493677"},"content":"    public String execute(Storage storage, TaskList taskList) {","lastModifiedDate":"2022-11-10"},{"lineNumber":19,"author":{"gitId":"e0493677"},"content":"        Task currTask \u003d taskList.getTask(input-1);","lastModifiedDate":"2022-11-10"},{"lineNumber":20,"author":{"gitId":"e0493677"},"content":"        currTask.markTask();","lastModifiedDate":"2022-11-10"},{"lineNumber":21,"author":{"gitId":"e0493677"},"content":"        return currTask.getDescription();","lastModifiedDate":"2022-11-10"},{"lineNumber":22,"author":{"gitId":"e0493677"},"content":"    }","lastModifiedDate":"2022-11-10"},{"lineNumber":23,"author":{"gitId":"e0493677"},"content":"}","lastModifiedDate":"2022-11-10"}],"authorContributionMap":{"e0493677":23}},{"path":"src/main/java/Duke/Commands/UnmarkCommand.java","fileType":"java","lines":[{"lineNumber":1,"author":{"gitId":"e0493677"},"content":"package Duke.Commands;","lastModifiedDate":"2022-11-10"},{"lineNumber":2,"author":{"gitId":"e0493677"},"content":"","lastModifiedDate":"2022-11-10"},{"lineNumber":3,"author":{"gitId":"e0493677"},"content":"import Duke.Storage;","lastModifiedDate":"2022-11-10"},{"lineNumber":4,"author":{"gitId":"e0493677"},"content":"import Duke.TaskList;","lastModifiedDate":"2022-11-10"},{"lineNumber":5,"author":{"gitId":"e0493677"},"content":"import Duke.Tasks.Task;","lastModifiedDate":"2022-11-10"},{"lineNumber":6,"author":{"gitId":"e0493677"},"content":"","lastModifiedDate":"2022-11-10"},{"lineNumber":7,"author":{"gitId":"e0493677"},"content":"/**","lastModifiedDate":"2022-11-10"},{"lineNumber":8,"author":{"gitId":"e0493677"},"content":" * Mark a task as not completed in the task list.","lastModifiedDate":"2022-11-10"},{"lineNumber":9,"author":{"gitId":"e0493677"},"content":" */","lastModifiedDate":"2022-11-10"},{"lineNumber":10,"author":{"gitId":"e0493677"},"content":"public class UnmarkCommand extends Command {","lastModifiedDate":"2022-11-10"},{"lineNumber":11,"author":{"gitId":"e0493677"},"content":"    private final int input;","lastModifiedDate":"2022-11-10"},{"lineNumber":12,"author":{"gitId":"e0493677"},"content":"","lastModifiedDate":"2022-11-10"},{"lineNumber":13,"author":{"gitId":"e0493677"},"content":"    public UnmarkCommand(int input) {","lastModifiedDate":"2022-11-10"},{"lineNumber":14,"author":{"gitId":"e0493677"},"content":"        this.input \u003d input;","lastModifiedDate":"2022-11-10"},{"lineNumber":15,"author":{"gitId":"e0493677"},"content":"    }","lastModifiedDate":"2022-11-10"},{"lineNumber":16,"author":{"gitId":"e0493677"},"content":"","lastModifiedDate":"2022-11-10"},{"lineNumber":17,"author":{"gitId":"e0493677"},"content":"    @Override","lastModifiedDate":"2022-11-10"},{"lineNumber":18,"author":{"gitId":"e0493677"},"content":"    public String execute(Storage storage, TaskList taskList) {","lastModifiedDate":"2022-11-10"},{"lineNumber":19,"author":{"gitId":"e0493677"},"content":"        Task currTask \u003d taskList.getTask(input-1);","lastModifiedDate":"2022-11-10"},{"lineNumber":20,"author":{"gitId":"e0493677"},"content":"        currTask.unmarkTask();","lastModifiedDate":"2022-11-10"},{"lineNumber":21,"author":{"gitId":"e0493677"},"content":"        return currTask.getDescription();","lastModifiedDate":"2022-11-10"},{"lineNumber":22,"author":{"gitId":"e0493677"},"content":"    }","lastModifiedDate":"2022-11-10"},{"lineNumber":23,"author":{"gitId":"e0493677"},"content":"}","lastModifiedDate":"2022-11-10"}],"authorContributionMap":{"e0493677":23}},{"path":"src/main/java/Duke/Duke.java","fileType":"java","lines":[{"lineNumber":1,"author":{"gitId":"e0493677"},"content":"package Duke;","lastModifiedDate":"2022-11-10"},{"lineNumber":2,"author":{"gitId":"e0493677"},"content":"","lastModifiedDate":"2022-11-10"},{"lineNumber":3,"author":{"gitId":"e0493677"},"content":"import Duke.Commands.Command;","lastModifiedDate":"2022-11-10"},{"lineNumber":4,"author":{"gitId":"e0493677"},"content":"import java.io.IOException;","lastModifiedDate":"2022-11-10"},{"lineNumber":5,"author":{"gitId":"e0493677"},"content":"import java.util.ArrayList;","lastModifiedDate":"2022-11-10"},{"lineNumber":6,"author":{"gitId":"e0493677"},"content":"","lastModifiedDate":"2022-11-10"},{"lineNumber":7,"author":{"gitId":"e0493677"},"content":"/**","lastModifiedDate":"2022-11-10"},{"lineNumber":8,"author":{"gitId":"e0493677"},"content":" * Entry point of the Duke application.","lastModifiedDate":"2022-11-10"},{"lineNumber":9,"author":{"gitId":"e0493677"},"content":" * Initializes the application and starts the interaction with the user.","lastModifiedDate":"2022-11-10"},{"lineNumber":10,"author":{"gitId":"e0493677"},"content":" */","lastModifiedDate":"2022-11-10"},{"lineNumber":11,"author":{"gitId":"e0493677"},"content":"","lastModifiedDate":"2022-11-10"},{"lineNumber":12,"author":{"gitId":"e0493677"},"content":"public class Duke {","lastModifiedDate":"2022-11-10"},{"lineNumber":13,"author":{"gitId":"e0493677"},"content":"","lastModifiedDate":"2022-11-10"},{"lineNumber":14,"author":{"gitId":"e0493677"},"content":"    private Storage storage;","lastModifiedDate":"2022-11-10"},{"lineNumber":15,"author":{"gitId":"e0493677"},"content":"    private TaskList taskList;","lastModifiedDate":"2022-11-10"},{"lineNumber":16,"author":{"gitId":"e0493677"},"content":"","lastModifiedDate":"2022-11-10"},{"lineNumber":17,"author":{"gitId":"e0493677"},"content":"    private Ui ui;","lastModifiedDate":"2022-11-10"},{"lineNumber":18,"author":{"gitId":"e0493677"},"content":"","lastModifiedDate":"2022-11-10"},{"lineNumber":19,"author":{"gitId":"e0493677"},"content":"    /** Loads up the data from the storage file  */","lastModifiedDate":"2022-11-10"},{"lineNumber":20,"author":{"gitId":"e0493677"},"content":"    public Duke(String filePath) {","lastModifiedDate":"2022-11-10"},{"lineNumber":21,"author":{"gitId":"e0493677"},"content":"        ui \u003d new Ui();","lastModifiedDate":"2022-11-10"},{"lineNumber":22,"author":{"gitId":"e0493677"},"content":"        storage \u003d new Storage(filePath);","lastModifiedDate":"2022-11-10"},{"lineNumber":23,"author":{"gitId":"e0493677"},"content":"        try {","lastModifiedDate":"2022-11-10"},{"lineNumber":24,"author":{"gitId":"e0493677"},"content":"            taskList \u003d new TaskList(storage.loadTasks());","lastModifiedDate":"2022-11-10"},{"lineNumber":25,"author":{"gitId":"e0493677"},"content":"        } catch (IOException io) {","lastModifiedDate":"2022-11-10"},{"lineNumber":26,"author":{"gitId":"e0493677"},"content":"            //ui.showLoadingError();","lastModifiedDate":"2022-11-10"},{"lineNumber":27,"author":{"gitId":"e0493677"},"content":"            taskList \u003d new TaskList(new ArrayList\u003c\u003e());","lastModifiedDate":"2022-11-10"},{"lineNumber":28,"author":{"gitId":"e0493677"},"content":"        }","lastModifiedDate":"2022-11-10"},{"lineNumber":29,"author":{"gitId":"e0493677"},"content":"        run();","lastModifiedDate":"2022-11-10"},{"lineNumber":30,"author":{"gitId":"e0493677"},"content":"    }","lastModifiedDate":"2022-11-10"},{"lineNumber":31,"author":{"gitId":"e0493677"},"content":"","lastModifiedDate":"2022-11-10"},{"lineNumber":32,"author":{"gitId":"e0493677"},"content":"    /** Prints welcome message and runs the program until termination */","lastModifiedDate":"2022-11-10"},{"lineNumber":33,"author":{"gitId":"e0493677"},"content":"    public void run() {","lastModifiedDate":"2022-11-10"},{"lineNumber":34,"author":{"gitId":"e0493677"},"content":"        ui.showWelcomeMessage();","lastModifiedDate":"2022-11-10"},{"lineNumber":35,"author":{"gitId":"e0493677"},"content":"        loopTillExit();","lastModifiedDate":"2022-11-10"},{"lineNumber":36,"author":{"gitId":"e0493677"},"content":"        exit();","lastModifiedDate":"2022-11-10"},{"lineNumber":37,"author":{"gitId":"e0493677"},"content":"    }","lastModifiedDate":"2022-11-10"},{"lineNumber":38,"author":{"gitId":"e0493677"},"content":"","lastModifiedDate":"2022-11-10"},{"lineNumber":39,"author":{"gitId":"e0493677"},"content":"    private void loopTillExit() {","lastModifiedDate":"2022-11-10"},{"lineNumber":40,"author":{"gitId":"e0493677"},"content":"        String output;","lastModifiedDate":"2022-11-10"},{"lineNumber":41,"author":{"gitId":"e0493677"},"content":"        do {","lastModifiedDate":"2022-11-10"},{"lineNumber":42,"author":{"gitId":"e0493677"},"content":"            String userCommand \u003d ui.getUserCommand();","lastModifiedDate":"2022-11-10"},{"lineNumber":43,"author":{"gitId":"e0493677"},"content":"            Parser p \u003d new Parser();","lastModifiedDate":"2022-11-10"},{"lineNumber":44,"author":{"gitId":"e0493677"},"content":"            Command c \u003d p.parseCommand(userCommand);","lastModifiedDate":"2022-11-10"},{"lineNumber":45,"author":{"gitId":"e0493677"},"content":"            output \u003d c.execute(storage, taskList);","lastModifiedDate":"2022-11-10"},{"lineNumber":46,"author":{"gitId":"e0493677"},"content":"            ui.showResultToUser(output);","lastModifiedDate":"2022-11-10"},{"lineNumber":47,"author":{"gitId":"e0493677"},"content":"","lastModifiedDate":"2022-11-10"},{"lineNumber":48,"author":{"gitId":"e0493677"},"content":"        } while (!output.equals(Messages.MESSAGE_GOODBYE));","lastModifiedDate":"2022-11-10"},{"lineNumber":49,"author":{"gitId":"e0493677"},"content":"    }","lastModifiedDate":"2022-11-10"},{"lineNumber":50,"author":{"gitId":"e0493677"},"content":"","lastModifiedDate":"2022-11-10"},{"lineNumber":51,"author":{"gitId":"e0493677"},"content":"    /** Save data and exit application */","lastModifiedDate":"2022-11-10"},{"lineNumber":52,"author":{"gitId":"e0493677"},"content":"    public void exit() {","lastModifiedDate":"2022-11-10"},{"lineNumber":53,"author":{"gitId":"e0493677"},"content":"        storage.saveList(taskList.getListOfTask());","lastModifiedDate":"2022-11-10"},{"lineNumber":54,"author":{"gitId":"e0493677"},"content":"        System.exit(0);","lastModifiedDate":"2022-11-10"},{"lineNumber":55,"author":{"gitId":"e0493677"},"content":"    }","lastModifiedDate":"2022-11-10"},{"lineNumber":56,"author":{"gitId":"e0493677"},"content":"","lastModifiedDate":"2022-11-10"},{"lineNumber":57,"author":{"gitId":"e0493677"},"content":"    public static void main(String[] args) {","lastModifiedDate":"2022-11-10"},{"lineNumber":58,"author":{"gitId":"e0493677"},"content":"        new Duke(\"data/duke.txt\").run();","lastModifiedDate":"2022-11-10"},{"lineNumber":59,"author":{"gitId":"e0493677"},"content":"    }","lastModifiedDate":"2022-11-10"},{"lineNumber":60,"author":{"gitId":"e0493677"},"content":"","lastModifiedDate":"2022-11-10"},{"lineNumber":61,"author":{"gitId":"e0493677"},"content":"}","lastModifiedDate":"2022-11-10"}],"authorContributionMap":{"e0493677":61}},{"path":"src/main/java/Duke/Files.java","fileType":"java","lines":[{"lineNumber":1,"author":{"gitId":"e0493677"},"content":"package Duke;","lastModifiedDate":"2022-11-10"},{"lineNumber":2,"author":{"gitId":"e0493677"},"content":"","lastModifiedDate":"2022-11-10"},{"lineNumber":3,"author":{"gitId":"e0493677"},"content":"import Duke.Tasks.Task;","lastModifiedDate":"2022-11-10"},{"lineNumber":4,"author":{"gitId":"e0493677"},"content":"","lastModifiedDate":"2022-11-10"},{"lineNumber":5,"author":{"gitId":"e0493677"},"content":"import java.io.File;","lastModifiedDate":"2022-11-10"},{"lineNumber":6,"author":{"gitId":"e0493677"},"content":"import java.io.FileWriter;","lastModifiedDate":"2022-11-10"},{"lineNumber":7,"author":{"gitId":"e0493677"},"content":"import java.io.IOException;","lastModifiedDate":"2022-11-10"},{"lineNumber":8,"author":{"gitId":"e0493677"},"content":"import java.util.ArrayList;","lastModifiedDate":"2022-11-10"},{"lineNumber":9,"author":{"gitId":"e0493677"},"content":"import java.io.FileNotFoundException;","lastModifiedDate":"2022-11-10"},{"lineNumber":10,"author":{"gitId":"e0493677"},"content":"import java.util.Scanner;","lastModifiedDate":"2022-11-10"},{"lineNumber":11,"author":{"gitId":"e0493677"},"content":"","lastModifiedDate":"2022-11-10"},{"lineNumber":12,"author":{"gitId":"e0493677"},"content":"public class Files {","lastModifiedDate":"2022-11-10"},{"lineNumber":13,"author":{"gitId":"e0493677"},"content":"","lastModifiedDate":"2022-11-10"},{"lineNumber":14,"author":{"gitId":"e0493677"},"content":"    public static ArrayList\u003cTask\u003e readDukeFile(File fileDuke){","lastModifiedDate":"2022-11-10"},{"lineNumber":15,"author":{"gitId":"e0493677"},"content":"        ArrayList\u003cTask\u003e list \u003d new ArrayList\u003c\u003e();","lastModifiedDate":"2022-11-10"},{"lineNumber":16,"author":{"gitId":"e0493677"},"content":"","lastModifiedDate":"2022-11-10"},{"lineNumber":17,"author":{"gitId":"e0493677"},"content":"        if (!fileDuke.exists()){","lastModifiedDate":"2022-11-10"},{"lineNumber":18,"author":{"gitId":"e0493677"},"content":"            return list;","lastModifiedDate":"2022-11-10"},{"lineNumber":19,"author":{"gitId":"e0493677"},"content":"        }","lastModifiedDate":"2022-11-10"},{"lineNumber":20,"author":{"gitId":"e0493677"},"content":"","lastModifiedDate":"2022-11-10"},{"lineNumber":21,"author":{"gitId":"e0493677"},"content":"        //update tasks list from duke.txt","lastModifiedDate":"2022-11-10"},{"lineNumber":22,"author":{"gitId":"e0493677"},"content":"","lastModifiedDate":"2022-11-10"},{"lineNumber":23,"author":{"gitId":"e0493677"},"content":"        return list;","lastModifiedDate":"2022-11-10"},{"lineNumber":24,"author":{"gitId":"e0493677"},"content":"    }","lastModifiedDate":"2022-11-10"},{"lineNumber":25,"author":{"gitId":"e0493677"},"content":"","lastModifiedDate":"2022-11-10"},{"lineNumber":26,"author":{"gitId":"e0493677"},"content":"","lastModifiedDate":"2022-11-10"},{"lineNumber":27,"author":{"gitId":"e0493677"},"content":"    private static void printFileContents(String filePath) throws FileNotFoundException {","lastModifiedDate":"2022-11-10"},{"lineNumber":28,"author":{"gitId":"e0493677"},"content":"        File f \u003d new File(filePath); // create a File for the given file path","lastModifiedDate":"2022-11-10"},{"lineNumber":29,"author":{"gitId":"e0493677"},"content":"        Scanner s \u003d new Scanner(f); // create a Scanner using the File as the source","lastModifiedDate":"2022-11-10"},{"lineNumber":30,"author":{"gitId":"e0493677"},"content":"        while (s.hasNext()) {","lastModifiedDate":"2022-11-10"},{"lineNumber":31,"author":{"gitId":"e0493677"},"content":"            System.out.println(s.nextLine());","lastModifiedDate":"2022-11-10"},{"lineNumber":32,"author":{"gitId":"e0493677"},"content":"        }","lastModifiedDate":"2022-11-10"},{"lineNumber":33,"author":{"gitId":"e0493677"},"content":"    }","lastModifiedDate":"2022-11-10"},{"lineNumber":34,"author":{"gitId":"e0493677"},"content":"","lastModifiedDate":"2022-11-10"},{"lineNumber":35,"author":{"gitId":"e0493677"},"content":"    public static void checkDataDirectory(){","lastModifiedDate":"2022-11-10"},{"lineNumber":36,"author":{"gitId":"e0493677"},"content":"        File dataDirectory \u003d new File(\"data\");","lastModifiedDate":"2022-11-10"},{"lineNumber":37,"author":{"gitId":"e0493677"},"content":"        if (!dataDirectory.exists()){","lastModifiedDate":"2022-11-10"},{"lineNumber":38,"author":{"gitId":"e0493677"},"content":"            dataDirectory.mkdir();","lastModifiedDate":"2022-11-10"},{"lineNumber":39,"author":{"gitId":"e0493677"},"content":"        }","lastModifiedDate":"2022-11-10"},{"lineNumber":40,"author":{"gitId":"e0493677"},"content":"    }","lastModifiedDate":"2022-11-10"},{"lineNumber":41,"author":{"gitId":"e0493677"},"content":"","lastModifiedDate":"2022-11-10"},{"lineNumber":42,"author":{"gitId":"e0493677"},"content":"    public static void writeToFile(File fileDuke, ArrayList\u003cTask\u003e list) throws IOException {","lastModifiedDate":"2022-11-10"},{"lineNumber":43,"author":{"gitId":"e0493677"},"content":"        try {","lastModifiedDate":"2022-11-10"},{"lineNumber":44,"author":{"gitId":"e0493677"},"content":"            FileWriter fw \u003d new FileWriter(fileDuke.getPath());","lastModifiedDate":"2022-11-10"},{"lineNumber":45,"author":{"gitId":"e0493677"},"content":"            for(Task t: list) {","lastModifiedDate":"2022-11-10"},{"lineNumber":46,"author":{"gitId":"e0493677"},"content":"                fw.write(t.getDescription() + System.lineSeparator());","lastModifiedDate":"2022-11-10"},{"lineNumber":47,"author":{"gitId":"e0493677"},"content":"            }","lastModifiedDate":"2022-11-10"},{"lineNumber":48,"author":{"gitId":"e0493677"},"content":"            fw.close();","lastModifiedDate":"2022-11-10"},{"lineNumber":49,"author":{"gitId":"e0493677"},"content":"        } catch (IOException e) {","lastModifiedDate":"2022-11-10"},{"lineNumber":50,"author":{"gitId":"e0493677"},"content":"            System.out.println(\"Failed writing to duke file: \" + e.getMessage());","lastModifiedDate":"2022-11-10"},{"lineNumber":51,"author":{"gitId":"e0493677"},"content":"        }","lastModifiedDate":"2022-11-10"},{"lineNumber":52,"author":{"gitId":"e0493677"},"content":"","lastModifiedDate":"2022-11-10"},{"lineNumber":53,"author":{"gitId":"e0493677"},"content":"    }","lastModifiedDate":"2022-11-10"},{"lineNumber":54,"author":{"gitId":"e0493677"},"content":"}","lastModifiedDate":"2022-11-10"},{"lineNumber":55,"author":{"gitId":"e0493677"},"content":"","lastModifiedDate":"2022-11-10"},{"lineNumber":56,"author":{"gitId":"e0493677"},"content":"","lastModifiedDate":"2022-11-10"}],"authorContributionMap":{"e0493677":56}},{"path":"src/main/java/Duke/InvalidTaskCommand.java","fileType":"java","lines":[{"lineNumber":1,"author":{"gitId":"e0493677"},"content":"package Duke;","lastModifiedDate":"2022-11-10"},{"lineNumber":2,"author":{"gitId":"e0493677"},"content":"","lastModifiedDate":"2022-11-10"},{"lineNumber":3,"author":{"gitId":"e0493677"},"content":"public class InvalidTaskCommand extends Exception{","lastModifiedDate":"2022-10-16"},{"lineNumber":4,"author":{"gitId":"e0493677"},"content":"}","lastModifiedDate":"2022-10-16"}],"authorContributionMap":{"e0493677":4}},{"path":"src/main/java/Duke/InvalidTaskCreation.java","fileType":"java","lines":[{"lineNumber":1,"author":{"gitId":"e0493677"},"content":"package Duke;","lastModifiedDate":"2022-11-10"},{"lineNumber":2,"author":{"gitId":"e0493677"},"content":"","lastModifiedDate":"2022-11-10"},{"lineNumber":3,"author":{"gitId":"e0493677"},"content":"public class InvalidTaskCreation extends Exception{","lastModifiedDate":"2022-10-16"},{"lineNumber":4,"author":{"gitId":"e0493677"},"content":"}","lastModifiedDate":"2022-10-16"}],"authorContributionMap":{"e0493677":4}},{"path":"src/main/java/Duke/Messages.java","fileType":"java","lines":[{"lineNumber":1,"author":{"gitId":"e0493677"},"content":"package Duke;","lastModifiedDate":"2022-11-10"},{"lineNumber":2,"author":{"gitId":"e0493677"},"content":"","lastModifiedDate":"2022-11-10"},{"lineNumber":3,"author":{"gitId":"e0493677"},"content":"/**","lastModifiedDate":"2022-11-10"},{"lineNumber":4,"author":{"gitId":"e0493677"},"content":" * Container for messages.","lastModifiedDate":"2022-11-10"},{"lineNumber":5,"author":{"gitId":"e0493677"},"content":" */","lastModifiedDate":"2022-11-10"},{"lineNumber":6,"author":{"gitId":"e0493677"},"content":"","lastModifiedDate":"2022-11-10"},{"lineNumber":7,"author":{"gitId":"e0493677"},"content":"public class Messages {","lastModifiedDate":"2022-11-10"},{"lineNumber":8,"author":{"gitId":"e0493677"},"content":"    public static final String LOGO \u003d","lastModifiedDate":"2022-11-10"},{"lineNumber":9,"author":{"gitId":"e0493677"},"content":"            \"⠀⠀⠀⠀⠀⠀⠀⠀⠀⠀⠀⠀⠀⠀⠀⡀⠀⠀⠀⠀⠀⠀⠀⠀⠀⠀⠀⠀⠀⠀⠀⠀⠀⠀⠀⠀     ⣀⠀⠀⠀⠀⠀⠀⠀⠀⠀⠀⠀⠀⠀⠀⠀\\n\" +","lastModifiedDate":"2022-11-10"},{"lineNumber":10,"author":{"gitId":"e0493677"},"content":"            \"⠀⠀⠀⠀⠀⠀⠀⠀⠀⠀⠀⠀⠀⢀⣾⠿⠿⣷⣦⣀⠀⢀⣀⣀⣤⣤⣤⣤⣤⣄⣀⡀⢀⣤⣶⠿⠿⣷⡀⠀⠀⠀⠀⠀⠀⠀⠀⠀⠀⠀⠀⠀\\n\" +","lastModifiedDate":"2022-11-10"},{"lineNumber":11,"author":{"gitId":"e0493677"},"content":"            \"⠀⠀⠀⠀⠀⠀⠀⠀⠀⠀⠀⠀⠀⣼⡟⢸⠀⠀⠉⠻⠿⠛⠛⠋⠉⠉⠉⠉⠉⠙⠛⠻⠿⠋⠁⠀⠀⢻⣧⠀⠀⠀⠀⠀⠀⠀⠀⠀⠀⠀⠀⠀\\n\" +","lastModifiedDate":"2022-11-10"},{"lineNumber":12,"author":{"gitId":"e0493677"},"content":"            \"⠀⠀⠀⠀⠀⠀⠀⠀⠀⠀⠀⠀⢀⣿⡇⠘⠀⠀⠀⠀⠀⠀⠀⠀⠀⠀⠀⠀⠀⠀⠀⠀⠀⠀⢀⡀⠀⢸⣿⡀⠀⠀⠀⠀⠀⠀⠀⠀⠀⠀⠀⠀\\n\" +","lastModifiedDate":"2022-11-10"},{"lineNumber":13,"author":{"gitId":"e0493677"},"content":"            \"⠀⠀⠀⠀⠀⠀⠀⠀⠀⠀⠀⣰⡿⠛⠀⠀⠐⢠⣦⣦⣦⣶⣶⣶⣶⣶⣶⣶⣶⣶⣶⣶⣶⣶⣶⣄⠀⠀⠙⣿⣄⠀⠀⠀⠀⠀⠀⠀⠀⠀⠀⠀\\n\" +","lastModifiedDate":"2022-11-10"},{"lineNumber":14,"author":{"gitId":"e0493677"},"content":"            \"⠀⠀⠀⠀⠀⠀⠀⠀⠀⠀⣸⡟⠀⠀⠀⠀⠀⠸⣿⣿⣿⣿⣿⣿⣿⣿⠀⠸⣿⣿⣿⣿⣿⣿⣿⡇⡄⠀⠀⠈⢿⣆⠀⠀⠀⠀⠀⠀⠀⠀⠀⠀\\n\" +","lastModifiedDate":"2022-11-10"},{"lineNumber":15,"author":{"gitId":"e0493677"},"content":"            \"⠀⠀⠀⠀⠀⠀⠀⠀⠀⠀⣿⠇⠀⠀⠀⠀⠀⠀⢻⣿⣿⣿⣿⣿⡿⠁⣼⣄⠙⠿⣿⣿⣿⡿⠟⠀⠀⠀⠀⠀⢸⣿⠀⠀⠀⠀⠀⠀⠀⠀⠀⠀\\n\" +","lastModifiedDate":"2022-11-10"},{"lineNumber":16,"author":{"gitId":"e0493677"},"content":"            \"⠀⠀⠀⠀⠀⠀⠀⠀⠀⠀⣿⡆⠀⠀⠀⠀⠀⣴⡿⠛⢿⡏⠉⠈⠰⡿⠛⠻⡿⠀⠀⠀⠀⠀⠀⠀⠀⠀⠀⠀⢸⣿⠀⠀⠀⠀⠀⠀⠀⠀⠀⠀\\n\" +","lastModifiedDate":"2022-11-10"},{"lineNumber":17,"author":{"gitId":"e0493677"},"content":"            \"⠀⠀⠀⠀⠀⠀⠀⠀⠀⠀⠸⣿⡀⢀⠀⠀⣸⣿⠁⠀⢸⣿⠀⠀⠀⠀⠀⠀⠀⠀⠀⠀⠀⠀⠀⠀⠀⠀⠀⢀⣿⠇⠀⠀⠀⠀⠀⠀⠀⠀⠀⠀\\n\" +","lastModifiedDate":"2022-11-10"},{"lineNumber":18,"author":{"gitId":"e0493677"},"content":"            \"⠀⠀⠀⠀⠀⠀⠀⠀⠀⠀⠀⢙⣿⣶⡄⡾⠟⠃⠀⠀⣾⡏⠀⠀⠀⠀⠀⠀⠀⠀⠀⠀⠀⠀⠀⠀⠀⠀⠸⠿⣯⣀⠀⠀⠀⠀⠀⠀⠀⠀⠀⠀\\n\" +","lastModifiedDate":"2022-11-10"},{"lineNumber":19,"author":{"gitId":"e0493677"},"content":"            \"⠀⠀⠀⠀⠀⠀⠀⠀⠀⠀⢠⣿⠃⠀⠀⠀⠀⠀⠀⣴⡿⠁⠀⠀⠀⠀⠀⠀⠀⠀⠀⠀⠀⠀⠀⢀⣀⠀⠀⠀⠘⣿⡄⠀⠀⠀⠀⠀⠀⠀⠀⠀\\n\" +","lastModifiedDate":"2022-11-10"},{"lineNumber":20,"author":{"gitId":"e0493677"},"content":"            \"⢀⡀⡀⣀⣀⣀⠀⠀⠀⠀⣿⡇⠀⠀⠀⠀⠀⠀⠀⠊⠀⠀⠀⠀⠀⢀⣀⠀⠀⠀⠀⠀⠀⣤⣾⠿⠛⠃⠀⠀⠀⣸⣷⠀⠀⠀⠀⣀⣀⡀⡀⠀\\n\" +","lastModifiedDate":"2022-11-10"},{"lineNumber":21,"author":{"gitId":"e0493677"},"content":"            \"⠺⠿⠛⠛⠛⠛⠿⠿⠿⠿⠿⠿⠿⠿⠿⠷⣶⢶⡶⡶⠶⠿⠿⠿⠿⠟⠛⠛⠻⠿⠿⠿⢿⣿⣀⣠⣤⣤⣤⣤⣶⠿⠛⠛⠛⠛⠛⠛⠛⠛⠻⠃\\n\" +","lastModifiedDate":"2022-11-10"},{"lineNumber":22,"author":{"gitId":"e0493677"},"content":"            \"⠀⠀⠀⠀⠀⠀⠀⠀⠀⠀⠀⠀⠀⠀⠀⠀⠀⠀⠀⠀⠀⠀⠀⠀⠀⠀⠀⠀⠀⠀⠀⠀⠀⠉⠉⠉⠉⠉⠉⠉⠀⠀⠀⠀⠀⠀⠀⠀⠀⠀⠀⠀\";","lastModifiedDate":"2022-11-10"},{"lineNumber":23,"author":{"gitId":"e0493677"},"content":"    public static final String MESSAGE_GOODBYE \u003d \"Bye. Hope to see you again soon!\";","lastModifiedDate":"2022-11-10"},{"lineNumber":24,"author":{"gitId":"e0493677"},"content":"    /*public static final String MESSAGE_INIT_FAILED \u003d \"Failed to initialise application. Exiting...\";","lastModifiedDate":"2022-11-10"},{"lineNumber":25,"author":{"gitId":"e0493677"},"content":"    public static final String MESSAGE_INVALID_COMMAND_FORMAT \u003d \"Invalid command format! \\n%1$s\";*/","lastModifiedDate":"2022-11-10"},{"lineNumber":26,"author":{"gitId":"e0493677"},"content":"    public static final String MESSAGE_WELCOME \u003d \"Hello! I\u0027m Milo\\nWhat can I do for you?\";","lastModifiedDate":"2022-11-10"},{"lineNumber":27,"author":{"gitId":"e0493677"},"content":"}","lastModifiedDate":"2022-11-10"}],"authorContributionMap":{"e0493677":27}},{"path":"src/main/java/Duke/Parser.java","fileType":"java","lines":[{"lineNumber":1,"author":{"gitId":"e0493677"},"content":"package Duke;","lastModifiedDate":"2022-11-10"},{"lineNumber":2,"author":{"gitId":"e0493677"},"content":"","lastModifiedDate":"2022-11-10"},{"lineNumber":3,"author":{"gitId":"e0493677"},"content":"import Duke.Commands.Command;","lastModifiedDate":"2022-11-10"},{"lineNumber":4,"author":{"gitId":"e0493677"},"content":"import Duke.Commands.AddCommand;","lastModifiedDate":"2022-11-10"},{"lineNumber":5,"author":{"gitId":"e0493677"},"content":"import Duke.Commands.ExitCommand;","lastModifiedDate":"2022-11-10"},{"lineNumber":6,"author":{"gitId":"e0493677"},"content":"import Duke.Commands.MarkCommand;","lastModifiedDate":"2022-11-10"},{"lineNumber":7,"author":{"gitId":"e0493677"},"content":"import Duke.Commands.ListCommand;","lastModifiedDate":"2022-11-10"},{"lineNumber":8,"author":{"gitId":"e0493677"},"content":"import Duke.Commands.UnmarkCommand;","lastModifiedDate":"2022-11-10"},{"lineNumber":9,"author":{"gitId":"e0493677"},"content":"import Duke.Commands.DeleteCommand;","lastModifiedDate":"2022-11-10"},{"lineNumber":10,"author":{"gitId":"e0493677"},"content":"import Duke.Tasks.*;","lastModifiedDate":"2022-11-10"},{"lineNumber":11,"author":{"gitId":"e0493677"},"content":"","lastModifiedDate":"2022-11-10"},{"lineNumber":12,"author":{"gitId":"e0493677"},"content":"import java.time.LocalDateTime;","lastModifiedDate":"2022-11-10"},{"lineNumber":13,"author":{"gitId":"e0493677"},"content":"import java.time.format.DateTimeFormatter;","lastModifiedDate":"2022-11-10"},{"lineNumber":14,"author":{"gitId":"e0493677"},"content":"import java.util.regex.Matcher;","lastModifiedDate":"2022-11-10"},{"lineNumber":15,"author":{"gitId":"e0493677"},"content":"import java.util.regex.Pattern;","lastModifiedDate":"2022-11-10"},{"lineNumber":16,"author":{"gitId":"e0493677"},"content":"","lastModifiedDate":"2022-11-10"},{"lineNumber":17,"author":{"gitId":"e0493677"},"content":"public class Parser {","lastModifiedDate":"2022-11-10"},{"lineNumber":18,"author":{"gitId":"e0493677"},"content":"","lastModifiedDate":"2022-11-10"},{"lineNumber":19,"author":{"gitId":"e0493677"},"content":"    /**","lastModifiedDate":"2022-11-10"},{"lineNumber":20,"author":{"gitId":"e0493677"},"content":"     * Used for initial separation of command word and args.","lastModifiedDate":"2022-11-10"},{"lineNumber":21,"author":{"gitId":"e0493677"},"content":"     */","lastModifiedDate":"2022-11-10"},{"lineNumber":22,"author":{"gitId":"e0493677"},"content":"    public static final Pattern BASIC_COMMAND_FORMAT \u003d Pattern.compile(\"(?\u003ccommand\u003e\\\\S+)(?\u003carguments\u003e.*)\");","lastModifiedDate":"2022-11-10"},{"lineNumber":23,"author":{"gitId":"e0493677"},"content":"","lastModifiedDate":"2022-11-10"},{"lineNumber":24,"author":{"gitId":"e0493677"},"content":"    /**","lastModifiedDate":"2022-11-10"},{"lineNumber":25,"author":{"gitId":"e0493677"},"content":"     * Parses user input into command for execution.","lastModifiedDate":"2022-11-10"},{"lineNumber":26,"author":{"gitId":"e0493677"},"content":"     */","lastModifiedDate":"2022-11-10"},{"lineNumber":27,"author":{"gitId":"e0493677"},"content":"    public Command parseCommand(String userInput) {","lastModifiedDate":"2022-11-10"},{"lineNumber":28,"author":{"gitId":"e0493677"},"content":"        final Matcher matcher \u003d BASIC_COMMAND_FORMAT.matcher(userInput.trim());","lastModifiedDate":"2022-11-10"},{"lineNumber":29,"author":{"gitId":"e0493677"},"content":"        if (!matcher.matches()) {","lastModifiedDate":"2022-11-10"},{"lineNumber":30,"author":{"gitId":"e0493677"},"content":"            System.out.println(\"Parse does not match\");","lastModifiedDate":"2022-11-10"},{"lineNumber":31,"author":{"gitId":"e0493677"},"content":"        }","lastModifiedDate":"2022-11-10"},{"lineNumber":32,"author":{"gitId":"e0493677"},"content":"","lastModifiedDate":"2022-11-10"},{"lineNumber":33,"author":{"gitId":"e0493677"},"content":"        final String command \u003d matcher.group(\"command\").toLowerCase().trim();","lastModifiedDate":"2022-11-10"},{"lineNumber":34,"author":{"gitId":"e0493677"},"content":"        final String arguments \u003d matcher.group(\"arguments\").toLowerCase().trim();","lastModifiedDate":"2022-11-10"},{"lineNumber":35,"author":{"gitId":"e0493677"},"content":"","lastModifiedDate":"2022-11-10"},{"lineNumber":36,"author":{"gitId":"e0493677"},"content":"        int target \u003d -1;","lastModifiedDate":"2022-11-10"},{"lineNumber":37,"author":{"gitId":"e0493677"},"content":"","lastModifiedDate":"2022-11-10"},{"lineNumber":38,"author":{"gitId":"e0493677"},"content":"        if (!arguments.isEmpty()){","lastModifiedDate":"2022-11-10"},{"lineNumber":39,"author":{"gitId":"e0493677"},"content":"            target \u003d Character.getNumericValue(arguments.charAt(0));","lastModifiedDate":"2022-11-10"},{"lineNumber":40,"author":{"gitId":"e0493677"},"content":"        }","lastModifiedDate":"2022-11-10"},{"lineNumber":41,"author":{"gitId":"e0493677"},"content":"","lastModifiedDate":"2022-11-10"},{"lineNumber":42,"author":{"gitId":"e0493677"},"content":"        switch (command) {","lastModifiedDate":"2022-11-10"},{"lineNumber":43,"author":{"gitId":"e0493677"},"content":"            case \"bye\":","lastModifiedDate":"2022-11-10"},{"lineNumber":44,"author":{"gitId":"e0493677"},"content":"                return new ExitCommand();","lastModifiedDate":"2022-11-10"},{"lineNumber":45,"author":{"gitId":"e0493677"},"content":"            case \"list\":","lastModifiedDate":"2022-11-10"},{"lineNumber":46,"author":{"gitId":"e0493677"},"content":"                return new ListCommand();","lastModifiedDate":"2022-11-10"},{"lineNumber":47,"author":{"gitId":"e0493677"},"content":"            case \"mark\":","lastModifiedDate":"2022-11-10"},{"lineNumber":48,"author":{"gitId":"e0493677"},"content":"                return new MarkCommand(target);","lastModifiedDate":"2022-11-10"},{"lineNumber":49,"author":{"gitId":"e0493677"},"content":"            case \"unmark\":","lastModifiedDate":"2022-11-10"},{"lineNumber":50,"author":{"gitId":"e0493677"},"content":"                return new UnmarkCommand(target);","lastModifiedDate":"2022-11-10"},{"lineNumber":51,"author":{"gitId":"e0493677"},"content":"            case \"delete\":","lastModifiedDate":"2022-11-10"},{"lineNumber":52,"author":{"gitId":"e0493677"},"content":"                return new DeleteCommand(target);","lastModifiedDate":"2022-11-10"},{"lineNumber":53,"author":{"gitId":"e0493677"},"content":"            case \"todo\":","lastModifiedDate":"2022-11-10"},{"lineNumber":54,"author":{"gitId":"e0493677"},"content":"                return new AddCommand(parseTask(command,arguments));","lastModifiedDate":"2022-11-10"},{"lineNumber":55,"author":{"gitId":"e0493677"},"content":"            case \"deadline\":","lastModifiedDate":"2022-11-10"},{"lineNumber":56,"author":{"gitId":"e0493677"},"content":"                return new AddCommand(parseTask(command,arguments));","lastModifiedDate":"2022-11-10"},{"lineNumber":57,"author":{"gitId":"e0493677"},"content":"            case \"event\":","lastModifiedDate":"2022-11-10"},{"lineNumber":58,"author":{"gitId":"e0493677"},"content":"                return new AddCommand(parseTask(command,arguments));","lastModifiedDate":"2022-11-10"},{"lineNumber":59,"author":{"gitId":"e0493677"},"content":"            default:","lastModifiedDate":"2022-11-10"},{"lineNumber":60,"author":{"gitId":"e0493677"},"content":"                System.out.println(\"Wrong input\");","lastModifiedDate":"2022-11-10"},{"lineNumber":61,"author":{"gitId":"e0493677"},"content":"                return null;","lastModifiedDate":"2022-11-10"},{"lineNumber":62,"author":{"gitId":"e0493677"},"content":"        }","lastModifiedDate":"2022-11-10"},{"lineNumber":63,"author":{"gitId":"e0493677"},"content":"    }","lastModifiedDate":"2022-11-10"},{"lineNumber":64,"author":{"gitId":"e0493677"},"content":"","lastModifiedDate":"2022-11-10"},{"lineNumber":65,"author":{"gitId":"e0493677"},"content":"    /**","lastModifiedDate":"2022-11-10"},{"lineNumber":66,"author":{"gitId":"e0493677"},"content":"     *  Parse command to add task to task list like:","lastModifiedDate":"2022-11-10"},{"lineNumber":67,"author":{"gitId":"e0493677"},"content":"     *  todo borrow book","lastModifiedDate":"2022-11-10"},{"lineNumber":68,"author":{"gitId":"e0493677"},"content":"     *  deadline return book /by 2/12/2019 1800","lastModifiedDate":"2022-11-10"},{"lineNumber":69,"author":{"gitId":"e0493677"},"content":"     *  event project meeting /at 5/10/2019 1000","lastModifiedDate":"2022-11-10"},{"lineNumber":70,"author":{"gitId":"e0493677"},"content":"     */","lastModifiedDate":"2022-11-10"},{"lineNumber":71,"author":{"gitId":"e0493677"},"content":"    private Task parseTask(String command, String argument){","lastModifiedDate":"2022-11-10"},{"lineNumber":72,"author":{"gitId":"e0493677"},"content":"        String[] argumentArr \u003d parseDueDate(argument);","lastModifiedDate":"2022-11-10"},{"lineNumber":73,"author":{"gitId":"e0493677"},"content":"        switch (command){","lastModifiedDate":"2022-11-10"},{"lineNumber":74,"author":{"gitId":"e0493677"},"content":"            case \"todo\":","lastModifiedDate":"2022-11-10"},{"lineNumber":75,"author":{"gitId":"e0493677"},"content":"                return new Todo(argumentArr[0]);","lastModifiedDate":"2022-11-10"},{"lineNumber":76,"author":{"gitId":"e0493677"},"content":"            case \"deadline\":","lastModifiedDate":"2022-11-10"},{"lineNumber":77,"author":{"gitId":"e0493677"},"content":"                return new Deadlines(argumentArr[0],argumentArr[1]);","lastModifiedDate":"2022-11-10"},{"lineNumber":78,"author":{"gitId":"e0493677"},"content":"            case \"event\":","lastModifiedDate":"2022-11-10"},{"lineNumber":79,"author":{"gitId":"e0493677"},"content":"                return new Events(argumentArr[0],argumentArr[1]);","lastModifiedDate":"2022-11-10"},{"lineNumber":80,"author":{"gitId":"e0493677"},"content":"            default:","lastModifiedDate":"2022-11-10"},{"lineNumber":81,"author":{"gitId":"e0493677"},"content":"                System.out.println(\"Invalid command\");","lastModifiedDate":"2022-11-10"},{"lineNumber":82,"author":{"gitId":"e0493677"},"content":"                //throw new Duke.InvalidTaskCreation();","lastModifiedDate":"2022-11-10"},{"lineNumber":83,"author":{"gitId":"e0493677"},"content":"                return null;","lastModifiedDate":"2022-11-10"},{"lineNumber":84,"author":{"gitId":"e0493677"},"content":"        }","lastModifiedDate":"2022-11-10"},{"lineNumber":85,"author":{"gitId":"e0493677"},"content":"    }","lastModifiedDate":"2022-11-10"},{"lineNumber":86,"author":{"gitId":"e0493677"},"content":"","lastModifiedDate":"2022-11-10"},{"lineNumber":87,"author":{"gitId":"e0493677"},"content":"    /**","lastModifiedDate":"2022-11-10"},{"lineNumber":88,"author":{"gitId":"e0493677"},"content":"     *  Parse due date and return String datetime in \"d MMM yyyy HH:mm\" format, example:","lastModifiedDate":"2022-11-10"},{"lineNumber":89,"author":{"gitId":"e0493677"},"content":"     *  2/12/2019 1800 -\u003e 2 Dec 2019 18:00","lastModifiedDate":"2022-11-10"},{"lineNumber":90,"author":{"gitId":"e0493677"},"content":"     *  5/10/2019 1000 -\u003e 5 Oct 2019 10:00","lastModifiedDate":"2022-11-10"},{"lineNumber":91,"author":{"gitId":"e0493677"},"content":"     */","lastModifiedDate":"2022-11-10"},{"lineNumber":92,"author":{"gitId":"e0493677"},"content":"    private String[] parseDueDate(String argument){","lastModifiedDate":"2022-11-10"},{"lineNumber":93,"author":{"gitId":"e0493677"},"content":"        String[] argumentArr \u003d {\"\", \"no due date\"}; //enum?","lastModifiedDate":"2022-11-10"},{"lineNumber":94,"author":{"gitId":"e0493677"},"content":"        if (argument.contains(\"/\")){","lastModifiedDate":"2022-11-10"},{"lineNumber":95,"author":{"gitId":"e0493677"},"content":"            argumentArr \u003d argument.trim().split(\"/by\", 2); //To get description and due date","lastModifiedDate":"2022-11-10"},{"lineNumber":96,"author":{"gitId":"e0493677"},"content":"","lastModifiedDate":"2022-11-10"},{"lineNumber":97,"author":{"gitId":"e0493677"},"content":"            argumentArr[0] \u003d argumentArr[0].trim();","lastModifiedDate":"2022-11-10"},{"lineNumber":98,"author":{"gitId":"e0493677"},"content":"            String dueDate \u003d argumentArr[1].trim();","lastModifiedDate":"2022-11-10"},{"lineNumber":99,"author":{"gitId":"e0493677"},"content":"            LocalDateTime dtFormat \u003d LocalDateTime.parse(dueDate, DateTimeFormatter.ofPattern(\"[dd/MM/yyyy HHmm][d/MM/yyyy HHmm]\"));","lastModifiedDate":"2022-11-10"},{"lineNumber":100,"author":{"gitId":"e0493677"},"content":"            argumentArr[1] \u003d dtFormat.format(DateTimeFormatter.ofPattern(\"d MMM yyyy HH:mm\"));","lastModifiedDate":"2022-11-10"},{"lineNumber":101,"author":{"gitId":"e0493677"},"content":"        } else {","lastModifiedDate":"2022-11-10"},{"lineNumber":102,"author":{"gitId":"e0493677"},"content":"            argumentArr[0] \u003d argument;","lastModifiedDate":"2022-11-10"},{"lineNumber":103,"author":{"gitId":"e0493677"},"content":"        }","lastModifiedDate":"2022-11-10"},{"lineNumber":104,"author":{"gitId":"e0493677"},"content":"        return argumentArr;","lastModifiedDate":"2022-11-10"},{"lineNumber":105,"author":{"gitId":"e0493677"},"content":"    }","lastModifiedDate":"2022-11-10"},{"lineNumber":106,"author":{"gitId":"e0493677"},"content":"","lastModifiedDate":"2022-11-10"},{"lineNumber":107,"author":{"gitId":"e0493677"},"content":"}","lastModifiedDate":"2022-11-10"}],"authorContributionMap":{"e0493677":107}},{"path":"src/main/java/Duke/Storage.java","fileType":"java","lines":[{"lineNumber":1,"author":{"gitId":"e0493677"},"content":"package Duke;","lastModifiedDate":"2022-11-10"},{"lineNumber":2,"author":{"gitId":"e0493677"},"content":"","lastModifiedDate":"2022-11-10"},{"lineNumber":3,"author":{"gitId":"e0493677"},"content":"import Duke.Tasks.*;","lastModifiedDate":"2022-11-10"},{"lineNumber":4,"author":{"gitId":"e0493677"},"content":"","lastModifiedDate":"2022-11-10"},{"lineNumber":5,"author":{"gitId":"e0493677"},"content":"import java.io.FileWriter;","lastModifiedDate":"2022-11-10"},{"lineNumber":6,"author":{"gitId":"e0493677"},"content":"import java.io.File;","lastModifiedDate":"2022-11-10"},{"lineNumber":7,"author":{"gitId":"e0493677"},"content":"import java.io.IOException;","lastModifiedDate":"2022-11-10"},{"lineNumber":8,"author":{"gitId":"e0493677"},"content":"import java.util.ArrayList;","lastModifiedDate":"2022-11-10"},{"lineNumber":9,"author":{"gitId":"e0493677"},"content":"import java.util.Scanner;","lastModifiedDate":"2022-11-10"},{"lineNumber":10,"author":{"gitId":"e0493677"},"content":"","lastModifiedDate":"2022-11-10"},{"lineNumber":11,"author":{"gitId":"e0493677"},"content":"/**","lastModifiedDate":"2022-11-10"},{"lineNumber":12,"author":{"gitId":"e0493677"},"content":" * Represents the file used to store task data.","lastModifiedDate":"2022-11-10"},{"lineNumber":13,"author":{"gitId":"e0493677"},"content":" */","lastModifiedDate":"2022-11-10"},{"lineNumber":14,"author":{"gitId":"e0493677"},"content":"public class Storage {","lastModifiedDate":"2022-11-10"},{"lineNumber":15,"author":{"gitId":"e0493677"},"content":"","lastModifiedDate":"2022-11-10"},{"lineNumber":16,"author":{"gitId":"e0493677"},"content":"    /** Default file path used if the user doesn\u0027t provide the file name. */","lastModifiedDate":"2022-11-10"},{"lineNumber":17,"author":{"gitId":"e0493677"},"content":"    public static final String STORAGE_FILEPATH \u003d \"data/duke.txt\";","lastModifiedDate":"2022-11-10"},{"lineNumber":18,"author":{"gitId":"e0493677"},"content":"    protected static String filePath;","lastModifiedDate":"2022-11-10"},{"lineNumber":19,"author":{"gitId":"e0493677"},"content":"    public Storage(String filePath){","lastModifiedDate":"2022-11-10"},{"lineNumber":20,"author":{"gitId":"e0493677"},"content":"        this.filePath \u003d STORAGE_FILEPATH;","lastModifiedDate":"2022-11-10"},{"lineNumber":21,"author":{"gitId":"e0493677"},"content":"    }","lastModifiedDate":"2022-11-10"},{"lineNumber":22,"author":{"gitId":"e0493677"},"content":"","lastModifiedDate":"2022-11-10"},{"lineNumber":23,"author":{"gitId":"e0493677"},"content":"","lastModifiedDate":"2022-11-10"},{"lineNumber":24,"author":{"gitId":"e0493677"},"content":"    /**","lastModifiedDate":"2022-11-10"},{"lineNumber":25,"author":{"gitId":"e0493677"},"content":"     * Save the task list to storage file","lastModifiedDate":"2022-11-10"},{"lineNumber":26,"author":{"gitId":"e0493677"},"content":"     */","lastModifiedDate":"2022-11-10"},{"lineNumber":27,"author":{"gitId":"e0493677"},"content":"    public void saveList(ArrayList\u003cTask\u003e taskList) {","lastModifiedDate":"2022-11-10"},{"lineNumber":28,"author":{"gitId":"e0493677"},"content":"        try {","lastModifiedDate":"2022-11-10"},{"lineNumber":29,"author":{"gitId":"e0493677"},"content":"            FileWriter writer \u003d new FileWriter(this.filePath);","lastModifiedDate":"2022-11-10"},{"lineNumber":30,"author":{"gitId":"e0493677"},"content":"            for (Task task : taskList) {","lastModifiedDate":"2022-11-10"},{"lineNumber":31,"author":{"gitId":"e0493677"},"content":"                if (task instanceof Events) {","lastModifiedDate":"2022-11-10"},{"lineNumber":32,"author":{"gitId":"e0493677"},"content":"                    writer.write(\"Event | \" + Boolean.toString(task.getStatus())","lastModifiedDate":"2022-11-10"},{"lineNumber":33,"author":{"gitId":"e0493677"},"content":"                            + \" | \" + task.getDescriptionOnly()","lastModifiedDate":"2022-11-10"},{"lineNumber":34,"author":{"gitId":"e0493677"},"content":"                            + \" | \" + ((Events) task).getDatetime() + \"\\n\");","lastModifiedDate":"2022-11-10"},{"lineNumber":35,"author":{"gitId":"e0493677"},"content":"                } else if (task instanceof Todo) {","lastModifiedDate":"2022-11-10"},{"lineNumber":36,"author":{"gitId":"e0493677"},"content":"                    writer.write(\"Todo | \" + Boolean.toString(task.getStatus())","lastModifiedDate":"2022-11-10"},{"lineNumber":37,"author":{"gitId":"e0493677"},"content":"                            + \" | \" + task.getDescriptionOnly() + \"\\n\");","lastModifiedDate":"2022-11-10"},{"lineNumber":38,"author":{"gitId":"e0493677"},"content":"                } else if (task instanceof Deadlines) {","lastModifiedDate":"2022-11-10"},{"lineNumber":39,"author":{"gitId":"e0493677"},"content":"                    writer.write(\"Deadline | \" + Boolean.toString(task.getStatus())","lastModifiedDate":"2022-11-10"},{"lineNumber":40,"author":{"gitId":"e0493677"},"content":"                            + \" | \" + task.getDescriptionOnly()","lastModifiedDate":"2022-11-10"},{"lineNumber":41,"author":{"gitId":"e0493677"},"content":"                            + \" | \" + ((Deadlines) task).getDatetime() + \"\\n\");","lastModifiedDate":"2022-11-10"},{"lineNumber":42,"author":{"gitId":"e0493677"},"content":"                }","lastModifiedDate":"2022-11-10"},{"lineNumber":43,"author":{"gitId":"e0493677"},"content":"            }","lastModifiedDate":"2022-11-10"},{"lineNumber":44,"author":{"gitId":"e0493677"},"content":"            writer.close();","lastModifiedDate":"2022-11-10"},{"lineNumber":45,"author":{"gitId":"e0493677"},"content":"        } catch (IOException err) {","lastModifiedDate":"2022-11-10"},{"lineNumber":46,"author":{"gitId":"e0493677"},"content":"            err.printStackTrace();","lastModifiedDate":"2022-11-10"},{"lineNumber":47,"author":{"gitId":"e0493677"},"content":"        }","lastModifiedDate":"2022-11-10"},{"lineNumber":48,"author":{"gitId":"e0493677"},"content":"    }","lastModifiedDate":"2022-11-10"},{"lineNumber":49,"author":{"gitId":"e0493677"},"content":"","lastModifiedDate":"2022-11-10"},{"lineNumber":50,"author":{"gitId":"e0493677"},"content":"    /**","lastModifiedDate":"2022-11-10"},{"lineNumber":51,"author":{"gitId":"e0493677"},"content":"     * Loads the task list from this storage file, and then returns it.","lastModifiedDate":"2022-11-10"},{"lineNumber":52,"author":{"gitId":"e0493677"},"content":"     * Returns an empty task list if the file does not exist, or is not a regular file.","lastModifiedDate":"2022-11-10"},{"lineNumber":53,"author":{"gitId":"e0493677"},"content":"     */","lastModifiedDate":"2022-11-10"},{"lineNumber":54,"author":{"gitId":"e0493677"},"content":"    public ArrayList\u003cTask\u003e loadTasks() throws IOException {","lastModifiedDate":"2022-11-10"},{"lineNumber":55,"author":{"gitId":"e0493677"},"content":"        Task currTask \u003d null;","lastModifiedDate":"2022-11-10"},{"lineNumber":56,"author":{"gitId":"e0493677"},"content":"        ArrayList\u003cTask\u003e listOfTask \u003d new ArrayList\u003c\u003e();","lastModifiedDate":"2022-11-10"},{"lineNumber":57,"author":{"gitId":"e0493677"},"content":"","lastModifiedDate":"2022-11-10"},{"lineNumber":58,"author":{"gitId":"e0493677"},"content":"        File f \u003d new File(filePath);","lastModifiedDate":"2022-11-10"},{"lineNumber":59,"author":{"gitId":"e0493677"},"content":"        if(!f.exists()) {","lastModifiedDate":"2022-11-10"},{"lineNumber":60,"author":{"gitId":"e0493677"},"content":"            return listOfTask;","lastModifiedDate":"2022-11-10"},{"lineNumber":61,"author":{"gitId":"e0493677"},"content":"        }","lastModifiedDate":"2022-11-10"},{"lineNumber":62,"author":{"gitId":"e0493677"},"content":"","lastModifiedDate":"2022-11-10"},{"lineNumber":63,"author":{"gitId":"e0493677"},"content":"        Scanner myReader \u003d new Scanner(f);","lastModifiedDate":"2022-11-10"},{"lineNumber":64,"author":{"gitId":"e0493677"},"content":"        while (myReader.hasNextLine()) {","lastModifiedDate":"2022-11-10"},{"lineNumber":65,"author":{"gitId":"e0493677"},"content":"            String line \u003d myReader.nextLine();","lastModifiedDate":"2022-11-10"},{"lineNumber":66,"author":{"gitId":"e0493677"},"content":"            String[] arguments \u003d line.split(\"\\\\s\\\\|\\\\s\");","lastModifiedDate":"2022-11-10"},{"lineNumber":67,"author":{"gitId":"e0493677"},"content":"            switch (arguments[0]) {","lastModifiedDate":"2022-11-10"},{"lineNumber":68,"author":{"gitId":"e0493677"},"content":"                case \"Event\":","lastModifiedDate":"2022-11-10"},{"lineNumber":69,"author":{"gitId":"e0493677"},"content":"                    currTask \u003d new Events(arguments[2], arguments[3]);","lastModifiedDate":"2022-11-10"},{"lineNumber":70,"author":{"gitId":"e0493677"},"content":"                    break;","lastModifiedDate":"2022-11-10"},{"lineNumber":71,"author":{"gitId":"e0493677"},"content":"                case \"Deadline\":","lastModifiedDate":"2022-11-10"},{"lineNumber":72,"author":{"gitId":"e0493677"},"content":"                    currTask \u003d new Deadlines(arguments[2], arguments[3]);","lastModifiedDate":"2022-11-10"},{"lineNumber":73,"author":{"gitId":"e0493677"},"content":"                    break;","lastModifiedDate":"2022-11-10"},{"lineNumber":74,"author":{"gitId":"e0493677"},"content":"                case \"Todo\":","lastModifiedDate":"2022-11-10"},{"lineNumber":75,"author":{"gitId":"e0493677"},"content":"                    currTask \u003d new Todo(arguments[2]);","lastModifiedDate":"2022-11-10"},{"lineNumber":76,"author":{"gitId":"e0493677"},"content":"            }","lastModifiedDate":"2022-11-10"},{"lineNumber":77,"author":{"gitId":"e0493677"},"content":"            if (arguments[1].equals(\"false\")) {","lastModifiedDate":"2022-11-10"},{"lineNumber":78,"author":{"gitId":"e0493677"},"content":"                currTask.unmarkTask();","lastModifiedDate":"2022-11-10"},{"lineNumber":79,"author":{"gitId":"e0493677"},"content":"            } else {","lastModifiedDate":"2022-11-10"},{"lineNumber":80,"author":{"gitId":"e0493677"},"content":"                currTask.markTask();","lastModifiedDate":"2022-11-10"},{"lineNumber":81,"author":{"gitId":"e0493677"},"content":"            }","lastModifiedDate":"2022-11-10"},{"lineNumber":82,"author":{"gitId":"e0493677"},"content":"            listOfTask.add(currTask);","lastModifiedDate":"2022-11-10"},{"lineNumber":83,"author":{"gitId":"e0493677"},"content":"        }","lastModifiedDate":"2022-11-10"},{"lineNumber":84,"author":{"gitId":"e0493677"},"content":"        myReader.close();","lastModifiedDate":"2022-11-10"},{"lineNumber":85,"author":{"gitId":"e0493677"},"content":"        return listOfTask;","lastModifiedDate":"2022-11-10"},{"lineNumber":86,"author":{"gitId":"e0493677"},"content":"    }","lastModifiedDate":"2022-11-10"},{"lineNumber":87,"author":{"gitId":"e0493677"},"content":"}","lastModifiedDate":"2022-11-10"},{"lineNumber":88,"author":{"gitId":"e0493677"},"content":"","lastModifiedDate":"2022-11-10"}],"authorContributionMap":{"e0493677":88}},{"path":"src/main/java/Duke/TaskList.java","fileType":"java","lines":[{"lineNumber":1,"author":{"gitId":"e0493677"},"content":"package Duke;","lastModifiedDate":"2022-11-10"},{"lineNumber":2,"author":{"gitId":"e0493677"},"content":"","lastModifiedDate":"2022-11-10"},{"lineNumber":3,"author":{"gitId":"e0493677"},"content":"import Duke.Tasks.Task;","lastModifiedDate":"2022-11-10"},{"lineNumber":4,"author":{"gitId":"e0493677"},"content":"","lastModifiedDate":"2022-11-10"},{"lineNumber":5,"author":{"gitId":"e0493677"},"content":"import java.util.ArrayList;","lastModifiedDate":"2022-11-10"},{"lineNumber":6,"author":{"gitId":"e0493677"},"content":"","lastModifiedDate":"2022-11-10"},{"lineNumber":7,"author":{"gitId":"e0493677"},"content":"/**","lastModifiedDate":"2022-11-10"},{"lineNumber":8,"author":{"gitId":"e0493677"},"content":" * Represents the Task List, contains the data of Task.","lastModifiedDate":"2022-11-10"},{"lineNumber":9,"author":{"gitId":"e0493677"},"content":" */","lastModifiedDate":"2022-11-10"},{"lineNumber":10,"author":{"gitId":"e0493677"},"content":"public class TaskList {","lastModifiedDate":"2022-11-10"},{"lineNumber":11,"author":{"gitId":"e0493677"},"content":"    private ArrayList\u003cTask\u003e taskList;","lastModifiedDate":"2022-11-10"},{"lineNumber":12,"author":{"gitId":"e0493677"},"content":"","lastModifiedDate":"2022-11-10"},{"lineNumber":13,"author":{"gitId":"e0493677"},"content":"    /** Constructs a task list with task. */","lastModifiedDate":"2022-11-10"},{"lineNumber":14,"author":{"gitId":"e0493677"},"content":"    public TaskList(ArrayList\u003cTask\u003e taskList) {","lastModifiedDate":"2022-11-10"},{"lineNumber":15,"author":{"gitId":"e0493677"},"content":"        this.taskList \u003d taskList;","lastModifiedDate":"2022-11-10"},{"lineNumber":16,"author":{"gitId":"e0493677"},"content":"    }","lastModifiedDate":"2022-11-10"},{"lineNumber":17,"author":{"gitId":"e0493677"},"content":"","lastModifiedDate":"2022-11-10"},{"lineNumber":18,"author":{"gitId":"e0493677"},"content":"    /** Adds a task to the task list. */","lastModifiedDate":"2022-11-10"},{"lineNumber":19,"author":{"gitId":"e0493677"},"content":"    public void addTask(Task task) {","lastModifiedDate":"2022-11-10"},{"lineNumber":20,"author":{"gitId":"e0493677"},"content":"        taskList.add(task);","lastModifiedDate":"2022-11-10"},{"lineNumber":21,"author":{"gitId":"e0493677"},"content":"    }","lastModifiedDate":"2022-11-10"},{"lineNumber":22,"author":{"gitId":"e0493677"},"content":"","lastModifiedDate":"2022-11-10"},{"lineNumber":23,"author":{"gitId":"e0493677"},"content":"    /** Get size of task list. */","lastModifiedDate":"2022-11-10"},{"lineNumber":24,"author":{"gitId":"e0493677"},"content":"    public int getSize() {","lastModifiedDate":"2022-11-10"},{"lineNumber":25,"author":{"gitId":"e0493677"},"content":"        return taskList.size();","lastModifiedDate":"2022-11-10"},{"lineNumber":26,"author":{"gitId":"e0493677"},"content":"    }","lastModifiedDate":"2022-11-10"},{"lineNumber":27,"author":{"gitId":"e0493677"},"content":"","lastModifiedDate":"2022-11-10"},{"lineNumber":28,"author":{"gitId":"e0493677"},"content":"","lastModifiedDate":"2022-11-10"},{"lineNumber":29,"author":{"gitId":"e0493677"},"content":"    /** Remove a task from task list. */","lastModifiedDate":"2022-11-10"},{"lineNumber":30,"author":{"gitId":"e0493677"},"content":"    public void removeTask(Task task) {","lastModifiedDate":"2022-11-10"},{"lineNumber":31,"author":{"gitId":"e0493677"},"content":"        taskList.remove(task);","lastModifiedDate":"2022-11-10"},{"lineNumber":32,"author":{"gitId":"e0493677"},"content":"    }","lastModifiedDate":"2022-11-10"},{"lineNumber":33,"author":{"gitId":"e0493677"},"content":"","lastModifiedDate":"2022-11-10"},{"lineNumber":34,"author":{"gitId":"e0493677"},"content":"    public Task getTask(int selection){","lastModifiedDate":"2022-11-10"},{"lineNumber":35,"author":{"gitId":"e0493677"},"content":"        return taskList.get(selection);","lastModifiedDate":"2022-11-10"},{"lineNumber":36,"author":{"gitId":"e0493677"},"content":"    }","lastModifiedDate":"2022-11-10"},{"lineNumber":37,"author":{"gitId":"e0493677"},"content":"    public ArrayList\u003cTask\u003e getListOfTask(){","lastModifiedDate":"2022-11-10"},{"lineNumber":38,"author":{"gitId":"e0493677"},"content":"        return taskList;","lastModifiedDate":"2022-11-10"},{"lineNumber":39,"author":{"gitId":"e0493677"},"content":"    }","lastModifiedDate":"2022-11-10"},{"lineNumber":40,"author":{"gitId":"e0493677"},"content":"}","lastModifiedDate":"2022-11-10"}],"authorContributionMap":{"e0493677":40}},{"path":"src/main/java/Duke/Tasks/Deadlines.java","fileType":"java","lines":[{"lineNumber":1,"author":{"gitId":"e0493677"},"content":"package Duke.Tasks;","lastModifiedDate":"2022-11-10"},{"lineNumber":2,"author":{"gitId":"e0493677"},"content":"","lastModifiedDate":"2022-11-10"},{"lineNumber":3,"author":{"gitId":"e0493677"},"content":"/**","lastModifiedDate":"2022-11-10"},{"lineNumber":4,"author":{"gitId":"e0493677"},"content":" * Represents a Deadline in the task list.","lastModifiedDate":"2022-11-10"},{"lineNumber":5,"author":{"gitId":"e0493677"},"content":" */","lastModifiedDate":"2022-11-10"},{"lineNumber":6,"author":{"gitId":"e0493677"},"content":"public class Deadlines extends Task {","lastModifiedDate":"2022-11-10"},{"lineNumber":7,"author":{"gitId":"e0493677"},"content":"    protected String due;","lastModifiedDate":"2022-11-10"},{"lineNumber":8,"author":{"gitId":"e0493677"},"content":"    public Deadlines(String description, String due) {","lastModifiedDate":"2022-11-10"},{"lineNumber":9,"author":{"gitId":"e0493677"},"content":"        super(description);","lastModifiedDate":"2022-11-10"},{"lineNumber":10,"author":{"gitId":"e0493677"},"content":"        this.due \u003d due;","lastModifiedDate":"2022-11-10"},{"lineNumber":11,"author":{"gitId":"e0493677"},"content":"    }","lastModifiedDate":"2022-11-10"},{"lineNumber":12,"author":{"gitId":"e0493677"},"content":"    public String getDescription() {","lastModifiedDate":"2022-11-10"},{"lineNumber":13,"author":{"gitId":"e0493677"},"content":"        return \"[D]\" + super.getDescription() + \" (\" + due +\")\";","lastModifiedDate":"2022-11-10"},{"lineNumber":14,"author":{"gitId":"e0493677"},"content":"    }","lastModifiedDate":"2022-11-10"},{"lineNumber":15,"author":{"gitId":"e0493677"},"content":"","lastModifiedDate":"2022-11-10"},{"lineNumber":16,"author":{"gitId":"e0493677"},"content":"    public String getDatetime(){","lastModifiedDate":"2022-11-10"},{"lineNumber":17,"author":{"gitId":"e0493677"},"content":"        return due;","lastModifiedDate":"2022-11-10"},{"lineNumber":18,"author":{"gitId":"e0493677"},"content":"    }","lastModifiedDate":"2022-11-10"},{"lineNumber":19,"author":{"gitId":"e0493677"},"content":"}","lastModifiedDate":"2022-11-10"}],"authorContributionMap":{"e0493677":19}},{"path":"src/main/java/Duke/Tasks/Events.java","fileType":"java","lines":[{"lineNumber":1,"author":{"gitId":"e0493677"},"content":"package Duke.Tasks;","lastModifiedDate":"2022-11-10"},{"lineNumber":2,"author":{"gitId":"e0493677"},"content":"","lastModifiedDate":"2022-11-10"},{"lineNumber":3,"author":{"gitId":"e0493677"},"content":"/**","lastModifiedDate":"2022-11-10"},{"lineNumber":4,"author":{"gitId":"e0493677"},"content":" * Represents an Event in the task list.","lastModifiedDate":"2022-11-10"},{"lineNumber":5,"author":{"gitId":"e0493677"},"content":" */","lastModifiedDate":"2022-11-10"},{"lineNumber":6,"author":{"gitId":"e0493677"},"content":"public class Events extends Task{","lastModifiedDate":"2022-10-16"},{"lineNumber":7,"author":{"gitId":"e0493677"},"content":"","lastModifiedDate":"2022-10-16"},{"lineNumber":8,"author":{"gitId":"e0493677"},"content":"    protected String due;","lastModifiedDate":"2022-10-16"},{"lineNumber":9,"author":{"gitId":"e0493677"},"content":"    public Events(String description, String due) {","lastModifiedDate":"2022-10-16"},{"lineNumber":10,"author":{"gitId":"e0493677"},"content":"        super(description);","lastModifiedDate":"2022-10-16"},{"lineNumber":11,"author":{"gitId":"e0493677"},"content":"        this.due \u003d due;","lastModifiedDate":"2022-10-16"},{"lineNumber":12,"author":{"gitId":"e0493677"},"content":"    }","lastModifiedDate":"2022-10-16"},{"lineNumber":13,"author":{"gitId":"e0493677"},"content":"    public String getDescription() {","lastModifiedDate":"2022-10-16"},{"lineNumber":14,"author":{"gitId":"e0493677"},"content":"        return \"[E]\" + super.getDescription() + \" (\" + due +\")\";","lastModifiedDate":"2022-11-10"},{"lineNumber":15,"author":{"gitId":"e0493677"},"content":"    }","lastModifiedDate":"2022-11-10"},{"lineNumber":16,"author":{"gitId":"e0493677"},"content":"    public String getDatetime(){","lastModifiedDate":"2022-11-10"},{"lineNumber":17,"author":{"gitId":"e0493677"},"content":"        return due;","lastModifiedDate":"2022-11-10"},{"lineNumber":18,"author":{"gitId":"e0493677"},"content":"    }","lastModifiedDate":"2022-10-16"},{"lineNumber":19,"author":{"gitId":"e0493677"},"content":"}","lastModifiedDate":"2022-10-16"}],"authorContributionMap":{"e0493677":19}},{"path":"src/main/java/Duke/Tasks/Task.java","fileType":"java","lines":[{"lineNumber":1,"author":{"gitId":"e0493677"},"content":"package Duke.Tasks;","lastModifiedDate":"2022-11-10"},{"lineNumber":2,"author":{"gitId":"e0493677"},"content":"","lastModifiedDate":"2022-11-10"},{"lineNumber":3,"author":{"gitId":"e0493677"},"content":"/**","lastModifiedDate":"2022-11-10"},{"lineNumber":4,"author":{"gitId":"e0493677"},"content":" * Represents a Task. Contains the data of all Duke.Tasks.Task such as Todo, Events and Deadlines.","lastModifiedDate":"2022-11-10"},{"lineNumber":5,"author":{"gitId":"e0493677"},"content":" */","lastModifiedDate":"2022-11-10"},{"lineNumber":6,"author":{"gitId":"e0493677"},"content":"","lastModifiedDate":"2022-11-10"},{"lineNumber":7,"author":{"gitId":"e0493677"},"content":"public class Task {","lastModifiedDate":"2022-09-02"},{"lineNumber":8,"author":{"gitId":"e0493677"},"content":"    protected String description;","lastModifiedDate":"2022-09-02"},{"lineNumber":9,"author":{"gitId":"e0493677"},"content":"    protected boolean isDone \u003d false;","lastModifiedDate":"2022-09-02"},{"lineNumber":10,"author":{"gitId":"e0493677"},"content":"","lastModifiedDate":"2022-09-02"},{"lineNumber":11,"author":{"gitId":"e0493677"},"content":"","lastModifiedDate":"2022-11-10"},{"lineNumber":12,"author":{"gitId":"e0493677"},"content":"    public Task(String description) {","lastModifiedDate":"2022-09-02"},{"lineNumber":13,"author":{"gitId":"e0493677"},"content":"        this.description \u003d description;","lastModifiedDate":"2022-09-02"},{"lineNumber":14,"author":{"gitId":"e0493677"},"content":"    }","lastModifiedDate":"2022-09-02"},{"lineNumber":15,"author":{"gitId":"e0493677"},"content":"","lastModifiedDate":"2022-09-02"},{"lineNumber":16,"author":{"gitId":"e0493677"},"content":"    public String getDescription() {","lastModifiedDate":"2022-09-02"},{"lineNumber":17,"author":{"gitId":"e0493677"},"content":"        String mark \u003d this.getStatus() ? \"[X]\" : \"[ ]\";","lastModifiedDate":"2022-09-02"},{"lineNumber":18,"author":{"gitId":"e0493677"},"content":"        return mark + \" \" + description;","lastModifiedDate":"2022-09-02"},{"lineNumber":19,"author":{"gitId":"e0493677"},"content":"    }","lastModifiedDate":"2022-09-02"},{"lineNumber":20,"author":{"gitId":"e0493677"},"content":"","lastModifiedDate":"2022-09-02"},{"lineNumber":21,"author":{"gitId":"e0493677"},"content":"    public String getDescriptionOnly() {","lastModifiedDate":"2022-11-10"},{"lineNumber":22,"author":{"gitId":"e0493677"},"content":"        return description;","lastModifiedDate":"2022-11-10"},{"lineNumber":23,"author":{"gitId":"e0493677"},"content":"    }","lastModifiedDate":"2022-11-10"},{"lineNumber":24,"author":{"gitId":"e0493677"},"content":"","lastModifiedDate":"2022-11-10"},{"lineNumber":25,"author":{"gitId":"e0493677"},"content":"    public boolean getStatus(){","lastModifiedDate":"2022-09-02"},{"lineNumber":26,"author":{"gitId":"e0493677"},"content":"        return isDone;","lastModifiedDate":"2022-09-02"},{"lineNumber":27,"author":{"gitId":"e0493677"},"content":"    }","lastModifiedDate":"2022-09-02"},{"lineNumber":28,"author":{"gitId":"e0493677"},"content":"","lastModifiedDate":"2022-09-02"},{"lineNumber":29,"author":{"gitId":"e0493677"},"content":"    private void setStatus(boolean b){","lastModifiedDate":"2022-11-10"},{"lineNumber":30,"author":{"gitId":"e0493677"},"content":"        isDone \u003d b;","lastModifiedDate":"2022-09-02"},{"lineNumber":31,"author":{"gitId":"e0493677"},"content":"    }","lastModifiedDate":"2022-09-02"},{"lineNumber":32,"author":{"gitId":"e0493677"},"content":"","lastModifiedDate":"2022-11-10"},{"lineNumber":33,"author":{"gitId":"e0493677"},"content":"","lastModifiedDate":"2022-11-10"},{"lineNumber":34,"author":{"gitId":"e0493677"},"content":"    public void markTask(){","lastModifiedDate":"2022-11-10"},{"lineNumber":35,"author":{"gitId":"e0493677"},"content":"        this.setStatus(true);","lastModifiedDate":"2022-11-10"},{"lineNumber":36,"author":{"gitId":"e0493677"},"content":"    }","lastModifiedDate":"2022-11-10"},{"lineNumber":37,"author":{"gitId":"e0493677"},"content":"    public void unmarkTask(){","lastModifiedDate":"2022-11-10"},{"lineNumber":38,"author":{"gitId":"e0493677"},"content":"        this.setStatus(false);","lastModifiedDate":"2022-11-10"},{"lineNumber":39,"author":{"gitId":"e0493677"},"content":"    }","lastModifiedDate":"2022-11-10"},{"lineNumber":40,"author":{"gitId":"e0493677"},"content":"","lastModifiedDate":"2022-11-10"},{"lineNumber":41,"author":{"gitId":"e0493677"},"content":"}","lastModifiedDate":"2022-09-02"}],"authorContributionMap":{"e0493677":41}},{"path":"src/main/java/Duke/Tasks/Todo.java","fileType":"java","lines":[{"lineNumber":1,"author":{"gitId":"e0493677"},"content":"package Duke.Tasks;","lastModifiedDate":"2022-11-10"},{"lineNumber":2,"author":{"gitId":"e0493677"},"content":"","lastModifiedDate":"2022-11-10"},{"lineNumber":3,"author":{"gitId":"e0493677"},"content":"/**","lastModifiedDate":"2022-11-10"},{"lineNumber":4,"author":{"gitId":"e0493677"},"content":" * Represents a Todo in the task list.","lastModifiedDate":"2022-11-10"},{"lineNumber":5,"author":{"gitId":"e0493677"},"content":" */","lastModifiedDate":"2022-11-10"},{"lineNumber":6,"author":{"gitId":"e0493677"},"content":"public class Todo extends Task {","lastModifiedDate":"2022-11-10"},{"lineNumber":7,"author":{"gitId":"e0493677"},"content":"    public Todo(String description) {","lastModifiedDate":"2022-11-10"},{"lineNumber":8,"author":{"gitId":"e0493677"},"content":"        super(description);","lastModifiedDate":"2022-11-10"},{"lineNumber":9,"author":{"gitId":"e0493677"},"content":"    }","lastModifiedDate":"2022-11-10"},{"lineNumber":10,"author":{"gitId":"e0493677"},"content":"    public String getDescription() {","lastModifiedDate":"2022-11-10"},{"lineNumber":11,"author":{"gitId":"e0493677"},"content":"        //String mark \u003d this.getStatus() ? \"[X]\" : \"[ ]\";","lastModifiedDate":"2022-11-10"},{"lineNumber":12,"author":{"gitId":"e0493677"},"content":"        return \"[T]\" + super.getDescription();","lastModifiedDate":"2022-11-10"},{"lineNumber":13,"author":{"gitId":"e0493677"},"content":"        //return description;","lastModifiedDate":"2022-11-10"},{"lineNumber":14,"author":{"gitId":"e0493677"},"content":"    }","lastModifiedDate":"2022-11-10"},{"lineNumber":15,"author":{"gitId":"e0493677"},"content":"}","lastModifiedDate":"2022-11-10"}],"authorContributionMap":{"e0493677":15}},{"path":"src/main/java/Duke/Ui.java","fileType":"java","lines":[{"lineNumber":1,"author":{"gitId":"e0493677"},"content":"package Duke;","lastModifiedDate":"2022-11-10"},{"lineNumber":2,"author":{"gitId":"e0493677"},"content":"","lastModifiedDate":"2022-11-10"},{"lineNumber":3,"author":{"gitId":"e0493677"},"content":"import java.io.InputStream;","lastModifiedDate":"2022-11-10"},{"lineNumber":4,"author":{"gitId":"e0493677"},"content":"import java.io.PrintStream;","lastModifiedDate":"2022-11-10"},{"lineNumber":5,"author":{"gitId":"e0493677"},"content":"import java.util.Scanner;","lastModifiedDate":"2022-11-10"},{"lineNumber":6,"author":{"gitId":"e0493677"},"content":"","lastModifiedDate":"2022-11-10"},{"lineNumber":7,"author":{"gitId":"e0493677"},"content":"public class Ui {","lastModifiedDate":"2022-11-10"},{"lineNumber":8,"author":{"gitId":"e0493677"},"content":"    private static final String LS \u003d System.lineSeparator();","lastModifiedDate":"2022-11-10"},{"lineNumber":9,"author":{"gitId":"e0493677"},"content":"    private final Scanner in;","lastModifiedDate":"2022-11-10"},{"lineNumber":10,"author":{"gitId":"e0493677"},"content":"    private final PrintStream out;","lastModifiedDate":"2022-11-10"},{"lineNumber":11,"author":{"gitId":"e0493677"},"content":"","lastModifiedDate":"2022-11-10"},{"lineNumber":12,"author":{"gitId":"e0493677"},"content":"    public Ui() {","lastModifiedDate":"2022-11-10"},{"lineNumber":13,"author":{"gitId":"e0493677"},"content":"        this(System.in, System.out);","lastModifiedDate":"2022-11-10"},{"lineNumber":14,"author":{"gitId":"e0493677"},"content":"    }","lastModifiedDate":"2022-11-10"},{"lineNumber":15,"author":{"gitId":"e0493677"},"content":"","lastModifiedDate":"2022-11-10"},{"lineNumber":16,"author":{"gitId":"e0493677"},"content":"    public Ui(InputStream in, PrintStream out) {","lastModifiedDate":"2022-11-10"},{"lineNumber":17,"author":{"gitId":"e0493677"},"content":"        this.in \u003d new Scanner(in);","lastModifiedDate":"2022-11-10"},{"lineNumber":18,"author":{"gitId":"e0493677"},"content":"        this.out \u003d out;","lastModifiedDate":"2022-11-10"},{"lineNumber":19,"author":{"gitId":"e0493677"},"content":"    }","lastModifiedDate":"2022-11-10"},{"lineNumber":20,"author":{"gitId":"e0493677"},"content":"","lastModifiedDate":"2022-11-10"},{"lineNumber":21,"author":{"gitId":"e0493677"},"content":"    public String getUserCommand() {","lastModifiedDate":"2022-11-10"},{"lineNumber":22,"author":{"gitId":"e0493677"},"content":"        return in.nextLine();","lastModifiedDate":"2022-11-10"},{"lineNumber":23,"author":{"gitId":"e0493677"},"content":"    }","lastModifiedDate":"2022-11-10"},{"lineNumber":24,"author":{"gitId":"e0493677"},"content":"","lastModifiedDate":"2022-11-10"},{"lineNumber":25,"author":{"gitId":"e0493677"},"content":"    public void showWelcomeMessage() {","lastModifiedDate":"2022-11-10"},{"lineNumber":26,"author":{"gitId":"e0493677"},"content":"        printMessage(Messages.LOGO, Messages.MESSAGE_WELCOME);","lastModifiedDate":"2022-11-10"},{"lineNumber":27,"author":{"gitId":"e0493677"},"content":"    }","lastModifiedDate":"2022-11-10"},{"lineNumber":28,"author":{"gitId":"e0493677"},"content":"","lastModifiedDate":"2022-11-10"},{"lineNumber":29,"author":{"gitId":"e0493677"},"content":"    public void printMessage(String... message) {","lastModifiedDate":"2022-11-10"},{"lineNumber":30,"author":{"gitId":"e0493677"},"content":"        for (String m : message) {","lastModifiedDate":"2022-11-10"},{"lineNumber":31,"author":{"gitId":"e0493677"},"content":"            out.println(m.replace(\"\\n\", LS));","lastModifiedDate":"2022-11-10"},{"lineNumber":32,"author":{"gitId":"e0493677"},"content":"        }","lastModifiedDate":"2022-11-10"},{"lineNumber":33,"author":{"gitId":"e0493677"},"content":"    }","lastModifiedDate":"2022-11-10"},{"lineNumber":34,"author":{"gitId":"e0493677"},"content":"","lastModifiedDate":"2022-11-10"},{"lineNumber":35,"author":{"gitId":"e0493677"},"content":"    public void showResultToUser(String output) {","lastModifiedDate":"2022-11-10"},{"lineNumber":36,"author":{"gitId":"e0493677"},"content":"        System.out.println(output);","lastModifiedDate":"2022-11-10"},{"lineNumber":37,"author":{"gitId":"e0493677"},"content":"    }","lastModifiedDate":"2022-11-10"},{"lineNumber":38,"author":{"gitId":"e0493677"},"content":"","lastModifiedDate":"2022-11-10"},{"lineNumber":39,"author":{"gitId":"e0493677"},"content":"}","lastModifiedDate":"2022-11-10"}],"authorContributionMap":{"e0493677":39}},{"path":"src/test/java/Duke/DukeTest.java","fileType":"java","lines":[{"lineNumber":1,"author":{"gitId":"e0493677"},"content":"package Duke;","lastModifiedDate":"2022-11-10"},{"lineNumber":2,"author":{"gitId":"e0493677"},"content":"","lastModifiedDate":"2022-11-10"},{"lineNumber":3,"author":{"gitId":"e0493677"},"content":"import Duke.Commands.Command;","lastModifiedDate":"2022-11-10"},{"lineNumber":4,"author":{"gitId":"e0493677"},"content":"import Duke.Tasks.Deadlines;","lastModifiedDate":"2022-11-10"},{"lineNumber":5,"author":{"gitId":"e0493677"},"content":"import Duke.Tasks.Events;","lastModifiedDate":"2022-11-10"},{"lineNumber":6,"author":{"gitId":"e0493677"},"content":"import Duke.Tasks.Task;","lastModifiedDate":"2022-11-10"},{"lineNumber":7,"author":{"gitId":"e0493677"},"content":"import Duke.Tasks.Todo;","lastModifiedDate":"2022-11-10"},{"lineNumber":8,"author":{"gitId":"e0493677"},"content":"import org.junit.jupiter.api.Test;","lastModifiedDate":"2022-11-10"},{"lineNumber":9,"author":{"gitId":"e0493677"},"content":"import static org.junit.jupiter.api.Assertions.assertEquals;","lastModifiedDate":"2022-11-10"},{"lineNumber":10,"author":{"gitId":"e0493677"},"content":"","lastModifiedDate":"2022-11-10"},{"lineNumber":11,"author":{"gitId":"e0493677"},"content":"public class DukeTest {","lastModifiedDate":"2022-11-10"},{"lineNumber":12,"author":{"gitId":"e0493677"},"content":"    @Test","lastModifiedDate":"2022-11-10"},{"lineNumber":13,"author":{"gitId":"e0493677"},"content":"    public void testTodo(){","lastModifiedDate":"2022-11-10"},{"lineNumber":14,"author":{"gitId":"e0493677"},"content":"        Task todo \u003d new Todo(\"Test Todo\");","lastModifiedDate":"2022-11-10"},{"lineNumber":15,"author":{"gitId":"e0493677"},"content":"        assertEquals(\"[T][ ] Test Todo\",todo.getDescription());","lastModifiedDate":"2022-11-10"},{"lineNumber":16,"author":{"gitId":"e0493677"},"content":"    }","lastModifiedDate":"2022-11-10"},{"lineNumber":17,"author":{"gitId":"e0493677"},"content":"","lastModifiedDate":"2022-11-10"},{"lineNumber":18,"author":{"gitId":"e0493677"},"content":"    @Test","lastModifiedDate":"2022-11-10"},{"lineNumber":19,"author":{"gitId":"e0493677"},"content":"    public void testEvent(){","lastModifiedDate":"2022-11-10"},{"lineNumber":20,"author":{"gitId":"e0493677"},"content":"        Task event \u003d new Events(\"Test Event\",\"2 Dec 2019 18:00\");","lastModifiedDate":"2022-11-10"},{"lineNumber":21,"author":{"gitId":"e0493677"},"content":"        assertEquals(\"[E][ ] Test Event (2 Dec 2019 18:00)\",event.getDescription());","lastModifiedDate":"2022-11-10"},{"lineNumber":22,"author":{"gitId":"e0493677"},"content":"    }","lastModifiedDate":"2022-11-10"},{"lineNumber":23,"author":{"gitId":"e0493677"},"content":"","lastModifiedDate":"2022-11-10"},{"lineNumber":24,"author":{"gitId":"e0493677"},"content":"    @Test","lastModifiedDate":"2022-11-10"},{"lineNumber":25,"author":{"gitId":"e0493677"},"content":"    public void testDeadline(){","lastModifiedDate":"2022-11-10"},{"lineNumber":26,"author":{"gitId":"e0493677"},"content":"        Task deadline \u003d new Deadlines(\"Test Deadline\",\"2 Mar 2020 10:00\");","lastModifiedDate":"2022-11-10"},{"lineNumber":27,"author":{"gitId":"e0493677"},"content":"        assertEquals(\"[D][ ] Test Deadline (2 Mar 2020 10:00)\",deadline.getDescription());","lastModifiedDate":"2022-11-10"},{"lineNumber":28,"author":{"gitId":"e0493677"},"content":"    }","lastModifiedDate":"2022-11-10"},{"lineNumber":29,"author":{"gitId":"e0493677"},"content":"","lastModifiedDate":"2022-11-10"},{"lineNumber":30,"author":{"gitId":"e0493677"},"content":"}","lastModifiedDate":"2022-11-10"}],"authorContributionMap":{"e0493677":30}},{"path":"text-ui-test/runtest.bat","fileType":"bat","lines":[{"lineNumber":1,"author":{"gitId":"-"},"content":"@ECHO OFF","lastModifiedDate":"2020-05-25"},{"lineNumber":2,"author":{"gitId":"-"},"content":"","lastModifiedDate":"2020-05-25"},{"lineNumber":3,"author":{"gitId":"-"},"content":"REM create bin directory if it doesn\u0027t exist","lastModifiedDate":"2020-05-25"},{"lineNumber":4,"author":{"gitId":"-"},"content":"if not exist ..\\bin mkdir ..\\bin","lastModifiedDate":"2020-05-25"},{"lineNumber":5,"author":{"gitId":"-"},"content":"","lastModifiedDate":"2020-05-25"},{"lineNumber":6,"author":{"gitId":"-"},"content":"REM delete output from previous run","lastModifiedDate":"2020-05-25"},{"lineNumber":7,"author":{"gitId":"-"},"content":"if exist ACTUAL.TXT del ACTUAL.TXT","lastModifiedDate":"2020-08-25"},{"lineNumber":8,"author":{"gitId":"-"},"content":"","lastModifiedDate":"2020-05-25"},{"lineNumber":9,"author":{"gitId":"-"},"content":"REM compile the code into the bin folder","lastModifiedDate":"2020-05-25"},{"lineNumber":10,"author":{"gitId":"-"},"content":"javac  -cp ..\\src\\main\\java -Xlint:none -d ..\\bin ..\\src\\main\\java\\*.java","lastModifiedDate":"2020-08-25"},{"lineNumber":11,"author":{"gitId":"-"},"content":"IF ERRORLEVEL 1 (","lastModifiedDate":"2020-05-25"},{"lineNumber":12,"author":{"gitId":"-"},"content":"    echo ********** BUILD FAILURE **********","lastModifiedDate":"2020-05-25"},{"lineNumber":13,"author":{"gitId":"-"},"content":"    exit /b 1","lastModifiedDate":"2020-05-25"},{"lineNumber":14,"author":{"gitId":"-"},"content":")","lastModifiedDate":"2020-05-25"},{"lineNumber":15,"author":{"gitId":"-"},"content":"REM no error here, errorlevel \u003d\u003d 0","lastModifiedDate":"2020-05-25"},{"lineNumber":16,"author":{"gitId":"-"},"content":"","lastModifiedDate":"2020-05-25"},{"lineNumber":17,"author":{"gitId":"-"},"content":"REM run the program, feed commands from input.txt file and redirect the output to the ACTUAL.TXT","lastModifiedDate":"2020-05-25"},{"lineNumber":18,"author":{"gitId":"e0493677"},"content":"java -classpath ..\\bin Duke.Duke \u003c input.txt \u003e ACTUAL.TXT","lastModifiedDate":"2022-11-10"},{"lineNumber":19,"author":{"gitId":"-"},"content":"","lastModifiedDate":"2020-05-25"},{"lineNumber":20,"author":{"gitId":"-"},"content":"REM compare the output to the expected output","lastModifiedDate":"2020-05-25"},{"lineNumber":21,"author":{"gitId":"-"},"content":"FC ACTUAL.TXT EXPECTED.TXT","lastModifiedDate":"2020-05-25"}],"authorContributionMap":{"e0493677":1,"-":20}}]
