{"authorDailyContributionsMap":{"e0493677":[{"date":"2022-09-02","commitResults":[{"hash":"0294f29d482b727a0f392671c340221993c02ed8","messageTitle":"Level-1: Greet, Echo, Exit","messageBody":"","fileTypesAndContributionMap":{"java":{"insertions":30,"deletions":6}}},{"hash":"3e9475b96fb9cf4d4957756d1cdb5bd8781ce59e","messageTitle":"Level-2: Add, List","messageBody":"","fileTypesAndContributionMap":{"java":{"insertions":26,"deletions":1}}},{"hash":"e43cbb63def904f97fcf5e5957abf9c3e9798dfd","messageTitle":"Level-3: Mark as Done","messageBody":"","fileTypesAndContributionMap":{"java":{"insertions":53,"deletions":19}}},{"hash":"c6480b7cd50c4b67ef3f10b81bea18e0be6d11ed","messageTitle":"Introducing Pepe","messageBody":"","fileTypesAndContributionMap":{"java":{"insertions":36,"deletions":6}}},{"hash":"2578aa6a6a161bc771973f3147df0064e812924c","messageTitle":"Introducing Milo","messageBody":"","fileTypesAndContributionMap":{"java":{"insertions":15,"deletions":34}}}]},{"date":"2022-10-16","commitResults":[{"hash":"ae364c058352de976d3d90dcea5abea738e44e8f","messageTitle":"Level 4. ToDos, Events, Deadlines","messageBody":"","fileTypesAndContributionMap":{"java":{"insertions":63,"deletions":3}}},{"hash":"43bab0a723eb324abc74adb992972e6d7728acb4","messageTitle":"Level 5. Handle Errors","messageBody":"","fileTypesAndContributionMap":{"java":{"insertions":44,"deletions":27}}}]}]},"authorFileTypeContributionMap":{"e0493677":{"java":176,"md":0,"fxml":0,"sh":0,"bat":0,"gradle":0,"txt":0}},"authorContributionVariance":{"e0493677":970.89343},"authorDisplayNameMap":{"e0493677":"TING..GENG"}}
