{"authorDailyContributionsMap":{"e0493677":[{"date":"2022-09-02","commitResults":[{"hash":"0294f29d482b727a0f392671c340221993c02ed8","messageTitle":"Level-1: Greet, Echo, Exit","messageBody":"","fileTypesAndContributionMap":{"java":{"insertions":30,"deletions":6}}},{"hash":"3e9475b96fb9cf4d4957756d1cdb5bd8781ce59e","messageTitle":"Level-2: Add, List","messageBody":"","fileTypesAndContributionMap":{"java":{"insertions":26,"deletions":1}}},{"hash":"e43cbb63def904f97fcf5e5957abf9c3e9798dfd","messageTitle":"Level-3: Mark as Done","messageBody":"","fileTypesAndContributionMap":{"java":{"insertions":53,"deletions":19}}},{"hash":"c6480b7cd50c4b67ef3f10b81bea18e0be6d11ed","messageTitle":"Introducing Pepe","messageBody":"","fileTypesAndContributionMap":{"java":{"insertions":36,"deletions":6}}},{"hash":"2578aa6a6a161bc771973f3147df0064e812924c","messageTitle":"Introducing Milo","messageBody":"","fileTypesAndContributionMap":{"java":{"insertions":15,"deletions":34}}}]},{"date":"2022-10-16","commitResults":[{"hash":"ae364c058352de976d3d90dcea5abea738e44e8f","messageTitle":"Level 4. ToDos, Events, Deadlines","messageBody":"","fileTypesAndContributionMap":{"java":{"insertions":63,"deletions":3}}},{"hash":"43bab0a723eb324abc74adb992972e6d7728acb4","messageTitle":"Level 5. Handle Errors","messageBody":"","fileTypesAndContributionMap":{"java":{"insertions":44,"deletions":27}}}]},{"date":"2022-11-10","commitResults":[{"hash":"39e4dcfc400bdc485db577240842154d812b29f2","messageTitle":"Level 7. Save Level 8. Dates and Times OOP \u0026 Package Revamp","messageBody":"","fileTypesAndContributionMap":{"java":{"insertions":635,"deletions":147},"bat":{"insertions":1,"deletions":1},"md":{"insertions":2,"deletions":2}}},{"hash":"62636a0036c592ca3f937a91da577a367502132f","messageTitle":"A-Gradle","messageBody":"","fileTypesAndContributionMap":{"java":{"insertions":4,"deletions":0}}},{"hash":"a8d16db3ea312413d90e1c1112f69e09778e9571","messageTitle":"A-Gradle","messageBody":"","fileTypesAndContributionMap":{"gradle":{"insertions":41,"deletions":0},"txt":{"insertions":0,"deletions":0},"bat":{"insertions":103,"deletions":0}}},{"hash":"1f81f9e858a1532770beb03dd37f14e68b512637","messageTitle":"Added DukeText for Gradle","messageBody":"","fileTypesAndContributionMap":{"gradle":{"insertions":2,"deletions":1},"java":{"insertions":8,"deletions":0}}},{"hash":"f7a3a80449113a847fbbb9aa90acda384b1ac87d","messageTitle":"Added A-Gradle \u0026 A-JUnit testTodo() testEvent() testDeadline()","messageBody":"","fileTypesAndContributionMap":{"java":{"insertions":25,"deletions":3}}}]}]},"authorFileTypeContributionMap":{"e0493677":{"java":703,"md":2,"fxml":0,"sh":0,"bat":1,"gradle":2,"txt":3}},"authorContributionVariance":{"e0493677":10543.424},"authorDisplayNameMap":{"e0493677":"TING..GENG"}}
