[{"path":"src/main/java/Bot.java","fileType":"java","lines":[{"lineNumber":1,"author":{"gitId":"denny-wongso"},"content":"import java.util.Arrays;","lastModifiedDate":"2022-08-20"},{"lineNumber":2,"author":{"gitId":"denny-wongso"},"content":"public class Bot {","lastModifiedDate":"2022-08-20"},{"lineNumber":3,"author":{"gitId":"denny-wongso"},"content":"    private String name;","lastModifiedDate":"2022-08-20"},{"lineNumber":4,"author":{"gitId":"denny-wongso"},"content":"    private String seperator;","lastModifiedDate":"2022-08-20"},{"lineNumber":5,"author":{"gitId":"denny-wongso"},"content":"    private String[] storage;","lastModifiedDate":"2022-08-20"},{"lineNumber":6,"author":{"gitId":"denny-wongso"},"content":"    private int index;","lastModifiedDate":"2022-08-20"},{"lineNumber":7,"author":{"gitId":"denny-wongso"},"content":"","lastModifiedDate":"2022-08-20"},{"lineNumber":8,"author":{"gitId":"denny-wongso"},"content":"    public Bot(String name, String seperator) {","lastModifiedDate":"2022-08-20"},{"lineNumber":9,"author":{"gitId":"denny-wongso"},"content":"        this.name \u003d name;","lastModifiedDate":"2022-08-20"},{"lineNumber":10,"author":{"gitId":"denny-wongso"},"content":"        this.seperator \u003d seperator;","lastModifiedDate":"2022-08-20"},{"lineNumber":11,"author":{"gitId":"denny-wongso"},"content":"        this.storage \u003d new String[100];","lastModifiedDate":"2022-08-20"},{"lineNumber":12,"author":{"gitId":"denny-wongso"},"content":"        this.index \u003d 0;","lastModifiedDate":"2022-08-20"},{"lineNumber":13,"author":{"gitId":"denny-wongso"},"content":"    }","lastModifiedDate":"2022-08-20"},{"lineNumber":14,"author":{"gitId":"denny-wongso"},"content":"","lastModifiedDate":"2022-08-20"},{"lineNumber":15,"author":{"gitId":"denny-wongso"},"content":"    public void welcome() {","lastModifiedDate":"2022-08-20"},{"lineNumber":16,"author":{"gitId":"denny-wongso"},"content":"        seperator();","lastModifiedDate":"2022-08-20"},{"lineNumber":17,"author":{"gitId":"denny-wongso"},"content":"        System.out.println(appendTab(\"Hello! I\u0027m \"  + name));","lastModifiedDate":"2022-08-23"},{"lineNumber":18,"author":{"gitId":"denny-wongso"},"content":"        System.out.println(appendTab(\"What can I do for you?\"));","lastModifiedDate":"2022-08-23"},{"lineNumber":19,"author":{"gitId":"denny-wongso"},"content":"        seperator();","lastModifiedDate":"2022-08-20"},{"lineNumber":20,"author":{"gitId":"denny-wongso"},"content":"    }","lastModifiedDate":"2022-08-20"},{"lineNumber":21,"author":{"gitId":"denny-wongso"},"content":"","lastModifiedDate":"2022-08-20"},{"lineNumber":22,"author":{"gitId":"denny-wongso"},"content":"    public void show(String value) {","lastModifiedDate":"2022-08-20"},{"lineNumber":23,"author":{"gitId":"denny-wongso"},"content":"        store(value);","lastModifiedDate":"2022-08-20"},{"lineNumber":24,"author":{"gitId":"denny-wongso"},"content":"        seperator();","lastModifiedDate":"2022-08-20"},{"lineNumber":25,"author":{"gitId":"denny-wongso"},"content":"        System.out.println(appendTab(\"added: \" + value));","lastModifiedDate":"2022-08-23"},{"lineNumber":26,"author":{"gitId":"denny-wongso"},"content":"        seperator();","lastModifiedDate":"2022-08-20"},{"lineNumber":27,"author":{"gitId":"denny-wongso"},"content":"    }","lastModifiedDate":"2022-08-20"},{"lineNumber":28,"author":{"gitId":"denny-wongso"},"content":"","lastModifiedDate":"2022-08-20"},{"lineNumber":29,"author":{"gitId":"denny-wongso"},"content":"    public void showList() {","lastModifiedDate":"2022-08-20"},{"lineNumber":30,"author":{"gitId":"denny-wongso"},"content":"","lastModifiedDate":"2022-08-20"},{"lineNumber":31,"author":{"gitId":"denny-wongso"},"content":"        int i \u003d 1;","lastModifiedDate":"2022-08-20"},{"lineNumber":32,"author":{"gitId":"denny-wongso"},"content":"        seperator();","lastModifiedDate":"2022-08-20"},{"lineNumber":33,"author":{"gitId":"denny-wongso"},"content":"        String[] stored \u003d Arrays.copyOf(storage, index);","lastModifiedDate":"2022-08-20"},{"lineNumber":34,"author":{"gitId":"denny-wongso"},"content":"        for(String each : stored) {","lastModifiedDate":"2022-08-20"},{"lineNumber":35,"author":{"gitId":"denny-wongso"},"content":"            System.out.println(appendTab(i+\". \" + each));","lastModifiedDate":"2022-08-23"},{"lineNumber":36,"author":{"gitId":"denny-wongso"},"content":"            i++;","lastModifiedDate":"2022-08-20"},{"lineNumber":37,"author":{"gitId":"denny-wongso"},"content":"        }","lastModifiedDate":"2022-08-20"},{"lineNumber":38,"author":{"gitId":"denny-wongso"},"content":"        seperator();","lastModifiedDate":"2022-08-20"},{"lineNumber":39,"author":{"gitId":"denny-wongso"},"content":"    }","lastModifiedDate":"2022-08-20"},{"lineNumber":40,"author":{"gitId":"denny-wongso"},"content":"","lastModifiedDate":"2022-08-20"},{"lineNumber":41,"author":{"gitId":"denny-wongso"},"content":"    public void goodbye() {","lastModifiedDate":"2022-08-20"},{"lineNumber":42,"author":{"gitId":"denny-wongso"},"content":"        seperator();","lastModifiedDate":"2022-08-20"},{"lineNumber":43,"author":{"gitId":"denny-wongso"},"content":"        System.out.println(appendTab(\"Bye. Hope to see you again soon!\"));","lastModifiedDate":"2022-08-23"},{"lineNumber":44,"author":{"gitId":"denny-wongso"},"content":"        seperator();","lastModifiedDate":"2022-08-20"},{"lineNumber":45,"author":{"gitId":"denny-wongso"},"content":"    }","lastModifiedDate":"2022-08-20"},{"lineNumber":46,"author":{"gitId":"denny-wongso"},"content":"","lastModifiedDate":"2022-08-20"},{"lineNumber":47,"author":{"gitId":"denny-wongso"},"content":"    private void seperator() {","lastModifiedDate":"2022-08-20"},{"lineNumber":48,"author":{"gitId":"denny-wongso"},"content":"        System.out.println(\"\\t\" + seperator);","lastModifiedDate":"2022-08-20"},{"lineNumber":49,"author":{"gitId":"denny-wongso"},"content":"    }","lastModifiedDate":"2022-08-20"},{"lineNumber":50,"author":{"gitId":"denny-wongso"},"content":"    private void store(String value) {","lastModifiedDate":"2022-08-20"},{"lineNumber":51,"author":{"gitId":"denny-wongso"},"content":"        storage[index] \u003d value;","lastModifiedDate":"2022-08-20"},{"lineNumber":52,"author":{"gitId":"denny-wongso"},"content":"        index++;","lastModifiedDate":"2022-08-20"},{"lineNumber":53,"author":{"gitId":"denny-wongso"},"content":"    }","lastModifiedDate":"2022-08-20"},{"lineNumber":54,"author":{"gitId":"denny-wongso"},"content":"","lastModifiedDate":"2022-08-23"},{"lineNumber":55,"author":{"gitId":"denny-wongso"},"content":"    private String appendTab(String text) {","lastModifiedDate":"2022-08-23"},{"lineNumber":56,"author":{"gitId":"denny-wongso"},"content":"        return \"\\t\" + text;","lastModifiedDate":"2022-08-23"},{"lineNumber":57,"author":{"gitId":"denny-wongso"},"content":"    }","lastModifiedDate":"2022-08-23"},{"lineNumber":58,"author":{"gitId":"denny-wongso"},"content":"}","lastModifiedDate":"2022-08-20"}],"authorContributionMap":{"denny-wongso":58}},{"path":"src/main/java/Duke.java","fileType":"java","lines":[{"lineNumber":1,"author":{"gitId":"denny-wongso"},"content":"import java.util.Scanner;","lastModifiedDate":"2022-08-20"},{"lineNumber":2,"author":{"gitId":"denny-wongso"},"content":"","lastModifiedDate":"2022-08-20"},{"lineNumber":3,"author":{"gitId":"denny-wongso"},"content":"","lastModifiedDate":"2022-08-20"},{"lineNumber":4,"author":{"gitId":"-"},"content":"public class Duke {","lastModifiedDate":"2019-07-29"},{"lineNumber":5,"author":{"gitId":"-"},"content":"    public static void main(String[] args) {","lastModifiedDate":"2019-07-29"},{"lineNumber":6,"author":{"gitId":"denny-wongso"},"content":"        Bot bot \u003d new Bot(\"lamBDA\", \"--------------------------\");","lastModifiedDate":"2022-08-20"},{"lineNumber":7,"author":{"gitId":"denny-wongso"},"content":"        bot.welcome();","lastModifiedDate":"2022-08-20"},{"lineNumber":8,"author":{"gitId":"denny-wongso"},"content":"        String line;","lastModifiedDate":"2022-08-20"},{"lineNumber":9,"author":{"gitId":"denny-wongso"},"content":"        Scanner in \u003d new Scanner(System.in);","lastModifiedDate":"2022-08-20"},{"lineNumber":10,"author":{"gitId":"denny-wongso"},"content":"        line \u003d in.nextLine();","lastModifiedDate":"2022-08-20"},{"lineNumber":11,"author":{"gitId":"denny-wongso"},"content":"        while(line.equalsIgnoreCase(\"bye\") \u003d\u003d false) {","lastModifiedDate":"2022-08-23"},{"lineNumber":12,"author":{"gitId":"denny-wongso"},"content":"            if(line.equalsIgnoreCase(\"list\")) {","lastModifiedDate":"2022-08-23"},{"lineNumber":13,"author":{"gitId":"denny-wongso"},"content":"                bot.showList();","lastModifiedDate":"2022-08-20"},{"lineNumber":14,"author":{"gitId":"denny-wongso"},"content":"            } else {","lastModifiedDate":"2022-08-20"},{"lineNumber":15,"author":{"gitId":"denny-wongso"},"content":"                bot.show(line);","lastModifiedDate":"2022-08-20"},{"lineNumber":16,"author":{"gitId":"denny-wongso"},"content":"            }","lastModifiedDate":"2022-08-20"},{"lineNumber":17,"author":{"gitId":"denny-wongso"},"content":"            line \u003d in.nextLine();","lastModifiedDate":"2022-08-20"},{"lineNumber":18,"author":{"gitId":"denny-wongso"},"content":"        }","lastModifiedDate":"2022-08-20"},{"lineNumber":19,"author":{"gitId":"denny-wongso"},"content":"        bot.goodbye();","lastModifiedDate":"2022-08-20"},{"lineNumber":20,"author":{"gitId":"denny-wongso"},"content":"","lastModifiedDate":"2022-08-20"},{"lineNumber":21,"author":{"gitId":"-"},"content":"    }","lastModifiedDate":"2019-07-29"},{"lineNumber":22,"author":{"gitId":"-"},"content":"}","lastModifiedDate":"2019-07-29"}],"authorContributionMap":{"-":4,"denny-wongso":18}}]
