[{"path":"src/main/java/Bot.java","fileType":"java","lines":[{"lineNumber":1,"author":{"gitId":"denny-wongso"},"content":"import java.util.Arrays;","lastModifiedDate":"2022-08-20"},{"lineNumber":2,"author":{"gitId":"denny-wongso"},"content":"public class Bot {","lastModifiedDate":"2022-08-20"},{"lineNumber":3,"author":{"gitId":"denny-wongso"},"content":"    private String name;","lastModifiedDate":"2022-08-20"},{"lineNumber":4,"author":{"gitId":"denny-wongso"},"content":"    private String seperator;","lastModifiedDate":"2022-08-20"},{"lineNumber":5,"author":{"gitId":"denny-wongso"},"content":"    private Task[] storage;","lastModifiedDate":"2022-09-22"},{"lineNumber":6,"author":{"gitId":"denny-wongso"},"content":"    private int index;","lastModifiedDate":"2022-08-20"},{"lineNumber":7,"author":{"gitId":"denny-wongso"},"content":"","lastModifiedDate":"2022-08-20"},{"lineNumber":8,"author":{"gitId":"denny-wongso"},"content":"    public Bot(String name, String seperator) {","lastModifiedDate":"2022-08-20"},{"lineNumber":9,"author":{"gitId":"denny-wongso"},"content":"        this.name \u003d name;","lastModifiedDate":"2022-08-20"},{"lineNumber":10,"author":{"gitId":"denny-wongso"},"content":"        this.seperator \u003d seperator;","lastModifiedDate":"2022-08-20"},{"lineNumber":11,"author":{"gitId":"denny-wongso"},"content":"        this.storage \u003d new Task[100];","lastModifiedDate":"2022-09-22"},{"lineNumber":12,"author":{"gitId":"denny-wongso"},"content":"        this.index \u003d 0;","lastModifiedDate":"2022-08-20"},{"lineNumber":13,"author":{"gitId":"denny-wongso"},"content":"    }","lastModifiedDate":"2022-08-20"},{"lineNumber":14,"author":{"gitId":"denny-wongso"},"content":"","lastModifiedDate":"2022-08-20"},{"lineNumber":15,"author":{"gitId":"denny-wongso"},"content":"    public void welcome() {","lastModifiedDate":"2022-08-20"},{"lineNumber":16,"author":{"gitId":"denny-wongso"},"content":"        seperator();","lastModifiedDate":"2022-08-20"},{"lineNumber":17,"author":{"gitId":"denny-wongso"},"content":"        System.out.println(appendTab(\"Hello! I\u0027m \"  + name));","lastModifiedDate":"2022-08-23"},{"lineNumber":18,"author":{"gitId":"denny-wongso"},"content":"        System.out.println(appendTab(\"What can I do for you?\"));","lastModifiedDate":"2022-08-23"},{"lineNumber":19,"author":{"gitId":"denny-wongso"},"content":"        seperator();","lastModifiedDate":"2022-08-20"},{"lineNumber":20,"author":{"gitId":"denny-wongso"},"content":"    }","lastModifiedDate":"2022-08-20"},{"lineNumber":21,"author":{"gitId":"denny-wongso"},"content":"","lastModifiedDate":"2022-08-20"},{"lineNumber":22,"author":{"gitId":"denny-wongso"},"content":"    public void show(String value) {","lastModifiedDate":"2022-08-20"},{"lineNumber":23,"author":{"gitId":"denny-wongso"},"content":"        store(value);","lastModifiedDate":"2022-08-20"},{"lineNumber":24,"author":{"gitId":"denny-wongso"},"content":"        seperator();","lastModifiedDate":"2022-08-20"},{"lineNumber":25,"author":{"gitId":"denny-wongso"},"content":"        System.out.println(appendTab(\"added: \" + value));","lastModifiedDate":"2022-08-23"},{"lineNumber":26,"author":{"gitId":"denny-wongso"},"content":"        seperator();","lastModifiedDate":"2022-08-20"},{"lineNumber":27,"author":{"gitId":"denny-wongso"},"content":"    }","lastModifiedDate":"2022-08-20"},{"lineNumber":28,"author":{"gitId":"denny-wongso"},"content":"","lastModifiedDate":"2022-08-20"},{"lineNumber":29,"author":{"gitId":"denny-wongso"},"content":"    public void showList() {","lastModifiedDate":"2022-08-20"},{"lineNumber":30,"author":{"gitId":"denny-wongso"},"content":"        int i \u003d 1;","lastModifiedDate":"2022-08-20"},{"lineNumber":31,"author":{"gitId":"denny-wongso"},"content":"        seperator();","lastModifiedDate":"2022-08-20"},{"lineNumber":32,"author":{"gitId":"denny-wongso"},"content":"        System.out.println(appendTab(\"Here are the tasks in your list:\"));","lastModifiedDate":"2022-09-22"},{"lineNumber":33,"author":{"gitId":"denny-wongso"},"content":"        Task[] stored \u003d Arrays.copyOf(storage, index);","lastModifiedDate":"2022-09-22"},{"lineNumber":34,"author":{"gitId":"denny-wongso"},"content":"        for(Task each : stored) {","lastModifiedDate":"2022-09-22"},{"lineNumber":35,"author":{"gitId":"denny-wongso"},"content":"            System.out.println(appendTab(i+\". \" + each));","lastModifiedDate":"2022-08-23"},{"lineNumber":36,"author":{"gitId":"denny-wongso"},"content":"            i++;","lastModifiedDate":"2022-08-20"},{"lineNumber":37,"author":{"gitId":"denny-wongso"},"content":"        }","lastModifiedDate":"2022-08-20"},{"lineNumber":38,"author":{"gitId":"denny-wongso"},"content":"        seperator();","lastModifiedDate":"2022-08-20"},{"lineNumber":39,"author":{"gitId":"denny-wongso"},"content":"    }","lastModifiedDate":"2022-08-20"},{"lineNumber":40,"author":{"gitId":"denny-wongso"},"content":"","lastModifiedDate":"2022-08-20"},{"lineNumber":41,"author":{"gitId":"denny-wongso"},"content":"    public void mark(String i){","lastModifiedDate":"2022-09-22"},{"lineNumber":42,"author":{"gitId":"denny-wongso"},"content":"        int index \u003d Integer.parseInt(i);","lastModifiedDate":"2022-09-22"},{"lineNumber":43,"author":{"gitId":"denny-wongso"},"content":"        seperator();","lastModifiedDate":"2022-09-22"},{"lineNumber":44,"author":{"gitId":"denny-wongso"},"content":"        if(storage[index - 1].isDone() \u003d\u003d false) {","lastModifiedDate":"2022-09-22"},{"lineNumber":45,"author":{"gitId":"denny-wongso"},"content":"            storage[index - 1].markTask(true);","lastModifiedDate":"2022-09-22"},{"lineNumber":46,"author":{"gitId":"denny-wongso"},"content":"            System.out.println(appendTab(\"Nice! I\u0027ve marked this task as done:\"));","lastModifiedDate":"2022-09-22"},{"lineNumber":47,"author":{"gitId":"denny-wongso"},"content":"            System.out.println(appendTab(storage[index - 1].toString()));","lastModifiedDate":"2022-09-22"},{"lineNumber":48,"author":{"gitId":"denny-wongso"},"content":"        } else {","lastModifiedDate":"2022-09-22"},{"lineNumber":49,"author":{"gitId":"denny-wongso"},"content":"            System.out.println(appendTab(\"This task is already marked as done\"));","lastModifiedDate":"2022-09-22"},{"lineNumber":50,"author":{"gitId":"denny-wongso"},"content":"        }","lastModifiedDate":"2022-09-22"},{"lineNumber":51,"author":{"gitId":"denny-wongso"},"content":"        seperator();","lastModifiedDate":"2022-09-22"},{"lineNumber":52,"author":{"gitId":"denny-wongso"},"content":"","lastModifiedDate":"2022-09-22"},{"lineNumber":53,"author":{"gitId":"denny-wongso"},"content":"    }","lastModifiedDate":"2022-09-22"},{"lineNumber":54,"author":{"gitId":"denny-wongso"},"content":"","lastModifiedDate":"2022-09-22"},{"lineNumber":55,"author":{"gitId":"denny-wongso"},"content":"    public void unmark(String i){","lastModifiedDate":"2022-09-22"},{"lineNumber":56,"author":{"gitId":"denny-wongso"},"content":"        int index \u003d Integer.parseInt(i);","lastModifiedDate":"2022-09-22"},{"lineNumber":57,"author":{"gitId":"denny-wongso"},"content":"        seperator();","lastModifiedDate":"2022-09-22"},{"lineNumber":58,"author":{"gitId":"denny-wongso"},"content":"        if(storage[index - 1].isDone() \u003d\u003d true) {","lastModifiedDate":"2022-09-22"},{"lineNumber":59,"author":{"gitId":"denny-wongso"},"content":"            storage[index - 1].markTask(false);","lastModifiedDate":"2022-09-22"},{"lineNumber":60,"author":{"gitId":"denny-wongso"},"content":"            System.out.println(appendTab(\"OK! I\u0027ve marked this task as not done yet:\"));","lastModifiedDate":"2022-09-22"},{"lineNumber":61,"author":{"gitId":"denny-wongso"},"content":"            System.out.println(appendTab(storage[index - 1].toString()));","lastModifiedDate":"2022-09-22"},{"lineNumber":62,"author":{"gitId":"denny-wongso"},"content":"        } else {","lastModifiedDate":"2022-09-22"},{"lineNumber":63,"author":{"gitId":"denny-wongso"},"content":"            System.out.println(appendTab(\"This task is already marked as not done\"));","lastModifiedDate":"2022-09-22"},{"lineNumber":64,"author":{"gitId":"denny-wongso"},"content":"        }","lastModifiedDate":"2022-09-22"},{"lineNumber":65,"author":{"gitId":"denny-wongso"},"content":"        seperator();","lastModifiedDate":"2022-09-22"},{"lineNumber":66,"author":{"gitId":"denny-wongso"},"content":"    }","lastModifiedDate":"2022-09-22"},{"lineNumber":67,"author":{"gitId":"denny-wongso"},"content":"","lastModifiedDate":"2022-09-22"},{"lineNumber":68,"author":{"gitId":"denny-wongso"},"content":"    public void goodbye() {","lastModifiedDate":"2022-08-20"},{"lineNumber":69,"author":{"gitId":"denny-wongso"},"content":"        seperator();","lastModifiedDate":"2022-08-20"},{"lineNumber":70,"author":{"gitId":"denny-wongso"},"content":"        System.out.println(appendTab(\"Bye. Hope to see you again soon!\"));","lastModifiedDate":"2022-08-23"},{"lineNumber":71,"author":{"gitId":"denny-wongso"},"content":"        seperator();","lastModifiedDate":"2022-08-20"},{"lineNumber":72,"author":{"gitId":"denny-wongso"},"content":"    }","lastModifiedDate":"2022-08-20"},{"lineNumber":73,"author":{"gitId":"denny-wongso"},"content":"","lastModifiedDate":"2022-08-20"},{"lineNumber":74,"author":{"gitId":"denny-wongso"},"content":"    private void seperator() {","lastModifiedDate":"2022-08-20"},{"lineNumber":75,"author":{"gitId":"denny-wongso"},"content":"        System.out.println(\"\\t\" + seperator);","lastModifiedDate":"2022-08-20"},{"lineNumber":76,"author":{"gitId":"denny-wongso"},"content":"    }","lastModifiedDate":"2022-08-20"},{"lineNumber":77,"author":{"gitId":"denny-wongso"},"content":"    private void store(String value) {","lastModifiedDate":"2022-08-20"},{"lineNumber":78,"author":{"gitId":"denny-wongso"},"content":"        Task newTask \u003d new Task(value);","lastModifiedDate":"2022-09-22"},{"lineNumber":79,"author":{"gitId":"denny-wongso"},"content":"        storage[index] \u003d newTask;","lastModifiedDate":"2022-09-22"},{"lineNumber":80,"author":{"gitId":"denny-wongso"},"content":"        index++;","lastModifiedDate":"2022-08-20"},{"lineNumber":81,"author":{"gitId":"denny-wongso"},"content":"    }","lastModifiedDate":"2022-08-20"},{"lineNumber":82,"author":{"gitId":"denny-wongso"},"content":"","lastModifiedDate":"2022-08-23"},{"lineNumber":83,"author":{"gitId":"denny-wongso"},"content":"    private String appendTab(String text) {","lastModifiedDate":"2022-08-23"},{"lineNumber":84,"author":{"gitId":"denny-wongso"},"content":"        return \"\\t\" + text;","lastModifiedDate":"2022-08-23"},{"lineNumber":85,"author":{"gitId":"denny-wongso"},"content":"    }","lastModifiedDate":"2022-08-23"},{"lineNumber":86,"author":{"gitId":"denny-wongso"},"content":"}","lastModifiedDate":"2022-08-20"}],"authorContributionMap":{"denny-wongso":86}},{"path":"src/main/java/Duke.java","fileType":"java","lines":[{"lineNumber":1,"author":{"gitId":"denny-wongso"},"content":"import java.util.Scanner;","lastModifiedDate":"2022-08-20"},{"lineNumber":2,"author":{"gitId":"denny-wongso"},"content":"","lastModifiedDate":"2022-08-20"},{"lineNumber":3,"author":{"gitId":"denny-wongso"},"content":"","lastModifiedDate":"2022-08-20"},{"lineNumber":4,"author":{"gitId":"-"},"content":"public class Duke {","lastModifiedDate":"2019-07-29"},{"lineNumber":5,"author":{"gitId":"-"},"content":"    public static void main(String[] args) {","lastModifiedDate":"2019-07-29"},{"lineNumber":6,"author":{"gitId":"denny-wongso"},"content":"        Bot bot \u003d new Bot(\"lamBDA\", \"--------------------------\");","lastModifiedDate":"2022-08-20"},{"lineNumber":7,"author":{"gitId":"denny-wongso"},"content":"        bot.welcome();","lastModifiedDate":"2022-08-20"},{"lineNumber":8,"author":{"gitId":"denny-wongso"},"content":"        String line;","lastModifiedDate":"2022-08-20"},{"lineNumber":9,"author":{"gitId":"denny-wongso"},"content":"        Scanner in \u003d new Scanner(System.in);","lastModifiedDate":"2022-08-20"},{"lineNumber":10,"author":{"gitId":"denny-wongso"},"content":"        line \u003d in.nextLine();","lastModifiedDate":"2022-08-20"},{"lineNumber":11,"author":{"gitId":"denny-wongso"},"content":"        while(Keyword.getKeyword(line) !\u003d Keyword.Bye) {","lastModifiedDate":"2022-09-22"},{"lineNumber":12,"author":{"gitId":"denny-wongso"},"content":"            Keyword key \u003d Keyword.getKeyword(line);","lastModifiedDate":"2022-09-22"},{"lineNumber":13,"author":{"gitId":"denny-wongso"},"content":"            try {","lastModifiedDate":"2022-09-22"},{"lineNumber":14,"author":{"gitId":"denny-wongso"},"content":"                if(key \u003d\u003d Keyword.List) {","lastModifiedDate":"2022-09-22"},{"lineNumber":15,"author":{"gitId":"denny-wongso"},"content":"                    bot.showList();","lastModifiedDate":"2022-08-20"},{"lineNumber":16,"author":{"gitId":"denny-wongso"},"content":"                } else if (key \u003d\u003d Keyword.Mark) {","lastModifiedDate":"2022-09-22"},{"lineNumber":17,"author":{"gitId":"denny-wongso"},"content":"                    String part \u003d line.split(\" \")[1];","lastModifiedDate":"2022-09-22"},{"lineNumber":18,"author":{"gitId":"denny-wongso"},"content":"                    bot.mark(part);","lastModifiedDate":"2022-09-22"},{"lineNumber":19,"author":{"gitId":"denny-wongso"},"content":"                } else if (key \u003d\u003d Keyword.Unmark) {","lastModifiedDate":"2022-09-22"},{"lineNumber":20,"author":{"gitId":"denny-wongso"},"content":"                    String part \u003d line.split(\" \")[1];","lastModifiedDate":"2022-09-22"},{"lineNumber":21,"author":{"gitId":"denny-wongso"},"content":"                    bot.unmark(part);","lastModifiedDate":"2022-09-22"},{"lineNumber":22,"author":{"gitId":"denny-wongso"},"content":"                } else {","lastModifiedDate":"2022-08-20"},{"lineNumber":23,"author":{"gitId":"denny-wongso"},"content":"                    bot.show(line);","lastModifiedDate":"2022-08-20"},{"lineNumber":24,"author":{"gitId":"denny-wongso"},"content":"                }","lastModifiedDate":"2022-08-20"},{"lineNumber":25,"author":{"gitId":"denny-wongso"},"content":"            } catch (IndexOutOfBoundsException e) {","lastModifiedDate":"2022-09-22"},{"lineNumber":26,"author":{"gitId":"denny-wongso"},"content":"                System.out.println(key.toString() + \" on invalid task\");","lastModifiedDate":"2022-09-22"},{"lineNumber":27,"author":{"gitId":"denny-wongso"},"content":"            } catch (NullPointerException e) {","lastModifiedDate":"2022-09-22"},{"lineNumber":28,"author":{"gitId":"denny-wongso"},"content":"                System.out.println(key.toString() + \" on invalid task\");","lastModifiedDate":"2022-09-22"},{"lineNumber":29,"author":{"gitId":"denny-wongso"},"content":"            } catch (NumberFormatException e) {","lastModifiedDate":"2022-09-22"},{"lineNumber":30,"author":{"gitId":"denny-wongso"},"content":"                System.out.println(\"invalid value, expect a number for \" + key.toString());","lastModifiedDate":"2022-09-22"},{"lineNumber":31,"author":{"gitId":"denny-wongso"},"content":"            }","lastModifiedDate":"2022-09-22"},{"lineNumber":32,"author":{"gitId":"denny-wongso"},"content":"            line \u003d in.nextLine();","lastModifiedDate":"2022-08-20"},{"lineNumber":33,"author":{"gitId":"denny-wongso"},"content":"","lastModifiedDate":"2022-09-22"},{"lineNumber":34,"author":{"gitId":"denny-wongso"},"content":"        }","lastModifiedDate":"2022-08-20"},{"lineNumber":35,"author":{"gitId":"denny-wongso"},"content":"        bot.goodbye();","lastModifiedDate":"2022-08-20"},{"lineNumber":36,"author":{"gitId":"-"},"content":"    }","lastModifiedDate":"2022-09-22"},{"lineNumber":37,"author":{"gitId":"denny-wongso"},"content":"","lastModifiedDate":"2022-09-22"},{"lineNumber":38,"author":{"gitId":"denny-wongso"},"content":"    public enum Keyword {","lastModifiedDate":"2022-09-22"},{"lineNumber":39,"author":{"gitId":"denny-wongso"},"content":"        Bye, List, Mark, Unmark, None;","lastModifiedDate":"2022-09-22"},{"lineNumber":40,"author":{"gitId":"denny-wongso"},"content":"","lastModifiedDate":"2022-08-20"},{"lineNumber":41,"author":{"gitId":"denny-wongso"},"content":"        public static Keyword getKeyword(String key) {","lastModifiedDate":"2022-09-22"},{"lineNumber":42,"author":{"gitId":"denny-wongso"},"content":"            if(key.equalsIgnoreCase(\"bye\")) {","lastModifiedDate":"2022-09-22"},{"lineNumber":43,"author":{"gitId":"denny-wongso"},"content":"                return Bye;","lastModifiedDate":"2022-09-22"},{"lineNumber":44,"author":{"gitId":"denny-wongso"},"content":"            } else if (key.equalsIgnoreCase(\"list\")) {","lastModifiedDate":"2022-09-22"},{"lineNumber":45,"author":{"gitId":"denny-wongso"},"content":"                return List;","lastModifiedDate":"2022-09-22"},{"lineNumber":46,"author":{"gitId":"denny-wongso"},"content":"            } else if (key.toLowerCase().startsWith(\"mark\")) {","lastModifiedDate":"2022-09-22"},{"lineNumber":47,"author":{"gitId":"denny-wongso"},"content":"                return Mark;","lastModifiedDate":"2022-09-22"},{"lineNumber":48,"author":{"gitId":"denny-wongso"},"content":"            } else if (key.toLowerCase().startsWith(\"unmark\")) {","lastModifiedDate":"2022-09-22"},{"lineNumber":49,"author":{"gitId":"denny-wongso"},"content":"                return Unmark;","lastModifiedDate":"2022-09-22"},{"lineNumber":50,"author":{"gitId":"denny-wongso"},"content":"            } else {","lastModifiedDate":"2022-09-22"},{"lineNumber":51,"author":{"gitId":"denny-wongso"},"content":"                return None;","lastModifiedDate":"2022-09-22"},{"lineNumber":52,"author":{"gitId":"denny-wongso"},"content":"            }","lastModifiedDate":"2022-09-22"},{"lineNumber":53,"author":{"gitId":"denny-wongso"},"content":"        }","lastModifiedDate":"2022-09-22"},{"lineNumber":54,"author":{"gitId":"-"},"content":"    }","lastModifiedDate":"2019-07-29"},{"lineNumber":55,"author":{"gitId":"-"},"content":"}","lastModifiedDate":"2019-07-29"}],"authorContributionMap":{"-":5,"denny-wongso":50}},{"path":"src/main/java/Task.java","fileType":"java","lines":[{"lineNumber":1,"author":{"gitId":"denny-wongso"},"content":"public class Task {","lastModifiedDate":"2022-09-22"},{"lineNumber":2,"author":{"gitId":"denny-wongso"},"content":"    private boolean isDone;","lastModifiedDate":"2022-09-22"},{"lineNumber":3,"author":{"gitId":"denny-wongso"},"content":"    private String work;","lastModifiedDate":"2022-09-22"},{"lineNumber":4,"author":{"gitId":"denny-wongso"},"content":"","lastModifiedDate":"2022-09-22"},{"lineNumber":5,"author":{"gitId":"denny-wongso"},"content":"    public Task(boolean isDone, String work) {","lastModifiedDate":"2022-09-22"},{"lineNumber":6,"author":{"gitId":"denny-wongso"},"content":"        this.isDone \u003d isDone;","lastModifiedDate":"2022-09-22"},{"lineNumber":7,"author":{"gitId":"denny-wongso"},"content":"        this.work \u003d work;","lastModifiedDate":"2022-09-22"},{"lineNumber":8,"author":{"gitId":"denny-wongso"},"content":"    }","lastModifiedDate":"2022-09-22"},{"lineNumber":9,"author":{"gitId":"denny-wongso"},"content":"","lastModifiedDate":"2022-09-22"},{"lineNumber":10,"author":{"gitId":"denny-wongso"},"content":"    public Task(String work) {","lastModifiedDate":"2022-09-22"},{"lineNumber":11,"author":{"gitId":"denny-wongso"},"content":"        this(false, work);","lastModifiedDate":"2022-09-22"},{"lineNumber":12,"author":{"gitId":"denny-wongso"},"content":"    }","lastModifiedDate":"2022-09-22"},{"lineNumber":13,"author":{"gitId":"denny-wongso"},"content":"","lastModifiedDate":"2022-09-22"},{"lineNumber":14,"author":{"gitId":"denny-wongso"},"content":"    public void markTask(boolean mark) {","lastModifiedDate":"2022-09-22"},{"lineNumber":15,"author":{"gitId":"denny-wongso"},"content":"        isDone \u003d mark;","lastModifiedDate":"2022-09-22"},{"lineNumber":16,"author":{"gitId":"denny-wongso"},"content":"    }","lastModifiedDate":"2022-09-22"},{"lineNumber":17,"author":{"gitId":"denny-wongso"},"content":"","lastModifiedDate":"2022-09-22"},{"lineNumber":18,"author":{"gitId":"denny-wongso"},"content":"    public boolean isDone() {","lastModifiedDate":"2022-09-22"},{"lineNumber":19,"author":{"gitId":"denny-wongso"},"content":"        return isDone;","lastModifiedDate":"2022-09-22"},{"lineNumber":20,"author":{"gitId":"denny-wongso"},"content":"    }","lastModifiedDate":"2022-09-22"},{"lineNumber":21,"author":{"gitId":"denny-wongso"},"content":"    @Override","lastModifiedDate":"2022-09-22"},{"lineNumber":22,"author":{"gitId":"denny-wongso"},"content":"    public String toString() {","lastModifiedDate":"2022-09-22"},{"lineNumber":23,"author":{"gitId":"denny-wongso"},"content":"        String value \u003d isDone ? \"[X]\" : \"[ ]\";","lastModifiedDate":"2022-09-22"},{"lineNumber":24,"author":{"gitId":"denny-wongso"},"content":"        value +\u003d \" \" + work;","lastModifiedDate":"2022-09-22"},{"lineNumber":25,"author":{"gitId":"denny-wongso"},"content":"        return value;","lastModifiedDate":"2022-09-22"},{"lineNumber":26,"author":{"gitId":"denny-wongso"},"content":"    }","lastModifiedDate":"2022-09-22"},{"lineNumber":27,"author":{"gitId":"denny-wongso"},"content":"","lastModifiedDate":"2022-09-22"},{"lineNumber":28,"author":{"gitId":"denny-wongso"},"content":"}","lastModifiedDate":"2022-09-22"}],"authorContributionMap":{"denny-wongso":28}}]
