[{"path":"src/main/java/Bot.java","fileType":"java","lines":[{"lineNumber":1,"author":{"gitId":"denny-wongso"},"content":"import Tasks.Task;","lastModifiedDate":"2022-09-29"},{"lineNumber":2,"author":{"gitId":"denny-wongso"},"content":"import Tasks.UnsupportedTaskType;","lastModifiedDate":"2022-09-29"},{"lineNumber":3,"author":{"gitId":"denny-wongso"},"content":"","lastModifiedDate":"2022-09-29"},{"lineNumber":4,"author":{"gitId":"denny-wongso"},"content":"public class Bot {","lastModifiedDate":"2022-08-20"},{"lineNumber":5,"author":{"gitId":"denny-wongso"},"content":"    private String name;","lastModifiedDate":"2022-08-20"},{"lineNumber":6,"author":{"gitId":"denny-wongso"},"content":"    private String seperator;","lastModifiedDate":"2022-08-20"},{"lineNumber":7,"author":{"gitId":"denny-wongso"},"content":"    private TaskManager taskManager;","lastModifiedDate":"2022-09-29"},{"lineNumber":8,"author":{"gitId":"denny-wongso"},"content":"","lastModifiedDate":"2022-08-20"},{"lineNumber":9,"author":{"gitId":"denny-wongso"},"content":"    public Bot(String name, String seperator) {","lastModifiedDate":"2022-08-20"},{"lineNumber":10,"author":{"gitId":"denny-wongso"},"content":"        this.name \u003d name;","lastModifiedDate":"2022-08-20"},{"lineNumber":11,"author":{"gitId":"denny-wongso"},"content":"        this.seperator \u003d seperator;","lastModifiedDate":"2022-08-20"},{"lineNumber":12,"author":{"gitId":"denny-wongso"},"content":"        taskManager \u003d new TaskManager();","lastModifiedDate":"2022-09-29"},{"lineNumber":13,"author":{"gitId":"denny-wongso"},"content":"    }","lastModifiedDate":"2022-08-20"},{"lineNumber":14,"author":{"gitId":"denny-wongso"},"content":"","lastModifiedDate":"2022-08-20"},{"lineNumber":15,"author":{"gitId":"denny-wongso"},"content":"    public void welcome() {","lastModifiedDate":"2022-08-20"},{"lineNumber":16,"author":{"gitId":"denny-wongso"},"content":"        seperator();","lastModifiedDate":"2022-08-20"},{"lineNumber":17,"author":{"gitId":"denny-wongso"},"content":"        System.out.println(appendTab(\"Hello! I\u0027m \"  + name));","lastModifiedDate":"2022-08-23"},{"lineNumber":18,"author":{"gitId":"denny-wongso"},"content":"        System.out.println(appendTab(\"What can I do for you?\"));","lastModifiedDate":"2022-08-23"},{"lineNumber":19,"author":{"gitId":"denny-wongso"},"content":"        seperator();","lastModifiedDate":"2022-08-20"},{"lineNumber":20,"author":{"gitId":"denny-wongso"},"content":"    }","lastModifiedDate":"2022-08-20"},{"lineNumber":21,"author":{"gitId":"denny-wongso"},"content":"","lastModifiedDate":"2022-08-20"},{"lineNumber":22,"author":{"gitId":"denny-wongso"},"content":"    public void add(String text) {","lastModifiedDate":"2022-09-29"},{"lineNumber":23,"author":{"gitId":"denny-wongso"},"content":"        String firstWord \u003d text.substring(0, text.indexOf(\u0027 \u0027));","lastModifiedDate":"2022-09-29"},{"lineNumber":24,"author":{"gitId":"denny-wongso"},"content":"        String theRest \u003d text.substring(text.indexOf(\" \"));","lastModifiedDate":"2022-09-29"},{"lineNumber":25,"author":{"gitId":"denny-wongso"},"content":"        seperator();","lastModifiedDate":"2022-08-20"},{"lineNumber":26,"author":{"gitId":"denny-wongso"},"content":"        try {","lastModifiedDate":"2022-09-29"},{"lineNumber":27,"author":{"gitId":"denny-wongso"},"content":"            taskManager.addNewTask(TaskManager.TaskType.getType(firstWord), theRest);","lastModifiedDate":"2022-09-29"},{"lineNumber":28,"author":{"gitId":"denny-wongso"},"content":"            int size \u003d taskManager.getList().size();","lastModifiedDate":"2022-09-29"},{"lineNumber":29,"author":{"gitId":"denny-wongso"},"content":"            System.out.println(appendTab(\"Got it. I\u0027ve added this task:\"));","lastModifiedDate":"2022-09-29"},{"lineNumber":30,"author":{"gitId":"denny-wongso"},"content":"            System.out.println(appendTab(taskManager.getString()));","lastModifiedDate":"2022-09-29"},{"lineNumber":31,"author":{"gitId":"denny-wongso"},"content":"            System.out.println(appendTab(\"Now you have \"+size+\" tasks in the list.\"));","lastModifiedDate":"2022-09-29"},{"lineNumber":32,"author":{"gitId":"denny-wongso"},"content":"        } catch(UnsupportedTaskType e) {","lastModifiedDate":"2022-09-29"},{"lineNumber":33,"author":{"gitId":"denny-wongso"},"content":"            System.out.println(\"not supported task\");","lastModifiedDate":"2022-09-29"},{"lineNumber":34,"author":{"gitId":"denny-wongso"},"content":"        }","lastModifiedDate":"2022-09-29"},{"lineNumber":35,"author":{"gitId":"denny-wongso"},"content":"        seperator();","lastModifiedDate":"2022-08-20"},{"lineNumber":36,"author":{"gitId":"denny-wongso"},"content":"    }","lastModifiedDate":"2022-08-20"},{"lineNumber":37,"author":{"gitId":"denny-wongso"},"content":"","lastModifiedDate":"2022-08-20"},{"lineNumber":38,"author":{"gitId":"denny-wongso"},"content":"    public void showList() {","lastModifiedDate":"2022-08-20"},{"lineNumber":39,"author":{"gitId":"denny-wongso"},"content":"        seperator();","lastModifiedDate":"2022-08-20"},{"lineNumber":40,"author":{"gitId":"denny-wongso"},"content":"        System.out.println(appendTab(\"Here are the tasks in your list:\"));","lastModifiedDate":"2022-09-22"},{"lineNumber":41,"author":{"gitId":"denny-wongso"},"content":"        int i \u003d 1;","lastModifiedDate":"2022-09-29"},{"lineNumber":42,"author":{"gitId":"denny-wongso"},"content":"        for(String each : taskManager.getList()) {","lastModifiedDate":"2022-09-29"},{"lineNumber":43,"author":{"gitId":"denny-wongso"},"content":"            System.out.println(appendTab(i+ \". \" + each));","lastModifiedDate":"2022-08-23"},{"lineNumber":44,"author":{"gitId":"denny-wongso"},"content":"            i++;","lastModifiedDate":"2022-08-20"},{"lineNumber":45,"author":{"gitId":"denny-wongso"},"content":"        }","lastModifiedDate":"2022-08-20"},{"lineNumber":46,"author":{"gitId":"denny-wongso"},"content":"        seperator();","lastModifiedDate":"2022-08-20"},{"lineNumber":47,"author":{"gitId":"denny-wongso"},"content":"    }","lastModifiedDate":"2022-08-20"},{"lineNumber":48,"author":{"gitId":"denny-wongso"},"content":"","lastModifiedDate":"2022-08-20"},{"lineNumber":49,"author":{"gitId":"denny-wongso"},"content":"    public void mark(String i,  boolean value){","lastModifiedDate":"2022-09-29"},{"lineNumber":50,"author":{"gitId":"denny-wongso"},"content":"        int index \u003d Integer.parseInt(i);","lastModifiedDate":"2022-09-22"},{"lineNumber":51,"author":{"gitId":"denny-wongso"},"content":"        seperator();","lastModifiedDate":"2022-09-22"},{"lineNumber":52,"author":{"gitId":"denny-wongso"},"content":"        boolean success \u003d taskManager.markTask(index - 1, value);","lastModifiedDate":"2022-09-29"},{"lineNumber":53,"author":{"gitId":"denny-wongso"},"content":"        if(success) {","lastModifiedDate":"2022-09-29"},{"lineNumber":54,"author":{"gitId":"denny-wongso"},"content":"            if(value \u003d\u003d true) {","lastModifiedDate":"2022-09-29"},{"lineNumber":55,"author":{"gitId":"denny-wongso"},"content":"                System.out.println(appendTab(\"Nice! I\u0027ve marked this task as done:\"));","lastModifiedDate":"2022-09-22"},{"lineNumber":56,"author":{"gitId":"denny-wongso"},"content":"            } else {","lastModifiedDate":"2022-09-22"},{"lineNumber":57,"author":{"gitId":"denny-wongso"},"content":"                System.out.println(appendTab(\"OK, I\u0027ve marked this task as not done yet:\"));","lastModifiedDate":"2022-09-29"},{"lineNumber":58,"author":{"gitId":"denny-wongso"},"content":"            }","lastModifiedDate":"2022-09-22"},{"lineNumber":59,"author":{"gitId":"denny-wongso"},"content":"            System.out.println(appendTab(taskManager.getTask(index - 1)));","lastModifiedDate":"2022-09-29"},{"lineNumber":60,"author":{"gitId":"denny-wongso"},"content":"        } else {","lastModifiedDate":"2022-09-29"},{"lineNumber":61,"author":{"gitId":"denny-wongso"},"content":"            if(value \u003d\u003d true) {","lastModifiedDate":"2022-09-29"},{"lineNumber":62,"author":{"gitId":"denny-wongso"},"content":"                System.out.println(appendTab(\"This task is already marked as done\"));","lastModifiedDate":"2022-09-29"},{"lineNumber":63,"author":{"gitId":"denny-wongso"},"content":"            } else {","lastModifiedDate":"2022-09-22"},{"lineNumber":64,"author":{"gitId":"denny-wongso"},"content":"                System.out.println(appendTab(\"This task is already marked as not done\"));","lastModifiedDate":"2022-09-22"},{"lineNumber":65,"author":{"gitId":"denny-wongso"},"content":"            }","lastModifiedDate":"2022-09-22"},{"lineNumber":66,"author":{"gitId":"denny-wongso"},"content":"        }","lastModifiedDate":"2022-09-29"},{"lineNumber":67,"author":{"gitId":"denny-wongso"},"content":"        seperator();","lastModifiedDate":"2022-09-22"},{"lineNumber":68,"author":{"gitId":"denny-wongso"},"content":"    }","lastModifiedDate":"2022-09-22"},{"lineNumber":69,"author":{"gitId":"denny-wongso"},"content":"","lastModifiedDate":"2022-09-22"},{"lineNumber":70,"author":{"gitId":"denny-wongso"},"content":"    public void goodbye() {","lastModifiedDate":"2022-08-20"},{"lineNumber":71,"author":{"gitId":"denny-wongso"},"content":"        seperator();","lastModifiedDate":"2022-08-20"},{"lineNumber":72,"author":{"gitId":"denny-wongso"},"content":"        System.out.println(appendTab(\"Bye. Hope to see you again soon!\"));","lastModifiedDate":"2022-08-23"},{"lineNumber":73,"author":{"gitId":"denny-wongso"},"content":"        seperator();","lastModifiedDate":"2022-08-20"},{"lineNumber":74,"author":{"gitId":"denny-wongso"},"content":"    }","lastModifiedDate":"2022-08-20"},{"lineNumber":75,"author":{"gitId":"denny-wongso"},"content":"","lastModifiedDate":"2022-08-20"},{"lineNumber":76,"author":{"gitId":"denny-wongso"},"content":"    private void seperator() {","lastModifiedDate":"2022-08-20"},{"lineNumber":77,"author":{"gitId":"denny-wongso"},"content":"        System.out.println(\"\\t\" + seperator);","lastModifiedDate":"2022-08-20"},{"lineNumber":78,"author":{"gitId":"denny-wongso"},"content":"    }","lastModifiedDate":"2022-08-20"},{"lineNumber":79,"author":{"gitId":"denny-wongso"},"content":"","lastModifiedDate":"2022-08-23"},{"lineNumber":80,"author":{"gitId":"denny-wongso"},"content":"    private String appendTab(String text) {","lastModifiedDate":"2022-08-23"},{"lineNumber":81,"author":{"gitId":"denny-wongso"},"content":"        return \"\\t\" + text;","lastModifiedDate":"2022-08-23"},{"lineNumber":82,"author":{"gitId":"denny-wongso"},"content":"    }","lastModifiedDate":"2022-08-23"},{"lineNumber":83,"author":{"gitId":"denny-wongso"},"content":"}","lastModifiedDate":"2022-08-20"}],"authorContributionMap":{"denny-wongso":83}},{"path":"src/main/java/Duke.java","fileType":"java","lines":[{"lineNumber":1,"author":{"gitId":"denny-wongso"},"content":"import java.util.Scanner;","lastModifiedDate":"2022-08-20"},{"lineNumber":2,"author":{"gitId":"denny-wongso"},"content":"","lastModifiedDate":"2022-08-20"},{"lineNumber":3,"author":{"gitId":"denny-wongso"},"content":"","lastModifiedDate":"2022-08-20"},{"lineNumber":4,"author":{"gitId":"-"},"content":"public class Duke {","lastModifiedDate":"2019-07-29"},{"lineNumber":5,"author":{"gitId":"-"},"content":"    public static void main(String[] args) {","lastModifiedDate":"2019-07-29"},{"lineNumber":6,"author":{"gitId":"denny-wongso"},"content":"        Bot bot \u003d new Bot(\"lamBDA\", \"--------------------------\");","lastModifiedDate":"2022-08-20"},{"lineNumber":7,"author":{"gitId":"denny-wongso"},"content":"        bot.welcome();","lastModifiedDate":"2022-08-20"},{"lineNumber":8,"author":{"gitId":"denny-wongso"},"content":"        String line;","lastModifiedDate":"2022-08-20"},{"lineNumber":9,"author":{"gitId":"denny-wongso"},"content":"        Scanner in \u003d new Scanner(System.in);","lastModifiedDate":"2022-08-20"},{"lineNumber":10,"author":{"gitId":"denny-wongso"},"content":"        line \u003d in.nextLine();","lastModifiedDate":"2022-08-20"},{"lineNumber":11,"author":{"gitId":"denny-wongso"},"content":"        while(Keyword.getKeyword(line) !\u003d Keyword.Bye) {","lastModifiedDate":"2022-09-22"},{"lineNumber":12,"author":{"gitId":"denny-wongso"},"content":"            Keyword key \u003d Keyword.getKeyword(line);","lastModifiedDate":"2022-09-22"},{"lineNumber":13,"author":{"gitId":"denny-wongso"},"content":"            try {","lastModifiedDate":"2022-09-22"},{"lineNumber":14,"author":{"gitId":"denny-wongso"},"content":"                if(key \u003d\u003d Keyword.List) {","lastModifiedDate":"2022-09-22"},{"lineNumber":15,"author":{"gitId":"denny-wongso"},"content":"                    bot.showList();","lastModifiedDate":"2022-08-20"},{"lineNumber":16,"author":{"gitId":"denny-wongso"},"content":"                } else if (key \u003d\u003d Keyword.Mark) {","lastModifiedDate":"2022-09-22"},{"lineNumber":17,"author":{"gitId":"denny-wongso"},"content":"                    String part \u003d line.split(\" \")[1];","lastModifiedDate":"2022-09-22"},{"lineNumber":18,"author":{"gitId":"denny-wongso"},"content":"                    bot.mark(part, true);","lastModifiedDate":"2022-09-29"},{"lineNumber":19,"author":{"gitId":"denny-wongso"},"content":"                } else if (key \u003d\u003d Keyword.Unmark) {","lastModifiedDate":"2022-09-22"},{"lineNumber":20,"author":{"gitId":"denny-wongso"},"content":"                    String part \u003d line.split(\" \")[1];","lastModifiedDate":"2022-09-22"},{"lineNumber":21,"author":{"gitId":"denny-wongso"},"content":"                    bot.mark(part, false);","lastModifiedDate":"2022-09-29"},{"lineNumber":22,"author":{"gitId":"denny-wongso"},"content":"                } else {","lastModifiedDate":"2022-08-20"},{"lineNumber":23,"author":{"gitId":"denny-wongso"},"content":"                    bot.add(line);","lastModifiedDate":"2022-09-29"},{"lineNumber":24,"author":{"gitId":"denny-wongso"},"content":"                }","lastModifiedDate":"2022-08-20"},{"lineNumber":25,"author":{"gitId":"denny-wongso"},"content":"            } catch (IndexOutOfBoundsException e) {","lastModifiedDate":"2022-09-22"},{"lineNumber":26,"author":{"gitId":"denny-wongso"},"content":"                System.out.println(key.toString() + \" on invalid task\");","lastModifiedDate":"2022-09-22"},{"lineNumber":27,"author":{"gitId":"denny-wongso"},"content":"            } catch (NullPointerException e) {","lastModifiedDate":"2022-09-22"},{"lineNumber":28,"author":{"gitId":"denny-wongso"},"content":"                System.out.println(key.toString() + \" on invalid task\");","lastModifiedDate":"2022-09-22"},{"lineNumber":29,"author":{"gitId":"denny-wongso"},"content":"            } catch (NumberFormatException e) {","lastModifiedDate":"2022-09-22"},{"lineNumber":30,"author":{"gitId":"denny-wongso"},"content":"                System.out.println(\"invalid value, expect a number for \" + key.toString());","lastModifiedDate":"2022-09-22"},{"lineNumber":31,"author":{"gitId":"denny-wongso"},"content":"            }","lastModifiedDate":"2022-09-22"},{"lineNumber":32,"author":{"gitId":"denny-wongso"},"content":"            line \u003d in.nextLine();","lastModifiedDate":"2022-08-20"},{"lineNumber":33,"author":{"gitId":"denny-wongso"},"content":"","lastModifiedDate":"2022-09-22"},{"lineNumber":34,"author":{"gitId":"denny-wongso"},"content":"        }","lastModifiedDate":"2022-08-20"},{"lineNumber":35,"author":{"gitId":"denny-wongso"},"content":"        bot.goodbye();","lastModifiedDate":"2022-08-20"},{"lineNumber":36,"author":{"gitId":"-"},"content":"    }","lastModifiedDate":"2022-09-22"},{"lineNumber":37,"author":{"gitId":"denny-wongso"},"content":"","lastModifiedDate":"2022-09-22"},{"lineNumber":38,"author":{"gitId":"denny-wongso"},"content":"    public enum Keyword {","lastModifiedDate":"2022-09-22"},{"lineNumber":39,"author":{"gitId":"denny-wongso"},"content":"        Bye, List, Mark, Unmark, None;","lastModifiedDate":"2022-09-22"},{"lineNumber":40,"author":{"gitId":"denny-wongso"},"content":"","lastModifiedDate":"2022-08-20"},{"lineNumber":41,"author":{"gitId":"denny-wongso"},"content":"        public static Keyword getKeyword(String key) {","lastModifiedDate":"2022-09-22"},{"lineNumber":42,"author":{"gitId":"denny-wongso"},"content":"            if(key.equalsIgnoreCase(\"bye\")) {","lastModifiedDate":"2022-09-22"},{"lineNumber":43,"author":{"gitId":"denny-wongso"},"content":"                return Bye;","lastModifiedDate":"2022-09-22"},{"lineNumber":44,"author":{"gitId":"denny-wongso"},"content":"            } else if (key.equalsIgnoreCase(\"list\")) {","lastModifiedDate":"2022-09-22"},{"lineNumber":45,"author":{"gitId":"denny-wongso"},"content":"                return List;","lastModifiedDate":"2022-09-22"},{"lineNumber":46,"author":{"gitId":"denny-wongso"},"content":"            } else if (key.toLowerCase().startsWith(\"mark\")) {","lastModifiedDate":"2022-09-22"},{"lineNumber":47,"author":{"gitId":"denny-wongso"},"content":"                return Mark;","lastModifiedDate":"2022-09-22"},{"lineNumber":48,"author":{"gitId":"denny-wongso"},"content":"            } else if (key.toLowerCase().startsWith(\"unmark\")) {","lastModifiedDate":"2022-09-22"},{"lineNumber":49,"author":{"gitId":"denny-wongso"},"content":"                return Unmark;","lastModifiedDate":"2022-09-22"},{"lineNumber":50,"author":{"gitId":"denny-wongso"},"content":"            } else {","lastModifiedDate":"2022-09-22"},{"lineNumber":51,"author":{"gitId":"denny-wongso"},"content":"                return None;","lastModifiedDate":"2022-09-22"},{"lineNumber":52,"author":{"gitId":"denny-wongso"},"content":"            }","lastModifiedDate":"2022-09-22"},{"lineNumber":53,"author":{"gitId":"denny-wongso"},"content":"        }","lastModifiedDate":"2022-09-22"},{"lineNumber":54,"author":{"gitId":"-"},"content":"    }","lastModifiedDate":"2019-07-29"},{"lineNumber":55,"author":{"gitId":"-"},"content":"}","lastModifiedDate":"2019-07-29"}],"authorContributionMap":{"-":5,"denny-wongso":50}},{"path":"src/main/java/TaskManager.java","fileType":"java","lines":[{"lineNumber":1,"author":{"gitId":"denny-wongso"},"content":"import Tasks.*;","lastModifiedDate":"2022-09-29"},{"lineNumber":2,"author":{"gitId":"denny-wongso"},"content":"import Tasks.TaskInterface;","lastModifiedDate":"2022-09-29"},{"lineNumber":3,"author":{"gitId":"denny-wongso"},"content":"","lastModifiedDate":"2022-09-29"},{"lineNumber":4,"author":{"gitId":"denny-wongso"},"content":"import java.util.ArrayList;","lastModifiedDate":"2022-09-29"},{"lineNumber":5,"author":{"gitId":"denny-wongso"},"content":"","lastModifiedDate":"2022-09-29"},{"lineNumber":6,"author":{"gitId":"denny-wongso"},"content":"public class TaskManager implements TaskInterface {","lastModifiedDate":"2022-09-29"},{"lineNumber":7,"author":{"gitId":"denny-wongso"},"content":"    ArrayList\u003cTaskInterface\u003e tasks \u003d new ArrayList\u003c\u003e();","lastModifiedDate":"2022-09-29"},{"lineNumber":8,"author":{"gitId":"denny-wongso"},"content":"","lastModifiedDate":"2022-09-29"},{"lineNumber":9,"author":{"gitId":"denny-wongso"},"content":"    public void addNewTask(TaskType type, String work) {","lastModifiedDate":"2022-09-29"},{"lineNumber":10,"author":{"gitId":"denny-wongso"},"content":"        switch (type) {","lastModifiedDate":"2022-09-29"},{"lineNumber":11,"author":{"gitId":"denny-wongso"},"content":"            case TODO:","lastModifiedDate":"2022-09-29"},{"lineNumber":12,"author":{"gitId":"denny-wongso"},"content":"                Todo todo \u003d new Todo(work);","lastModifiedDate":"2022-09-29"},{"lineNumber":13,"author":{"gitId":"denny-wongso"},"content":"                tasks.add(todo);","lastModifiedDate":"2022-09-29"},{"lineNumber":14,"author":{"gitId":"denny-wongso"},"content":"                break;","lastModifiedDate":"2022-09-29"},{"lineNumber":15,"author":{"gitId":"denny-wongso"},"content":"            case EVENT:","lastModifiedDate":"2022-09-29"},{"lineNumber":16,"author":{"gitId":"denny-wongso"},"content":"                Event event \u003d new Event(work);","lastModifiedDate":"2022-09-29"},{"lineNumber":17,"author":{"gitId":"denny-wongso"},"content":"                tasks.add(event);","lastModifiedDate":"2022-09-29"},{"lineNumber":18,"author":{"gitId":"denny-wongso"},"content":"                break;","lastModifiedDate":"2022-09-29"},{"lineNumber":19,"author":{"gitId":"denny-wongso"},"content":"            case DEADLINE:","lastModifiedDate":"2022-09-29"},{"lineNumber":20,"author":{"gitId":"denny-wongso"},"content":"                Deadline deadline \u003d new Deadline(work);","lastModifiedDate":"2022-09-29"},{"lineNumber":21,"author":{"gitId":"denny-wongso"},"content":"                tasks.add(deadline);","lastModifiedDate":"2022-09-29"},{"lineNumber":22,"author":{"gitId":"denny-wongso"},"content":"                break;","lastModifiedDate":"2022-09-29"},{"lineNumber":23,"author":{"gitId":"denny-wongso"},"content":"        }","lastModifiedDate":"2022-09-29"},{"lineNumber":24,"author":{"gitId":"denny-wongso"},"content":"    }","lastModifiedDate":"2022-09-29"},{"lineNumber":25,"author":{"gitId":"denny-wongso"},"content":"    @Override","lastModifiedDate":"2022-09-29"},{"lineNumber":26,"author":{"gitId":"denny-wongso"},"content":"    public String getString() {","lastModifiedDate":"2022-09-29"},{"lineNumber":27,"author":{"gitId":"denny-wongso"},"content":"        return tasks.get(tasks.size() - 1).getString();","lastModifiedDate":"2022-09-29"},{"lineNumber":28,"author":{"gitId":"denny-wongso"},"content":"    }","lastModifiedDate":"2022-09-29"},{"lineNumber":29,"author":{"gitId":"denny-wongso"},"content":"","lastModifiedDate":"2022-09-29"},{"lineNumber":30,"author":{"gitId":"denny-wongso"},"content":"    public ArrayList\u003cString\u003e getList() {","lastModifiedDate":"2022-09-29"},{"lineNumber":31,"author":{"gitId":"denny-wongso"},"content":"        ArrayList\u003cString\u003e list \u003d new ArrayList\u003c\u003e();","lastModifiedDate":"2022-09-29"},{"lineNumber":32,"author":{"gitId":"denny-wongso"},"content":"        int i \u003d 1;","lastModifiedDate":"2022-09-29"},{"lineNumber":33,"author":{"gitId":"denny-wongso"},"content":"        for(TaskInterface task: tasks) {","lastModifiedDate":"2022-09-29"},{"lineNumber":34,"author":{"gitId":"denny-wongso"},"content":"            list.add(task.getString());","lastModifiedDate":"2022-09-29"},{"lineNumber":35,"author":{"gitId":"denny-wongso"},"content":"        }","lastModifiedDate":"2022-09-29"},{"lineNumber":36,"author":{"gitId":"denny-wongso"},"content":"        return list;","lastModifiedDate":"2022-09-29"},{"lineNumber":37,"author":{"gitId":"denny-wongso"},"content":"    }","lastModifiedDate":"2022-09-29"},{"lineNumber":38,"author":{"gitId":"denny-wongso"},"content":"","lastModifiedDate":"2022-09-29"},{"lineNumber":39,"author":{"gitId":"denny-wongso"},"content":"    public boolean isDone() {","lastModifiedDate":"2022-09-29"},{"lineNumber":40,"author":{"gitId":"denny-wongso"},"content":"        return tasks.get(0).isDone();","lastModifiedDate":"2022-09-29"},{"lineNumber":41,"author":{"gitId":"denny-wongso"},"content":"    }","lastModifiedDate":"2022-09-29"},{"lineNumber":42,"author":{"gitId":"denny-wongso"},"content":"","lastModifiedDate":"2022-09-29"},{"lineNumber":43,"author":{"gitId":"denny-wongso"},"content":"","lastModifiedDate":"2022-09-29"},{"lineNumber":44,"author":{"gitId":"denny-wongso"},"content":"    public void markTask(boolean mark){","lastModifiedDate":"2022-09-29"},{"lineNumber":45,"author":{"gitId":"denny-wongso"},"content":"        tasks.get(0).markTask(mark);","lastModifiedDate":"2022-09-29"},{"lineNumber":46,"author":{"gitId":"denny-wongso"},"content":"    }","lastModifiedDate":"2022-09-29"},{"lineNumber":47,"author":{"gitId":"denny-wongso"},"content":"","lastModifiedDate":"2022-09-29"},{"lineNumber":48,"author":{"gitId":"denny-wongso"},"content":"    public boolean markTask(int index, boolean mark) {","lastModifiedDate":"2022-09-29"},{"lineNumber":49,"author":{"gitId":"denny-wongso"},"content":"        if(tasks.get(index).isDone() \u003d\u003d mark) {","lastModifiedDate":"2022-09-29"},{"lineNumber":50,"author":{"gitId":"denny-wongso"},"content":"            return false;","lastModifiedDate":"2022-09-29"},{"lineNumber":51,"author":{"gitId":"denny-wongso"},"content":"        } else {","lastModifiedDate":"2022-09-29"},{"lineNumber":52,"author":{"gitId":"denny-wongso"},"content":"            tasks.get(index).markTask(mark);","lastModifiedDate":"2022-09-29"},{"lineNumber":53,"author":{"gitId":"denny-wongso"},"content":"            return true;","lastModifiedDate":"2022-09-29"},{"lineNumber":54,"author":{"gitId":"denny-wongso"},"content":"        }","lastModifiedDate":"2022-09-29"},{"lineNumber":55,"author":{"gitId":"denny-wongso"},"content":"    }","lastModifiedDate":"2022-09-29"},{"lineNumber":56,"author":{"gitId":"denny-wongso"},"content":"","lastModifiedDate":"2022-09-29"},{"lineNumber":57,"author":{"gitId":"denny-wongso"},"content":"    public String getTask(int index) {","lastModifiedDate":"2022-09-29"},{"lineNumber":58,"author":{"gitId":"denny-wongso"},"content":"        return tasks.get(index).getString();","lastModifiedDate":"2022-09-29"},{"lineNumber":59,"author":{"gitId":"denny-wongso"},"content":"    }","lastModifiedDate":"2022-09-29"},{"lineNumber":60,"author":{"gitId":"denny-wongso"},"content":"","lastModifiedDate":"2022-09-29"},{"lineNumber":61,"author":{"gitId":"denny-wongso"},"content":"    public enum TaskType {","lastModifiedDate":"2022-09-29"},{"lineNumber":62,"author":{"gitId":"denny-wongso"},"content":"        DEADLINE, EVENT, TODO;","lastModifiedDate":"2022-09-29"},{"lineNumber":63,"author":{"gitId":"denny-wongso"},"content":"","lastModifiedDate":"2022-09-29"},{"lineNumber":64,"author":{"gitId":"denny-wongso"},"content":"        public static TaskType getType(String type) throws UnsupportedTaskType {","lastModifiedDate":"2022-09-29"},{"lineNumber":65,"author":{"gitId":"denny-wongso"},"content":"            if(type.equalsIgnoreCase(\"deadline\")) {","lastModifiedDate":"2022-09-29"},{"lineNumber":66,"author":{"gitId":"denny-wongso"},"content":"                return DEADLINE;","lastModifiedDate":"2022-09-29"},{"lineNumber":67,"author":{"gitId":"denny-wongso"},"content":"            } else if (type.equalsIgnoreCase(\"event\")) {","lastModifiedDate":"2022-09-29"},{"lineNumber":68,"author":{"gitId":"denny-wongso"},"content":"                return EVENT;","lastModifiedDate":"2022-09-29"},{"lineNumber":69,"author":{"gitId":"denny-wongso"},"content":"            } else if (type.equalsIgnoreCase(\"todo\")) {","lastModifiedDate":"2022-09-29"},{"lineNumber":70,"author":{"gitId":"denny-wongso"},"content":"                return TODO;","lastModifiedDate":"2022-09-29"},{"lineNumber":71,"author":{"gitId":"denny-wongso"},"content":"            } else {","lastModifiedDate":"2022-09-29"},{"lineNumber":72,"author":{"gitId":"denny-wongso"},"content":"                throw new UnsupportedTaskType();","lastModifiedDate":"2022-09-29"},{"lineNumber":73,"author":{"gitId":"denny-wongso"},"content":"            }","lastModifiedDate":"2022-09-29"},{"lineNumber":74,"author":{"gitId":"denny-wongso"},"content":"        }","lastModifiedDate":"2022-09-29"},{"lineNumber":75,"author":{"gitId":"denny-wongso"},"content":"    }","lastModifiedDate":"2022-09-29"},{"lineNumber":76,"author":{"gitId":"denny-wongso"},"content":"}","lastModifiedDate":"2022-09-29"},{"lineNumber":77,"author":{"gitId":"denny-wongso"},"content":"","lastModifiedDate":"2022-09-29"}],"authorContributionMap":{"denny-wongso":77}},{"path":"src/main/java/Tasks/Deadline.java","fileType":"java","lines":[{"lineNumber":1,"author":{"gitId":"denny-wongso"},"content":"package Tasks;","lastModifiedDate":"2022-09-29"},{"lineNumber":2,"author":{"gitId":"denny-wongso"},"content":"","lastModifiedDate":"2022-09-29"},{"lineNumber":3,"author":{"gitId":"denny-wongso"},"content":"public class Deadline extends Task implements TaskInterface {","lastModifiedDate":"2022-09-29"},{"lineNumber":4,"author":{"gitId":"denny-wongso"},"content":"","lastModifiedDate":"2022-09-29"},{"lineNumber":5,"author":{"gitId":"denny-wongso"},"content":"    public Deadline(String work) {","lastModifiedDate":"2022-09-29"},{"lineNumber":6,"author":{"gitId":"denny-wongso"},"content":"        super(work);","lastModifiedDate":"2022-09-29"},{"lineNumber":7,"author":{"gitId":"denny-wongso"},"content":"    }","lastModifiedDate":"2022-09-29"},{"lineNumber":8,"author":{"gitId":"denny-wongso"},"content":"","lastModifiedDate":"2022-09-29"},{"lineNumber":9,"author":{"gitId":"denny-wongso"},"content":"    @Override","lastModifiedDate":"2022-09-29"},{"lineNumber":10,"author":{"gitId":"denny-wongso"},"content":"    public String getString() {","lastModifiedDate":"2022-09-29"},{"lineNumber":11,"author":{"gitId":"denny-wongso"},"content":"        return \"[D]\" + super.toString();","lastModifiedDate":"2022-09-29"},{"lineNumber":12,"author":{"gitId":"denny-wongso"},"content":"    }","lastModifiedDate":"2022-09-29"},{"lineNumber":13,"author":{"gitId":"denny-wongso"},"content":"","lastModifiedDate":"2022-09-29"},{"lineNumber":14,"author":{"gitId":"denny-wongso"},"content":"    @Override","lastModifiedDate":"2022-09-29"},{"lineNumber":15,"author":{"gitId":"denny-wongso"},"content":"    public boolean isDone() {","lastModifiedDate":"2022-09-29"},{"lineNumber":16,"author":{"gitId":"denny-wongso"},"content":"        return super.isDone();","lastModifiedDate":"2022-09-29"},{"lineNumber":17,"author":{"gitId":"denny-wongso"},"content":"    }","lastModifiedDate":"2022-09-29"},{"lineNumber":18,"author":{"gitId":"denny-wongso"},"content":"","lastModifiedDate":"2022-09-29"},{"lineNumber":19,"author":{"gitId":"denny-wongso"},"content":"    @Override","lastModifiedDate":"2022-09-29"},{"lineNumber":20,"author":{"gitId":"denny-wongso"},"content":"    public void markTask(boolean mark){","lastModifiedDate":"2022-09-29"},{"lineNumber":21,"author":{"gitId":"denny-wongso"},"content":"        super.markTask(mark);","lastModifiedDate":"2022-09-29"},{"lineNumber":22,"author":{"gitId":"denny-wongso"},"content":"    }","lastModifiedDate":"2022-09-29"},{"lineNumber":23,"author":{"gitId":"denny-wongso"},"content":"}","lastModifiedDate":"2022-09-29"}],"authorContributionMap":{"denny-wongso":23}},{"path":"src/main/java/Tasks/Event.java","fileType":"java","lines":[{"lineNumber":1,"author":{"gitId":"denny-wongso"},"content":"package Tasks;","lastModifiedDate":"2022-09-29"},{"lineNumber":2,"author":{"gitId":"denny-wongso"},"content":"","lastModifiedDate":"2022-09-29"},{"lineNumber":3,"author":{"gitId":"denny-wongso"},"content":"public class Event extends Task implements TaskInterface {","lastModifiedDate":"2022-09-29"},{"lineNumber":4,"author":{"gitId":"denny-wongso"},"content":"    public Event(String work) {","lastModifiedDate":"2022-09-29"},{"lineNumber":5,"author":{"gitId":"denny-wongso"},"content":"        super(work);","lastModifiedDate":"2022-09-29"},{"lineNumber":6,"author":{"gitId":"denny-wongso"},"content":"    }","lastModifiedDate":"2022-09-29"},{"lineNumber":7,"author":{"gitId":"denny-wongso"},"content":"","lastModifiedDate":"2022-09-29"},{"lineNumber":8,"author":{"gitId":"denny-wongso"},"content":"    @Override","lastModifiedDate":"2022-09-29"},{"lineNumber":9,"author":{"gitId":"denny-wongso"},"content":"    public String getString() {","lastModifiedDate":"2022-09-29"},{"lineNumber":10,"author":{"gitId":"denny-wongso"},"content":"        return  \"[E]\" + super.toString();","lastModifiedDate":"2022-09-29"},{"lineNumber":11,"author":{"gitId":"denny-wongso"},"content":"    }","lastModifiedDate":"2022-09-29"},{"lineNumber":12,"author":{"gitId":"denny-wongso"},"content":"    @Override","lastModifiedDate":"2022-09-29"},{"lineNumber":13,"author":{"gitId":"denny-wongso"},"content":"    public boolean isDone() {","lastModifiedDate":"2022-09-29"},{"lineNumber":14,"author":{"gitId":"denny-wongso"},"content":"        return super.isDone();","lastModifiedDate":"2022-09-29"},{"lineNumber":15,"author":{"gitId":"denny-wongso"},"content":"    }","lastModifiedDate":"2022-09-29"},{"lineNumber":16,"author":{"gitId":"denny-wongso"},"content":"","lastModifiedDate":"2022-09-29"},{"lineNumber":17,"author":{"gitId":"denny-wongso"},"content":"    @Override","lastModifiedDate":"2022-09-29"},{"lineNumber":18,"author":{"gitId":"denny-wongso"},"content":"    public void markTask(boolean mark){","lastModifiedDate":"2022-09-29"},{"lineNumber":19,"author":{"gitId":"denny-wongso"},"content":"        super.markTask(mark);","lastModifiedDate":"2022-09-29"},{"lineNumber":20,"author":{"gitId":"denny-wongso"},"content":"    }","lastModifiedDate":"2022-09-29"},{"lineNumber":21,"author":{"gitId":"denny-wongso"},"content":"}","lastModifiedDate":"2022-09-29"}],"authorContributionMap":{"denny-wongso":21}},{"path":"src/main/java/Tasks/Task.java","fileType":"java","lines":[{"lineNumber":1,"author":{"gitId":"denny-wongso"},"content":"package Tasks;","lastModifiedDate":"2022-09-29"},{"lineNumber":2,"author":{"gitId":"denny-wongso"},"content":"","lastModifiedDate":"2022-09-29"},{"lineNumber":3,"author":{"gitId":"denny-wongso"},"content":"public class Task {","lastModifiedDate":"2022-09-22"},{"lineNumber":4,"author":{"gitId":"denny-wongso"},"content":"    private boolean isDone;","lastModifiedDate":"2022-09-22"},{"lineNumber":5,"author":{"gitId":"denny-wongso"},"content":"    private String work;","lastModifiedDate":"2022-09-22"},{"lineNumber":6,"author":{"gitId":"denny-wongso"},"content":"","lastModifiedDate":"2022-09-22"},{"lineNumber":7,"author":{"gitId":"denny-wongso"},"content":"    public Task(boolean isDone, String work) {","lastModifiedDate":"2022-09-22"},{"lineNumber":8,"author":{"gitId":"denny-wongso"},"content":"        this.isDone \u003d isDone;","lastModifiedDate":"2022-09-22"},{"lineNumber":9,"author":{"gitId":"denny-wongso"},"content":"        this.work \u003d work;","lastModifiedDate":"2022-09-22"},{"lineNumber":10,"author":{"gitId":"denny-wongso"},"content":"    }","lastModifiedDate":"2022-09-22"},{"lineNumber":11,"author":{"gitId":"denny-wongso"},"content":"","lastModifiedDate":"2022-09-22"},{"lineNumber":12,"author":{"gitId":"denny-wongso"},"content":"    public Task(String work) {","lastModifiedDate":"2022-09-22"},{"lineNumber":13,"author":{"gitId":"denny-wongso"},"content":"        this(false, work);","lastModifiedDate":"2022-09-22"},{"lineNumber":14,"author":{"gitId":"denny-wongso"},"content":"    }","lastModifiedDate":"2022-09-22"},{"lineNumber":15,"author":{"gitId":"denny-wongso"},"content":"","lastModifiedDate":"2022-09-22"},{"lineNumber":16,"author":{"gitId":"denny-wongso"},"content":"    public void markTask(boolean mark) {","lastModifiedDate":"2022-09-22"},{"lineNumber":17,"author":{"gitId":"denny-wongso"},"content":"        isDone \u003d mark;","lastModifiedDate":"2022-09-22"},{"lineNumber":18,"author":{"gitId":"denny-wongso"},"content":"    }","lastModifiedDate":"2022-09-22"},{"lineNumber":19,"author":{"gitId":"denny-wongso"},"content":"","lastModifiedDate":"2022-09-22"},{"lineNumber":20,"author":{"gitId":"denny-wongso"},"content":"    public boolean isDone() {","lastModifiedDate":"2022-09-22"},{"lineNumber":21,"author":{"gitId":"denny-wongso"},"content":"        return isDone;","lastModifiedDate":"2022-09-22"},{"lineNumber":22,"author":{"gitId":"denny-wongso"},"content":"    }","lastModifiedDate":"2022-09-22"},{"lineNumber":23,"author":{"gitId":"denny-wongso"},"content":"    @Override","lastModifiedDate":"2022-09-22"},{"lineNumber":24,"author":{"gitId":"denny-wongso"},"content":"    public String toString() {","lastModifiedDate":"2022-09-22"},{"lineNumber":25,"author":{"gitId":"denny-wongso"},"content":"        String value \u003d isDone ? \"[X]\" : \"[ ]\";","lastModifiedDate":"2022-09-22"},{"lineNumber":26,"author":{"gitId":"denny-wongso"},"content":"        value +\u003d work;","lastModifiedDate":"2022-09-29"},{"lineNumber":27,"author":{"gitId":"denny-wongso"},"content":"        return value;","lastModifiedDate":"2022-09-22"},{"lineNumber":28,"author":{"gitId":"denny-wongso"},"content":"    }","lastModifiedDate":"2022-09-22"},{"lineNumber":29,"author":{"gitId":"denny-wongso"},"content":"","lastModifiedDate":"2022-09-22"},{"lineNumber":30,"author":{"gitId":"denny-wongso"},"content":"}","lastModifiedDate":"2022-09-22"},{"lineNumber":31,"author":{"gitId":"denny-wongso"},"content":"","lastModifiedDate":"2022-09-29"}],"authorContributionMap":{"denny-wongso":31}},{"path":"src/main/java/Tasks/TaskInterface.java","fileType":"java","lines":[{"lineNumber":1,"author":{"gitId":"denny-wongso"},"content":"package Tasks;","lastModifiedDate":"2022-09-29"},{"lineNumber":2,"author":{"gitId":"denny-wongso"},"content":"","lastModifiedDate":"2022-09-29"},{"lineNumber":3,"author":{"gitId":"denny-wongso"},"content":"public interface TaskInterface {","lastModifiedDate":"2022-09-29"},{"lineNumber":4,"author":{"gitId":"denny-wongso"},"content":"    public String getString();","lastModifiedDate":"2022-09-29"},{"lineNumber":5,"author":{"gitId":"denny-wongso"},"content":"    public boolean isDone();","lastModifiedDate":"2022-09-29"},{"lineNumber":6,"author":{"gitId":"denny-wongso"},"content":"    public void markTask(boolean mark);","lastModifiedDate":"2022-09-29"},{"lineNumber":7,"author":{"gitId":"denny-wongso"},"content":"}","lastModifiedDate":"2022-09-29"}],"authorContributionMap":{"denny-wongso":7}},{"path":"src/main/java/Tasks/Todo.java","fileType":"java","lines":[{"lineNumber":1,"author":{"gitId":"denny-wongso"},"content":"package Tasks;","lastModifiedDate":"2022-09-29"},{"lineNumber":2,"author":{"gitId":"denny-wongso"},"content":"","lastModifiedDate":"2022-09-29"},{"lineNumber":3,"author":{"gitId":"denny-wongso"},"content":"public class Todo extends Task implements TaskInterface {","lastModifiedDate":"2022-09-29"},{"lineNumber":4,"author":{"gitId":"denny-wongso"},"content":"","lastModifiedDate":"2022-09-29"},{"lineNumber":5,"author":{"gitId":"denny-wongso"},"content":"    public Todo(String work) {","lastModifiedDate":"2022-09-29"},{"lineNumber":6,"author":{"gitId":"denny-wongso"},"content":"        super(work);","lastModifiedDate":"2022-09-29"},{"lineNumber":7,"author":{"gitId":"denny-wongso"},"content":"    }","lastModifiedDate":"2022-09-29"},{"lineNumber":8,"author":{"gitId":"denny-wongso"},"content":"","lastModifiedDate":"2022-09-29"},{"lineNumber":9,"author":{"gitId":"denny-wongso"},"content":"    @Override","lastModifiedDate":"2022-09-29"},{"lineNumber":10,"author":{"gitId":"denny-wongso"},"content":"    public String getString() {","lastModifiedDate":"2022-09-29"},{"lineNumber":11,"author":{"gitId":"denny-wongso"},"content":"        return \"[T]\" + super.toString();","lastModifiedDate":"2022-09-29"},{"lineNumber":12,"author":{"gitId":"denny-wongso"},"content":"    }","lastModifiedDate":"2022-09-29"},{"lineNumber":13,"author":{"gitId":"denny-wongso"},"content":"    @Override","lastModifiedDate":"2022-09-29"},{"lineNumber":14,"author":{"gitId":"denny-wongso"},"content":"    public boolean isDone() {","lastModifiedDate":"2022-09-29"},{"lineNumber":15,"author":{"gitId":"denny-wongso"},"content":"        return super.isDone();","lastModifiedDate":"2022-09-29"},{"lineNumber":16,"author":{"gitId":"denny-wongso"},"content":"    }","lastModifiedDate":"2022-09-29"},{"lineNumber":17,"author":{"gitId":"denny-wongso"},"content":"","lastModifiedDate":"2022-09-29"},{"lineNumber":18,"author":{"gitId":"denny-wongso"},"content":"    @Override","lastModifiedDate":"2022-09-29"},{"lineNumber":19,"author":{"gitId":"denny-wongso"},"content":"    public void markTask(boolean mark){","lastModifiedDate":"2022-09-29"},{"lineNumber":20,"author":{"gitId":"denny-wongso"},"content":"        super.markTask(mark);","lastModifiedDate":"2022-09-29"},{"lineNumber":21,"author":{"gitId":"denny-wongso"},"content":"    }","lastModifiedDate":"2022-09-29"},{"lineNumber":22,"author":{"gitId":"denny-wongso"},"content":"}","lastModifiedDate":"2022-09-29"}],"authorContributionMap":{"denny-wongso":22}},{"path":"src/main/java/Tasks/UnsupportedTaskType.java","fileType":"java","lines":[{"lineNumber":1,"author":{"gitId":"denny-wongso"},"content":"package Tasks;","lastModifiedDate":"2022-09-29"},{"lineNumber":2,"author":{"gitId":"denny-wongso"},"content":"","lastModifiedDate":"2022-09-29"},{"lineNumber":3,"author":{"gitId":"denny-wongso"},"content":"public class UnsupportedTaskType extends Exception {","lastModifiedDate":"2022-09-29"},{"lineNumber":4,"author":{"gitId":"denny-wongso"},"content":"","lastModifiedDate":"2022-09-29"},{"lineNumber":5,"author":{"gitId":"denny-wongso"},"content":"}","lastModifiedDate":"2022-09-29"}],"authorContributionMap":{"denny-wongso":5}}]
