{"authorDailyContributionsMap":{"denny-wongso":[{"date":"2022-08-20","commitResults":[{"hash":"fc81085c285b0d1563326939557c210d822754d6","messageTitle":"added Great, Echo, Exit added Bot class to handle what the bot can do","messageBody":"","tags":["Level-1"],"fileTypesAndContributionMap":{"java":{"insertions":51,"deletions":6}}},{"hash":"abb0618afa99c1fc7429b65c847c165c26326e06","messageTitle":"added Add, List added storing data in array and display as list","messageBody":"","tags":["Level-2"],"fileTypesAndContributionMap":{"java":{"insertions":28,"deletions":2}}}]},{"date":"2022-08-23","commitResults":[{"hash":"0684a4f0bdcfd6c5d5b57e63f1484fbebd6858dd","messageTitle":"added function to append tab into a string","messageBody":"","fileTypesAndContributionMap":{"java":{"insertions":9,"deletions":5}}},{"hash":"c542bb7c206f380273f6ec8f3978eb1ea46c7038","messageTitle":"remove unused function update check keywords to ignore case","messageBody":"","fileTypesAndContributionMap":{"java":{"insertions":2,"deletions":7}}}]},{"date":"2022-09-22","commitResults":[{"hash":"dc2be122b15d4af2e135c1e2a8ac7e05bdb7c35d","messageTitle":"added Task class for representing each task","messageBody":"","fileTypesAndContributionMap":{"java":{"insertions":28,"deletions":0}}},{"hash":"66c8f6531ba9650ffd71d48dc66a27feb1fd25e8","messageTitle":"added enum keyword to represent each keyword","messageBody":"","fileTypesAndContributionMap":{"java":{"insertions":39,"deletions":6}}},{"hash":"9c477709e44396e5e94cbb12cf0e95435db89250","messageTitle":"- Used Task object instead of primitive string for storage - Added mark and unmark task","messageBody":"","tags":["Level-3"],"fileTypesAndContributionMap":{"java":{"insertions":34,"deletions":6}}}]},{"date":"2022-09-29","commitResults":[{"hash":"5c403fb811c4f59fda664fa4be6b63787b6b2c53","messageTitle":"added interface for task","messageBody":"","fileTypesAndContributionMap":{"java":{"insertions":7,"deletions":0}}},{"hash":"a2bf3939a7f2c0461e1ea5dce5c426bb98b4588d","messageTitle":"added base task class","messageBody":"","fileTypesAndContributionMap":{"java":{"insertions":4,"deletions":1}}},{"hash":"f803fe2cc878a7c247e378365a40fe389df75200","messageTitle":"added unsupportedtask type extend from exception for notifying class about unsupported type","messageBody":"","fileTypesAndContributionMap":{"java":{"insertions":5,"deletions":0}}},{"hash":"3dfb00eeeb784637ce43215628a4f941ca003da4","messageTitle":"added deadline, event, todo class extend from tasks class and implement interface class","messageBody":"","tags":["Level-4"],"fileTypesAndContributionMap":{"java":{"insertions":66,"deletions":0}}},{"hash":"7b8744b7d2fdf98766ed05d6c446b0ee6b2d2af6","messageTitle":"added taskmanager to be the wrapper on all the taskinterface classes","messageBody":"","fileTypesAndContributionMap":{"java":{"insertions":77,"deletions":0}}},{"hash":"11466d101b58f894d88c10957faf255115ffc72c","messageTitle":"move handler of task to taskmanager from Bot class","messageBody":"","fileTypesAndContributionMap":{"java":{"insertions":34,"deletions":37}}},{"hash":"17c1640583a58a0cc767e8ef2574ebaa64bd5778","messageTitle":"combine mark and unmark into 1 function and pass true or false for mark or unmark","messageBody":"","fileTypesAndContributionMap":{"java":{"insertions":3,"deletions":3}}}]},{"date":"2022-10-14","commitResults":[{"hash":"7ee2ea93028b3f393bf55198bfdb32ae8980ed37","messageTitle":"handle throws for null and unsupportedtasktype","messageBody":"","tags":["Level-5"],"fileTypesAndContributionMap":{"java":{"insertions":6,"deletions":4}}},{"hash":"724d05c0e4f917a6c220c449961eb2198ba64013","messageTitle":"allow delete task","messageBody":"","tags":["Level-6"],"fileTypesAndContributionMap":{"java":{"insertions":21,"deletions":1}}}]}]},"authorFileTypeContributionMap":{"denny-wongso":{"java":341,"md":0,"fxml":0,"sh":0,"bat":0,"gradle":0,"txt":0}},"authorContributionVariance":{"denny-wongso":1095.5922},"authorDisplayNameMap":{"denny-wongso":"DENN..NGSO"}}
