{"authorDailyContributionsMap":{"aaronangxz":[{"date":"2022-08-14","commitResults":[{"hash":"d3fc49af2d6790a43d47c3f5b40e7cc7a2db4dfa","messageTitle":"Added Level3 and UT","messageBody":"","fileTypesAndContributionMap":{"txt":{"insertions":12,"deletions":0},"java":{"insertions":69,"deletions":18}}}]},{"date":"2022-10-29","commitResults":[{"hash":"38e6b7e74a8c4d5f97b285efa4802419125caa58","messageTitle":"Start Level 4","messageBody":"","fileTypesAndContributionMap":{"java":{"insertions":1,"deletions":1}}}]},{"date":"2022-10-30","commitResults":[{"hash":"402f76bb031fb29d1dda950985b131727f552b64","messageTitle":"Added some stuff","messageBody":"","fileTypesAndContributionMap":{"java":{"insertions":72,"deletions":4}}},{"hash":"09d77092157ad07e885e224e62896d8e2db4a117","messageTitle":"Complete Level 4","messageBody":"","fileTypesAndContributionMap":{"java":{"insertions":70,"deletions":40}}},{"hash":"1de75e9fad7eea1f7f650afa279651f04df50f10","messageTitle":"Completed Level 5 refactor","messageBody":"","fileTypesAndContributionMap":{"java":{"insertions":132,"deletions":48}}},{"hash":"ca13fa121ab7a04326c9ce09706c1c01339fbc95","messageTitle":"Added Level 6","messageBody":"","fileTypesAndContributionMap":{"java":{"insertions":44,"deletions":20}}}]},{"date":"2022-10-31","commitResults":[{"hash":"280ec413b308ff1c22ba4a442164e9aff64d1ddb","messageTitle":"Start Level 7","messageBody":"","fileTypesAndContributionMap":{"txt":{"insertions":3,"deletions":0},"java":{"insertions":103,"deletions":17}}},{"hash":"793c1ac35951439a435615d5627c800454c0a94e","messageTitle":"Refactor OOP","messageBody":"","fileTypesAndContributionMap":{"txt":{"insertions":5,"deletions":2},"java":{"insertions":349,"deletions":238}}}]},{"date":"2022-11-01","commitResults":[{"hash":"ace1577cf091477140659b2967d8235ae2428a8d","messageTitle":"Level 7 Milstone","messageBody":"","fileTypesAndContributionMap":{"txt":{"insertions":0,"deletions":5},"java":{"insertions":117,"deletions":72}}},{"hash":"1b77e46ec44aefbe7f1887e9c6254c8a05991af4","messageTitle":"Level 8 Milestone","messageBody":"","fileTypesAndContributionMap":{"txt":{"insertions":1,"deletions":1},"java":{"insertions":261,"deletions":51}}},{"hash":"1d8ea9f053338142e530cd3218017498d067e8f1","messageTitle":"WIP some UT","messageBody":"","fileTypesAndContributionMap":{"gradle":{"insertions":8,"deletions":0},"java":{"insertions":51,"deletions":3}}},{"hash":"536bbdc248bf6f1b85ee6045eb2068de3afe070b","messageTitle":"Added Level 9","messageBody":"","fileTypesAndContributionMap":{"txt":{"insertions":1,"deletions":1},"java":{"insertions":51,"deletions":4}}},{"hash":"84243b993a02be274c8f8a506646cd23548e688c","messageTitle":"Added DateProcessorTest","messageBody":"","fileTypesAndContributionMap":{"gradle":{"insertions":6,"deletions":0},"java":{"insertions":62,"deletions":21}}},{"hash":"c9590f40a5c5f5947a16ab049575a03030d2270e","messageTitle":"Added Codecov","messageBody":"","fileTypesAndContributionMap":{"gradle":{"insertions":1,"deletions":1},"java":{"insertions":4,"deletions":4}}},{"hash":"32d9f247c91afd84e24a1ebe91dfb0f40e953d04","messageTitle":"Fix timezone","messageBody":"","fileTypesAndContributionMap":{"java":{"insertions":8,"deletions":4}}},{"hash":"eba8860f48069fde1ba9cca0ce47f1a3f9a507ff","messageTitle":"Added jaco report","messageBody":"","fileTypesAndContributionMap":{"gradle":{"insertions":15,"deletions":1}}},{"hash":"84f291f726e5e004f8c36f5df9f19dc147b457d2","messageTitle":"Added some UT","messageBody":"","fileTypesAndContributionMap":{"java":{"insertions":86,"deletions":9}}},{"hash":"e9229ce7677bf55615b5826f5944be2846ebf8b8","messageTitle":"Added more UT","messageBody":"","fileTypesAndContributionMap":{"java":{"insertions":155,"deletions":27}}},{"hash":"e656bd0b402e361db70de675dd34efee4995d501","messageTitle":"Added File read write","messageBody":"","fileTypesAndContributionMap":{"txt":{"insertions":7,"deletions":1},"java":{"insertions":214,"deletions":27}}},{"hash":"7a7b95666274c6fab386bc27a462ec622bb7ce6f","messageTitle":"Added Archive and Restore","messageBody":"","fileTypesAndContributionMap":{"txt":{"insertions":23,"deletions":7},"java":{"insertions":178,"deletions":22}}},{"hash":"161cdbab473199acf1473416d57a30ed51864cf5","messageTitle":"Fix UT","messageBody":"","fileTypesAndContributionMap":{"java":{"insertions":1,"deletions":1}}}]}]},"authorFileTypeContributionMap":{"aaronangxz":{"java":1441,"md":0,"fxml":0,"sh":0,"bat":0,"gradle":28,"txt":35}},"authorContributionVariance":{"aaronangxz":33794.9},"authorDisplayNameMap":{"aaronangxz":"ANG ..N ZE"}}
