{"authorDailyContributionsMap":{"aaronangxz":[{"date":"2022-08-14","commitResults":[{"hash":"d3fc49af2d6790a43d47c3f5b40e7cc7a2db4dfa","messageTitle":"Added Level3 and UT","messageBody":"","fileTypesAndContributionMap":{"txt":{"insertions":12,"deletions":0},"java":{"insertions":69,"deletions":18}}}]},{"date":"2022-10-29","commitResults":[{"hash":"38e6b7e74a8c4d5f97b285efa4802419125caa58","messageTitle":"Start Level 4","messageBody":"","fileTypesAndContributionMap":{"java":{"insertions":1,"deletions":1}}}]},{"date":"2022-10-30","commitResults":[{"hash":"402f76bb031fb29d1dda950985b131727f552b64","messageTitle":"Added some stuff","messageBody":"","fileTypesAndContributionMap":{"java":{"insertions":72,"deletions":4}}},{"hash":"09d77092157ad07e885e224e62896d8e2db4a117","messageTitle":"Complete Level 4","messageBody":"","fileTypesAndContributionMap":{"java":{"insertions":70,"deletions":40}}},{"hash":"1de75e9fad7eea1f7f650afa279651f04df50f10","messageTitle":"Completed Level 5 refactor","messageBody":"","fileTypesAndContributionMap":{"java":{"insertions":132,"deletions":48}}},{"hash":"ca13fa121ab7a04326c9ce09706c1c01339fbc95","messageTitle":"Added Level 6","messageBody":"","fileTypesAndContributionMap":{"java":{"insertions":44,"deletions":20}}}]},{"date":"2022-10-31","commitResults":[{"hash":"280ec413b308ff1c22ba4a442164e9aff64d1ddb","messageTitle":"Start Level 7","messageBody":"","fileTypesAndContributionMap":{"txt":{"insertions":3,"deletions":0},"java":{"insertions":103,"deletions":17}}},{"hash":"793c1ac35951439a435615d5627c800454c0a94e","messageTitle":"Refactor OOP","messageBody":"","fileTypesAndContributionMap":{"txt":{"insertions":5,"deletions":2},"java":{"insertions":349,"deletions":238}}}]},{"date":"2022-11-01","commitResults":[{"hash":"ace1577cf091477140659b2967d8235ae2428a8d","messageTitle":"Level 7 Milstone","messageBody":"","fileTypesAndContributionMap":{"txt":{"insertions":0,"deletions":5},"java":{"insertions":117,"deletions":72}}},{"hash":"1b77e46ec44aefbe7f1887e9c6254c8a05991af4","messageTitle":"Level 8 Milestone","messageBody":"","fileTypesAndContributionMap":{"txt":{"insertions":1,"deletions":1},"java":{"insertions":261,"deletions":51}}},{"hash":"1d8ea9f053338142e530cd3218017498d067e8f1","messageTitle":"WIP some UT","messageBody":"","fileTypesAndContributionMap":{"gradle":{"insertions":8,"deletions":0},"java":{"insertions":51,"deletions":3}}},{"hash":"536bbdc248bf6f1b85ee6045eb2068de3afe070b","messageTitle":"Added Level 9","messageBody":"","fileTypesAndContributionMap":{"txt":{"insertions":1,"deletions":1},"java":{"insertions":51,"deletions":4}}},{"hash":"84243b993a02be274c8f8a506646cd23548e688c","messageTitle":"Added DateProcessorTest","messageBody":"","fileTypesAndContributionMap":{"gradle":{"insertions":6,"deletions":0},"java":{"insertions":62,"deletions":21}}},{"hash":"c9590f40a5c5f5947a16ab049575a03030d2270e","messageTitle":"Added Codecov","messageBody":"","fileTypesAndContributionMap":{"gradle":{"insertions":1,"deletions":1},"java":{"insertions":4,"deletions":4}}},{"hash":"32d9f247c91afd84e24a1ebe91dfb0f40e953d04","messageTitle":"Fix timezone","messageBody":"","fileTypesAndContributionMap":{"java":{"insertions":8,"deletions":4}}},{"hash":"eba8860f48069fde1ba9cca0ce47f1a3f9a507ff","messageTitle":"Added jaco report","messageBody":"","fileTypesAndContributionMap":{"gradle":{"insertions":15,"deletions":1}}},{"hash":"84f291f726e5e004f8c36f5df9f19dc147b457d2","messageTitle":"Added some UT","messageBody":"","fileTypesAndContributionMap":{"java":{"insertions":86,"deletions":9}}},{"hash":"e9229ce7677bf55615b5826f5944be2846ebf8b8","messageTitle":"Added more UT","messageBody":"","fileTypesAndContributionMap":{"java":{"insertions":155,"deletions":27}}},{"hash":"e656bd0b402e361db70de675dd34efee4995d501","messageTitle":"Added File read write","messageBody":"","fileTypesAndContributionMap":{"txt":{"insertions":7,"deletions":1},"java":{"insertions":214,"deletions":27}}},{"hash":"7a7b95666274c6fab386bc27a462ec622bb7ce6f","messageTitle":"Added Archive and Restore","messageBody":"","fileTypesAndContributionMap":{"txt":{"insertions":23,"deletions":7},"java":{"insertions":178,"deletions":22}}},{"hash":"161cdbab473199acf1473416d57a30ed51864cf5","messageTitle":"Fix UT","messageBody":"","fileTypesAndContributionMap":{"java":{"insertions":1,"deletions":1}}},{"hash":"7b6a7f60cd99dcdf211c5c551316bbf75c540846","messageTitle":"Added GUI","messageBody":"","fileTypesAndContributionMap":{"gradle":{"insertions":19,"deletions":0},"fxml":{"insertions":49,"deletions":0},"java":{"insertions":228,"deletions":50}}}]},{"date":"2022-11-02","commitResults":[{"hash":"ebc4357d4ed014fa2bbdb230be8c3e2eb2df8efd","messageTitle":"Finalise GUI","messageBody":"","fileTypesAndContributionMap":{"txt":{"insertions":25,"deletions":1},"fxml":{"insertions":54,"deletions":27},"java":{"insertions":304,"deletions":209}}},{"hash":"3f5b5fd846c74a2e4467cef4e15b77bfb0b32db8","messageTitle":"Fix UT assertions","messageBody":"","fileTypesAndContributionMap":{"java":{"insertions":44,"deletions":21}}},{"hash":"c4fb044c58e786c4e189582c4a37bb8782bf6c57","messageTitle":"Added UT and touch up GUI","messageBody":"","fileTypesAndContributionMap":{"gradle":{"insertions":3,"deletions":4},"txt":{"insertions":6,"deletions":2},"fxml":{"insertions":22,"deletions":19},"java":{"insertions":1321,"deletions":1064}}},{"hash":"f5b867cef1d58bba1d3cfeb1dcb2f61950cfbec0","messageTitle":"Formatting and checkStyle","messageBody":"","fileTypesAndContributionMap":{"gradle":{"insertions":6,"deletions":2},"fxml":{"insertions":26,"deletions":15},"java":{"insertions":381,"deletions":382},"bat":{"insertions":104,"deletions":104},"md":{"insertions":13,"deletions":8}}},{"hash":"c23278337b24ea891c482f686c5d95b628af0ce6","messageTitle":"Fix some UT and add checkStyle ignore","messageBody":"","fileTypesAndContributionMap":{"gradle":{"insertions":1,"deletions":0},"java":{"insertions":21,"deletions":18}}},{"hash":"0e8f4324688caba1c1c7b5b3d0058981c289e192","messageTitle":"GUII Milestone","messageBody":"","fileTypesAndContributionMap":{"gradle":{"insertions":1,"deletions":1},"fxml":{"insertions":15,"deletions":26},"java":{"insertions":2,"deletions":2}}},{"hash":"6fd89cefcfa0f16d897f9b4b6c3e5a294494bff5","messageTitle":"Remove save files and streamline CI","messageBody":"","fileTypesAndContributionMap":{"txt":{"insertions":0,"deletions":48}}},{"hash":"f82db74ba063e8f276604354015ba5ad71870fab","messageTitle":"New data dir and gitignore path","messageBody":"","fileTypesAndContributionMap":{"java":{"insertions":4,"deletions":4}}},{"hash":"382c671ebcba40103633867437f8056248e37524","messageTitle":"Added typing status under chat name","messageBody":"","fileTypesAndContributionMap":{"fxml":{"insertions":15,"deletions":15},"java":{"insertions":11,"deletions":3}}},{"hash":"45236033232fdd52b17f85186ef71e72a32c9464","messageTitle":"Added some Javadoc and UI tweaks","messageBody":"","fileTypesAndContributionMap":{"fxml":{"insertions":42,"deletions":17},"java":{"insertions":156,"deletions":88}}},{"hash":"c8c8e80a96593a18ece20a38ca087e007356ad24","messageTitle":"Fix UT","messageBody":"","fileTypesAndContributionMap":{"java":{"insertions":5,"deletions":5}}},{"hash":"44e2e298cd3ae3b42160b915b119ae09bb38e5c5","messageTitle":"Delete tmp cache afte exit","messageBody":"","fileTypesAndContributionMap":{"gradle":{"insertions":1,"deletions":1},"java":{"insertions":35,"deletions":11}}},{"hash":"e034dd3147a37b392425158a2f760174efd00ef6","messageTitle":"Added menu bar","messageBody":"","fileTypesAndContributionMap":{"fxml":{"insertions":56,"deletions":29},"java":{"insertions":43,"deletions":3}}},{"hash":"1baa3b8e99289a715cc094f523c3b328628be4ca","messageTitle":"Finalised Javadocs","messageBody":"","fileTypesAndContributionMap":{"gradle":{"insertions":5,"deletions":0},"java":{"insertions":355,"deletions":97}}},{"hash":"49279831e44481bc89274d8679dd6a69faae67bb","messageTitle":"Added Javadocs","messageBody":"","fileTypesAndContributionMap":{"md":{"insertions":0,"deletions":29}}}]},{"date":"2022-11-04","commitResults":[{"hash":"17d2819499857009075e8197ac782d899884f328","messageTitle":"Implemented dark mode","messageBody":"","fileTypesAndContributionMap":{"fxml":{"insertions":30,"deletions":25},"java":{"insertions":62,"deletions":1}}},{"hash":"0744802cd06758c7ff4198473f9fadeb230f9226","messageTitle":"Improve icons","messageBody":"","fileTypesAndContributionMap":{"fxml":{"insertions":4,"deletions":4},"java":{"insertions":2,"deletions":0}}},{"hash":"6b65e641d11a395e739ce602bad6ac2d9a12fd46","messageTitle":"Added sqlite and orm","messageBody":"","fileTypesAndContributionMap":{"gradle":{"insertions":2,"deletions":0},"java":{"insertions":145,"deletions":1}}},{"hash":"24a68a41b516a30bd9235e38b415b6c820ad19a1","messageTitle":"Added local chat caching support","messageBody":"","fileTypesAndContributionMap":{"fxml":{"insertions":28,"deletions":38},"java":{"insertions":96,"deletions":36}}},{"hash":"a523f64139912ac2789cedd165608ecb4c528558","messageTitle":"Some housekeeping","messageBody":"","fileTypesAndContributionMap":{"java":{"insertions":4,"deletions":11}}},{"hash":"d8c18cc0ec66d185f61f3d8046db9e7fac6df931","messageTitle":"Improved DatProessor UT","messageBody":"","fileTypesAndContributionMap":{"java":{"insertions":243,"deletions":68}}},{"hash":"fae2a36a899a67fda084d35363faa6475bdc5072","messageTitle":"Adjusted dialog box margin with vBar","messageBody":"","fileTypesAndContributionMap":{"fxml":{"insertions":3,"deletions":4},"java":{"insertions":41,"deletions":22}}},{"hash":"bbd5997a70ef2071bc3c3a3c5f5dc38f159edb3c","messageTitle":"Fix formatting","messageBody":"","fileTypesAndContributionMap":{"gradle":{"insertions":1,"deletions":1},"txt":{"insertions":1,"deletions":1},"java":{"insertions":70,"deletions":7}}},{"hash":"86b981113161fbafca75fe5c6e707ca714aa4e8f","messageTitle":"Clean up and package OSX App","messageBody":"","fileTypesAndContributionMap":{"gradle":{"insertions":9,"deletions":0},"java":{"insertions":3,"deletions":0},"md":{"insertions":6,"deletions":0}}},{"hash":"3dfffef2f400f4e6fe69ea3b3bcbc318780c9634","messageTitle":"Clean up gradle","messageBody":"","fileTypesAndContributionMap":{"gradle":{"insertions":1,"deletions":10}}}]},{"date":"2022-11-05","commitResults":[{"hash":"f5abc21eaf476445636a50fb2e3d9b7d3eb0f821","messageTitle":"Added Ui UT","messageBody":"","fileTypesAndContributionMap":{"java":{"insertions":344,"deletions":5}}},{"hash":"d3a27b0a06422f11733c197529417f5323cd7798","messageTitle":"Clean up","messageBody":"","fileTypesAndContributionMap":{"java":{"insertions":1,"deletions":3}}},{"hash":"8dd3a636f02171c4da77bcd9f92fc8313a57105d","messageTitle":"Further clean up and refactor UT","messageBody":"","fileTypesAndContributionMap":{"fxml":{"insertions":161,"deletions":51},"java":{"insertions":142,"deletions":60}}},{"hash":"a59f95ca6d62eb2fb248babed76fb08e60bd96cf","messageTitle":"Formatting","messageBody":"","fileTypesAndContributionMap":{"java":{"insertions":1,"deletions":2}}},{"hash":"4586585480822b061e5e2e8db5ee54bc713d28d7","messageTitle":"il8n for most modules except DateProcessor","messageBody":"","fileTypesAndContributionMap":{"fxml":{"insertions":6,"deletions":0},"java":{"insertions":728,"deletions":182}}}]},{"date":"2022-11-06","commitResults":[{"hash":"292d502e3cbeaff67ab1a62d1f971300e6df3339","messageTitle":"Finalized refactoring to support il8n with UT","messageBody":"","fileTypesAndContributionMap":{"fxml":{"insertions":35,"deletions":23},"java":{"insertions":997,"deletions":273}}},{"hash":"7ae8937112f4cde29ceef1b0741fd5c08e9e8d0b","messageTitle":"Formatting for UT","messageBody":"","fileTypesAndContributionMap":{"java":{"insertions":9,"deletions":10}}},{"hash":"42393ffb32956f99111d8b5c0caea096afe0f231","messageTitle":"Edited menu text","messageBody":"","fileTypesAndContributionMap":{"gradle":{"insertions":0,"deletions":1},"fxml":{"insertions":2,"deletions":2},"java":{"insertions":4,"deletions":4}}},{"hash":"6497f522647d1306c88ec213c8a078f67102c29e","messageTitle":"Added UT for DateProcessor CN","messageBody":"","fileTypesAndContributionMap":{"java":{"insertions":287,"deletions":12}}},{"hash":"0df29992fbcc34476e149d50a699d73ea7fa2b48","messageTitle":"Clean up","messageBody":"","fileTypesAndContributionMap":{"java":{"insertions":6,"deletions":10}}},{"hash":"1d5abe8b0b8cc0d34392cd85d93dee0bbe1be457","messageTitle":"Extracted messages to enum","messageBody":"","fileTypesAndContributionMap":{"java":{"insertions":259,"deletions":51}}},{"hash":"d7d618705c2374d46cc06a23c8211384201b2e10","messageTitle":"Fix UT","messageBody":"","fileTypesAndContributionMap":{"java":{"insertions":7,"deletions":23}}},{"hash":"c6c5137c42b041c2bdd5255b4026adcd96e24085","messageTitle":"Formatting","messageBody":"","fileTypesAndContributionMap":{"java":{"insertions":3,"deletions":2}}},{"hash":"335847c09754177d4a80097d7815a082eb7da64b","messageTitle":"Clean up","messageBody":"","fileTypesAndContributionMap":{"java":{"insertions":13,"deletions":30}}},{"hash":"03a9bad856dea5a7c59d8c1b46c1920b5745a763","messageTitle":"Fix formatting","messageBody":"","fileTypesAndContributionMap":{"java":{"insertions":0,"deletions":1}}},{"hash":"0934a5733d888b8b7dc4e0c4b9d7768e2fdc8b88","messageTitle":"Added il8n DateProcessor UT","messageBody":"","fileTypesAndContributionMap":{"java":{"insertions":588,"deletions":475}}},{"hash":"7a2aecac4cfb83eef07916c30388c8cc79e021de","messageTitle":"Tweaked exception and added UT","messageBody":"","fileTypesAndContributionMap":{"java":{"insertions":44,"deletions":11}}},{"hash":"ea8871525ddf7d2873505fa2e2295db965922142","messageTitle":"Added Storage UT","messageBody":"","fileTypesAndContributionMap":{"txt":{"insertions":7,"deletions":2},"java":{"insertions":69,"deletions":6}}},{"hash":"ca138b51c17c8dbf6e7b96177bbf942b9972a395","messageTitle":"Added some Runner error handling","messageBody":"","fileTypesAndContributionMap":{"java":{"insertions":21,"deletions":2}}},{"hash":"77efca7276f6754cd70a5478d81e9580e0a2e2be","messageTitle":"Added EN help menu","messageBody":"","fileTypesAndContributionMap":{"fxml":{"insertions":2,"deletions":2},"java":{"insertions":42,"deletions":1}}},{"hash":"68e257da0979b75d5ca9e42ab8c7078d8edb33d8","messageTitle":"Added CN menu and improved dark mode css","messageBody":"","fileTypesAndContributionMap":{"fxml":{"insertions":34,"deletions":31},"java":{"insertions":28,"deletions":2}}},{"hash":"8bdd4e9d4348bca23f2f552030a4008f5ecc85b5","messageTitle":"Fix formatting","messageBody":"","fileTypesAndContributionMap":{"java":{"insertions":4,"deletions":4}}},{"hash":"4846d3e25bcad34b6c7a8414f41f8053a5878125","messageTitle":"Tweak error handling and scene refresh","messageBody":"","fileTypesAndContributionMap":{"java":{"insertions":15,"deletions":5}}},{"hash":"4c40eba2021faa4edd28b37f55e47bcd1ddb786a","messageTitle":"Add UT for Duke","messageBody":"","fileTypesAndContributionMap":{"java":{"insertions":149,"deletions":20}}},{"hash":"4d93d5c3a80952a16b026c4c837a10c5383f89e6","messageTitle":"Fix UT","messageBody":"","fileTypesAndContributionMap":{"java":{"insertions":2,"deletions":4}}},{"hash":"d3384657c2063556ff23c6be6a5490dddb2c5cdf","messageTitle":"Remvoed unused import","messageBody":"","fileTypesAndContributionMap":{"java":{"insertions":0,"deletions":1},"md":{"insertions":2,"deletions":0}}}]},{"date":"2022-11-07","commitResults":[{"hash":"c72f0ffd99bbe2a678671987b16f31c9226096c5","messageTitle":"Some fixes when writing report","messageBody":"","fileTypesAndContributionMap":{"fxml":{"insertions":1,"deletions":1},"java":{"insertions":23,"deletions":16}}},{"hash":"c07cb0467db841e231ae11841820bfe1db739f28","messageTitle":"Added some Javadoc","messageBody":"","fileTypesAndContributionMap":{"java":{"insertions":83,"deletions":39}}}]}]},"authorFileTypeContributionMap":{"aaronangxz":{"java":5529,"md":17,"fxml":256,"sh":0,"bat":1,"gradle":58,"txt":20}},"authorContributionVariance":{"aaronangxz":513413.75},"authorDisplayNameMap":{"aaronangxz":"ANG ..N ZE"}}
