{"authorDailyContributionsMap":{"aaronangxz":[{"date":"2022-08-14","commitResults":[{"hash":"d3fc49af2d6790a43d47c3f5b40e7cc7a2db4dfa","messageTitle":"Added Level3 and UT","messageBody":"","fileTypesAndContributionMap":{"txt":{"insertions":12,"deletions":0},"java":{"insertions":69,"deletions":18}}}]}]},"authorFileTypeContributionMap":{"aaronangxz":{"java":68,"md":0,"fxml":0,"sh":0,"bat":0,"gradle":0,"txt":12}},"authorContributionVariance":{"aaronangxz":1200.1223},"authorDisplayNameMap":{"aaronangxz":"ANG ..N ZE"}}
