[{"path":"src/main/java/Deadline.java","fileType":"java","lines":[{"lineNumber":1,"author":{"gitId":"joelleeyueer"},"content":"public class Deadline extends Task{","lastModifiedDate":"2022-10-25"},{"lineNumber":2,"author":{"gitId":"joelleeyueer"},"content":"","lastModifiedDate":"2022-10-25"},{"lineNumber":3,"author":{"gitId":"joelleeyueer"},"content":"    private String atDate;","lastModifiedDate":"2022-10-25"},{"lineNumber":4,"author":{"gitId":"joelleeyueer"},"content":"","lastModifiedDate":"2022-10-25"},{"lineNumber":5,"author":{"gitId":"joelleeyueer"},"content":"    public Deadline(String taskName, String atDate) {","lastModifiedDate":"2022-10-25"},{"lineNumber":6,"author":{"gitId":"joelleeyueer"},"content":"        super(taskName);","lastModifiedDate":"2022-10-25"},{"lineNumber":7,"author":{"gitId":"joelleeyueer"},"content":"        this.atDate \u003d atDate;","lastModifiedDate":"2022-10-25"},{"lineNumber":8,"author":{"gitId":"joelleeyueer"},"content":"    }","lastModifiedDate":"2022-10-25"},{"lineNumber":9,"author":{"gitId":"joelleeyueer"},"content":"","lastModifiedDate":"2022-10-25"},{"lineNumber":10,"author":{"gitId":"joelleeyueer"},"content":"    public String toString() {","lastModifiedDate":"2022-10-25"},{"lineNumber":11,"author":{"gitId":"joelleeyueer"},"content":"        return \"[D]\" + super.toString() + \" (by: \" + atDate + \")\";","lastModifiedDate":"2022-10-25"},{"lineNumber":12,"author":{"gitId":"joelleeyueer"},"content":"    }","lastModifiedDate":"2022-10-25"},{"lineNumber":13,"author":{"gitId":"joelleeyueer"},"content":"}","lastModifiedDate":"2022-10-25"}],"authorContributionMap":{"joelleeyueer":13}},{"path":"src/main/java/Duke.java","fileType":"java","lines":[{"lineNumber":1,"author":{"gitId":"joelleeyueer"},"content":"import java.util.Scanner;","lastModifiedDate":"2022-09-11"},{"lineNumber":2,"author":{"gitId":"joelleeyueer"},"content":"import java.util.ArrayList;","lastModifiedDate":"2022-10-21"},{"lineNumber":3,"author":{"gitId":"joelleeyueer"},"content":"import java.util.Arrays;","lastModifiedDate":"2022-10-21"},{"lineNumber":4,"author":{"gitId":"-"},"content":"public class Duke {","lastModifiedDate":"2019-07-29"},{"lineNumber":5,"author":{"gitId":"joelleeyueer"},"content":"","lastModifiedDate":"2022-10-21"},{"lineNumber":6,"author":{"gitId":"joelleeyueer"},"content":"    Task task;","lastModifiedDate":"2022-10-21"},{"lineNumber":7,"author":{"gitId":"joelleeyueer"},"content":"","lastModifiedDate":"2022-10-21"},{"lineNumber":8,"author":{"gitId":"joelleeyueer"},"content":"    public static void main(String[] args) throws Exception {","lastModifiedDate":"2022-10-25"},{"lineNumber":9,"author":{"gitId":"joelleeyueer"},"content":"        Helper h \u003d new Helper();","lastModifiedDate":"2022-10-21"},{"lineNumber":10,"author":{"gitId":"joelleeyueer"},"content":"        TaskList t \u003d new TaskList();","lastModifiedDate":"2022-10-25"},{"lineNumber":11,"author":{"gitId":"joelleeyueer"},"content":"        Parser p \u003d new Parser();","lastModifiedDate":"2022-10-25"},{"lineNumber":12,"author":{"gitId":"joelleeyueer"},"content":"","lastModifiedDate":"2022-09-10"},{"lineNumber":13,"author":{"gitId":"joelleeyueer"},"content":"        h.separator();","lastModifiedDate":"2022-10-21"},{"lineNumber":14,"author":{"gitId":"joelleeyueer"},"content":"        System.out.println(\"Hello! I\u0027m Nala the Annoying Cat!\\n\" + \"What can I do for you?\");","lastModifiedDate":"2022-09-12"},{"lineNumber":15,"author":{"gitId":"joelleeyueer"},"content":"        h.separator();","lastModifiedDate":"2022-10-21"},{"lineNumber":16,"author":{"gitId":"joelleeyueer"},"content":"        while (true) {","lastModifiedDate":"2022-09-11"},{"lineNumber":17,"author":{"gitId":"joelleeyueer"},"content":"            //tokenizer","lastModifiedDate":"2022-10-21"},{"lineNumber":18,"author":{"gitId":"joelleeyueer"},"content":"            String incomingText \u003d userInput();","lastModifiedDate":"2022-10-25"},{"lineNumber":19,"author":{"gitId":"joelleeyueer"},"content":"            p.stringToToken(incomingText);","lastModifiedDate":"2022-10-25"},{"lineNumber":20,"author":{"gitId":"joelleeyueer"},"content":"","lastModifiedDate":"2022-10-21"},{"lineNumber":21,"author":{"gitId":"joelleeyueer"},"content":"            if (p.front().equalsIgnoreCase(\"mark\")) {","lastModifiedDate":"2022-10-25"},{"lineNumber":22,"author":{"gitId":"joelleeyueer"},"content":"                //mark something as done. e.g. mark 5","lastModifiedDate":"2022-10-21"},{"lineNumber":23,"author":{"gitId":"joelleeyueer"},"content":"                //delete the \"mark\"","lastModifiedDate":"2022-10-21"},{"lineNumber":24,"author":{"gitId":"joelleeyueer"},"content":"                p.next();","lastModifiedDate":"2022-10-25"},{"lineNumber":25,"author":{"gitId":"joelleeyueer"},"content":"","lastModifiedDate":"2022-09-12"},{"lineNumber":26,"author":{"gitId":"joelleeyueer"},"content":"                //parse the index to changeToMarkAsDone","lastModifiedDate":"2022-10-21"},{"lineNumber":27,"author":{"gitId":"joelleeyueer"},"content":"                try{","lastModifiedDate":"2022-09-12"},{"lineNumber":28,"author":{"gitId":"joelleeyueer"},"content":"                    String indexString \u003d p.front();","lastModifiedDate":"2022-10-25"},{"lineNumber":29,"author":{"gitId":"joelleeyueer"},"content":"                    int index \u003d Integer.parseInt(indexString);","lastModifiedDate":"2022-09-12"},{"lineNumber":30,"author":{"gitId":"joelleeyueer"},"content":"                    t.changeToMarkAsDone(index);","lastModifiedDate":"2022-09-12"},{"lineNumber":31,"author":{"gitId":"joelleeyueer"},"content":"                }","lastModifiedDate":"2022-10-21"},{"lineNumber":32,"author":{"gitId":"joelleeyueer"},"content":"                catch (NumberFormatException e)","lastModifiedDate":"2022-10-21"},{"lineNumber":33,"author":{"gitId":"joelleeyueer"},"content":"                {","lastModifiedDate":"2022-10-21"},{"lineNumber":34,"author":{"gitId":"joelleeyueer"},"content":"                    System.out.println(\"Meow! \" + p.front() + \" is not a valid integer.\");","lastModifiedDate":"2022-10-25"},{"lineNumber":35,"author":{"gitId":"joelleeyueer"},"content":"                    t.showTodoList();","lastModifiedDate":"2022-10-25"},{"lineNumber":36,"author":{"gitId":"joelleeyueer"},"content":"                }","lastModifiedDate":"2022-10-25"},{"lineNumber":37,"author":{"gitId":"joelleeyueer"},"content":"                catch (IndexOutOfBoundsException e)","lastModifiedDate":"2022-10-25"},{"lineNumber":38,"author":{"gitId":"joelleeyueer"},"content":"                {","lastModifiedDate":"2022-10-25"},{"lineNumber":39,"author":{"gitId":"joelleeyueer"},"content":"                    System.out.println(\"Meow! \" + p.front() + \" is not in the list.\");","lastModifiedDate":"2022-10-25"},{"lineNumber":40,"author":{"gitId":"joelleeyueer"},"content":"                    t.showTodoList();","lastModifiedDate":"2022-10-25"},{"lineNumber":41,"author":{"gitId":"joelleeyueer"},"content":"                }","lastModifiedDate":"2022-10-21"},{"lineNumber":42,"author":{"gitId":"joelleeyueer"},"content":"            }","lastModifiedDate":"2022-09-12"},{"lineNumber":43,"author":{"gitId":"joelleeyueer"},"content":"","lastModifiedDate":"2022-09-12"},{"lineNumber":44,"author":{"gitId":"joelleeyueer"},"content":"            else if (p.front().equalsIgnoreCase(\"unmark\")){","lastModifiedDate":"2022-10-25"},{"lineNumber":45,"author":{"gitId":"joelleeyueer"},"content":"                //mark something as not done. e.g. unmark 5","lastModifiedDate":"2022-10-21"},{"lineNumber":46,"author":{"gitId":"joelleeyueer"},"content":"                p.next();","lastModifiedDate":"2022-10-25"},{"lineNumber":47,"author":{"gitId":"joelleeyueer"},"content":"                //parse the index to changeToMarkNotDone","lastModifiedDate":"2022-10-21"},{"lineNumber":48,"author":{"gitId":"joelleeyueer"},"content":"                try{","lastModifiedDate":"2022-10-21"},{"lineNumber":49,"author":{"gitId":"joelleeyueer"},"content":"                    String indexString \u003d p.front();","lastModifiedDate":"2022-10-25"},{"lineNumber":50,"author":{"gitId":"joelleeyueer"},"content":"                    int index \u003d Integer.parseInt(indexString);","lastModifiedDate":"2022-09-12"},{"lineNumber":51,"author":{"gitId":"joelleeyueer"},"content":"                    t.changeToMarkNotDone(index);","lastModifiedDate":"2022-09-12"},{"lineNumber":52,"author":{"gitId":"joelleeyueer"},"content":"                }","lastModifiedDate":"2022-09-12"},{"lineNumber":53,"author":{"gitId":"joelleeyueer"},"content":"                catch (NumberFormatException e)","lastModifiedDate":"2022-10-21"},{"lineNumber":54,"author":{"gitId":"joelleeyueer"},"content":"                {","lastModifiedDate":"2022-10-21"},{"lineNumber":55,"author":{"gitId":"joelleeyueer"},"content":"                    System.out.println(\"Meow! \" + p.front() + \" is not a valid integer.\");","lastModifiedDate":"2022-10-25"},{"lineNumber":56,"author":{"gitId":"joelleeyueer"},"content":"                    t.showTodoList();","lastModifiedDate":"2022-10-25"},{"lineNumber":57,"author":{"gitId":"joelleeyueer"},"content":"                }","lastModifiedDate":"2022-10-25"},{"lineNumber":58,"author":{"gitId":"joelleeyueer"},"content":"                catch (IndexOutOfBoundsException e)","lastModifiedDate":"2022-10-25"},{"lineNumber":59,"author":{"gitId":"joelleeyueer"},"content":"                {","lastModifiedDate":"2022-10-25"},{"lineNumber":60,"author":{"gitId":"joelleeyueer"},"content":"                    System.out.println(\"Meow! \" + p.front() + \" is not in the list.\");","lastModifiedDate":"2022-10-25"},{"lineNumber":61,"author":{"gitId":"joelleeyueer"},"content":"                    t.showTodoList();","lastModifiedDate":"2022-10-25"},{"lineNumber":62,"author":{"gitId":"joelleeyueer"},"content":"                }","lastModifiedDate":"2022-10-21"},{"lineNumber":63,"author":{"gitId":"joelleeyueer"},"content":"            }","lastModifiedDate":"2022-09-12"},{"lineNumber":64,"author":{"gitId":"joelleeyueer"},"content":"","lastModifiedDate":"2022-09-12"},{"lineNumber":65,"author":{"gitId":"joelleeyueer"},"content":"","lastModifiedDate":"2022-10-21"},{"lineNumber":66,"author":{"gitId":"joelleeyueer"},"content":"            else if (p.front().equalsIgnoreCase(\"bye\") || p.front().equalsIgnoreCase(\"end\")) {","lastModifiedDate":"2022-10-25"},{"lineNumber":67,"author":{"gitId":"joelleeyueer"},"content":"                h.separator();","lastModifiedDate":"2022-10-21"},{"lineNumber":68,"author":{"gitId":"joelleeyueer"},"content":"                System.out.println(\"Goodbye! Hope to see you again soon!\");","lastModifiedDate":"2022-09-11"},{"lineNumber":69,"author":{"gitId":"joelleeyueer"},"content":"                h.separator();","lastModifiedDate":"2022-10-21"},{"lineNumber":70,"author":{"gitId":"joelleeyueer"},"content":"                p.clear();","lastModifiedDate":"2022-10-25"},{"lineNumber":71,"author":{"gitId":"joelleeyueer"},"content":"                break;","lastModifiedDate":"2022-09-11"},{"lineNumber":72,"author":{"gitId":"joelleeyueer"},"content":"            }","lastModifiedDate":"2022-09-11"},{"lineNumber":73,"author":{"gitId":"joelleeyueer"},"content":"","lastModifiedDate":"2022-09-12"},{"lineNumber":74,"author":{"gitId":"joelleeyueer"},"content":"            else if (incomingText.equalsIgnoreCase(\"list\")) {","lastModifiedDate":"2022-09-12"},{"lineNumber":75,"author":{"gitId":"joelleeyueer"},"content":"                p.next();","lastModifiedDate":"2022-10-25"},{"lineNumber":76,"author":{"gitId":"joelleeyueer"},"content":"                t.showTodoList();","lastModifiedDate":"2022-09-12"},{"lineNumber":77,"author":{"gitId":"joelleeyueer"},"content":"            }","lastModifiedDate":"2022-09-12"},{"lineNumber":78,"author":{"gitId":"joelleeyueer"},"content":"","lastModifiedDate":"2022-09-12"},{"lineNumber":79,"author":{"gitId":"joelleeyueer"},"content":"            else if (p.front().equalsIgnoreCase(\"delete\")){","lastModifiedDate":"2022-10-25"},{"lineNumber":80,"author":{"gitId":"joelleeyueer"},"content":"                //delete a task. e.g. delete 5","lastModifiedDate":"2022-10-25"},{"lineNumber":81,"author":{"gitId":"joelleeyueer"},"content":"                p.next();","lastModifiedDate":"2022-10-25"},{"lineNumber":82,"author":{"gitId":"joelleeyueer"},"content":"                //parse the index to deleteTask","lastModifiedDate":"2022-10-25"},{"lineNumber":83,"author":{"gitId":"joelleeyueer"},"content":"                try{","lastModifiedDate":"2022-10-25"},{"lineNumber":84,"author":{"gitId":"joelleeyueer"},"content":"                    String indexString \u003d p.front();","lastModifiedDate":"2022-10-25"},{"lineNumber":85,"author":{"gitId":"joelleeyueer"},"content":"                    int index \u003d Integer.parseInt(indexString);","lastModifiedDate":"2022-10-25"},{"lineNumber":86,"author":{"gitId":"joelleeyueer"},"content":"                    t.changeToMarkNotDone(index);","lastModifiedDate":"2022-10-25"},{"lineNumber":87,"author":{"gitId":"joelleeyueer"},"content":"                    t.deleteTask(index);","lastModifiedDate":"2022-10-25"},{"lineNumber":88,"author":{"gitId":"joelleeyueer"},"content":"                }","lastModifiedDate":"2022-10-25"},{"lineNumber":89,"author":{"gitId":"joelleeyueer"},"content":"                catch (NumberFormatException e)","lastModifiedDate":"2022-10-25"},{"lineNumber":90,"author":{"gitId":"joelleeyueer"},"content":"                {","lastModifiedDate":"2022-10-25"},{"lineNumber":91,"author":{"gitId":"joelleeyueer"},"content":"                    System.out.println(\"Meow! \" + p.front() + \" is not a valid integer.\");","lastModifiedDate":"2022-10-25"},{"lineNumber":92,"author":{"gitId":"joelleeyueer"},"content":"                    t.showTodoList();","lastModifiedDate":"2022-10-25"},{"lineNumber":93,"author":{"gitId":"joelleeyueer"},"content":"                }","lastModifiedDate":"2022-10-25"},{"lineNumber":94,"author":{"gitId":"joelleeyueer"},"content":"                catch (IndexOutOfBoundsException e)","lastModifiedDate":"2022-10-25"},{"lineNumber":95,"author":{"gitId":"joelleeyueer"},"content":"                {","lastModifiedDate":"2022-10-25"},{"lineNumber":96,"author":{"gitId":"joelleeyueer"},"content":"                    System.out.println(\"Meow! \" + p.front() + \" is not in the list.\");","lastModifiedDate":"2022-10-25"},{"lineNumber":97,"author":{"gitId":"joelleeyueer"},"content":"                    t.showTodoList();","lastModifiedDate":"2022-10-25"},{"lineNumber":98,"author":{"gitId":"joelleeyueer"},"content":"                }","lastModifiedDate":"2022-10-25"},{"lineNumber":99,"author":{"gitId":"joelleeyueer"},"content":"            }","lastModifiedDate":"2022-10-25"},{"lineNumber":100,"author":{"gitId":"joelleeyueer"},"content":"","lastModifiedDate":"2022-10-25"},{"lineNumber":101,"author":{"gitId":"joelleeyueer"},"content":"","lastModifiedDate":"2022-10-25"},{"lineNumber":102,"author":{"gitId":"joelleeyueer"},"content":"","lastModifiedDate":"2022-10-25"},{"lineNumber":103,"author":{"gitId":"joelleeyueer"},"content":"            else { //add new task","lastModifiedDate":"2022-10-25"},{"lineNumber":104,"author":{"gitId":"joelleeyueer"},"content":"                String incomingTaskName\u003d\"\";","lastModifiedDate":"2022-10-25"},{"lineNumber":105,"author":{"gitId":"joelleeyueer"},"content":"                String incomingType\u003d\"\";","lastModifiedDate":"2022-10-25"},{"lineNumber":106,"author":{"gitId":"joelleeyueer"},"content":"                String incomingDate\u003d\"\";","lastModifiedDate":"2022-10-25"},{"lineNumber":107,"author":{"gitId":"joelleeyueer"},"content":"                switch (p.front()){","lastModifiedDate":"2022-10-25"},{"lineNumber":108,"author":{"gitId":"joelleeyueer"},"content":"                    case (\"todo\"):","lastModifiedDate":"2022-10-25"},{"lineNumber":109,"author":{"gitId":"joelleeyueer"},"content":"                        if (p.remainingTokens.contains(\"/at\")){","lastModifiedDate":"2022-10-25"},{"lineNumber":110,"author":{"gitId":"joelleeyueer"},"content":"                            h.nalaSyntaxError(\"Event\");","lastModifiedDate":"2022-10-25"},{"lineNumber":111,"author":{"gitId":"joelleeyueer"},"content":"                            break;","lastModifiedDate":"2022-10-25"},{"lineNumber":112,"author":{"gitId":"joelleeyueer"},"content":"                        }","lastModifiedDate":"2022-10-25"},{"lineNumber":113,"author":{"gitId":"joelleeyueer"},"content":"                        else if (p.remainingTokens.contains(\"/by\")){","lastModifiedDate":"2022-10-25"},{"lineNumber":114,"author":{"gitId":"joelleeyueer"},"content":"                            h.nalaSyntaxError(\"Deadline\");","lastModifiedDate":"2022-10-25"},{"lineNumber":115,"author":{"gitId":"joelleeyueer"},"content":"                            break;","lastModifiedDate":"2022-10-25"},{"lineNumber":116,"author":{"gitId":"joelleeyueer"},"content":"                        }","lastModifiedDate":"2022-10-25"},{"lineNumber":117,"author":{"gitId":"joelleeyueer"},"content":"                        else{","lastModifiedDate":"2022-09-11"},{"lineNumber":118,"author":{"gitId":"joelleeyueer"},"content":"                            incomingType \u003d p.front();","lastModifiedDate":"2022-10-25"},{"lineNumber":119,"author":{"gitId":"joelleeyueer"},"content":"                            p.next();","lastModifiedDate":"2022-10-25"},{"lineNumber":120,"author":{"gitId":"joelleeyueer"},"content":"                            incomingTaskName \u003d p.tokenToString();","lastModifiedDate":"2022-10-25"},{"lineNumber":121,"author":{"gitId":"joelleeyueer"},"content":"                            if (incomingTaskName.isBlank()){","lastModifiedDate":"2022-10-25"},{"lineNumber":122,"author":{"gitId":"joelleeyueer"},"content":"                                h.nalaSyntaxError(\"BlankTodo\");","lastModifiedDate":"2022-10-25"},{"lineNumber":123,"author":{"gitId":"joelleeyueer"},"content":"                                break;","lastModifiedDate":"2022-10-25"},{"lineNumber":124,"author":{"gitId":"joelleeyueer"},"content":"                            }","lastModifiedDate":"2022-10-25"},{"lineNumber":125,"author":{"gitId":"joelleeyueer"},"content":"","lastModifiedDate":"2022-10-25"},{"lineNumber":126,"author":{"gitId":"joelleeyueer"},"content":"                        }","lastModifiedDate":"2022-10-25"},{"lineNumber":127,"author":{"gitId":"joelleeyueer"},"content":"                        t.addNewTask(incomingTaskName, incomingType);","lastModifiedDate":"2022-10-25"},{"lineNumber":128,"author":{"gitId":"joelleeyueer"},"content":"                        p.clear();","lastModifiedDate":"2022-10-25"},{"lineNumber":129,"author":{"gitId":"joelleeyueer"},"content":"                        break;","lastModifiedDate":"2022-10-25"},{"lineNumber":130,"author":{"gitId":"joelleeyueer"},"content":"","lastModifiedDate":"2022-10-25"},{"lineNumber":131,"author":{"gitId":"joelleeyueer"},"content":"                    case (\"deadline\"):","lastModifiedDate":"2022-10-25"},{"lineNumber":132,"author":{"gitId":"joelleeyueer"},"content":"                        if (p.remainingTokens.contains(\"/at\")){","lastModifiedDate":"2022-10-25"},{"lineNumber":133,"author":{"gitId":"joelleeyueer"},"content":"                            h.nalaSyntaxError(\"Event\");","lastModifiedDate":"2022-10-25"},{"lineNumber":134,"author":{"gitId":"joelleeyueer"},"content":"                            break;","lastModifiedDate":"2022-10-25"},{"lineNumber":135,"author":{"gitId":"joelleeyueer"},"content":"                        }","lastModifiedDate":"2022-10-25"},{"lineNumber":136,"author":{"gitId":"joelleeyueer"},"content":"                        else if (p.remainingTokens.contains(\"/by\")){","lastModifiedDate":"2022-10-25"},{"lineNumber":137,"author":{"gitId":"joelleeyueer"},"content":"                            incomingType \u003d p.front();","lastModifiedDate":"2022-10-25"},{"lineNumber":138,"author":{"gitId":"joelleeyueer"},"content":"                            p.next();","lastModifiedDate":"2022-10-25"},{"lineNumber":139,"author":{"gitId":"joelleeyueer"},"content":"                            String TaskNameString\u003d\"\";","lastModifiedDate":"2022-10-25"},{"lineNumber":140,"author":{"gitId":"joelleeyueer"},"content":"                            while (!p.front().equalsIgnoreCase(\"/by\")){","lastModifiedDate":"2022-10-25"},{"lineNumber":141,"author":{"gitId":"joelleeyueer"},"content":"                                TaskNameString \u003d TaskNameString + \" \" + p.front();","lastModifiedDate":"2022-10-25"},{"lineNumber":142,"author":{"gitId":"joelleeyueer"},"content":"                                p.next();","lastModifiedDate":"2022-10-25"},{"lineNumber":143,"author":{"gitId":"joelleeyueer"},"content":"                            }","lastModifiedDate":"2022-10-25"},{"lineNumber":144,"author":{"gitId":"joelleeyueer"},"content":"                            p.expect(\"/by\");","lastModifiedDate":"2022-10-25"},{"lineNumber":145,"author":{"gitId":"joelleeyueer"},"content":"                            incomingDate \u003d p.tokenToString();","lastModifiedDate":"2022-10-25"},{"lineNumber":146,"author":{"gitId":"joelleeyueer"},"content":"                            incomingTaskName \u003d TaskNameString;","lastModifiedDate":"2022-10-25"},{"lineNumber":147,"author":{"gitId":"joelleeyueer"},"content":"                            if (incomingTaskName.isBlank()){","lastModifiedDate":"2022-10-25"},{"lineNumber":148,"author":{"gitId":"joelleeyueer"},"content":"                                h.nalaSyntaxError(\"BlankDeadline\");","lastModifiedDate":"2022-10-25"},{"lineNumber":149,"author":{"gitId":"joelleeyueer"},"content":"                                break;","lastModifiedDate":"2022-10-25"},{"lineNumber":150,"author":{"gitId":"joelleeyueer"},"content":"                            }","lastModifiedDate":"2022-10-25"},{"lineNumber":151,"author":{"gitId":"joelleeyueer"},"content":"                            if (incomingDate.isBlank()){","lastModifiedDate":"2022-10-25"},{"lineNumber":152,"author":{"gitId":"joelleeyueer"},"content":"                                h.nalaSyntaxError(\"NoDate\");","lastModifiedDate":"2022-10-25"},{"lineNumber":153,"author":{"gitId":"joelleeyueer"},"content":"                                break;","lastModifiedDate":"2022-10-25"},{"lineNumber":154,"author":{"gitId":"joelleeyueer"},"content":"                            }","lastModifiedDate":"2022-10-25"},{"lineNumber":155,"author":{"gitId":"joelleeyueer"},"content":"                        }","lastModifiedDate":"2022-09-11"},{"lineNumber":156,"author":{"gitId":"joelleeyueer"},"content":"                        else{ //no /by","lastModifiedDate":"2022-10-25"},{"lineNumber":157,"author":{"gitId":"joelleeyueer"},"content":"                            h.nalaSyntaxError(\"DeadlineNoBy\");","lastModifiedDate":"2022-10-25"},{"lineNumber":158,"author":{"gitId":"joelleeyueer"},"content":"                            break;","lastModifiedDate":"2022-10-25"},{"lineNumber":159,"author":{"gitId":"joelleeyueer"},"content":"                        }","lastModifiedDate":"2022-10-25"},{"lineNumber":160,"author":{"gitId":"joelleeyueer"},"content":"                        t.addNewTask(incomingTaskName, incomingType, incomingDate);","lastModifiedDate":"2022-10-25"},{"lineNumber":161,"author":{"gitId":"joelleeyueer"},"content":"                        p.clear();","lastModifiedDate":"2022-10-25"},{"lineNumber":162,"author":{"gitId":"joelleeyueer"},"content":"                        break;","lastModifiedDate":"2022-10-25"},{"lineNumber":163,"author":{"gitId":"joelleeyueer"},"content":"","lastModifiedDate":"2022-09-12"},{"lineNumber":164,"author":{"gitId":"joelleeyueer"},"content":"                    case  (\"event\"):","lastModifiedDate":"2022-10-25"},{"lineNumber":165,"author":{"gitId":"joelleeyueer"},"content":"                        if (p.remainingTokens.contains(\"/by\")){","lastModifiedDate":"2022-10-25"},{"lineNumber":166,"author":{"gitId":"joelleeyueer"},"content":"                            h.nalaSyntaxError(\"Deadline\");","lastModifiedDate":"2022-10-25"},{"lineNumber":167,"author":{"gitId":"joelleeyueer"},"content":"                            break;","lastModifiedDate":"2022-10-25"},{"lineNumber":168,"author":{"gitId":"joelleeyueer"},"content":"                        }","lastModifiedDate":"2022-10-25"},{"lineNumber":169,"author":{"gitId":"joelleeyueer"},"content":"                        else if (p.remainingTokens.contains(\"/at\")){","lastModifiedDate":"2022-10-25"},{"lineNumber":170,"author":{"gitId":"joelleeyueer"},"content":"                            incomingType \u003d p.front();","lastModifiedDate":"2022-10-25"},{"lineNumber":171,"author":{"gitId":"joelleeyueer"},"content":"                            p.next();","lastModifiedDate":"2022-10-25"},{"lineNumber":172,"author":{"gitId":"joelleeyueer"},"content":"                            String TaskNameString\u003d\"\";","lastModifiedDate":"2022-10-25"},{"lineNumber":173,"author":{"gitId":"joelleeyueer"},"content":"                            while (!p.front().equalsIgnoreCase(\"/at\")){","lastModifiedDate":"2022-10-25"},{"lineNumber":174,"author":{"gitId":"joelleeyueer"},"content":"                                TaskNameString \u003d TaskNameString + \" \" + p.front();","lastModifiedDate":"2022-10-25"},{"lineNumber":175,"author":{"gitId":"joelleeyueer"},"content":"                                p.next();","lastModifiedDate":"2022-10-25"},{"lineNumber":176,"author":{"gitId":"joelleeyueer"},"content":"                            }","lastModifiedDate":"2022-10-25"},{"lineNumber":177,"author":{"gitId":"joelleeyueer"},"content":"                            p.expect(\"/at\");","lastModifiedDate":"2022-10-25"},{"lineNumber":178,"author":{"gitId":"joelleeyueer"},"content":"                            incomingDate \u003d p.tokenToString();","lastModifiedDate":"2022-10-25"},{"lineNumber":179,"author":{"gitId":"joelleeyueer"},"content":"                            incomingTaskName \u003d TaskNameString;","lastModifiedDate":"2022-10-25"},{"lineNumber":180,"author":{"gitId":"joelleeyueer"},"content":"                            if (incomingTaskName.isBlank()){","lastModifiedDate":"2022-10-25"},{"lineNumber":181,"author":{"gitId":"joelleeyueer"},"content":"                                h.nalaSyntaxError(\"BlankEvent\");","lastModifiedDate":"2022-10-25"},{"lineNumber":182,"author":{"gitId":"joelleeyueer"},"content":"                                break;","lastModifiedDate":"2022-10-25"},{"lineNumber":183,"author":{"gitId":"joelleeyueer"},"content":"                            }","lastModifiedDate":"2022-10-25"},{"lineNumber":184,"author":{"gitId":"joelleeyueer"},"content":"                            if (incomingDate.isBlank()){","lastModifiedDate":"2022-10-25"},{"lineNumber":185,"author":{"gitId":"joelleeyueer"},"content":"                                h.nalaSyntaxError(\"NoDate\");","lastModifiedDate":"2022-10-25"},{"lineNumber":186,"author":{"gitId":"joelleeyueer"},"content":"                                break;","lastModifiedDate":"2022-10-25"},{"lineNumber":187,"author":{"gitId":"joelleeyueer"},"content":"                            }","lastModifiedDate":"2022-10-25"},{"lineNumber":188,"author":{"gitId":"joelleeyueer"},"content":"                        }","lastModifiedDate":"2022-10-25"},{"lineNumber":189,"author":{"gitId":"joelleeyueer"},"content":"                        else{ //no /at","lastModifiedDate":"2022-10-25"},{"lineNumber":190,"author":{"gitId":"joelleeyueer"},"content":"                            h.nalaSyntaxError(\"EventNoAt\");","lastModifiedDate":"2022-10-25"},{"lineNumber":191,"author":{"gitId":"joelleeyueer"},"content":"                            break;","lastModifiedDate":"2022-10-25"},{"lineNumber":192,"author":{"gitId":"joelleeyueer"},"content":"                        }","lastModifiedDate":"2022-10-25"},{"lineNumber":193,"author":{"gitId":"joelleeyueer"},"content":"                        t.addNewTask(incomingTaskName, incomingType, incomingDate);","lastModifiedDate":"2022-10-25"},{"lineNumber":194,"author":{"gitId":"joelleeyueer"},"content":"                        p.clear();","lastModifiedDate":"2022-10-25"},{"lineNumber":195,"author":{"gitId":"joelleeyueer"},"content":"                        break;","lastModifiedDate":"2022-10-25"},{"lineNumber":196,"author":{"gitId":"joelleeyueer"},"content":"                    default:","lastModifiedDate":"2022-10-25"},{"lineNumber":197,"author":{"gitId":"joelleeyueer"},"content":"                        h.nalaConfused();","lastModifiedDate":"2022-10-25"},{"lineNumber":198,"author":{"gitId":"joelleeyueer"},"content":"","lastModifiedDate":"2022-09-12"},{"lineNumber":199,"author":{"gitId":"joelleeyueer"},"content":"                }","lastModifiedDate":"2022-09-11"},{"lineNumber":200,"author":{"gitId":"-"},"content":"            }","lastModifiedDate":"2019-07-29"},{"lineNumber":201,"author":{"gitId":"joelleeyueer"},"content":"            p.clear();","lastModifiedDate":"2022-10-25"},{"lineNumber":202,"author":{"gitId":"joelleeyueer"},"content":"        }","lastModifiedDate":"2022-10-25"},{"lineNumber":203,"author":{"gitId":"joelleeyueer"},"content":"    }","lastModifiedDate":"2022-10-25"},{"lineNumber":204,"author":{"gitId":"joelleeyueer"},"content":"","lastModifiedDate":"2022-09-11"},{"lineNumber":205,"author":{"gitId":"joelleeyueer"},"content":"    public static String userInput() {","lastModifiedDate":"2022-09-11"},{"lineNumber":206,"author":{"gitId":"joelleeyueer"},"content":"        Scanner in \u003d new Scanner(System.in);","lastModifiedDate":"2022-09-11"},{"lineNumber":207,"author":{"gitId":"joelleeyueer"},"content":"        return in.nextLine();","lastModifiedDate":"2022-09-11"},{"lineNumber":208,"author":{"gitId":"-"},"content":"    }","lastModifiedDate":"2022-09-11"},{"lineNumber":209,"author":{"gitId":"-"},"content":"}","lastModifiedDate":"2022-09-11"},{"lineNumber":210,"author":{"gitId":"joelleeyueer"},"content":"","lastModifiedDate":"2022-09-11"},{"lineNumber":211,"author":{"gitId":"joelleeyueer"},"content":"","lastModifiedDate":"2022-09-11"}],"authorContributionMap":{"joelleeyueer":207,"-":4}},{"path":"src/main/java/Event.java","fileType":"java","lines":[{"lineNumber":1,"author":{"gitId":"joelleeyueer"},"content":"import java.util.ArrayList;","lastModifiedDate":"2022-10-21"},{"lineNumber":2,"author":{"gitId":"joelleeyueer"},"content":"import java.util.Date;","lastModifiedDate":"2022-10-25"},{"lineNumber":3,"author":{"gitId":"joelleeyueer"},"content":"","lastModifiedDate":"2022-10-21"},{"lineNumber":4,"author":{"gitId":"joelleeyueer"},"content":"public class Event extends Task{","lastModifiedDate":"2022-10-25"},{"lineNumber":5,"author":{"gitId":"joelleeyueer"},"content":"    private String atDate;","lastModifiedDate":"2022-10-25"},{"lineNumber":6,"author":{"gitId":"joelleeyueer"},"content":"    public Event(String taskName, String atDate) {","lastModifiedDate":"2022-10-25"},{"lineNumber":7,"author":{"gitId":"joelleeyueer"},"content":"        super(taskName);","lastModifiedDate":"2022-10-25"},{"lineNumber":8,"author":{"gitId":"joelleeyueer"},"content":"        this.atDate \u003d atDate;","lastModifiedDate":"2022-10-25"},{"lineNumber":9,"author":{"gitId":"joelleeyueer"},"content":"    }","lastModifiedDate":"2022-10-25"},{"lineNumber":10,"author":{"gitId":"joelleeyueer"},"content":"    public String toString() {","lastModifiedDate":"2022-10-25"},{"lineNumber":11,"author":{"gitId":"joelleeyueer"},"content":"        return \"[E]\" + super.toString() + \" (at: \" + atDate + \")\";","lastModifiedDate":"2022-10-25"},{"lineNumber":12,"author":{"gitId":"joelleeyueer"},"content":"    }","lastModifiedDate":"2022-10-25"},{"lineNumber":13,"author":{"gitId":"joelleeyueer"},"content":"","lastModifiedDate":"2022-10-21"},{"lineNumber":14,"author":{"gitId":"joelleeyueer"},"content":"}","lastModifiedDate":"2022-10-21"}],"authorContributionMap":{"joelleeyueer":14}},{"path":"src/main/java/Helper.java","fileType":"java","lines":[{"lineNumber":1,"author":{"gitId":"joelleeyueer"},"content":"import java.util.Random;","lastModifiedDate":"2022-10-25"},{"lineNumber":2,"author":{"gitId":"joelleeyueer"},"content":"public class Helper {","lastModifiedDate":"2022-10-21"},{"lineNumber":3,"author":{"gitId":"joelleeyueer"},"content":"    //helper class for formatting","lastModifiedDate":"2022-10-25"},{"lineNumber":4,"author":{"gitId":"joelleeyueer"},"content":"","lastModifiedDate":"2022-10-21"},{"lineNumber":5,"author":{"gitId":"joelleeyueer"},"content":"    public static void newline(){","lastModifiedDate":"2022-10-21"},{"lineNumber":6,"author":{"gitId":"joelleeyueer"},"content":"        System.out.println(\"\\n\");","lastModifiedDate":"2022-10-21"},{"lineNumber":7,"author":{"gitId":"joelleeyueer"},"content":"    }","lastModifiedDate":"2022-10-21"},{"lineNumber":8,"author":{"gitId":"joelleeyueer"},"content":"    public static void separator() {","lastModifiedDate":"2022-10-21"},{"lineNumber":9,"author":{"gitId":"joelleeyueer"},"content":"        System.out.println(\"____________________________________\");","lastModifiedDate":"2022-10-21"},{"lineNumber":10,"author":{"gitId":"joelleeyueer"},"content":"    }","lastModifiedDate":"2022-10-21"},{"lineNumber":11,"author":{"gitId":"joelleeyueer"},"content":"","lastModifiedDate":"2022-10-25"},{"lineNumber":12,"author":{"gitId":"joelleeyueer"},"content":"    public static void nalaConfused() {","lastModifiedDate":"2022-10-25"},{"lineNumber":13,"author":{"gitId":"joelleeyueer"},"content":"        Random rand \u003d new Random();","lastModifiedDate":"2022-10-25"},{"lineNumber":14,"author":{"gitId":"joelleeyueer"},"content":"        int nalaMood \u003d rand.nextInt(9);","lastModifiedDate":"2022-10-25"},{"lineNumber":15,"author":{"gitId":"joelleeyueer"},"content":"        if (nalaMood \u003c 3) {","lastModifiedDate":"2022-10-25"},{"lineNumber":16,"author":{"gitId":"joelleeyueer"},"content":"            System.out.println(\"Nala hisses at you (she\u0027s on a bad day). Try typing that again (with the correct syntax :))\");","lastModifiedDate":"2022-10-25"},{"lineNumber":17,"author":{"gitId":"joelleeyueer"},"content":"        } else {","lastModifiedDate":"2022-10-25"},{"lineNumber":18,"author":{"gitId":"joelleeyueer"},"content":"            System.out.println(\"Meow! I don\u0027t get what you\u0027re trying to say human. Could you repeat that again (with the correct syntax)?\");","lastModifiedDate":"2022-10-25"},{"lineNumber":19,"author":{"gitId":"joelleeyueer"},"content":"        }","lastModifiedDate":"2022-10-25"},{"lineNumber":20,"author":{"gitId":"joelleeyueer"},"content":"    }","lastModifiedDate":"2022-10-25"},{"lineNumber":21,"author":{"gitId":"joelleeyueer"},"content":"","lastModifiedDate":"2022-10-25"},{"lineNumber":22,"author":{"gitId":"joelleeyueer"},"content":"    public static void nalaSyntaxError(String type){","lastModifiedDate":"2022-10-25"},{"lineNumber":23,"author":{"gitId":"joelleeyueer"},"content":"        if (type \u003d\u003d \"Event\"){","lastModifiedDate":"2022-10-25"},{"lineNumber":24,"author":{"gitId":"joelleeyueer"},"content":"            System.out.println(\"Meow! I spotted an \\\"/at\\\" in your input. Did you mean to create an event? Please create the task again!\");","lastModifiedDate":"2022-10-25"},{"lineNumber":25,"author":{"gitId":"joelleeyueer"},"content":"        }","lastModifiedDate":"2022-10-25"},{"lineNumber":26,"author":{"gitId":"joelleeyueer"},"content":"        else if (type \u003d\u003d \"Deadline\"){","lastModifiedDate":"2022-10-25"},{"lineNumber":27,"author":{"gitId":"joelleeyueer"},"content":"            System.out.println(\"Meow! I spotted an \\\"/by\\\" in your input. Did you mean to create an deadline? Please create the task again!\");","lastModifiedDate":"2022-10-25"},{"lineNumber":28,"author":{"gitId":"joelleeyueer"},"content":"        }","lastModifiedDate":"2022-10-25"},{"lineNumber":29,"author":{"gitId":"joelleeyueer"},"content":"","lastModifiedDate":"2022-10-25"},{"lineNumber":30,"author":{"gitId":"joelleeyueer"},"content":"        else if (type \u003d\u003d \"EventNoAt\"){","lastModifiedDate":"2022-10-25"},{"lineNumber":31,"author":{"gitId":"joelleeyueer"},"content":"            System.out.println(\"Meow! I can\u0027t create an Event for you without an \\\"/at\\\". Please create the task again!\");","lastModifiedDate":"2022-10-25"},{"lineNumber":32,"author":{"gitId":"joelleeyueer"},"content":"        }","lastModifiedDate":"2022-10-25"},{"lineNumber":33,"author":{"gitId":"joelleeyueer"},"content":"        else if (type \u003d\u003d \"DeadlineNoBy\"){","lastModifiedDate":"2022-10-25"},{"lineNumber":34,"author":{"gitId":"joelleeyueer"},"content":"            System.out.println(\"Meow! I can\u0027t create an Event for you without a \\\"/by\\\". Please create the task again!\");","lastModifiedDate":"2022-10-25"},{"lineNumber":35,"author":{"gitId":"joelleeyueer"},"content":"        }","lastModifiedDate":"2022-10-25"},{"lineNumber":36,"author":{"gitId":"joelleeyueer"},"content":"        else if (type \u003d\u003d \"BlankEvent\"){","lastModifiedDate":"2022-10-25"},{"lineNumber":37,"author":{"gitId":"joelleeyueer"},"content":"            System.out.println(\"Meow! I can\u0027t create an Event for you without a description! Please create the task again!\");","lastModifiedDate":"2022-10-25"},{"lineNumber":38,"author":{"gitId":"joelleeyueer"},"content":"        }","lastModifiedDate":"2022-10-25"},{"lineNumber":39,"author":{"gitId":"joelleeyueer"},"content":"        else if (type \u003d\u003d \"BlankDeadline\"){","lastModifiedDate":"2022-10-25"},{"lineNumber":40,"author":{"gitId":"joelleeyueer"},"content":"            System.out.println(\"Meow! I can\u0027t create an Deadline for you without a description! Please create the task again!\");","lastModifiedDate":"2022-10-25"},{"lineNumber":41,"author":{"gitId":"joelleeyueer"},"content":"        }","lastModifiedDate":"2022-10-25"},{"lineNumber":42,"author":{"gitId":"joelleeyueer"},"content":"        else if (type \u003d\u003d \"BlankTodo\"){","lastModifiedDate":"2022-10-25"},{"lineNumber":43,"author":{"gitId":"joelleeyueer"},"content":"            System.out.println(\"Meow! I can\u0027t create an Todo for you without a description! Please create the task again!\");","lastModifiedDate":"2022-10-25"},{"lineNumber":44,"author":{"gitId":"joelleeyueer"},"content":"        }","lastModifiedDate":"2022-10-25"},{"lineNumber":45,"author":{"gitId":"joelleeyueer"},"content":"        else if (type \u003d\u003d \"NoDate\"){","lastModifiedDate":"2022-10-25"},{"lineNumber":46,"author":{"gitId":"joelleeyueer"},"content":"            System.out.println(\"Meow! You did not specify a date. Please create the task again!\");","lastModifiedDate":"2022-10-25"},{"lineNumber":47,"author":{"gitId":"joelleeyueer"},"content":"        }","lastModifiedDate":"2022-10-25"},{"lineNumber":48,"author":{"gitId":"joelleeyueer"},"content":"    }","lastModifiedDate":"2022-10-25"},{"lineNumber":49,"author":{"gitId":"joelleeyueer"},"content":"","lastModifiedDate":"2022-10-25"},{"lineNumber":50,"author":{"gitId":"joelleeyueer"},"content":"}","lastModifiedDate":"2022-10-21"}],"authorContributionMap":{"joelleeyueer":50}},{"path":"src/main/java/Parser.java","fileType":"java","lines":[{"lineNumber":1,"author":{"gitId":"joelleeyueer"},"content":"import java.util.ArrayList;","lastModifiedDate":"2022-10-21"},{"lineNumber":2,"author":{"gitId":"joelleeyueer"},"content":"import java.util.Arrays;","lastModifiedDate":"2022-10-21"},{"lineNumber":3,"author":{"gitId":"joelleeyueer"},"content":"","lastModifiedDate":"2022-10-21"},{"lineNumber":4,"author":{"gitId":"joelleeyueer"},"content":"public class Parser {","lastModifiedDate":"2022-10-21"},{"lineNumber":5,"author":{"gitId":"joelleeyueer"},"content":"    public String tokenToString;","lastModifiedDate":"2022-10-25"},{"lineNumber":6,"author":{"gitId":"joelleeyueer"},"content":"    ArrayList\u003cString\u003e remainingTokens;","lastModifiedDate":"2022-10-21"},{"lineNumber":7,"author":{"gitId":"joelleeyueer"},"content":"","lastModifiedDate":"2022-10-21"},{"lineNumber":8,"author":{"gitId":"joelleeyueer"},"content":"    protected Parser() {","lastModifiedDate":"2022-10-25"},{"lineNumber":9,"author":{"gitId":"joelleeyueer"},"content":"        remainingTokens \u003d new ArrayList\u003c\u003e();","lastModifiedDate":"2022-10-21"},{"lineNumber":10,"author":{"gitId":"joelleeyueer"},"content":"    }","lastModifiedDate":"2022-10-21"},{"lineNumber":11,"author":{"gitId":"joelleeyueer"},"content":"","lastModifiedDate":"2022-10-21"},{"lineNumber":12,"author":{"gitId":"joelleeyueer"},"content":"    public void stringToToken(String incomingText) {","lastModifiedDate":"2022-10-25"},{"lineNumber":13,"author":{"gitId":"joelleeyueer"},"content":"        String[] strSplit \u003d incomingText.split(\" \");","lastModifiedDate":"2022-10-21"},{"lineNumber":14,"author":{"gitId":"joelleeyueer"},"content":"        remainingTokens \u003d new ArrayList\u003cString\u003e(Arrays.asList(strSplit));","lastModifiedDate":"2022-10-21"},{"lineNumber":15,"author":{"gitId":"joelleeyueer"},"content":"    }","lastModifiedDate":"2022-10-21"},{"lineNumber":16,"author":{"gitId":"joelleeyueer"},"content":"","lastModifiedDate":"2022-10-21"},{"lineNumber":17,"author":{"gitId":"joelleeyueer"},"content":"    public String tokenToString(){","lastModifiedDate":"2022-10-25"},{"lineNumber":18,"author":{"gitId":"joelleeyueer"},"content":"        String arraylistString \u003d String.join(\" \", remainingTokens);","lastModifiedDate":"2022-10-25"},{"lineNumber":19,"author":{"gitId":"joelleeyueer"},"content":"        return arraylistString;","lastModifiedDate":"2022-10-25"},{"lineNumber":20,"author":{"gitId":"joelleeyueer"},"content":"    }","lastModifiedDate":"2022-10-21"},{"lineNumber":21,"author":{"gitId":"joelleeyueer"},"content":"","lastModifiedDate":"2022-10-21"},{"lineNumber":22,"author":{"gitId":"joelleeyueer"},"content":"    public String front() { return remainingTokens.get(0); }","lastModifiedDate":"2022-10-25"},{"lineNumber":23,"author":{"gitId":"joelleeyueer"},"content":"    public void next(){","lastModifiedDate":"2022-10-21"},{"lineNumber":24,"author":{"gitId":"joelleeyueer"},"content":"        remainingTokens.remove(0);","lastModifiedDate":"2022-10-21"},{"lineNumber":25,"author":{"gitId":"joelleeyueer"},"content":"    }","lastModifiedDate":"2022-10-21"},{"lineNumber":26,"author":{"gitId":"joelleeyueer"},"content":"","lastModifiedDate":"2022-10-21"},{"lineNumber":27,"author":{"gitId":"joelleeyueer"},"content":"    public void clear(){","lastModifiedDate":"2022-10-21"},{"lineNumber":28,"author":{"gitId":"joelleeyueer"},"content":"        remainingTokens.clear();","lastModifiedDate":"2022-10-21"},{"lineNumber":29,"author":{"gitId":"joelleeyueer"},"content":"    }","lastModifiedDate":"2022-10-21"},{"lineNumber":30,"author":{"gitId":"joelleeyueer"},"content":"","lastModifiedDate":"2022-10-21"},{"lineNumber":31,"author":{"gitId":"joelleeyueer"},"content":"    public void expect(String symbol) throws Exception {","lastModifiedDate":"2022-10-25"},{"lineNumber":32,"author":{"gitId":"joelleeyueer"},"content":"        if (match(symbol)){","lastModifiedDate":"2022-10-25"},{"lineNumber":33,"author":{"gitId":"joelleeyueer"},"content":"            next();","lastModifiedDate":"2022-10-25"},{"lineNumber":34,"author":{"gitId":"joelleeyueer"},"content":"            return;","lastModifiedDate":"2022-10-25"},{"lineNumber":35,"author":{"gitId":"joelleeyueer"},"content":"        }","lastModifiedDate":"2022-10-25"},{"lineNumber":36,"author":{"gitId":"joelleeyueer"},"content":"","lastModifiedDate":"2022-10-25"},{"lineNumber":37,"author":{"gitId":"joelleeyueer"},"content":"        throw new Exception(\"Invalid syntax. You typed: \" + front() + \". Expected: \" + symbol + \".\");","lastModifiedDate":"2022-10-25"},{"lineNumber":38,"author":{"gitId":"joelleeyueer"},"content":"    }","lastModifiedDate":"2022-10-25"},{"lineNumber":39,"author":{"gitId":"joelleeyueer"},"content":"","lastModifiedDate":"2022-10-25"},{"lineNumber":40,"author":{"gitId":"joelleeyueer"},"content":"    public boolean match(String symbol){","lastModifiedDate":"2022-10-25"},{"lineNumber":41,"author":{"gitId":"joelleeyueer"},"content":"        if (symbol.equalsIgnoreCase(remainingTokens.get(0))){","lastModifiedDate":"2022-10-25"},{"lineNumber":42,"author":{"gitId":"joelleeyueer"},"content":"            return true;","lastModifiedDate":"2022-10-25"},{"lineNumber":43,"author":{"gitId":"joelleeyueer"},"content":"        }","lastModifiedDate":"2022-10-21"},{"lineNumber":44,"author":{"gitId":"joelleeyueer"},"content":"        return false;","lastModifiedDate":"2022-10-25"},{"lineNumber":45,"author":{"gitId":"joelleeyueer"},"content":"    }","lastModifiedDate":"2022-10-25"},{"lineNumber":46,"author":{"gitId":"joelleeyueer"},"content":"","lastModifiedDate":"2022-10-25"},{"lineNumber":47,"author":{"gitId":"joelleeyueer"},"content":"","lastModifiedDate":"2022-10-25"},{"lineNumber":48,"author":{"gitId":"joelleeyueer"},"content":"","lastModifiedDate":"2022-10-25"},{"lineNumber":49,"author":{"gitId":"joelleeyueer"},"content":"","lastModifiedDate":"2022-10-25"},{"lineNumber":50,"author":{"gitId":"joelleeyueer"},"content":"}","lastModifiedDate":"2022-10-21"}],"authorContributionMap":{"joelleeyueer":50}},{"path":"src/main/java/Task.java","fileType":"java","lines":[{"lineNumber":1,"author":{"gitId":"joelleeyueer"},"content":"public class Task {","lastModifiedDate":"2022-09-12"},{"lineNumber":2,"author":{"gitId":"joelleeyueer"},"content":"","lastModifiedDate":"2022-10-21"},{"lineNumber":3,"author":{"gitId":"joelleeyueer"},"content":"    protected String TaskName;","lastModifiedDate":"2022-10-25"},{"lineNumber":4,"author":{"gitId":"joelleeyueer"},"content":"    private boolean MarkAsDone;","lastModifiedDate":"2022-09-12"},{"lineNumber":5,"author":{"gitId":"joelleeyueer"},"content":"","lastModifiedDate":"2022-09-12"},{"lineNumber":6,"author":{"gitId":"joelleeyueer"},"content":"    //constructor","lastModifiedDate":"2022-09-12"},{"lineNumber":7,"author":{"gitId":"joelleeyueer"},"content":"    public Task(String taskName) {","lastModifiedDate":"2022-09-12"},{"lineNumber":8,"author":{"gitId":"joelleeyueer"},"content":"        this.TaskName \u003d taskName;","lastModifiedDate":"2022-09-12"},{"lineNumber":9,"author":{"gitId":"joelleeyueer"},"content":"        this.MarkAsDone \u003d false;","lastModifiedDate":"2022-09-12"},{"lineNumber":10,"author":{"gitId":"joelleeyueer"},"content":"    }","lastModifiedDate":"2022-09-12"},{"lineNumber":11,"author":{"gitId":"joelleeyueer"},"content":"","lastModifiedDate":"2022-09-12"},{"lineNumber":12,"author":{"gitId":"joelleeyueer"},"content":"    public String getTaskName() {","lastModifiedDate":"2022-09-12"},{"lineNumber":13,"author":{"gitId":"joelleeyueer"},"content":"        return TaskName;","lastModifiedDate":"2022-09-12"},{"lineNumber":14,"author":{"gitId":"joelleeyueer"},"content":"    }","lastModifiedDate":"2022-09-12"},{"lineNumber":15,"author":{"gitId":"joelleeyueer"},"content":"","lastModifiedDate":"2022-09-12"},{"lineNumber":16,"author":{"gitId":"joelleeyueer"},"content":"    public String isMarkAsDone() {","lastModifiedDate":"2022-10-25"},{"lineNumber":17,"author":{"gitId":"joelleeyueer"},"content":"        if (MarkAsDone) {","lastModifiedDate":"2022-10-25"},{"lineNumber":18,"author":{"gitId":"joelleeyueer"},"content":"            return \"X\";","lastModifiedDate":"2022-10-25"},{"lineNumber":19,"author":{"gitId":"joelleeyueer"},"content":"        }","lastModifiedDate":"2022-10-25"},{"lineNumber":20,"author":{"gitId":"joelleeyueer"},"content":"        else {","lastModifiedDate":"2022-10-25"},{"lineNumber":21,"author":{"gitId":"joelleeyueer"},"content":"            return \" \";","lastModifiedDate":"2022-10-25"},{"lineNumber":22,"author":{"gitId":"joelleeyueer"},"content":"        }","lastModifiedDate":"2022-10-25"},{"lineNumber":23,"author":{"gitId":"joelleeyueer"},"content":"    }","lastModifiedDate":"2022-09-12"},{"lineNumber":24,"author":{"gitId":"joelleeyueer"},"content":"    public void setMarkAsDone(){","lastModifiedDate":"2022-09-12"},{"lineNumber":25,"author":{"gitId":"joelleeyueer"},"content":"        this.MarkAsDone \u003d true;","lastModifiedDate":"2022-09-12"},{"lineNumber":26,"author":{"gitId":"joelleeyueer"},"content":"    }","lastModifiedDate":"2022-09-12"},{"lineNumber":27,"author":{"gitId":"joelleeyueer"},"content":"","lastModifiedDate":"2022-09-12"},{"lineNumber":28,"author":{"gitId":"joelleeyueer"},"content":"    public void setMarkNotDone(){","lastModifiedDate":"2022-09-12"},{"lineNumber":29,"author":{"gitId":"joelleeyueer"},"content":"        this.MarkAsDone \u003d false;","lastModifiedDate":"2022-09-12"},{"lineNumber":30,"author":{"gitId":"joelleeyueer"},"content":"    }","lastModifiedDate":"2022-09-12"},{"lineNumber":31,"author":{"gitId":"joelleeyueer"},"content":"","lastModifiedDate":"2022-09-12"},{"lineNumber":32,"author":{"gitId":"joelleeyueer"},"content":"    public String toString() {","lastModifiedDate":"2022-10-25"},{"lineNumber":33,"author":{"gitId":"joelleeyueer"},"content":"        return \"[\" + isMarkAsDone() + \"]\" + TaskName;","lastModifiedDate":"2022-10-25"},{"lineNumber":34,"author":{"gitId":"joelleeyueer"},"content":"    }","lastModifiedDate":"2022-10-25"},{"lineNumber":35,"author":{"gitId":"joelleeyueer"},"content":"}","lastModifiedDate":"2022-09-12"}],"authorContributionMap":{"joelleeyueer":35}},{"path":"src/main/java/TaskList.java","fileType":"java","lines":[{"lineNumber":1,"author":{"gitId":"joelleeyueer"},"content":"import java.util.ArrayList;","lastModifiedDate":"2022-10-21"},{"lineNumber":2,"author":{"gitId":"joelleeyueer"},"content":"","lastModifiedDate":"2022-10-21"},{"lineNumber":3,"author":{"gitId":"joelleeyueer"},"content":"public class TaskList {","lastModifiedDate":"2022-10-21"},{"lineNumber":4,"author":{"gitId":"joelleeyueer"},"content":"    //Consists of operations involving the modification of the task list","lastModifiedDate":"2022-10-25"},{"lineNumber":5,"author":{"gitId":"joelleeyueer"},"content":"    //stores the list of tasks","lastModifiedDate":"2022-10-25"},{"lineNumber":6,"author":{"gitId":"joelleeyueer"},"content":"    //Performs add/remove task operations for all task types.","lastModifiedDate":"2022-10-25"},{"lineNumber":7,"author":{"gitId":"joelleeyueer"},"content":"    //Shows to do list","lastModifiedDate":"2022-10-25"},{"lineNumber":8,"author":{"gitId":"joelleeyueer"},"content":"    Helper h \u003d new Helper();","lastModifiedDate":"2022-10-25"},{"lineNumber":9,"author":{"gitId":"joelleeyueer"},"content":"    private static ArrayList\u003cTask\u003e TaskList;","lastModifiedDate":"2022-10-25"},{"lineNumber":10,"author":{"gitId":"joelleeyueer"},"content":"","lastModifiedDate":"2022-10-21"},{"lineNumber":11,"author":{"gitId":"joelleeyueer"},"content":"    //constructor","lastModifiedDate":"2022-10-25"},{"lineNumber":12,"author":{"gitId":"joelleeyueer"},"content":"    public TaskList() {","lastModifiedDate":"2022-10-21"},{"lineNumber":13,"author":{"gitId":"joelleeyueer"},"content":"        TaskList \u003d new ArrayList\u003c\u003e();","lastModifiedDate":"2022-10-21"},{"lineNumber":14,"author":{"gitId":"joelleeyueer"},"content":"    }","lastModifiedDate":"2022-10-21"},{"lineNumber":15,"author":{"gitId":"joelleeyueer"},"content":"","lastModifiedDate":"2022-10-21"},{"lineNumber":16,"author":{"gitId":"joelleeyueer"},"content":"    public void addNewTask(String incomingTaskName, String incomingType, String incomingDate){","lastModifiedDate":"2022-10-25"},{"lineNumber":17,"author":{"gitId":"joelleeyueer"},"content":"        switch (incomingType){","lastModifiedDate":"2022-10-25"},{"lineNumber":18,"author":{"gitId":"joelleeyueer"},"content":"","lastModifiedDate":"2022-10-25"},{"lineNumber":19,"author":{"gitId":"joelleeyueer"},"content":"            case (\"event\"):","lastModifiedDate":"2022-10-25"},{"lineNumber":20,"author":{"gitId":"joelleeyueer"},"content":"                TaskList.add(new Event(incomingTaskName, incomingDate));","lastModifiedDate":"2022-10-25"},{"lineNumber":21,"author":{"gitId":"joelleeyueer"},"content":"                break;","lastModifiedDate":"2022-10-25"},{"lineNumber":22,"author":{"gitId":"joelleeyueer"},"content":"","lastModifiedDate":"2022-10-25"},{"lineNumber":23,"author":{"gitId":"joelleeyueer"},"content":"            case (\"deadline\"):","lastModifiedDate":"2022-10-25"},{"lineNumber":24,"author":{"gitId":"joelleeyueer"},"content":"                TaskList.add(new Deadline(incomingTaskName, incomingDate));","lastModifiedDate":"2022-10-25"},{"lineNumber":25,"author":{"gitId":"joelleeyueer"},"content":"                break;","lastModifiedDate":"2022-10-25"},{"lineNumber":26,"author":{"gitId":"joelleeyueer"},"content":"        }","lastModifiedDate":"2022-10-25"},{"lineNumber":27,"author":{"gitId":"joelleeyueer"},"content":"","lastModifiedDate":"2022-10-25"},{"lineNumber":28,"author":{"gitId":"joelleeyueer"},"content":"        h.separator();","lastModifiedDate":"2022-10-25"},{"lineNumber":29,"author":{"gitId":"joelleeyueer"},"content":"        System.out.println(\"added: \" + TaskList.size() + \".\" + incomingTaskName + \"\\nYou have \" + TaskList.size()+ \" tasks in the list!\");","lastModifiedDate":"2022-10-25"},{"lineNumber":30,"author":{"gitId":"joelleeyueer"},"content":"        h.separator();","lastModifiedDate":"2022-10-25"},{"lineNumber":31,"author":{"gitId":"joelleeyueer"},"content":"    }","lastModifiedDate":"2022-10-25"},{"lineNumber":32,"author":{"gitId":"joelleeyueer"},"content":"","lastModifiedDate":"2022-10-25"},{"lineNumber":33,"author":{"gitId":"joelleeyueer"},"content":"    public void addNewTask(String incomingTaskName, String incomingType){","lastModifiedDate":"2022-10-25"},{"lineNumber":34,"author":{"gitId":"joelleeyueer"},"content":"","lastModifiedDate":"2022-10-25"},{"lineNumber":35,"author":{"gitId":"joelleeyueer"},"content":"        TaskList.add(new Todo(incomingTaskName));","lastModifiedDate":"2022-10-25"},{"lineNumber":36,"author":{"gitId":"joelleeyueer"},"content":"","lastModifiedDate":"2022-10-25"},{"lineNumber":37,"author":{"gitId":"joelleeyueer"},"content":"        h.separator();","lastModifiedDate":"2022-10-25"},{"lineNumber":38,"author":{"gitId":"joelleeyueer"},"content":"        System.out.println(\"added: \" + TaskList.size() + \".\" + incomingTaskName + \"\\nYou have \" + TaskList.size()+ \" tasks in the list!\");","lastModifiedDate":"2022-10-25"},{"lineNumber":39,"author":{"gitId":"joelleeyueer"},"content":"        h.separator();","lastModifiedDate":"2022-10-25"},{"lineNumber":40,"author":{"gitId":"joelleeyueer"},"content":"    }","lastModifiedDate":"2022-10-25"},{"lineNumber":41,"author":{"gitId":"joelleeyueer"},"content":"","lastModifiedDate":"2022-10-25"},{"lineNumber":42,"author":{"gitId":"joelleeyueer"},"content":"    public void deleteTask(int TaskIndex){","lastModifiedDate":"2022-10-25"},{"lineNumber":43,"author":{"gitId":"joelleeyueer"},"content":"        int i \u003d TaskIndex-1;","lastModifiedDate":"2022-10-25"},{"lineNumber":44,"author":{"gitId":"joelleeyueer"},"content":"        if (i\u003e TaskList.size()){","lastModifiedDate":"2022-10-25"},{"lineNumber":45,"author":{"gitId":"joelleeyueer"},"content":"            h.separator();","lastModifiedDate":"2022-10-25"},{"lineNumber":46,"author":{"gitId":"joelleeyueer"},"content":"            System.out.println(\"Uh oh! Task \" + TaskIndex + \" is not found :(. Task \" + TaskIndex + \" is NOT deleted.\");","lastModifiedDate":"2022-10-25"},{"lineNumber":47,"author":{"gitId":"joelleeyueer"},"content":"            showTodoList();","lastModifiedDate":"2022-10-25"},{"lineNumber":48,"author":{"gitId":"joelleeyueer"},"content":"            h.separator();","lastModifiedDate":"2022-10-25"},{"lineNumber":49,"author":{"gitId":"joelleeyueer"},"content":"        }","lastModifiedDate":"2022-10-25"},{"lineNumber":50,"author":{"gitId":"joelleeyueer"},"content":"        else{","lastModifiedDate":"2022-10-25"},{"lineNumber":51,"author":{"gitId":"joelleeyueer"},"content":"            String toBeDeleted \u003d TaskList.get(i).toString();","lastModifiedDate":"2022-10-25"},{"lineNumber":52,"author":{"gitId":"joelleeyueer"},"content":"            TaskList.remove(i);","lastModifiedDate":"2022-10-25"},{"lineNumber":53,"author":{"gitId":"joelleeyueer"},"content":"            h.separator();","lastModifiedDate":"2022-10-25"},{"lineNumber":54,"author":{"gitId":"joelleeyueer"},"content":"            System.out.println(\"Done! \" +TaskIndex+\". \"+toBeDeleted+\" has been deleted. The task list has been updated: \");","lastModifiedDate":"2022-10-25"},{"lineNumber":55,"author":{"gitId":"joelleeyueer"},"content":"            showTodoList();","lastModifiedDate":"2022-10-25"},{"lineNumber":56,"author":{"gitId":"joelleeyueer"},"content":"        }","lastModifiedDate":"2022-10-25"},{"lineNumber":57,"author":{"gitId":"joelleeyueer"},"content":"    }","lastModifiedDate":"2022-10-25"},{"lineNumber":58,"author":{"gitId":"joelleeyueer"},"content":"","lastModifiedDate":"2022-10-25"},{"lineNumber":59,"author":{"gitId":"joelleeyueer"},"content":"    public void showTodoList(){","lastModifiedDate":"2022-10-25"},{"lineNumber":60,"author":{"gitId":"joelleeyueer"},"content":"        h.separator();","lastModifiedDate":"2022-10-25"},{"lineNumber":61,"author":{"gitId":"joelleeyueer"},"content":"        for (int i \u003d 0; i\u003c TaskList.size(); i++){","lastModifiedDate":"2022-10-25"},{"lineNumber":62,"author":{"gitId":"joelleeyueer"},"content":"","lastModifiedDate":"2022-10-25"},{"lineNumber":63,"author":{"gitId":"joelleeyueer"},"content":"            System.out.println(i+1+\".\"+TaskList.get(i).toString());","lastModifiedDate":"2022-10-25"},{"lineNumber":64,"author":{"gitId":"joelleeyueer"},"content":"","lastModifiedDate":"2022-10-25"},{"lineNumber":65,"author":{"gitId":"joelleeyueer"},"content":"        }","lastModifiedDate":"2022-10-25"},{"lineNumber":66,"author":{"gitId":"joelleeyueer"},"content":"        System.out.println(\"There are \" + TaskList.size() + \" tasks in the list!\");","lastModifiedDate":"2022-10-25"},{"lineNumber":67,"author":{"gitId":"joelleeyueer"},"content":"        h.separator();","lastModifiedDate":"2022-10-25"},{"lineNumber":68,"author":{"gitId":"joelleeyueer"},"content":"    }","lastModifiedDate":"2022-10-25"},{"lineNumber":69,"author":{"gitId":"joelleeyueer"},"content":"","lastModifiedDate":"2022-10-25"},{"lineNumber":70,"author":{"gitId":"joelleeyueer"},"content":"    public void changeToMarkAsDone(int TaskIndex){","lastModifiedDate":"2022-10-25"},{"lineNumber":71,"author":{"gitId":"joelleeyueer"},"content":"        int i \u003d TaskIndex-1;","lastModifiedDate":"2022-10-25"},{"lineNumber":72,"author":{"gitId":"joelleeyueer"},"content":"        if (i\u003e TaskList.size()){","lastModifiedDate":"2022-10-25"},{"lineNumber":73,"author":{"gitId":"joelleeyueer"},"content":"            h.separator();","lastModifiedDate":"2022-10-25"},{"lineNumber":74,"author":{"gitId":"joelleeyueer"},"content":"            System.out.println(\"Uh oh! Task \" + TaskIndex + \" is not found :(\");","lastModifiedDate":"2022-10-25"},{"lineNumber":75,"author":{"gitId":"joelleeyueer"},"content":"            showTodoList();","lastModifiedDate":"2022-10-25"},{"lineNumber":76,"author":{"gitId":"joelleeyueer"},"content":"            h.separator();","lastModifiedDate":"2022-10-25"},{"lineNumber":77,"author":{"gitId":"joelleeyueer"},"content":"        }","lastModifiedDate":"2022-10-25"},{"lineNumber":78,"author":{"gitId":"joelleeyueer"},"content":"        else{","lastModifiedDate":"2022-10-25"},{"lineNumber":79,"author":{"gitId":"joelleeyueer"},"content":"            if (TaskList.get(i).isMarkAsDone() \u003d\u003d \" \"){","lastModifiedDate":"2022-10-25"},{"lineNumber":80,"author":{"gitId":"joelleeyueer"},"content":"                TaskList.get(i).setMarkAsDone();","lastModifiedDate":"2022-10-25"},{"lineNumber":81,"author":{"gitId":"joelleeyueer"},"content":"                h.separator();","lastModifiedDate":"2022-10-25"},{"lineNumber":82,"author":{"gitId":"joelleeyueer"},"content":"                System.out.println(\"Nice! I\u0027ve marked this task as done: \");","lastModifiedDate":"2022-10-25"},{"lineNumber":83,"author":{"gitId":"joelleeyueer"},"content":"            }","lastModifiedDate":"2022-10-25"},{"lineNumber":84,"author":{"gitId":"joelleeyueer"},"content":"            else {","lastModifiedDate":"2022-10-25"},{"lineNumber":85,"author":{"gitId":"joelleeyueer"},"content":"                h.separator();","lastModifiedDate":"2022-10-25"},{"lineNumber":86,"author":{"gitId":"joelleeyueer"},"content":"                System.out.println(\"This task has already been marked as done!\");","lastModifiedDate":"2022-10-25"},{"lineNumber":87,"author":{"gitId":"joelleeyueer"},"content":"            }","lastModifiedDate":"2022-10-25"},{"lineNumber":88,"author":{"gitId":"joelleeyueer"},"content":"            System.out.println(TaskIndex+\". \"+TaskList.get(i).toString());","lastModifiedDate":"2022-10-25"},{"lineNumber":89,"author":{"gitId":"joelleeyueer"},"content":"            h.separator();","lastModifiedDate":"2022-10-25"},{"lineNumber":90,"author":{"gitId":"joelleeyueer"},"content":"            h.newline();","lastModifiedDate":"2022-10-25"},{"lineNumber":91,"author":{"gitId":"joelleeyueer"},"content":"        }","lastModifiedDate":"2022-10-25"},{"lineNumber":92,"author":{"gitId":"joelleeyueer"},"content":"","lastModifiedDate":"2022-10-25"},{"lineNumber":93,"author":{"gitId":"joelleeyueer"},"content":"    }","lastModifiedDate":"2022-10-25"},{"lineNumber":94,"author":{"gitId":"joelleeyueer"},"content":"","lastModifiedDate":"2022-10-25"},{"lineNumber":95,"author":{"gitId":"joelleeyueer"},"content":"    public void changeToMarkNotDone(int TaskIndex){","lastModifiedDate":"2022-10-25"},{"lineNumber":96,"author":{"gitId":"joelleeyueer"},"content":"        int i \u003d TaskIndex-1;","lastModifiedDate":"2022-10-25"},{"lineNumber":97,"author":{"gitId":"joelleeyueer"},"content":"        if (i\u003e TaskList.size()){","lastModifiedDate":"2022-10-25"},{"lineNumber":98,"author":{"gitId":"joelleeyueer"},"content":"            System.out.println(\"Uh oh! Task \" + TaskIndex + \" is not found :(\");","lastModifiedDate":"2022-10-25"},{"lineNumber":99,"author":{"gitId":"joelleeyueer"},"content":"            showTodoList();","lastModifiedDate":"2022-10-25"},{"lineNumber":100,"author":{"gitId":"joelleeyueer"},"content":"        }","lastModifiedDate":"2022-10-25"},{"lineNumber":101,"author":{"gitId":"joelleeyueer"},"content":"        else{","lastModifiedDate":"2022-10-25"},{"lineNumber":102,"author":{"gitId":"joelleeyueer"},"content":"            if (TaskList.get(i).isMarkAsDone() \u003d\u003d \"X\"){","lastModifiedDate":"2022-10-25"},{"lineNumber":103,"author":{"gitId":"joelleeyueer"},"content":"                TaskList.get(i).setMarkNotDone();","lastModifiedDate":"2022-10-25"},{"lineNumber":104,"author":{"gitId":"joelleeyueer"},"content":"                h.separator();","lastModifiedDate":"2022-10-25"},{"lineNumber":105,"author":{"gitId":"joelleeyueer"},"content":"                System.out.println(\"Meow, I\u0027ve marked this task as not done yet: \");","lastModifiedDate":"2022-10-25"},{"lineNumber":106,"author":{"gitId":"joelleeyueer"},"content":"            }","lastModifiedDate":"2022-10-25"},{"lineNumber":107,"author":{"gitId":"joelleeyueer"},"content":"            else {","lastModifiedDate":"2022-10-25"},{"lineNumber":108,"author":{"gitId":"joelleeyueer"},"content":"                h.separator();","lastModifiedDate":"2022-10-25"},{"lineNumber":109,"author":{"gitId":"joelleeyueer"},"content":"                System.out.println(\"This task has already been marked as not done!\");","lastModifiedDate":"2022-10-25"},{"lineNumber":110,"author":{"gitId":"joelleeyueer"},"content":"            }","lastModifiedDate":"2022-10-25"},{"lineNumber":111,"author":{"gitId":"joelleeyueer"},"content":"            System.out.println(TaskIndex+\". \"+TaskList.get(i).toString());","lastModifiedDate":"2022-10-25"},{"lineNumber":112,"author":{"gitId":"joelleeyueer"},"content":"            h.separator();","lastModifiedDate":"2022-10-25"},{"lineNumber":113,"author":{"gitId":"joelleeyueer"},"content":"            h.newline();","lastModifiedDate":"2022-10-25"},{"lineNumber":114,"author":{"gitId":"joelleeyueer"},"content":"        }","lastModifiedDate":"2022-10-25"},{"lineNumber":115,"author":{"gitId":"joelleeyueer"},"content":"","lastModifiedDate":"2022-10-25"},{"lineNumber":116,"author":{"gitId":"joelleeyueer"},"content":"    }","lastModifiedDate":"2022-10-25"},{"lineNumber":117,"author":{"gitId":"joelleeyueer"},"content":"","lastModifiedDate":"2022-10-25"},{"lineNumber":118,"author":{"gitId":"joelleeyueer"},"content":"    public static boolean taskListIsEmpty(){","lastModifiedDate":"2022-10-25"},{"lineNumber":119,"author":{"gitId":"joelleeyueer"},"content":"        return TaskList.isEmpty();","lastModifiedDate":"2022-10-25"},{"lineNumber":120,"author":{"gitId":"joelleeyueer"},"content":"    }","lastModifiedDate":"2022-10-25"},{"lineNumber":121,"author":{"gitId":"joelleeyueer"},"content":"","lastModifiedDate":"2022-10-25"},{"lineNumber":122,"author":{"gitId":"joelleeyueer"},"content":"","lastModifiedDate":"2022-10-21"},{"lineNumber":123,"author":{"gitId":"joelleeyueer"},"content":"}","lastModifiedDate":"2022-10-21"}],"authorContributionMap":{"joelleeyueer":123}},{"path":"src/main/java/Todo.java","fileType":"java","lines":[{"lineNumber":1,"author":{"gitId":"joelleeyueer"},"content":"import java.util.ArrayList;","lastModifiedDate":"2022-09-12"},{"lineNumber":2,"author":{"gitId":"joelleeyueer"},"content":"","lastModifiedDate":"2022-09-12"},{"lineNumber":3,"author":{"gitId":"joelleeyueer"},"content":"public class Todo extends Task{","lastModifiedDate":"2022-10-25"},{"lineNumber":4,"author":{"gitId":"joelleeyueer"},"content":"","lastModifiedDate":"2022-09-12"},{"lineNumber":5,"author":{"gitId":"joelleeyueer"},"content":"","lastModifiedDate":"2022-09-11"},{"lineNumber":6,"author":{"gitId":"joelleeyueer"},"content":"    public Todo(String taskName) {","lastModifiedDate":"2022-10-25"},{"lineNumber":7,"author":{"gitId":"joelleeyueer"},"content":"        super(taskName);","lastModifiedDate":"2022-10-25"},{"lineNumber":8,"author":{"gitId":"joelleeyueer"},"content":"    }","lastModifiedDate":"2022-09-11"},{"lineNumber":9,"author":{"gitId":"joelleeyueer"},"content":"","lastModifiedDate":"2022-09-12"},{"lineNumber":10,"author":{"gitId":"joelleeyueer"},"content":"    public String toString() {","lastModifiedDate":"2022-10-25"},{"lineNumber":11,"author":{"gitId":"joelleeyueer"},"content":"        return \"[T]\" + super.toString();","lastModifiedDate":"2022-10-25"},{"lineNumber":12,"author":{"gitId":"joelleeyueer"},"content":"    }","lastModifiedDate":"2022-09-12"},{"lineNumber":13,"author":{"gitId":"joelleeyueer"},"content":"}","lastModifiedDate":"2022-09-12"}],"authorContributionMap":{"joelleeyueer":13}}]
