[{"path":"src/main/java/Deadline.java","fileType":"java","lines":[{"lineNumber":1,"author":{"gitId":"joelleeyueer"},"content":"public class Deadline extends Task{","lastModifiedDate":"2022-10-25"},{"lineNumber":2,"author":{"gitId":"joelleeyueer"},"content":"","lastModifiedDate":"2022-10-25"},{"lineNumber":3,"author":{"gitId":"joelleeyueer"},"content":"    private String atDate;","lastModifiedDate":"2022-10-25"},{"lineNumber":4,"author":{"gitId":"joelleeyueer"},"content":"","lastModifiedDate":"2022-10-25"},{"lineNumber":5,"author":{"gitId":"joelleeyueer"},"content":"    public Deadline(String taskName, String atDate) {","lastModifiedDate":"2022-10-25"},{"lineNumber":6,"author":{"gitId":"joelleeyueer"},"content":"        super(taskName);","lastModifiedDate":"2022-10-25"},{"lineNumber":7,"author":{"gitId":"joelleeyueer"},"content":"        this.atDate \u003d atDate;","lastModifiedDate":"2022-10-25"},{"lineNumber":8,"author":{"gitId":"joelleeyueer"},"content":"    }","lastModifiedDate":"2022-10-25"},{"lineNumber":9,"author":{"gitId":"joelleeyueer"},"content":"","lastModifiedDate":"2022-10-25"},{"lineNumber":10,"author":{"gitId":"joelleeyueer"},"content":"    public String toString() {","lastModifiedDate":"2022-10-25"},{"lineNumber":11,"author":{"gitId":"joelleeyueer"},"content":"        return \"[D]\" + super.toString() + \" (by: \" + atDate + \")\";","lastModifiedDate":"2022-10-25"},{"lineNumber":12,"author":{"gitId":"joelleeyueer"},"content":"    }","lastModifiedDate":"2022-10-25"},{"lineNumber":13,"author":{"gitId":"joelleeyueer"},"content":"}","lastModifiedDate":"2022-10-25"}],"authorContributionMap":{"joelleeyueer":13}},{"path":"src/main/java/Duke.java","fileType":"java","lines":[{"lineNumber":1,"author":{"gitId":"joelleeyueer"},"content":"import java.io.File;","lastModifiedDate":"2022-10-27"},{"lineNumber":2,"author":{"gitId":"joelleeyueer"},"content":"import java.util.Scanner;","lastModifiedDate":"2022-09-11"},{"lineNumber":3,"author":{"gitId":"-"},"content":"public class Duke {","lastModifiedDate":"2019-07-29"},{"lineNumber":4,"author":{"gitId":"joelleeyueer"},"content":"    public static void main(String[] args) throws Exception {","lastModifiedDate":"2022-10-25"},{"lineNumber":5,"author":{"gitId":"joelleeyueer"},"content":"        Parser p \u003d Parser.getInstance();","lastModifiedDate":"2022-10-26"},{"lineNumber":6,"author":{"gitId":"joelleeyueer"},"content":"        Storage s \u003d Storage.getInstance();","lastModifiedDate":"2022-10-27"},{"lineNumber":7,"author":{"gitId":"joelleeyueer"},"content":"","lastModifiedDate":"2022-09-10"},{"lineNumber":8,"author":{"gitId":"joelleeyueer"},"content":"        Helper.separator();","lastModifiedDate":"2022-10-26"},{"lineNumber":9,"author":{"gitId":"joelleeyueer"},"content":"        System.out.println(\"Hello! I\u0027m Nala the Annoying Cat!\\n\" + \"What can I do for you?\\n Protip: Type !help for a list of commands!\");","lastModifiedDate":"2022-10-27"},{"lineNumber":10,"author":{"gitId":"joelleeyueer"},"content":"        Helper.separator();","lastModifiedDate":"2022-10-26"},{"lineNumber":11,"author":{"gitId":"joelleeyueer"},"content":"        while (true) {","lastModifiedDate":"2022-09-11"},{"lineNumber":12,"author":{"gitId":"joelleeyueer"},"content":"            //tokenizer","lastModifiedDate":"2022-10-21"},{"lineNumber":13,"author":{"gitId":"joelleeyueer"},"content":"            Helper.nalaBehaviour();","lastModifiedDate":"2022-10-27"},{"lineNumber":14,"author":{"gitId":"joelleeyueer"},"content":"            String incomingText \u003d userInput();","lastModifiedDate":"2022-10-25"},{"lineNumber":15,"author":{"gitId":"joelleeyueer"},"content":"            p.stringToToken(incomingText);","lastModifiedDate":"2022-10-25"},{"lineNumber":16,"author":{"gitId":"joelleeyueer"},"content":"","lastModifiedDate":"2022-10-21"},{"lineNumber":17,"author":{"gitId":"joelleeyueer"},"content":"            if (p.front().equalsIgnoreCase(\"!help\")) {","lastModifiedDate":"2022-10-27"},{"lineNumber":18,"author":{"gitId":"joelleeyueer"},"content":"                System.out.println(\"Here\u0027s the list of commands:\\n\" +","lastModifiedDate":"2022-10-27"},{"lineNumber":19,"author":{"gitId":"joelleeyueer"},"content":"                                    \"todo [description] - create a todo \\n\" +","lastModifiedDate":"2022-10-27"},{"lineNumber":20,"author":{"gitId":"joelleeyueer"},"content":"                                     \"event [description] /at [date or time] - create an event\\n\"+","lastModifiedDate":"2022-10-27"},{"lineNumber":21,"author":{"gitId":"joelleeyueer"},"content":"                                    \"deadline [description] /by [date or time] - create a deadline\\n\"+","lastModifiedDate":"2022-10-27"},{"lineNumber":22,"author":{"gitId":"joelleeyueer"},"content":"                                    \"mark [index] - mark a task as done\\n\"+","lastModifiedDate":"2022-10-27"},{"lineNumber":23,"author":{"gitId":"joelleeyueer"},"content":"                                    \"unmark [index] - mark a task as not done\\n\"+","lastModifiedDate":"2022-10-27"},{"lineNumber":24,"author":{"gitId":"joelleeyueer"},"content":"                                    \"delete [index] - delete a task\\n\"+","lastModifiedDate":"2022-10-27"},{"lineNumber":25,"author":{"gitId":"joelleeyueer"},"content":"                                    \"list - shows the current list of tasks\\n\"+","lastModifiedDate":"2022-10-27"},{"lineNumber":26,"author":{"gitId":"joelleeyueer"},"content":"                                    \"print - saves the tasklist to a .txt file\\n\"+","lastModifiedDate":"2022-10-27"},{"lineNumber":27,"author":{"gitId":"joelleeyueer"},"content":"                                    \"bye or end - say goodbye to Nala :(\");","lastModifiedDate":"2022-10-27"},{"lineNumber":28,"author":{"gitId":"joelleeyueer"},"content":"            }","lastModifiedDate":"2022-10-27"},{"lineNumber":29,"author":{"gitId":"joelleeyueer"},"content":"            else if (p.front().equalsIgnoreCase(\"mark\")) {","lastModifiedDate":"2022-10-27"},{"lineNumber":30,"author":{"gitId":"joelleeyueer"},"content":"                parseMark();","lastModifiedDate":"2022-10-26"},{"lineNumber":31,"author":{"gitId":"joelleeyueer"},"content":"            }","lastModifiedDate":"2022-10-26"},{"lineNumber":32,"author":{"gitId":"joelleeyueer"},"content":"","lastModifiedDate":"2022-10-26"},{"lineNumber":33,"author":{"gitId":"joelleeyueer"},"content":"            else if (p.front().equalsIgnoreCase(\"unmark\")){","lastModifiedDate":"2022-10-26"},{"lineNumber":34,"author":{"gitId":"joelleeyueer"},"content":"                parseUnmark();","lastModifiedDate":"2022-10-26"},{"lineNumber":35,"author":{"gitId":"joelleeyueer"},"content":"            }","lastModifiedDate":"2022-10-26"},{"lineNumber":36,"author":{"gitId":"joelleeyueer"},"content":"","lastModifiedDate":"2022-10-26"},{"lineNumber":37,"author":{"gitId":"joelleeyueer"},"content":"            else if (p.front().equalsIgnoreCase(\"bye\") || p.front().equalsIgnoreCase(\"end\")) {","lastModifiedDate":"2022-10-26"},{"lineNumber":38,"author":{"gitId":"joelleeyueer"},"content":"                parseBye();","lastModifiedDate":"2022-10-26"},{"lineNumber":39,"author":{"gitId":"joelleeyueer"},"content":"                break;","lastModifiedDate":"2022-10-26"},{"lineNumber":40,"author":{"gitId":"joelleeyueer"},"content":"            }","lastModifiedDate":"2022-10-26"},{"lineNumber":41,"author":{"gitId":"joelleeyueer"},"content":"","lastModifiedDate":"2022-10-26"},{"lineNumber":42,"author":{"gitId":"joelleeyueer"},"content":"            else if (incomingText.equalsIgnoreCase(\"list\")) {","lastModifiedDate":"2022-10-26"},{"lineNumber":43,"author":{"gitId":"joelleeyueer"},"content":"                parseShowlist();","lastModifiedDate":"2022-10-26"},{"lineNumber":44,"author":{"gitId":"joelleeyueer"},"content":"            }","lastModifiedDate":"2022-10-26"},{"lineNumber":45,"author":{"gitId":"joelleeyueer"},"content":"","lastModifiedDate":"2022-10-26"},{"lineNumber":46,"author":{"gitId":"joelleeyueer"},"content":"            else if (p.front().equalsIgnoreCase(\"delete\")){","lastModifiedDate":"2022-10-26"},{"lineNumber":47,"author":{"gitId":"joelleeyueer"},"content":"                parseDelete();","lastModifiedDate":"2022-10-26"},{"lineNumber":48,"author":{"gitId":"joelleeyueer"},"content":"            }","lastModifiedDate":"2022-10-26"},{"lineNumber":49,"author":{"gitId":"joelleeyueer"},"content":"","lastModifiedDate":"2022-10-26"},{"lineNumber":50,"author":{"gitId":"joelleeyueer"},"content":"            else if (p.front().equalsIgnoreCase(\"print\")){","lastModifiedDate":"2022-10-27"},{"lineNumber":51,"author":{"gitId":"joelleeyueer"},"content":"                parsePrint();","lastModifiedDate":"2022-10-27"},{"lineNumber":52,"author":{"gitId":"joelleeyueer"},"content":"            }","lastModifiedDate":"2022-10-27"},{"lineNumber":53,"author":{"gitId":"joelleeyueer"},"content":"","lastModifiedDate":"2022-10-27"},{"lineNumber":54,"author":{"gitId":"joelleeyueer"},"content":"","lastModifiedDate":"2022-10-27"},{"lineNumber":55,"author":{"gitId":"joelleeyueer"},"content":"            else { //add new task","lastModifiedDate":"2022-10-26"},{"lineNumber":56,"author":{"gitId":"joelleeyueer"},"content":"                parseAddTask();","lastModifiedDate":"2022-10-26"},{"lineNumber":57,"author":{"gitId":"joelleeyueer"},"content":"            }","lastModifiedDate":"2022-10-26"},{"lineNumber":58,"author":{"gitId":"joelleeyueer"},"content":"            p.clear();","lastModifiedDate":"2022-10-26"},{"lineNumber":59,"author":{"gitId":"joelleeyueer"},"content":"        }","lastModifiedDate":"2022-10-26"},{"lineNumber":60,"author":{"gitId":"joelleeyueer"},"content":"    }","lastModifiedDate":"2022-10-26"},{"lineNumber":61,"author":{"gitId":"joelleeyueer"},"content":"","lastModifiedDate":"2022-10-26"},{"lineNumber":62,"author":{"gitId":"joelleeyueer"},"content":"    private static void parsePrint() throws Exception {","lastModifiedDate":"2022-10-27"},{"lineNumber":63,"author":{"gitId":"joelleeyueer"},"content":"        Storage s \u003d Storage.getInstance();","lastModifiedDate":"2022-10-27"},{"lineNumber":64,"author":{"gitId":"joelleeyueer"},"content":"        System.out.println(\"Meow! I will be printing the following list:\");","lastModifiedDate":"2022-10-27"},{"lineNumber":65,"author":{"gitId":"joelleeyueer"},"content":"        parseShowlist();","lastModifiedDate":"2022-10-27"},{"lineNumber":66,"author":{"gitId":"joelleeyueer"},"content":"        System.out.println(\"I will be saving the .txt file under Desktop/dukeFile, if it is not created already.\\n\" + \"What are we naming the output file?\");","lastModifiedDate":"2022-10-27"},{"lineNumber":67,"author":{"gitId":"joelleeyueer"},"content":"        while (true){","lastModifiedDate":"2022-10-27"},{"lineNumber":68,"author":{"gitId":"joelleeyueer"},"content":"            String userFilename \u003d userInput();","lastModifiedDate":"2022-10-27"},{"lineNumber":69,"author":{"gitId":"joelleeyueer"},"content":"            s.setFileName(userFilename);","lastModifiedDate":"2022-10-27"},{"lineNumber":70,"author":{"gitId":"joelleeyueer"},"content":"            if (userFilename.equalsIgnoreCase(\"/e\")){","lastModifiedDate":"2022-10-27"},{"lineNumber":71,"author":{"gitId":"joelleeyueer"},"content":"                break;","lastModifiedDate":"2022-10-27"},{"lineNumber":72,"author":{"gitId":"joelleeyueer"},"content":"            }","lastModifiedDate":"2022-10-27"},{"lineNumber":73,"author":{"gitId":"joelleeyueer"},"content":"            if (!s.checkExistence()){","lastModifiedDate":"2022-10-27"},{"lineNumber":74,"author":{"gitId":"joelleeyueer"},"content":"                s.createFile();","lastModifiedDate":"2022-10-27"},{"lineNumber":75,"author":{"gitId":"joelleeyueer"},"content":"                s.populateFile();","lastModifiedDate":"2022-10-27"},{"lineNumber":76,"author":{"gitId":"joelleeyueer"},"content":"                break;","lastModifiedDate":"2022-10-27"},{"lineNumber":77,"author":{"gitId":"joelleeyueer"},"content":"            }","lastModifiedDate":"2022-10-27"},{"lineNumber":78,"author":{"gitId":"joelleeyueer"},"content":"            else{","lastModifiedDate":"2022-10-27"},{"lineNumber":79,"author":{"gitId":"joelleeyueer"},"content":"                System.out.println(userFilename + \".txt already exists on \" + System.getProperty(\"user.home\") + File.separator + \"Desktop\" + File.separator + \"dukeFile\" + \"\\n Please type a different filename, or type \\\"/e\\\" to go back to the main menu!\" );","lastModifiedDate":"2022-10-27"},{"lineNumber":80,"author":{"gitId":"joelleeyueer"},"content":"            }","lastModifiedDate":"2022-10-27"},{"lineNumber":81,"author":{"gitId":"joelleeyueer"},"content":"","lastModifiedDate":"2022-10-27"},{"lineNumber":82,"author":{"gitId":"joelleeyueer"},"content":"","lastModifiedDate":"2022-10-27"},{"lineNumber":83,"author":{"gitId":"joelleeyueer"},"content":"        }","lastModifiedDate":"2022-10-27"},{"lineNumber":84,"author":{"gitId":"joelleeyueer"},"content":"","lastModifiedDate":"2022-10-27"},{"lineNumber":85,"author":{"gitId":"joelleeyueer"},"content":"","lastModifiedDate":"2022-10-27"},{"lineNumber":86,"author":{"gitId":"joelleeyueer"},"content":"    }","lastModifiedDate":"2022-10-27"},{"lineNumber":87,"author":{"gitId":"joelleeyueer"},"content":"","lastModifiedDate":"2022-10-27"},{"lineNumber":88,"author":{"gitId":"joelleeyueer"},"content":"    public static void parseMark(){","lastModifiedDate":"2022-10-26"},{"lineNumber":89,"author":{"gitId":"joelleeyueer"},"content":"        Parser p \u003d Parser.getInstance();","lastModifiedDate":"2022-10-26"},{"lineNumber":90,"author":{"gitId":"joelleeyueer"},"content":"        TaskList t \u003d TaskList.getInstance();","lastModifiedDate":"2022-10-26"},{"lineNumber":91,"author":{"gitId":"joelleeyueer"},"content":"        //mark something as done. e.g. mark 5","lastModifiedDate":"2022-10-21"},{"lineNumber":92,"author":{"gitId":"joelleeyueer"},"content":"        //delete the \"mark\"","lastModifiedDate":"2022-10-21"},{"lineNumber":93,"author":{"gitId":"joelleeyueer"},"content":"        p.next();","lastModifiedDate":"2022-10-25"},{"lineNumber":94,"author":{"gitId":"joelleeyueer"},"content":"","lastModifiedDate":"2022-09-12"},{"lineNumber":95,"author":{"gitId":"joelleeyueer"},"content":"        //parse the index to changeToMarkAsDone","lastModifiedDate":"2022-10-21"},{"lineNumber":96,"author":{"gitId":"joelleeyueer"},"content":"        try{","lastModifiedDate":"2022-09-12"},{"lineNumber":97,"author":{"gitId":"joelleeyueer"},"content":"            String indexString \u003d p.front();","lastModifiedDate":"2022-10-25"},{"lineNumber":98,"author":{"gitId":"joelleeyueer"},"content":"            int index \u003d Integer.parseInt(indexString);","lastModifiedDate":"2022-09-12"},{"lineNumber":99,"author":{"gitId":"joelleeyueer"},"content":"            t.changeToMarkAsDone(index);","lastModifiedDate":"2022-09-12"},{"lineNumber":100,"author":{"gitId":"joelleeyueer"},"content":"        }","lastModifiedDate":"2022-10-21"},{"lineNumber":101,"author":{"gitId":"joelleeyueer"},"content":"        catch (NumberFormatException e)","lastModifiedDate":"2022-10-21"},{"lineNumber":102,"author":{"gitId":"joelleeyueer"},"content":"        {","lastModifiedDate":"2022-10-21"},{"lineNumber":103,"author":{"gitId":"joelleeyueer"},"content":"            System.out.println(\"Meow! \" + p.front() + \" is not a valid integer.\");","lastModifiedDate":"2022-10-25"},{"lineNumber":104,"author":{"gitId":"joelleeyueer"},"content":"            t.showTodoList();","lastModifiedDate":"2022-10-25"},{"lineNumber":105,"author":{"gitId":"joelleeyueer"},"content":"        }","lastModifiedDate":"2022-10-25"},{"lineNumber":106,"author":{"gitId":"joelleeyueer"},"content":"        catch (IndexOutOfBoundsException e)","lastModifiedDate":"2022-10-25"},{"lineNumber":107,"author":{"gitId":"joelleeyueer"},"content":"        {","lastModifiedDate":"2022-10-25"},{"lineNumber":108,"author":{"gitId":"joelleeyueer"},"content":"            System.out.println(\"Meow! \" + p.front() + \" is not in the list. \"+ p.front() +\" is not marked as done.\");","lastModifiedDate":"2022-10-26"},{"lineNumber":109,"author":{"gitId":"joelleeyueer"},"content":"            t.showTodoList();","lastModifiedDate":"2022-10-25"},{"lineNumber":110,"author":{"gitId":"joelleeyueer"},"content":"        }","lastModifiedDate":"2022-10-21"},{"lineNumber":111,"author":{"gitId":"joelleeyueer"},"content":"    }","lastModifiedDate":"2022-09-12"},{"lineNumber":112,"author":{"gitId":"joelleeyueer"},"content":"","lastModifiedDate":"2022-09-12"},{"lineNumber":113,"author":{"gitId":"joelleeyueer"},"content":"    public static void parseUnmark() {","lastModifiedDate":"2022-10-26"},{"lineNumber":114,"author":{"gitId":"joelleeyueer"},"content":"        Parser p \u003d Parser.getInstance();","lastModifiedDate":"2022-10-26"},{"lineNumber":115,"author":{"gitId":"joelleeyueer"},"content":"        TaskList t \u003d TaskList.getInstance();","lastModifiedDate":"2022-10-26"},{"lineNumber":116,"author":{"gitId":"joelleeyueer"},"content":"        //mark something as not done. e.g. unmark 5","lastModifiedDate":"2022-10-21"},{"lineNumber":117,"author":{"gitId":"joelleeyueer"},"content":"        p.next();","lastModifiedDate":"2022-10-25"},{"lineNumber":118,"author":{"gitId":"joelleeyueer"},"content":"        //parse the index to changeToMarkNotDone","lastModifiedDate":"2022-10-21"},{"lineNumber":119,"author":{"gitId":"joelleeyueer"},"content":"        try{","lastModifiedDate":"2022-10-21"},{"lineNumber":120,"author":{"gitId":"joelleeyueer"},"content":"            String indexString \u003d p.front();","lastModifiedDate":"2022-10-25"},{"lineNumber":121,"author":{"gitId":"joelleeyueer"},"content":"            int index \u003d Integer.parseInt(indexString);","lastModifiedDate":"2022-09-12"},{"lineNumber":122,"author":{"gitId":"joelleeyueer"},"content":"            t.changeToMarkNotDone(index);","lastModifiedDate":"2022-09-12"},{"lineNumber":123,"author":{"gitId":"joelleeyueer"},"content":"        }","lastModifiedDate":"2022-09-12"},{"lineNumber":124,"author":{"gitId":"joelleeyueer"},"content":"        catch (NumberFormatException e)","lastModifiedDate":"2022-10-21"},{"lineNumber":125,"author":{"gitId":"joelleeyueer"},"content":"        {","lastModifiedDate":"2022-10-21"},{"lineNumber":126,"author":{"gitId":"joelleeyueer"},"content":"            System.out.println(\"Meow! \" + p.front() + \" is not a valid integer.\");","lastModifiedDate":"2022-10-25"},{"lineNumber":127,"author":{"gitId":"joelleeyueer"},"content":"            t.showTodoList();","lastModifiedDate":"2022-10-25"},{"lineNumber":128,"author":{"gitId":"joelleeyueer"},"content":"        }","lastModifiedDate":"2022-10-25"},{"lineNumber":129,"author":{"gitId":"joelleeyueer"},"content":"        catch (IndexOutOfBoundsException e)","lastModifiedDate":"2022-10-25"},{"lineNumber":130,"author":{"gitId":"joelleeyueer"},"content":"        {","lastModifiedDate":"2022-10-25"},{"lineNumber":131,"author":{"gitId":"joelleeyueer"},"content":"            System.out.println(\"Meow! \" + p.front() + \" is not in the list. \"+ p.front() +\" is not marked as undone.\");","lastModifiedDate":"2022-10-26"},{"lineNumber":132,"author":{"gitId":"joelleeyueer"},"content":"            t.showTodoList();","lastModifiedDate":"2022-10-25"},{"lineNumber":133,"author":{"gitId":"joelleeyueer"},"content":"        }","lastModifiedDate":"2022-10-21"},{"lineNumber":134,"author":{"gitId":"joelleeyueer"},"content":"    }","lastModifiedDate":"2022-09-12"},{"lineNumber":135,"author":{"gitId":"joelleeyueer"},"content":"","lastModifiedDate":"2022-09-12"},{"lineNumber":136,"author":{"gitId":"joelleeyueer"},"content":"    public static void parseBye() {","lastModifiedDate":"2022-10-26"},{"lineNumber":137,"author":{"gitId":"joelleeyueer"},"content":"        Parser p \u003d Parser.getInstance();","lastModifiedDate":"2022-10-26"},{"lineNumber":138,"author":{"gitId":"joelleeyueer"},"content":"        Helper.separator();","lastModifiedDate":"2022-10-26"},{"lineNumber":139,"author":{"gitId":"joelleeyueer"},"content":"        System.out.println(\"Goodbye! Hope to see you again soon!\");","lastModifiedDate":"2022-09-11"},{"lineNumber":140,"author":{"gitId":"joelleeyueer"},"content":"        Helper.separator();","lastModifiedDate":"2022-10-26"},{"lineNumber":141,"author":{"gitId":"joelleeyueer"},"content":"        p.clear();","lastModifiedDate":"2022-10-25"},{"lineNumber":142,"author":{"gitId":"joelleeyueer"},"content":"    }","lastModifiedDate":"2022-09-11"},{"lineNumber":143,"author":{"gitId":"joelleeyueer"},"content":"","lastModifiedDate":"2022-09-12"},{"lineNumber":144,"author":{"gitId":"joelleeyueer"},"content":"    public static void parseShowlist() {","lastModifiedDate":"2022-10-26"},{"lineNumber":145,"author":{"gitId":"joelleeyueer"},"content":"        Parser p \u003d Parser.getInstance();","lastModifiedDate":"2022-10-26"},{"lineNumber":146,"author":{"gitId":"joelleeyueer"},"content":"        TaskList t \u003d TaskList.getInstance();","lastModifiedDate":"2022-10-26"},{"lineNumber":147,"author":{"gitId":"joelleeyueer"},"content":"        p.next();","lastModifiedDate":"2022-10-25"},{"lineNumber":148,"author":{"gitId":"joelleeyueer"},"content":"        t.showTodoList();","lastModifiedDate":"2022-09-12"},{"lineNumber":149,"author":{"gitId":"joelleeyueer"},"content":"    }","lastModifiedDate":"2022-09-12"},{"lineNumber":150,"author":{"gitId":"joelleeyueer"},"content":"","lastModifiedDate":"2022-09-12"},{"lineNumber":151,"author":{"gitId":"joelleeyueer"},"content":"    public static void parseDelete() {","lastModifiedDate":"2022-10-26"},{"lineNumber":152,"author":{"gitId":"joelleeyueer"},"content":"        Parser p \u003d Parser.getInstance();","lastModifiedDate":"2022-10-26"},{"lineNumber":153,"author":{"gitId":"joelleeyueer"},"content":"        TaskList t \u003d TaskList.getInstance();","lastModifiedDate":"2022-10-26"},{"lineNumber":154,"author":{"gitId":"joelleeyueer"},"content":"        //delete a task. e.g. delete 5","lastModifiedDate":"2022-10-25"},{"lineNumber":155,"author":{"gitId":"joelleeyueer"},"content":"        p.next();","lastModifiedDate":"2022-10-25"},{"lineNumber":156,"author":{"gitId":"joelleeyueer"},"content":"        //parse the index to deleteTask","lastModifiedDate":"2022-10-25"},{"lineNumber":157,"author":{"gitId":"joelleeyueer"},"content":"        try{","lastModifiedDate":"2022-10-25"},{"lineNumber":158,"author":{"gitId":"joelleeyueer"},"content":"            String indexString \u003d p.front();","lastModifiedDate":"2022-10-25"},{"lineNumber":159,"author":{"gitId":"joelleeyueer"},"content":"            int index \u003d Integer.parseInt(indexString);","lastModifiedDate":"2022-10-25"},{"lineNumber":160,"author":{"gitId":"joelleeyueer"},"content":"            t.changeToMarkNotDone(index);","lastModifiedDate":"2022-10-25"},{"lineNumber":161,"author":{"gitId":"joelleeyueer"},"content":"            t.deleteTask(index);","lastModifiedDate":"2022-10-25"},{"lineNumber":162,"author":{"gitId":"joelleeyueer"},"content":"        }","lastModifiedDate":"2022-10-25"},{"lineNumber":163,"author":{"gitId":"joelleeyueer"},"content":"        catch (NumberFormatException e)","lastModifiedDate":"2022-10-25"},{"lineNumber":164,"author":{"gitId":"joelleeyueer"},"content":"        {","lastModifiedDate":"2022-10-25"},{"lineNumber":165,"author":{"gitId":"joelleeyueer"},"content":"            System.out.println(\"Meow! \" + p.front() + \" is not a valid integer.\");","lastModifiedDate":"2022-10-25"},{"lineNumber":166,"author":{"gitId":"joelleeyueer"},"content":"            t.showTodoList();","lastModifiedDate":"2022-10-25"},{"lineNumber":167,"author":{"gitId":"joelleeyueer"},"content":"        }","lastModifiedDate":"2022-10-25"},{"lineNumber":168,"author":{"gitId":"joelleeyueer"},"content":"        catch (IndexOutOfBoundsException e)","lastModifiedDate":"2022-10-25"},{"lineNumber":169,"author":{"gitId":"joelleeyueer"},"content":"        {","lastModifiedDate":"2022-10-25"},{"lineNumber":170,"author":{"gitId":"joelleeyueer"},"content":"            System.out.println(\"Meow! \" + p.front() + \" is not in the list.\");","lastModifiedDate":"2022-10-25"},{"lineNumber":171,"author":{"gitId":"joelleeyueer"},"content":"            t.showTodoList();","lastModifiedDate":"2022-10-25"},{"lineNumber":172,"author":{"gitId":"joelleeyueer"},"content":"        }","lastModifiedDate":"2022-10-25"},{"lineNumber":173,"author":{"gitId":"joelleeyueer"},"content":"    }","lastModifiedDate":"2022-10-25"},{"lineNumber":174,"author":{"gitId":"joelleeyueer"},"content":"","lastModifiedDate":"2022-10-25"},{"lineNumber":175,"author":{"gitId":"joelleeyueer"},"content":"    public static void parseAddTask() throws Exception {","lastModifiedDate":"2022-10-26"},{"lineNumber":176,"author":{"gitId":"joelleeyueer"},"content":"        Parser p \u003d Parser.getInstance();","lastModifiedDate":"2022-10-26"},{"lineNumber":177,"author":{"gitId":"joelleeyueer"},"content":"        TaskList t \u003d TaskList.getInstance();","lastModifiedDate":"2022-10-26"},{"lineNumber":178,"author":{"gitId":"joelleeyueer"},"content":"        String incomingTaskName;","lastModifiedDate":"2022-10-26"},{"lineNumber":179,"author":{"gitId":"joelleeyueer"},"content":"        String incomingType;","lastModifiedDate":"2022-10-26"},{"lineNumber":180,"author":{"gitId":"joelleeyueer"},"content":"        String incomingDate;","lastModifiedDate":"2022-10-26"},{"lineNumber":181,"author":{"gitId":"joelleeyueer"},"content":"","lastModifiedDate":"2022-10-25"},{"lineNumber":182,"author":{"gitId":"joelleeyueer"},"content":"        switch (p.front().toLowerCase()){","lastModifiedDate":"2022-10-26"},{"lineNumber":183,"author":{"gitId":"joelleeyueer"},"content":"            case (\"todo\"):","lastModifiedDate":"2022-10-25"},{"lineNumber":184,"author":{"gitId":"joelleeyueer"},"content":"                if (p.remainingTokens.contains(\"/at\")){","lastModifiedDate":"2022-10-25"},{"lineNumber":185,"author":{"gitId":"joelleeyueer"},"content":"                    Helper.nalaSyntaxError(\"Event\");","lastModifiedDate":"2022-10-26"},{"lineNumber":186,"author":{"gitId":"joelleeyueer"},"content":"                    break;","lastModifiedDate":"2022-10-25"},{"lineNumber":187,"author":{"gitId":"joelleeyueer"},"content":"                }","lastModifiedDate":"2022-10-25"},{"lineNumber":188,"author":{"gitId":"joelleeyueer"},"content":"                else if (p.remainingTokens.contains(\"/by\")){","lastModifiedDate":"2022-10-25"},{"lineNumber":189,"author":{"gitId":"joelleeyueer"},"content":"                    Helper.nalaSyntaxError(\"Deadline\");","lastModifiedDate":"2022-10-26"},{"lineNumber":190,"author":{"gitId":"joelleeyueer"},"content":"                    break;","lastModifiedDate":"2022-10-25"},{"lineNumber":191,"author":{"gitId":"joelleeyueer"},"content":"                }","lastModifiedDate":"2022-10-25"},{"lineNumber":192,"author":{"gitId":"joelleeyueer"},"content":"                else{","lastModifiedDate":"2022-09-11"},{"lineNumber":193,"author":{"gitId":"joelleeyueer"},"content":"                    p.next();","lastModifiedDate":"2022-10-25"},{"lineNumber":194,"author":{"gitId":"joelleeyueer"},"content":"                    incomingTaskName \u003d p.tokenToString();","lastModifiedDate":"2022-10-25"},{"lineNumber":195,"author":{"gitId":"joelleeyueer"},"content":"                    if (incomingTaskName.isBlank()){","lastModifiedDate":"2022-10-25"},{"lineNumber":196,"author":{"gitId":"joelleeyueer"},"content":"                        Helper.nalaSyntaxError(\"BlankTodo\");","lastModifiedDate":"2022-10-26"},{"lineNumber":197,"author":{"gitId":"joelleeyueer"},"content":"                        break;","lastModifiedDate":"2022-10-25"},{"lineNumber":198,"author":{"gitId":"joelleeyueer"},"content":"                    }","lastModifiedDate":"2022-10-25"},{"lineNumber":199,"author":{"gitId":"joelleeyueer"},"content":"                }","lastModifiedDate":"2022-10-25"},{"lineNumber":200,"author":{"gitId":"joelleeyueer"},"content":"                t.addNewTask(incomingTaskName);","lastModifiedDate":"2022-10-26"},{"lineNumber":201,"author":{"gitId":"joelleeyueer"},"content":"                p.clear();","lastModifiedDate":"2022-10-25"},{"lineNumber":202,"author":{"gitId":"joelleeyueer"},"content":"                break;","lastModifiedDate":"2022-10-25"},{"lineNumber":203,"author":{"gitId":"joelleeyueer"},"content":"","lastModifiedDate":"2022-10-25"},{"lineNumber":204,"author":{"gitId":"joelleeyueer"},"content":"            case (\"deadline\"):","lastModifiedDate":"2022-10-25"},{"lineNumber":205,"author":{"gitId":"joelleeyueer"},"content":"                if (p.remainingTokens.contains(\"/at\")){","lastModifiedDate":"2022-10-25"},{"lineNumber":206,"author":{"gitId":"joelleeyueer"},"content":"                    Helper.nalaSyntaxError(\"Event\");","lastModifiedDate":"2022-10-26"},{"lineNumber":207,"author":{"gitId":"joelleeyueer"},"content":"                    break;","lastModifiedDate":"2022-10-25"},{"lineNumber":208,"author":{"gitId":"joelleeyueer"},"content":"                }","lastModifiedDate":"2022-10-25"},{"lineNumber":209,"author":{"gitId":"joelleeyueer"},"content":"                else if (p.remainingTokens.contains(\"/by\")){","lastModifiedDate":"2022-10-25"},{"lineNumber":210,"author":{"gitId":"joelleeyueer"},"content":"                    incomingType \u003d p.front();","lastModifiedDate":"2022-10-25"},{"lineNumber":211,"author":{"gitId":"joelleeyueer"},"content":"                    p.next();","lastModifiedDate":"2022-10-25"},{"lineNumber":212,"author":{"gitId":"joelleeyueer"},"content":"                    StringBuilder TaskNameString\u003d new StringBuilder();","lastModifiedDate":"2022-10-26"},{"lineNumber":213,"author":{"gitId":"joelleeyueer"},"content":"                    while (!p.front().equalsIgnoreCase(\"/by\")){","lastModifiedDate":"2022-10-25"},{"lineNumber":214,"author":{"gitId":"joelleeyueer"},"content":"                        TaskNameString.append(\" \").append(p.front());","lastModifiedDate":"2022-10-26"},{"lineNumber":215,"author":{"gitId":"joelleeyueer"},"content":"                        p.next();","lastModifiedDate":"2022-10-25"},{"lineNumber":216,"author":{"gitId":"joelleeyueer"},"content":"                    }","lastModifiedDate":"2022-10-25"},{"lineNumber":217,"author":{"gitId":"joelleeyueer"},"content":"                    p.expect(\"/by\");","lastModifiedDate":"2022-10-25"},{"lineNumber":218,"author":{"gitId":"joelleeyueer"},"content":"                    incomingDate \u003d p.tokenToString();","lastModifiedDate":"2022-10-25"},{"lineNumber":219,"author":{"gitId":"joelleeyueer"},"content":"                    incomingTaskName \u003d TaskNameString.toString();","lastModifiedDate":"2022-10-26"},{"lineNumber":220,"author":{"gitId":"joelleeyueer"},"content":"                    if (incomingTaskName.isBlank()){","lastModifiedDate":"2022-10-25"},{"lineNumber":221,"author":{"gitId":"joelleeyueer"},"content":"                        Helper.nalaSyntaxError(\"BlankDeadline\");","lastModifiedDate":"2022-10-26"},{"lineNumber":222,"author":{"gitId":"joelleeyueer"},"content":"                        break;","lastModifiedDate":"2022-10-25"},{"lineNumber":223,"author":{"gitId":"joelleeyueer"},"content":"                    }","lastModifiedDate":"2022-10-25"},{"lineNumber":224,"author":{"gitId":"joelleeyueer"},"content":"                    if (incomingDate.isBlank()){","lastModifiedDate":"2022-10-25"},{"lineNumber":225,"author":{"gitId":"joelleeyueer"},"content":"                        Helper.nalaSyntaxError(\"NoDate\");","lastModifiedDate":"2022-10-26"},{"lineNumber":226,"author":{"gitId":"joelleeyueer"},"content":"                        break;","lastModifiedDate":"2022-10-25"},{"lineNumber":227,"author":{"gitId":"joelleeyueer"},"content":"                    }","lastModifiedDate":"2022-10-25"},{"lineNumber":228,"author":{"gitId":"joelleeyueer"},"content":"                }","lastModifiedDate":"2022-09-11"},{"lineNumber":229,"author":{"gitId":"joelleeyueer"},"content":"                else{ //no /by","lastModifiedDate":"2022-10-25"},{"lineNumber":230,"author":{"gitId":"joelleeyueer"},"content":"                    Helper.nalaSyntaxError(\"DeadlineNoBy\");","lastModifiedDate":"2022-10-26"},{"lineNumber":231,"author":{"gitId":"joelleeyueer"},"content":"                    break;","lastModifiedDate":"2022-10-25"},{"lineNumber":232,"author":{"gitId":"joelleeyueer"},"content":"                }","lastModifiedDate":"2022-10-25"},{"lineNumber":233,"author":{"gitId":"joelleeyueer"},"content":"                t.addNewTask(incomingTaskName, incomingType, incomingDate);","lastModifiedDate":"2022-10-25"},{"lineNumber":234,"author":{"gitId":"joelleeyueer"},"content":"                p.clear();","lastModifiedDate":"2022-10-25"},{"lineNumber":235,"author":{"gitId":"joelleeyueer"},"content":"                break;","lastModifiedDate":"2022-10-25"},{"lineNumber":236,"author":{"gitId":"joelleeyueer"},"content":"","lastModifiedDate":"2022-09-12"},{"lineNumber":237,"author":{"gitId":"joelleeyueer"},"content":"            case  (\"event\"):","lastModifiedDate":"2022-10-25"},{"lineNumber":238,"author":{"gitId":"joelleeyueer"},"content":"                if (p.remainingTokens.contains(\"/by\")){","lastModifiedDate":"2022-10-25"},{"lineNumber":239,"author":{"gitId":"joelleeyueer"},"content":"                    Helper.nalaSyntaxError(\"Deadline\");","lastModifiedDate":"2022-10-26"},{"lineNumber":240,"author":{"gitId":"joelleeyueer"},"content":"                    break;","lastModifiedDate":"2022-10-25"},{"lineNumber":241,"author":{"gitId":"joelleeyueer"},"content":"                }","lastModifiedDate":"2022-10-25"},{"lineNumber":242,"author":{"gitId":"joelleeyueer"},"content":"                else if (p.remainingTokens.contains(\"/at\")){","lastModifiedDate":"2022-10-25"},{"lineNumber":243,"author":{"gitId":"joelleeyueer"},"content":"                    incomingType \u003d p.front();","lastModifiedDate":"2022-10-25"},{"lineNumber":244,"author":{"gitId":"joelleeyueer"},"content":"                    p.next();","lastModifiedDate":"2022-10-25"},{"lineNumber":245,"author":{"gitId":"joelleeyueer"},"content":"                    StringBuilder TaskNameString\u003d new StringBuilder();","lastModifiedDate":"2022-10-26"},{"lineNumber":246,"author":{"gitId":"joelleeyueer"},"content":"                    while (!p.front().equalsIgnoreCase(\"/at\")){","lastModifiedDate":"2022-10-25"},{"lineNumber":247,"author":{"gitId":"joelleeyueer"},"content":"                        TaskNameString.append(\" \").append(p.front());","lastModifiedDate":"2022-10-26"},{"lineNumber":248,"author":{"gitId":"joelleeyueer"},"content":"                        p.next();","lastModifiedDate":"2022-10-25"},{"lineNumber":249,"author":{"gitId":"joelleeyueer"},"content":"                    }","lastModifiedDate":"2022-10-25"},{"lineNumber":250,"author":{"gitId":"joelleeyueer"},"content":"                    p.expect(\"/at\");","lastModifiedDate":"2022-10-25"},{"lineNumber":251,"author":{"gitId":"joelleeyueer"},"content":"                    incomingDate \u003d p.tokenToString();","lastModifiedDate":"2022-10-25"},{"lineNumber":252,"author":{"gitId":"joelleeyueer"},"content":"                    incomingTaskName \u003d TaskNameString.toString();","lastModifiedDate":"2022-10-26"},{"lineNumber":253,"author":{"gitId":"joelleeyueer"},"content":"                    if (incomingTaskName.isBlank()){","lastModifiedDate":"2022-10-25"},{"lineNumber":254,"author":{"gitId":"joelleeyueer"},"content":"                        Helper.nalaSyntaxError(\"BlankEvent\");","lastModifiedDate":"2022-10-26"},{"lineNumber":255,"author":{"gitId":"joelleeyueer"},"content":"                        break;","lastModifiedDate":"2022-10-25"},{"lineNumber":256,"author":{"gitId":"joelleeyueer"},"content":"                    }","lastModifiedDate":"2022-10-25"},{"lineNumber":257,"author":{"gitId":"joelleeyueer"},"content":"                    if (incomingDate.isBlank()){","lastModifiedDate":"2022-10-25"},{"lineNumber":258,"author":{"gitId":"joelleeyueer"},"content":"                        Helper.nalaSyntaxError(\"NoDate\");","lastModifiedDate":"2022-10-26"},{"lineNumber":259,"author":{"gitId":"joelleeyueer"},"content":"                        break;","lastModifiedDate":"2022-10-25"},{"lineNumber":260,"author":{"gitId":"joelleeyueer"},"content":"                    }","lastModifiedDate":"2022-10-25"},{"lineNumber":261,"author":{"gitId":"joelleeyueer"},"content":"                }","lastModifiedDate":"2022-10-25"},{"lineNumber":262,"author":{"gitId":"joelleeyueer"},"content":"                else{ //no /at","lastModifiedDate":"2022-10-25"},{"lineNumber":263,"author":{"gitId":"joelleeyueer"},"content":"                    Helper.nalaSyntaxError(\"EventNoAt\");","lastModifiedDate":"2022-10-26"},{"lineNumber":264,"author":{"gitId":"joelleeyueer"},"content":"                    break;","lastModifiedDate":"2022-10-25"},{"lineNumber":265,"author":{"gitId":"joelleeyueer"},"content":"                }","lastModifiedDate":"2022-10-25"},{"lineNumber":266,"author":{"gitId":"joelleeyueer"},"content":"                t.addNewTask(incomingTaskName, incomingType, incomingDate);","lastModifiedDate":"2022-10-25"},{"lineNumber":267,"author":{"gitId":"joelleeyueer"},"content":"                p.clear();","lastModifiedDate":"2022-10-25"},{"lineNumber":268,"author":{"gitId":"joelleeyueer"},"content":"                break;","lastModifiedDate":"2022-10-25"},{"lineNumber":269,"author":{"gitId":"joelleeyueer"},"content":"            default:","lastModifiedDate":"2022-10-25"},{"lineNumber":270,"author":{"gitId":"joelleeyueer"},"content":"                Helper.nalaConfused();","lastModifiedDate":"2022-10-26"},{"lineNumber":271,"author":{"gitId":"joelleeyueer"},"content":"","lastModifiedDate":"2022-09-12"},{"lineNumber":272,"author":{"gitId":"joelleeyueer"},"content":"        }","lastModifiedDate":"2022-09-11"},{"lineNumber":273,"author":{"gitId":"joelleeyueer"},"content":"","lastModifiedDate":"2022-10-26"},{"lineNumber":274,"author":{"gitId":"joelleeyueer"},"content":"    }","lastModifiedDate":"2022-10-25"},{"lineNumber":275,"author":{"gitId":"joelleeyueer"},"content":"","lastModifiedDate":"2022-09-11"},{"lineNumber":276,"author":{"gitId":"joelleeyueer"},"content":"    public static String userInput() {","lastModifiedDate":"2022-09-11"},{"lineNumber":277,"author":{"gitId":"joelleeyueer"},"content":"        Scanner in \u003d new Scanner(System.in);","lastModifiedDate":"2022-09-11"},{"lineNumber":278,"author":{"gitId":"joelleeyueer"},"content":"        return in.nextLine();","lastModifiedDate":"2022-09-11"},{"lineNumber":279,"author":{"gitId":"-"},"content":"    }","lastModifiedDate":"2022-09-11"},{"lineNumber":280,"author":{"gitId":"-"},"content":"}","lastModifiedDate":"2022-09-11"},{"lineNumber":281,"author":{"gitId":"joelleeyueer"},"content":"","lastModifiedDate":"2022-09-11"},{"lineNumber":282,"author":{"gitId":"joelleeyueer"},"content":"","lastModifiedDate":"2022-09-11"}],"authorContributionMap":{"joelleeyueer":279,"-":3}},{"path":"src/main/java/Event.java","fileType":"java","lines":[{"lineNumber":1,"author":{"gitId":"joelleeyueer"},"content":"import java.util.ArrayList;","lastModifiedDate":"2022-10-21"},{"lineNumber":2,"author":{"gitId":"joelleeyueer"},"content":"import java.util.Date;","lastModifiedDate":"2022-10-25"},{"lineNumber":3,"author":{"gitId":"joelleeyueer"},"content":"","lastModifiedDate":"2022-10-21"},{"lineNumber":4,"author":{"gitId":"joelleeyueer"},"content":"public class Event extends Task{","lastModifiedDate":"2022-10-25"},{"lineNumber":5,"author":{"gitId":"joelleeyueer"},"content":"    private String atDate;","lastModifiedDate":"2022-10-25"},{"lineNumber":6,"author":{"gitId":"joelleeyueer"},"content":"    public Event(String taskName, String atDate) {","lastModifiedDate":"2022-10-25"},{"lineNumber":7,"author":{"gitId":"joelleeyueer"},"content":"        super(taskName);","lastModifiedDate":"2022-10-25"},{"lineNumber":8,"author":{"gitId":"joelleeyueer"},"content":"        this.atDate \u003d atDate;","lastModifiedDate":"2022-10-25"},{"lineNumber":9,"author":{"gitId":"joelleeyueer"},"content":"    }","lastModifiedDate":"2022-10-25"},{"lineNumber":10,"author":{"gitId":"joelleeyueer"},"content":"    public String toString() {","lastModifiedDate":"2022-10-25"},{"lineNumber":11,"author":{"gitId":"joelleeyueer"},"content":"        return \"[E]\" + super.toString() + \" (at: \" + atDate + \")\";","lastModifiedDate":"2022-10-25"},{"lineNumber":12,"author":{"gitId":"joelleeyueer"},"content":"    }","lastModifiedDate":"2022-10-25"},{"lineNumber":13,"author":{"gitId":"joelleeyueer"},"content":"","lastModifiedDate":"2022-10-21"},{"lineNumber":14,"author":{"gitId":"joelleeyueer"},"content":"}","lastModifiedDate":"2022-10-21"}],"authorContributionMap":{"joelleeyueer":14}},{"path":"src/main/java/Helper.java","fileType":"java","lines":[{"lineNumber":1,"author":{"gitId":"joelleeyueer"},"content":"import java.util.Random;","lastModifiedDate":"2022-10-25"},{"lineNumber":2,"author":{"gitId":"joelleeyueer"},"content":"public class Helper {","lastModifiedDate":"2022-10-21"},{"lineNumber":3,"author":{"gitId":"joelleeyueer"},"content":"    //helper class for formatting","lastModifiedDate":"2022-10-25"},{"lineNumber":4,"author":{"gitId":"joelleeyueer"},"content":"","lastModifiedDate":"2022-10-21"},{"lineNumber":5,"author":{"gitId":"joelleeyueer"},"content":"    public static void newline(){","lastModifiedDate":"2022-10-21"},{"lineNumber":6,"author":{"gitId":"joelleeyueer"},"content":"        System.out.println(\"\\n\");","lastModifiedDate":"2022-10-21"},{"lineNumber":7,"author":{"gitId":"joelleeyueer"},"content":"    }","lastModifiedDate":"2022-10-21"},{"lineNumber":8,"author":{"gitId":"joelleeyueer"},"content":"    public static void separator() {","lastModifiedDate":"2022-10-21"},{"lineNumber":9,"author":{"gitId":"joelleeyueer"},"content":"        System.out.println(\"____________________________________\");","lastModifiedDate":"2022-10-21"},{"lineNumber":10,"author":{"gitId":"joelleeyueer"},"content":"    }","lastModifiedDate":"2022-10-21"},{"lineNumber":11,"author":{"gitId":"joelleeyueer"},"content":"","lastModifiedDate":"2022-10-25"},{"lineNumber":12,"author":{"gitId":"joelleeyueer"},"content":"    public static void nalaConfused() {","lastModifiedDate":"2022-10-25"},{"lineNumber":13,"author":{"gitId":"joelleeyueer"},"content":"        Random rand \u003d new Random();","lastModifiedDate":"2022-10-25"},{"lineNumber":14,"author":{"gitId":"joelleeyueer"},"content":"        int nalaMood \u003d rand.nextInt(9);","lastModifiedDate":"2022-10-25"},{"lineNumber":15,"author":{"gitId":"joelleeyueer"},"content":"        if (nalaMood \u003c 3) {","lastModifiedDate":"2022-10-25"},{"lineNumber":16,"author":{"gitId":"joelleeyueer"},"content":"            System.out.println(\"Nala hisses at you (she\u0027s on a bad day). Try typing that again (with the correct syntax :))\");","lastModifiedDate":"2022-10-25"},{"lineNumber":17,"author":{"gitId":"joelleeyueer"},"content":"        } else {","lastModifiedDate":"2022-10-25"},{"lineNumber":18,"author":{"gitId":"joelleeyueer"},"content":"            System.out.println(\"Meow! I don\u0027t get what you\u0027re trying to say human. Could you repeat that again (with the correct syntax)?\");","lastModifiedDate":"2022-10-25"},{"lineNumber":19,"author":{"gitId":"joelleeyueer"},"content":"        }","lastModifiedDate":"2022-10-25"},{"lineNumber":20,"author":{"gitId":"joelleeyueer"},"content":"    }","lastModifiedDate":"2022-10-25"},{"lineNumber":21,"author":{"gitId":"joelleeyueer"},"content":"","lastModifiedDate":"2022-10-25"},{"lineNumber":22,"author":{"gitId":"joelleeyueer"},"content":"    public static void nalaBehaviour() {","lastModifiedDate":"2022-10-27"},{"lineNumber":23,"author":{"gitId":"joelleeyueer"},"content":"        Random rand \u003d new Random();","lastModifiedDate":"2022-10-27"},{"lineNumber":24,"author":{"gitId":"joelleeyueer"},"content":"        int nalaMood \u003d rand.nextInt(8);","lastModifiedDate":"2022-10-27"},{"lineNumber":25,"author":{"gitId":"joelleeyueer"},"content":"        if (nalaMood \u003c 3) {","lastModifiedDate":"2022-10-27"},{"lineNumber":26,"author":{"gitId":"joelleeyueer"},"content":"            System.out.println(\"Nala meows at you\");","lastModifiedDate":"2022-10-27"},{"lineNumber":27,"author":{"gitId":"joelleeyueer"},"content":"        } else if (nalaMood \u003c 6){","lastModifiedDate":"2022-10-27"},{"lineNumber":28,"author":{"gitId":"joelleeyueer"},"content":"            System.out.println(\"Nala purrs\");","lastModifiedDate":"2022-10-27"},{"lineNumber":29,"author":{"gitId":"joelleeyueer"},"content":"        } else {","lastModifiedDate":"2022-10-27"},{"lineNumber":30,"author":{"gitId":"joelleeyueer"},"content":"            System.out.println(\"Nala ignores you\");","lastModifiedDate":"2022-10-27"},{"lineNumber":31,"author":{"gitId":"joelleeyueer"},"content":"        }","lastModifiedDate":"2022-10-27"},{"lineNumber":32,"author":{"gitId":"joelleeyueer"},"content":"    }","lastModifiedDate":"2022-10-27"},{"lineNumber":33,"author":{"gitId":"joelleeyueer"},"content":"","lastModifiedDate":"2022-10-27"},{"lineNumber":34,"author":{"gitId":"joelleeyueer"},"content":"    public static void nalaSyntaxError(String type){","lastModifiedDate":"2022-10-25"},{"lineNumber":35,"author":{"gitId":"joelleeyueer"},"content":"        switch (type) {","lastModifiedDate":"2022-10-26"},{"lineNumber":36,"author":{"gitId":"joelleeyueer"},"content":"            case \"Event\":","lastModifiedDate":"2022-10-26"},{"lineNumber":37,"author":{"gitId":"joelleeyueer"},"content":"                System.out.println(\"Meow! I spotted an \\\"/at\\\" in your input. Did you mean to create an event? Please create the task again!\");","lastModifiedDate":"2022-10-25"},{"lineNumber":38,"author":{"gitId":"joelleeyueer"},"content":"                break;","lastModifiedDate":"2022-10-26"},{"lineNumber":39,"author":{"gitId":"joelleeyueer"},"content":"            case \"Deadline\":","lastModifiedDate":"2022-10-26"},{"lineNumber":40,"author":{"gitId":"joelleeyueer"},"content":"                System.out.println(\"Meow! I spotted an \\\"/by\\\" in your input. Did you mean to create an deadline? Please create the task again!\");","lastModifiedDate":"2022-10-25"},{"lineNumber":41,"author":{"gitId":"joelleeyueer"},"content":"                break;","lastModifiedDate":"2022-10-26"},{"lineNumber":42,"author":{"gitId":"joelleeyueer"},"content":"            case \"EventNoAt\":","lastModifiedDate":"2022-10-26"},{"lineNumber":43,"author":{"gitId":"joelleeyueer"},"content":"                System.out.println(\"Meow! I can\u0027t create an Event for you without an \\\"/at\\\". Please create the task again!\");","lastModifiedDate":"2022-10-25"},{"lineNumber":44,"author":{"gitId":"joelleeyueer"},"content":"                break;","lastModifiedDate":"2022-10-26"},{"lineNumber":45,"author":{"gitId":"joelleeyueer"},"content":"            case \"DeadlineNoBy\":","lastModifiedDate":"2022-10-26"},{"lineNumber":46,"author":{"gitId":"joelleeyueer"},"content":"                System.out.println(\"Meow! I can\u0027t create an Event for you without a \\\"/by\\\". Please create the task again!\");","lastModifiedDate":"2022-10-25"},{"lineNumber":47,"author":{"gitId":"joelleeyueer"},"content":"                break;","lastModifiedDate":"2022-10-26"},{"lineNumber":48,"author":{"gitId":"joelleeyueer"},"content":"            case \"BlankEvent\":","lastModifiedDate":"2022-10-26"},{"lineNumber":49,"author":{"gitId":"joelleeyueer"},"content":"                System.out.println(\"Meow! I can\u0027t create an Event for you without a description! Please create the task again!\");","lastModifiedDate":"2022-10-25"},{"lineNumber":50,"author":{"gitId":"joelleeyueer"},"content":"                break;","lastModifiedDate":"2022-10-26"},{"lineNumber":51,"author":{"gitId":"joelleeyueer"},"content":"            case \"BlankDeadline\":","lastModifiedDate":"2022-10-26"},{"lineNumber":52,"author":{"gitId":"joelleeyueer"},"content":"                System.out.println(\"Meow! I can\u0027t create an Deadline for you without a description! Please create the task again!\");","lastModifiedDate":"2022-10-25"},{"lineNumber":53,"author":{"gitId":"joelleeyueer"},"content":"                break;","lastModifiedDate":"2022-10-26"},{"lineNumber":54,"author":{"gitId":"joelleeyueer"},"content":"            case \"BlankTodo\":","lastModifiedDate":"2022-10-26"},{"lineNumber":55,"author":{"gitId":"joelleeyueer"},"content":"                System.out.println(\"Meow! I can\u0027t create an Todo for you without a description! Please create the task again!\");","lastModifiedDate":"2022-10-25"},{"lineNumber":56,"author":{"gitId":"joelleeyueer"},"content":"                break;","lastModifiedDate":"2022-10-26"},{"lineNumber":57,"author":{"gitId":"joelleeyueer"},"content":"            case \"NoDate\":","lastModifiedDate":"2022-10-26"},{"lineNumber":58,"author":{"gitId":"joelleeyueer"},"content":"                System.out.println(\"Meow! You did not specify a date. Please create the task again!\");","lastModifiedDate":"2022-10-25"},{"lineNumber":59,"author":{"gitId":"joelleeyueer"},"content":"                break;","lastModifiedDate":"2022-10-26"},{"lineNumber":60,"author":{"gitId":"joelleeyueer"},"content":"        }","lastModifiedDate":"2022-10-25"},{"lineNumber":61,"author":{"gitId":"joelleeyueer"},"content":"    }","lastModifiedDate":"2022-10-25"},{"lineNumber":62,"author":{"gitId":"joelleeyueer"},"content":"","lastModifiedDate":"2022-10-25"},{"lineNumber":63,"author":{"gitId":"joelleeyueer"},"content":"}","lastModifiedDate":"2022-10-21"}],"authorContributionMap":{"joelleeyueer":63}},{"path":"src/main/java/Parser.java","fileType":"java","lines":[{"lineNumber":1,"author":{"gitId":"joelleeyueer"},"content":"import java.util.ArrayList;","lastModifiedDate":"2022-10-21"},{"lineNumber":2,"author":{"gitId":"joelleeyueer"},"content":"import java.util.Arrays;","lastModifiedDate":"2022-10-21"},{"lineNumber":3,"author":{"gitId":"joelleeyueer"},"content":"","lastModifiedDate":"2022-10-21"},{"lineNumber":4,"author":{"gitId":"joelleeyueer"},"content":"public class Parser {","lastModifiedDate":"2022-10-21"},{"lineNumber":5,"author":{"gitId":"joelleeyueer"},"content":"    public String tokenToString;","lastModifiedDate":"2022-10-25"},{"lineNumber":6,"author":{"gitId":"joelleeyueer"},"content":"    ArrayList\u003cString\u003e remainingTokens;","lastModifiedDate":"2022-10-21"},{"lineNumber":7,"author":{"gitId":"joelleeyueer"},"content":"","lastModifiedDate":"2022-10-21"},{"lineNumber":8,"author":{"gitId":"joelleeyueer"},"content":"    private Parser() {","lastModifiedDate":"2022-10-26"},{"lineNumber":9,"author":{"gitId":"joelleeyueer"},"content":"        remainingTokens \u003d new ArrayList\u003c\u003e();","lastModifiedDate":"2022-10-21"},{"lineNumber":10,"author":{"gitId":"joelleeyueer"},"content":"    }","lastModifiedDate":"2022-10-21"},{"lineNumber":11,"author":{"gitId":"joelleeyueer"},"content":"    private static Parser instance \u003d null;","lastModifiedDate":"2022-10-26"},{"lineNumber":12,"author":{"gitId":"joelleeyueer"},"content":"","lastModifiedDate":"2022-10-26"},{"lineNumber":13,"author":{"gitId":"joelleeyueer"},"content":"    public static Parser getInstance(){","lastModifiedDate":"2022-10-26"},{"lineNumber":14,"author":{"gitId":"joelleeyueer"},"content":"        if (instance \u003d\u003d null) {","lastModifiedDate":"2022-10-26"},{"lineNumber":15,"author":{"gitId":"joelleeyueer"},"content":"            instance \u003d new Parser();","lastModifiedDate":"2022-10-26"},{"lineNumber":16,"author":{"gitId":"joelleeyueer"},"content":"        }","lastModifiedDate":"2022-10-26"},{"lineNumber":17,"author":{"gitId":"joelleeyueer"},"content":"        return instance;","lastModifiedDate":"2022-10-26"},{"lineNumber":18,"author":{"gitId":"joelleeyueer"},"content":"    }","lastModifiedDate":"2022-10-26"},{"lineNumber":19,"author":{"gitId":"joelleeyueer"},"content":"","lastModifiedDate":"2022-10-21"},{"lineNumber":20,"author":{"gitId":"joelleeyueer"},"content":"    public void stringToToken(String incomingText) {","lastModifiedDate":"2022-10-25"},{"lineNumber":21,"author":{"gitId":"joelleeyueer"},"content":"        String[] strSplit \u003d incomingText.split(\" \");","lastModifiedDate":"2022-10-21"},{"lineNumber":22,"author":{"gitId":"joelleeyueer"},"content":"        remainingTokens \u003d new ArrayList\u003cString\u003e(Arrays.asList(strSplit));","lastModifiedDate":"2022-10-21"},{"lineNumber":23,"author":{"gitId":"joelleeyueer"},"content":"    }","lastModifiedDate":"2022-10-21"},{"lineNumber":24,"author":{"gitId":"joelleeyueer"},"content":"","lastModifiedDate":"2022-10-21"},{"lineNumber":25,"author":{"gitId":"joelleeyueer"},"content":"    public String tokenToString(){","lastModifiedDate":"2022-10-25"},{"lineNumber":26,"author":{"gitId":"joelleeyueer"},"content":"        return String.join(\" \", remainingTokens);","lastModifiedDate":"2022-10-26"},{"lineNumber":27,"author":{"gitId":"joelleeyueer"},"content":"    }","lastModifiedDate":"2022-10-21"},{"lineNumber":28,"author":{"gitId":"joelleeyueer"},"content":"","lastModifiedDate":"2022-10-21"},{"lineNumber":29,"author":{"gitId":"joelleeyueer"},"content":"    public String front() { return remainingTokens.get(0); }","lastModifiedDate":"2022-10-25"},{"lineNumber":30,"author":{"gitId":"joelleeyueer"},"content":"    public void next(){","lastModifiedDate":"2022-10-21"},{"lineNumber":31,"author":{"gitId":"joelleeyueer"},"content":"        remainingTokens.remove(0);","lastModifiedDate":"2022-10-21"},{"lineNumber":32,"author":{"gitId":"joelleeyueer"},"content":"    }","lastModifiedDate":"2022-10-21"},{"lineNumber":33,"author":{"gitId":"joelleeyueer"},"content":"","lastModifiedDate":"2022-10-21"},{"lineNumber":34,"author":{"gitId":"joelleeyueer"},"content":"    public void clear(){","lastModifiedDate":"2022-10-21"},{"lineNumber":35,"author":{"gitId":"joelleeyueer"},"content":"        remainingTokens.clear();","lastModifiedDate":"2022-10-21"},{"lineNumber":36,"author":{"gitId":"joelleeyueer"},"content":"    }","lastModifiedDate":"2022-10-21"},{"lineNumber":37,"author":{"gitId":"joelleeyueer"},"content":"","lastModifiedDate":"2022-10-21"},{"lineNumber":38,"author":{"gitId":"joelleeyueer"},"content":"    public void expect(String symbol) throws Exception {","lastModifiedDate":"2022-10-25"},{"lineNumber":39,"author":{"gitId":"joelleeyueer"},"content":"        if (match(symbol)){","lastModifiedDate":"2022-10-25"},{"lineNumber":40,"author":{"gitId":"joelleeyueer"},"content":"            next();","lastModifiedDate":"2022-10-25"},{"lineNumber":41,"author":{"gitId":"joelleeyueer"},"content":"            return;","lastModifiedDate":"2022-10-25"},{"lineNumber":42,"author":{"gitId":"joelleeyueer"},"content":"        }","lastModifiedDate":"2022-10-25"},{"lineNumber":43,"author":{"gitId":"joelleeyueer"},"content":"","lastModifiedDate":"2022-10-25"},{"lineNumber":44,"author":{"gitId":"joelleeyueer"},"content":"        throw new Exception(\"Invalid syntax. You typed: \" + front() + \". Expected: \" + symbol + \".\");","lastModifiedDate":"2022-10-25"},{"lineNumber":45,"author":{"gitId":"joelleeyueer"},"content":"    }","lastModifiedDate":"2022-10-25"},{"lineNumber":46,"author":{"gitId":"joelleeyueer"},"content":"","lastModifiedDate":"2022-10-25"},{"lineNumber":47,"author":{"gitId":"joelleeyueer"},"content":"    public boolean match(String symbol){","lastModifiedDate":"2022-10-25"},{"lineNumber":48,"author":{"gitId":"joelleeyueer"},"content":"        return symbol.equalsIgnoreCase(remainingTokens.get(0));","lastModifiedDate":"2022-10-26"},{"lineNumber":49,"author":{"gitId":"joelleeyueer"},"content":"    }","lastModifiedDate":"2022-10-25"},{"lineNumber":50,"author":{"gitId":"joelleeyueer"},"content":"","lastModifiedDate":"2022-10-25"},{"lineNumber":51,"author":{"gitId":"joelleeyueer"},"content":"","lastModifiedDate":"2022-10-25"},{"lineNumber":52,"author":{"gitId":"joelleeyueer"},"content":"","lastModifiedDate":"2022-10-25"},{"lineNumber":53,"author":{"gitId":"joelleeyueer"},"content":"","lastModifiedDate":"2022-10-25"},{"lineNumber":54,"author":{"gitId":"joelleeyueer"},"content":"}","lastModifiedDate":"2022-10-21"}],"authorContributionMap":{"joelleeyueer":54}},{"path":"src/main/java/Storage.java","fileType":"java","lines":[{"lineNumber":1,"author":{"gitId":"joelleeyueer"},"content":"import java.io.File;  // Import the File class","lastModifiedDate":"2022-10-27"},{"lineNumber":2,"author":{"gitId":"joelleeyueer"},"content":"import java.nio.file.Files;","lastModifiedDate":"2022-10-27"},{"lineNumber":3,"author":{"gitId":"joelleeyueer"},"content":"import java.nio.file.Path;","lastModifiedDate":"2022-10-27"},{"lineNumber":4,"author":{"gitId":"joelleeyueer"},"content":"import java.nio.file.Paths;","lastModifiedDate":"2022-10-27"},{"lineNumber":5,"author":{"gitId":"joelleeyueer"},"content":"import java.util.ArrayList;","lastModifiedDate":"2022-10-27"},{"lineNumber":6,"author":{"gitId":"joelleeyueer"},"content":"import java.util.List;","lastModifiedDate":"2022-10-27"},{"lineNumber":7,"author":{"gitId":"joelleeyueer"},"content":"","lastModifiedDate":"2022-10-27"},{"lineNumber":8,"author":{"gitId":"joelleeyueer"},"content":"public class Storage {","lastModifiedDate":"2022-10-27"},{"lineNumber":9,"author":{"gitId":"joelleeyueer"},"content":"","lastModifiedDate":"2022-10-27"},{"lineNumber":10,"author":{"gitId":"joelleeyueer"},"content":"","lastModifiedDate":"2022-10-27"},{"lineNumber":11,"author":{"gitId":"joelleeyueer"},"content":"","lastModifiedDate":"2022-10-27"},{"lineNumber":12,"author":{"gitId":"joelleeyueer"},"content":"","lastModifiedDate":"2022-10-27"},{"lineNumber":13,"author":{"gitId":"joelleeyueer"},"content":"    private String fileName;","lastModifiedDate":"2022-10-27"},{"lineNumber":14,"author":{"gitId":"joelleeyueer"},"content":"","lastModifiedDate":"2022-10-27"},{"lineNumber":15,"author":{"gitId":"joelleeyueer"},"content":"    private List\u003cString\u003e newFileList;","lastModifiedDate":"2022-10-27"},{"lineNumber":16,"author":{"gitId":"joelleeyueer"},"content":"","lastModifiedDate":"2022-10-27"},{"lineNumber":17,"author":{"gitId":"joelleeyueer"},"content":"    private Storage(){newFileList \u003d new ArrayList\u003cString\u003e();}","lastModifiedDate":"2022-10-27"},{"lineNumber":18,"author":{"gitId":"joelleeyueer"},"content":"","lastModifiedDate":"2022-10-27"},{"lineNumber":19,"author":{"gitId":"joelleeyueer"},"content":"    private static Storage instance \u003d null;","lastModifiedDate":"2022-10-27"},{"lineNumber":20,"author":{"gitId":"joelleeyueer"},"content":"","lastModifiedDate":"2022-10-27"},{"lineNumber":21,"author":{"gitId":"joelleeyueer"},"content":"    public static Storage getInstance(){","lastModifiedDate":"2022-10-27"},{"lineNumber":22,"author":{"gitId":"joelleeyueer"},"content":"        if (instance \u003d\u003d null) {","lastModifiedDate":"2022-10-27"},{"lineNumber":23,"author":{"gitId":"joelleeyueer"},"content":"            instance \u003d new Storage();","lastModifiedDate":"2022-10-27"},{"lineNumber":24,"author":{"gitId":"joelleeyueer"},"content":"        }","lastModifiedDate":"2022-10-27"},{"lineNumber":25,"author":{"gitId":"joelleeyueer"},"content":"        return instance;","lastModifiedDate":"2022-10-27"},{"lineNumber":26,"author":{"gitId":"joelleeyueer"},"content":"    }","lastModifiedDate":"2022-10-27"},{"lineNumber":27,"author":{"gitId":"joelleeyueer"},"content":"","lastModifiedDate":"2022-10-27"},{"lineNumber":28,"author":{"gitId":"joelleeyueer"},"content":"    public void setFileName(String fileName) {","lastModifiedDate":"2022-10-27"},{"lineNumber":29,"author":{"gitId":"joelleeyueer"},"content":"        this.fileName \u003d fileName;","lastModifiedDate":"2022-10-27"},{"lineNumber":30,"author":{"gitId":"joelleeyueer"},"content":"    }","lastModifiedDate":"2022-10-27"},{"lineNumber":31,"author":{"gitId":"joelleeyueer"},"content":"","lastModifiedDate":"2022-10-27"},{"lineNumber":32,"author":{"gitId":"joelleeyueer"},"content":"    public String getFileName() {","lastModifiedDate":"2022-10-27"},{"lineNumber":33,"author":{"gitId":"joelleeyueer"},"content":"        return fileName;","lastModifiedDate":"2022-10-27"},{"lineNumber":34,"author":{"gitId":"joelleeyueer"},"content":"    }","lastModifiedDate":"2022-10-27"},{"lineNumber":35,"author":{"gitId":"joelleeyueer"},"content":"","lastModifiedDate":"2022-10-27"},{"lineNumber":36,"author":{"gitId":"joelleeyueer"},"content":"    public void createFile() throws Exception {","lastModifiedDate":"2022-10-27"},{"lineNumber":37,"author":{"gitId":"joelleeyueer"},"content":"        try {","lastModifiedDate":"2022-10-27"},{"lineNumber":38,"author":{"gitId":"joelleeyueer"},"content":"            String path \u003d System.getProperty(\"user.home\") + File.separator + \"Desktop\" + File.separator + \"dukeFile\";","lastModifiedDate":"2022-10-27"},{"lineNumber":39,"author":{"gitId":"joelleeyueer"},"content":"            File dir \u003d new File(path);","lastModifiedDate":"2022-10-27"},{"lineNumber":40,"author":{"gitId":"joelleeyueer"},"content":"            if (!dir.exists()){ //check if directory exists","lastModifiedDate":"2022-10-27"},{"lineNumber":41,"author":{"gitId":"joelleeyueer"},"content":"                dir.mkdirs(); //function returns true if directory is created else returns false.","lastModifiedDate":"2022-10-27"},{"lineNumber":42,"author":{"gitId":"joelleeyueer"},"content":"            }","lastModifiedDate":"2022-10-27"},{"lineNumber":43,"author":{"gitId":"joelleeyueer"},"content":"            String fileNameTxt \u003d fileName.concat(\".txt\");","lastModifiedDate":"2022-10-27"},{"lineNumber":44,"author":{"gitId":"joelleeyueer"},"content":"            File fileObj \u003d new File(dir, fileNameTxt);","lastModifiedDate":"2022-10-27"},{"lineNumber":45,"author":{"gitId":"joelleeyueer"},"content":"                if (fileObj.createNewFile()){ //Returns true if abstract file path does not exist, then creates the file. Returns false if filename already exists.","lastModifiedDate":"2022-10-27"},{"lineNumber":46,"author":{"gitId":"joelleeyueer"},"content":"                    System.out.println(fileObj + \" was created!\");","lastModifiedDate":"2022-10-27"},{"lineNumber":47,"author":{"gitId":"joelleeyueer"},"content":"                }","lastModifiedDate":"2022-10-27"},{"lineNumber":48,"author":{"gitId":"joelleeyueer"},"content":"                else {","lastModifiedDate":"2022-10-27"},{"lineNumber":49,"author":{"gitId":"joelleeyueer"},"content":"                    System.out.println(fileName + \".txt already exists on\" + path + \"\\n Please type a different filename, or type \\\"/e\\\" to stop saving.\" );","lastModifiedDate":"2022-10-27"},{"lineNumber":50,"author":{"gitId":"joelleeyueer"},"content":"                }","lastModifiedDate":"2022-10-27"},{"lineNumber":51,"author":{"gitId":"joelleeyueer"},"content":"        } catch (Exception e) {","lastModifiedDate":"2022-10-27"},{"lineNumber":52,"author":{"gitId":"joelleeyueer"},"content":"            System.err.println(e);","lastModifiedDate":"2022-10-27"},{"lineNumber":53,"author":{"gitId":"joelleeyueer"},"content":"        }","lastModifiedDate":"2022-10-27"},{"lineNumber":54,"author":{"gitId":"joelleeyueer"},"content":"    }","lastModifiedDate":"2022-10-27"},{"lineNumber":55,"author":{"gitId":"joelleeyueer"},"content":"","lastModifiedDate":"2022-10-27"},{"lineNumber":56,"author":{"gitId":"joelleeyueer"},"content":"    public void populateFile() throws Exception{","lastModifiedDate":"2022-10-27"},{"lineNumber":57,"author":{"gitId":"joelleeyueer"},"content":"        //check if directory exists","lastModifiedDate":"2022-10-27"},{"lineNumber":58,"author":{"gitId":"joelleeyueer"},"content":"        String fileNameTxt \u003d fileName.concat(\".txt\");","lastModifiedDate":"2022-10-27"},{"lineNumber":59,"author":{"gitId":"joelleeyueer"},"content":"        Path directory \u003d Paths.get(System.getProperty(\"user.home\"), \"Desktop\", \"dukeFile\",fileNameTxt);","lastModifiedDate":"2022-10-27"},{"lineNumber":60,"author":{"gitId":"joelleeyueer"},"content":"        boolean directoryExists \u003d Files.exists(directory);","lastModifiedDate":"2022-10-27"},{"lineNumber":61,"author":{"gitId":"joelleeyueer"},"content":"","lastModifiedDate":"2022-10-27"},{"lineNumber":62,"author":{"gitId":"joelleeyueer"},"content":"        if (directoryExists) {","lastModifiedDate":"2022-10-27"},{"lineNumber":63,"author":{"gitId":"joelleeyueer"},"content":"            TaskList t \u003d TaskList.getInstance();","lastModifiedDate":"2022-10-27"},{"lineNumber":64,"author":{"gitId":"joelleeyueer"},"content":"","lastModifiedDate":"2022-10-27"},{"lineNumber":65,"author":{"gitId":"joelleeyueer"},"content":"            int taskListSize \u003d t.getTLSize();","lastModifiedDate":"2022-10-27"},{"lineNumber":66,"author":{"gitId":"joelleeyueer"},"content":"            for (int i \u003d 0; i \u003c taskListSize; i++) {","lastModifiedDate":"2022-10-27"},{"lineNumber":67,"author":{"gitId":"joelleeyueer"},"content":"                newFileList.add(t.getTodoListRow(i));","lastModifiedDate":"2022-10-27"},{"lineNumber":68,"author":{"gitId":"joelleeyueer"},"content":"            }","lastModifiedDate":"2022-10-27"},{"lineNumber":69,"author":{"gitId":"joelleeyueer"},"content":"","lastModifiedDate":"2022-10-27"},{"lineNumber":70,"author":{"gitId":"joelleeyueer"},"content":"            try{","lastModifiedDate":"2022-10-27"},{"lineNumber":71,"author":{"gitId":"joelleeyueer"},"content":"                Files.write(directory,newFileList);","lastModifiedDate":"2022-10-27"},{"lineNumber":72,"author":{"gitId":"joelleeyueer"},"content":"                System.out.println(fileName+\".txt has been populated!\");","lastModifiedDate":"2022-10-27"},{"lineNumber":73,"author":{"gitId":"joelleeyueer"},"content":"            } catch (Exception e) {","lastModifiedDate":"2022-10-27"},{"lineNumber":74,"author":{"gitId":"joelleeyueer"},"content":"                e.printStackTrace();","lastModifiedDate":"2022-10-27"},{"lineNumber":75,"author":{"gitId":"joelleeyueer"},"content":"            }","lastModifiedDate":"2022-10-27"},{"lineNumber":76,"author":{"gitId":"joelleeyueer"},"content":"        }","lastModifiedDate":"2022-10-27"},{"lineNumber":77,"author":{"gitId":"joelleeyueer"},"content":"    }","lastModifiedDate":"2022-10-27"},{"lineNumber":78,"author":{"gitId":"joelleeyueer"},"content":"","lastModifiedDate":"2022-10-27"},{"lineNumber":79,"author":{"gitId":"joelleeyueer"},"content":"    public boolean checkExistence(){","lastModifiedDate":"2022-10-27"},{"lineNumber":80,"author":{"gitId":"joelleeyueer"},"content":"        String fileNameTxt \u003d fileName.concat(\".txt\");","lastModifiedDate":"2022-10-27"},{"lineNumber":81,"author":{"gitId":"joelleeyueer"},"content":"        Path directory \u003d Paths.get(System.getProperty(\"user.home\"), \"Desktop\", \"dukeFile\", fileNameTxt);","lastModifiedDate":"2022-10-27"},{"lineNumber":82,"author":{"gitId":"joelleeyueer"},"content":"        return Files.exists(directory);","lastModifiedDate":"2022-10-27"},{"lineNumber":83,"author":{"gitId":"joelleeyueer"},"content":"    }","lastModifiedDate":"2022-10-27"},{"lineNumber":84,"author":{"gitId":"joelleeyueer"},"content":"}","lastModifiedDate":"2022-10-27"}],"authorContributionMap":{"joelleeyueer":84}},{"path":"src/main/java/Task.java","fileType":"java","lines":[{"lineNumber":1,"author":{"gitId":"joelleeyueer"},"content":"public class Task {","lastModifiedDate":"2022-09-12"},{"lineNumber":2,"author":{"gitId":"joelleeyueer"},"content":"","lastModifiedDate":"2022-10-21"},{"lineNumber":3,"author":{"gitId":"joelleeyueer"},"content":"    protected String TaskName;","lastModifiedDate":"2022-10-25"},{"lineNumber":4,"author":{"gitId":"joelleeyueer"},"content":"    private boolean MarkAsDone;","lastModifiedDate":"2022-09-12"},{"lineNumber":5,"author":{"gitId":"joelleeyueer"},"content":"","lastModifiedDate":"2022-09-12"},{"lineNumber":6,"author":{"gitId":"joelleeyueer"},"content":"    //constructor","lastModifiedDate":"2022-09-12"},{"lineNumber":7,"author":{"gitId":"joelleeyueer"},"content":"    public Task(String taskName) {","lastModifiedDate":"2022-09-12"},{"lineNumber":8,"author":{"gitId":"joelleeyueer"},"content":"        this.TaskName \u003d taskName;","lastModifiedDate":"2022-09-12"},{"lineNumber":9,"author":{"gitId":"joelleeyueer"},"content":"        this.MarkAsDone \u003d false;","lastModifiedDate":"2022-09-12"},{"lineNumber":10,"author":{"gitId":"joelleeyueer"},"content":"    }","lastModifiedDate":"2022-09-12"},{"lineNumber":11,"author":{"gitId":"joelleeyueer"},"content":"","lastModifiedDate":"2022-09-12"},{"lineNumber":12,"author":{"gitId":"joelleeyueer"},"content":"    public String getTaskName() {","lastModifiedDate":"2022-09-12"},{"lineNumber":13,"author":{"gitId":"joelleeyueer"},"content":"        return TaskName;","lastModifiedDate":"2022-09-12"},{"lineNumber":14,"author":{"gitId":"joelleeyueer"},"content":"    }","lastModifiedDate":"2022-09-12"},{"lineNumber":15,"author":{"gitId":"joelleeyueer"},"content":"","lastModifiedDate":"2022-09-12"},{"lineNumber":16,"author":{"gitId":"joelleeyueer"},"content":"    public String isMarkAsDone() {","lastModifiedDate":"2022-10-25"},{"lineNumber":17,"author":{"gitId":"joelleeyueer"},"content":"        if (MarkAsDone) {","lastModifiedDate":"2022-10-25"},{"lineNumber":18,"author":{"gitId":"joelleeyueer"},"content":"            return \"X\";","lastModifiedDate":"2022-10-25"},{"lineNumber":19,"author":{"gitId":"joelleeyueer"},"content":"        }","lastModifiedDate":"2022-10-25"},{"lineNumber":20,"author":{"gitId":"joelleeyueer"},"content":"        else {","lastModifiedDate":"2022-10-25"},{"lineNumber":21,"author":{"gitId":"joelleeyueer"},"content":"            return \" \";","lastModifiedDate":"2022-10-25"},{"lineNumber":22,"author":{"gitId":"joelleeyueer"},"content":"        }","lastModifiedDate":"2022-10-25"},{"lineNumber":23,"author":{"gitId":"joelleeyueer"},"content":"    }","lastModifiedDate":"2022-09-12"},{"lineNumber":24,"author":{"gitId":"joelleeyueer"},"content":"    public void setMarkAsDone(){","lastModifiedDate":"2022-09-12"},{"lineNumber":25,"author":{"gitId":"joelleeyueer"},"content":"        this.MarkAsDone \u003d true;","lastModifiedDate":"2022-09-12"},{"lineNumber":26,"author":{"gitId":"joelleeyueer"},"content":"    }","lastModifiedDate":"2022-09-12"},{"lineNumber":27,"author":{"gitId":"joelleeyueer"},"content":"","lastModifiedDate":"2022-09-12"},{"lineNumber":28,"author":{"gitId":"joelleeyueer"},"content":"    public void setMarkNotDone(){","lastModifiedDate":"2022-09-12"},{"lineNumber":29,"author":{"gitId":"joelleeyueer"},"content":"        this.MarkAsDone \u003d false;","lastModifiedDate":"2022-09-12"},{"lineNumber":30,"author":{"gitId":"joelleeyueer"},"content":"    }","lastModifiedDate":"2022-09-12"},{"lineNumber":31,"author":{"gitId":"joelleeyueer"},"content":"","lastModifiedDate":"2022-09-12"},{"lineNumber":32,"author":{"gitId":"joelleeyueer"},"content":"    public String toString() {","lastModifiedDate":"2022-10-25"},{"lineNumber":33,"author":{"gitId":"joelleeyueer"},"content":"        return \"[\" + isMarkAsDone() + \"]\" + TaskName;","lastModifiedDate":"2022-10-25"},{"lineNumber":34,"author":{"gitId":"joelleeyueer"},"content":"    }","lastModifiedDate":"2022-10-25"},{"lineNumber":35,"author":{"gitId":"joelleeyueer"},"content":"}","lastModifiedDate":"2022-09-12"}],"authorContributionMap":{"joelleeyueer":35}},{"path":"src/main/java/TaskList.java","fileType":"java","lines":[{"lineNumber":1,"author":{"gitId":"joelleeyueer"},"content":"import java.util.ArrayList;","lastModifiedDate":"2022-10-21"},{"lineNumber":2,"author":{"gitId":"joelleeyueer"},"content":"","lastModifiedDate":"2022-10-21"},{"lineNumber":3,"author":{"gitId":"joelleeyueer"},"content":"","lastModifiedDate":"2022-10-26"},{"lineNumber":4,"author":{"gitId":"joelleeyueer"},"content":"public class TaskList {","lastModifiedDate":"2022-10-21"},{"lineNumber":5,"author":{"gitId":"joelleeyueer"},"content":"    //Consists of operations involving the modification of the task list","lastModifiedDate":"2022-10-25"},{"lineNumber":6,"author":{"gitId":"joelleeyueer"},"content":"    //stores the list of tasks","lastModifiedDate":"2022-10-25"},{"lineNumber":7,"author":{"gitId":"joelleeyueer"},"content":"    //Performs add/remove task operations for all task types.","lastModifiedDate":"2022-10-25"},{"lineNumber":8,"author":{"gitId":"joelleeyueer"},"content":"    //Shows to do list","lastModifiedDate":"2022-10-25"},{"lineNumber":9,"author":{"gitId":"joelleeyueer"},"content":"","lastModifiedDate":"2022-10-26"},{"lineNumber":10,"author":{"gitId":"joelleeyueer"},"content":"    private static ArrayList\u003cTask\u003e TaskList;","lastModifiedDate":"2022-10-25"},{"lineNumber":11,"author":{"gitId":"joelleeyueer"},"content":"    private static TaskList instance \u003d null;","lastModifiedDate":"2022-10-26"},{"lineNumber":12,"author":{"gitId":"joelleeyueer"},"content":"","lastModifiedDate":"2022-10-21"},{"lineNumber":13,"author":{"gitId":"joelleeyueer"},"content":"    //constructor","lastModifiedDate":"2022-10-25"},{"lineNumber":14,"author":{"gitId":"joelleeyueer"},"content":"    private TaskList() {","lastModifiedDate":"2022-10-26"},{"lineNumber":15,"author":{"gitId":"joelleeyueer"},"content":"        TaskList \u003d new ArrayList\u003c\u003e();","lastModifiedDate":"2022-10-21"},{"lineNumber":16,"author":{"gitId":"joelleeyueer"},"content":"    }","lastModifiedDate":"2022-10-21"},{"lineNumber":17,"author":{"gitId":"joelleeyueer"},"content":"","lastModifiedDate":"2022-10-21"},{"lineNumber":18,"author":{"gitId":"joelleeyueer"},"content":"","lastModifiedDate":"2022-10-26"},{"lineNumber":19,"author":{"gitId":"joelleeyueer"},"content":"    public static TaskList getInstance(){","lastModifiedDate":"2022-10-26"},{"lineNumber":20,"author":{"gitId":"joelleeyueer"},"content":"        if (instance \u003d\u003d null){","lastModifiedDate":"2022-10-26"},{"lineNumber":21,"author":{"gitId":"joelleeyueer"},"content":"            instance \u003d new TaskList();","lastModifiedDate":"2022-10-26"},{"lineNumber":22,"author":{"gitId":"joelleeyueer"},"content":"        }","lastModifiedDate":"2022-10-26"},{"lineNumber":23,"author":{"gitId":"joelleeyueer"},"content":"        return instance;","lastModifiedDate":"2022-10-26"},{"lineNumber":24,"author":{"gitId":"joelleeyueer"},"content":"    }","lastModifiedDate":"2022-10-26"},{"lineNumber":25,"author":{"gitId":"joelleeyueer"},"content":"","lastModifiedDate":"2022-10-26"},{"lineNumber":26,"author":{"gitId":"joelleeyueer"},"content":"    public void addNewTask(String incomingTaskName, String incomingType, String incomingDate){","lastModifiedDate":"2022-10-25"},{"lineNumber":27,"author":{"gitId":"joelleeyueer"},"content":"        switch (incomingType){","lastModifiedDate":"2022-10-25"},{"lineNumber":28,"author":{"gitId":"joelleeyueer"},"content":"","lastModifiedDate":"2022-10-25"},{"lineNumber":29,"author":{"gitId":"joelleeyueer"},"content":"            case (\"event\"):","lastModifiedDate":"2022-10-25"},{"lineNumber":30,"author":{"gitId":"joelleeyueer"},"content":"                TaskList.add(new Event(incomingTaskName, incomingDate));","lastModifiedDate":"2022-10-25"},{"lineNumber":31,"author":{"gitId":"joelleeyueer"},"content":"                break;","lastModifiedDate":"2022-10-25"},{"lineNumber":32,"author":{"gitId":"joelleeyueer"},"content":"","lastModifiedDate":"2022-10-25"},{"lineNumber":33,"author":{"gitId":"joelleeyueer"},"content":"            case (\"deadline\"):","lastModifiedDate":"2022-10-25"},{"lineNumber":34,"author":{"gitId":"joelleeyueer"},"content":"                TaskList.add(new Deadline(incomingTaskName, incomingDate));","lastModifiedDate":"2022-10-25"},{"lineNumber":35,"author":{"gitId":"joelleeyueer"},"content":"                break;","lastModifiedDate":"2022-10-25"},{"lineNumber":36,"author":{"gitId":"joelleeyueer"},"content":"        }","lastModifiedDate":"2022-10-25"},{"lineNumber":37,"author":{"gitId":"joelleeyueer"},"content":"","lastModifiedDate":"2022-10-25"},{"lineNumber":38,"author":{"gitId":"joelleeyueer"},"content":"        Helper.separator();","lastModifiedDate":"2022-10-26"},{"lineNumber":39,"author":{"gitId":"joelleeyueer"},"content":"        System.out.println(\"added: \" + TaskList.size() + \".\" + incomingTaskName + \"\\nYou have \" + TaskList.size()+ \" tasks in the list!\");","lastModifiedDate":"2022-10-25"},{"lineNumber":40,"author":{"gitId":"joelleeyueer"},"content":"        Helper.separator();","lastModifiedDate":"2022-10-26"},{"lineNumber":41,"author":{"gitId":"joelleeyueer"},"content":"    }","lastModifiedDate":"2022-10-25"},{"lineNumber":42,"author":{"gitId":"joelleeyueer"},"content":"","lastModifiedDate":"2022-10-25"},{"lineNumber":43,"author":{"gitId":"joelleeyueer"},"content":"    public void addNewTask(String incomingTaskName){","lastModifiedDate":"2022-10-26"},{"lineNumber":44,"author":{"gitId":"joelleeyueer"},"content":"","lastModifiedDate":"2022-10-25"},{"lineNumber":45,"author":{"gitId":"joelleeyueer"},"content":"        TaskList.add(new Todo(incomingTaskName));","lastModifiedDate":"2022-10-25"},{"lineNumber":46,"author":{"gitId":"joelleeyueer"},"content":"","lastModifiedDate":"2022-10-25"},{"lineNumber":47,"author":{"gitId":"joelleeyueer"},"content":"        Helper.separator();","lastModifiedDate":"2022-10-26"},{"lineNumber":48,"author":{"gitId":"joelleeyueer"},"content":"        System.out.println(\"added: \" + TaskList.size() + \".\" + incomingTaskName + \"\\nYou have \" + TaskList.size()+ \" tasks in the list!\");","lastModifiedDate":"2022-10-25"},{"lineNumber":49,"author":{"gitId":"joelleeyueer"},"content":"        Helper.separator();","lastModifiedDate":"2022-10-26"},{"lineNumber":50,"author":{"gitId":"joelleeyueer"},"content":"    }","lastModifiedDate":"2022-10-25"},{"lineNumber":51,"author":{"gitId":"joelleeyueer"},"content":"","lastModifiedDate":"2022-10-25"},{"lineNumber":52,"author":{"gitId":"joelleeyueer"},"content":"    public void deleteTask(int TaskIndex){","lastModifiedDate":"2022-10-25"},{"lineNumber":53,"author":{"gitId":"joelleeyueer"},"content":"        int i \u003d TaskIndex-1;","lastModifiedDate":"2022-10-25"},{"lineNumber":54,"author":{"gitId":"joelleeyueer"},"content":"        if (i\u003e TaskList.size()){","lastModifiedDate":"2022-10-25"},{"lineNumber":55,"author":{"gitId":"joelleeyueer"},"content":"            Helper.separator();","lastModifiedDate":"2022-10-26"},{"lineNumber":56,"author":{"gitId":"joelleeyueer"},"content":"            System.out.println(\"Uh oh! Task \" + TaskIndex + \" is not found :(. Task \" + TaskIndex + \" is NOT deleted.\");","lastModifiedDate":"2022-10-25"},{"lineNumber":57,"author":{"gitId":"joelleeyueer"},"content":"            showTodoList();","lastModifiedDate":"2022-10-25"},{"lineNumber":58,"author":{"gitId":"joelleeyueer"},"content":"            Helper.separator();","lastModifiedDate":"2022-10-26"},{"lineNumber":59,"author":{"gitId":"joelleeyueer"},"content":"        }","lastModifiedDate":"2022-10-25"},{"lineNumber":60,"author":{"gitId":"joelleeyueer"},"content":"        else{","lastModifiedDate":"2022-10-25"},{"lineNumber":61,"author":{"gitId":"joelleeyueer"},"content":"            String toBeDeleted \u003d TaskList.get(i).toString();","lastModifiedDate":"2022-10-25"},{"lineNumber":62,"author":{"gitId":"joelleeyueer"},"content":"            TaskList.remove(i);","lastModifiedDate":"2022-10-25"},{"lineNumber":63,"author":{"gitId":"joelleeyueer"},"content":"            Helper.separator();","lastModifiedDate":"2022-10-26"},{"lineNumber":64,"author":{"gitId":"joelleeyueer"},"content":"            System.out.println(\"Done! \" +TaskIndex+\". \"+toBeDeleted+\" has been deleted. The task list has been updated: \");","lastModifiedDate":"2022-10-25"},{"lineNumber":65,"author":{"gitId":"joelleeyueer"},"content":"            showTodoList();","lastModifiedDate":"2022-10-25"},{"lineNumber":66,"author":{"gitId":"joelleeyueer"},"content":"        }","lastModifiedDate":"2022-10-25"},{"lineNumber":67,"author":{"gitId":"joelleeyueer"},"content":"    }","lastModifiedDate":"2022-10-25"},{"lineNumber":68,"author":{"gitId":"joelleeyueer"},"content":"","lastModifiedDate":"2022-10-25"},{"lineNumber":69,"author":{"gitId":"joelleeyueer"},"content":"    public void showTodoList(){","lastModifiedDate":"2022-10-25"},{"lineNumber":70,"author":{"gitId":"joelleeyueer"},"content":"        Helper.separator();","lastModifiedDate":"2022-10-26"},{"lineNumber":71,"author":{"gitId":"joelleeyueer"},"content":"        for (int i \u003d 0; i\u003c TaskList.size(); i++){","lastModifiedDate":"2022-10-25"},{"lineNumber":72,"author":{"gitId":"joelleeyueer"},"content":"","lastModifiedDate":"2022-10-25"},{"lineNumber":73,"author":{"gitId":"joelleeyueer"},"content":"            System.out.println(i+1+\".\"+TaskList.get(i).toString());","lastModifiedDate":"2022-10-25"},{"lineNumber":74,"author":{"gitId":"joelleeyueer"},"content":"","lastModifiedDate":"2022-10-25"},{"lineNumber":75,"author":{"gitId":"joelleeyueer"},"content":"        }","lastModifiedDate":"2022-10-25"},{"lineNumber":76,"author":{"gitId":"joelleeyueer"},"content":"        System.out.println(\"There are \" + TaskList.size() + \" tasks in the list!\");","lastModifiedDate":"2022-10-25"},{"lineNumber":77,"author":{"gitId":"joelleeyueer"},"content":"        Helper.separator();","lastModifiedDate":"2022-10-26"},{"lineNumber":78,"author":{"gitId":"joelleeyueer"},"content":"    }","lastModifiedDate":"2022-10-25"},{"lineNumber":79,"author":{"gitId":"joelleeyueer"},"content":"","lastModifiedDate":"2022-10-25"},{"lineNumber":80,"author":{"gitId":"joelleeyueer"},"content":"    public int getTLSize(){","lastModifiedDate":"2022-10-27"},{"lineNumber":81,"author":{"gitId":"joelleeyueer"},"content":"        return TaskList.size();","lastModifiedDate":"2022-10-27"},{"lineNumber":82,"author":{"gitId":"joelleeyueer"},"content":"    }","lastModifiedDate":"2022-10-27"},{"lineNumber":83,"author":{"gitId":"joelleeyueer"},"content":"","lastModifiedDate":"2022-10-27"},{"lineNumber":84,"author":{"gitId":"joelleeyueer"},"content":"    public String getTodoListRow(int index){","lastModifiedDate":"2022-10-27"},{"lineNumber":85,"author":{"gitId":"joelleeyueer"},"content":"        return index + 1 +\".\"+TaskList.get(index).toString();","lastModifiedDate":"2022-10-27"},{"lineNumber":86,"author":{"gitId":"joelleeyueer"},"content":"    }","lastModifiedDate":"2022-10-27"},{"lineNumber":87,"author":{"gitId":"joelleeyueer"},"content":"","lastModifiedDate":"2022-10-27"},{"lineNumber":88,"author":{"gitId":"joelleeyueer"},"content":"    public void changeToMarkAsDone(int TaskIndex){","lastModifiedDate":"2022-10-25"},{"lineNumber":89,"author":{"gitId":"joelleeyueer"},"content":"        int i \u003d TaskIndex-1;","lastModifiedDate":"2022-10-25"},{"lineNumber":90,"author":{"gitId":"joelleeyueer"},"content":"        if (i\u003e TaskList.size()){","lastModifiedDate":"2022-10-25"},{"lineNumber":91,"author":{"gitId":"joelleeyueer"},"content":"            Helper.separator();","lastModifiedDate":"2022-10-26"},{"lineNumber":92,"author":{"gitId":"joelleeyueer"},"content":"            System.out.println(\"Uh oh! Task \" + TaskIndex + \" is not found :(\");","lastModifiedDate":"2022-10-25"},{"lineNumber":93,"author":{"gitId":"joelleeyueer"},"content":"            showTodoList();","lastModifiedDate":"2022-10-25"},{"lineNumber":94,"author":{"gitId":"joelleeyueer"},"content":"            Helper.separator();","lastModifiedDate":"2022-10-26"},{"lineNumber":95,"author":{"gitId":"joelleeyueer"},"content":"        }","lastModifiedDate":"2022-10-25"},{"lineNumber":96,"author":{"gitId":"joelleeyueer"},"content":"        else{","lastModifiedDate":"2022-10-25"},{"lineNumber":97,"author":{"gitId":"joelleeyueer"},"content":"            if (TaskList.get(i).isMarkAsDone().equals(\" \")){","lastModifiedDate":"2022-10-26"},{"lineNumber":98,"author":{"gitId":"joelleeyueer"},"content":"                TaskList.get(i).setMarkAsDone();","lastModifiedDate":"2022-10-25"},{"lineNumber":99,"author":{"gitId":"joelleeyueer"},"content":"                Helper.separator();","lastModifiedDate":"2022-10-26"},{"lineNumber":100,"author":{"gitId":"joelleeyueer"},"content":"                System.out.println(\"Nice! I\u0027ve marked this task as done: \");","lastModifiedDate":"2022-10-25"},{"lineNumber":101,"author":{"gitId":"joelleeyueer"},"content":"            }","lastModifiedDate":"2022-10-25"},{"lineNumber":102,"author":{"gitId":"joelleeyueer"},"content":"            else {","lastModifiedDate":"2022-10-25"},{"lineNumber":103,"author":{"gitId":"joelleeyueer"},"content":"                Helper.separator();","lastModifiedDate":"2022-10-26"},{"lineNumber":104,"author":{"gitId":"joelleeyueer"},"content":"                System.out.println(\"This task has already been marked as done!\");","lastModifiedDate":"2022-10-25"},{"lineNumber":105,"author":{"gitId":"joelleeyueer"},"content":"            }","lastModifiedDate":"2022-10-25"},{"lineNumber":106,"author":{"gitId":"joelleeyueer"},"content":"            System.out.println(TaskIndex+\". \"+TaskList.get(i).toString());","lastModifiedDate":"2022-10-25"},{"lineNumber":107,"author":{"gitId":"joelleeyueer"},"content":"            Helper.separator();","lastModifiedDate":"2022-10-26"},{"lineNumber":108,"author":{"gitId":"joelleeyueer"},"content":"            Helper.newline();","lastModifiedDate":"2022-10-26"},{"lineNumber":109,"author":{"gitId":"joelleeyueer"},"content":"        }","lastModifiedDate":"2022-10-25"},{"lineNumber":110,"author":{"gitId":"joelleeyueer"},"content":"","lastModifiedDate":"2022-10-25"},{"lineNumber":111,"author":{"gitId":"joelleeyueer"},"content":"    }","lastModifiedDate":"2022-10-25"},{"lineNumber":112,"author":{"gitId":"joelleeyueer"},"content":"","lastModifiedDate":"2022-10-25"},{"lineNumber":113,"author":{"gitId":"joelleeyueer"},"content":"    public void changeToMarkNotDone(int TaskIndex){","lastModifiedDate":"2022-10-25"},{"lineNumber":114,"author":{"gitId":"joelleeyueer"},"content":"        int i \u003d TaskIndex-1;","lastModifiedDate":"2022-10-25"},{"lineNumber":115,"author":{"gitId":"joelleeyueer"},"content":"        if (i\u003e TaskList.size()){","lastModifiedDate":"2022-10-25"},{"lineNumber":116,"author":{"gitId":"joelleeyueer"},"content":"            System.out.println(\"Uh oh! Task \" + TaskIndex + \" is not found :(\");","lastModifiedDate":"2022-10-25"},{"lineNumber":117,"author":{"gitId":"joelleeyueer"},"content":"            showTodoList();","lastModifiedDate":"2022-10-25"},{"lineNumber":118,"author":{"gitId":"joelleeyueer"},"content":"        }","lastModifiedDate":"2022-10-25"},{"lineNumber":119,"author":{"gitId":"joelleeyueer"},"content":"        else{","lastModifiedDate":"2022-10-25"},{"lineNumber":120,"author":{"gitId":"joelleeyueer"},"content":"            if (TaskList.get(i).isMarkAsDone().equals(\"X\")){","lastModifiedDate":"2022-10-26"},{"lineNumber":121,"author":{"gitId":"joelleeyueer"},"content":"                TaskList.get(i).setMarkNotDone();","lastModifiedDate":"2022-10-25"},{"lineNumber":122,"author":{"gitId":"joelleeyueer"},"content":"                Helper.separator();","lastModifiedDate":"2022-10-26"},{"lineNumber":123,"author":{"gitId":"joelleeyueer"},"content":"                System.out.println(\"Meow, I\u0027ve marked this task as not done yet: \");","lastModifiedDate":"2022-10-25"},{"lineNumber":124,"author":{"gitId":"joelleeyueer"},"content":"            }","lastModifiedDate":"2022-10-25"},{"lineNumber":125,"author":{"gitId":"joelleeyueer"},"content":"            else {","lastModifiedDate":"2022-10-25"},{"lineNumber":126,"author":{"gitId":"joelleeyueer"},"content":"                Helper.separator();","lastModifiedDate":"2022-10-26"},{"lineNumber":127,"author":{"gitId":"joelleeyueer"},"content":"                System.out.println(\"This task has already been marked as not done!\");","lastModifiedDate":"2022-10-25"},{"lineNumber":128,"author":{"gitId":"joelleeyueer"},"content":"            }","lastModifiedDate":"2022-10-25"},{"lineNumber":129,"author":{"gitId":"joelleeyueer"},"content":"            System.out.println(TaskIndex+\". \"+TaskList.get(i).toString());","lastModifiedDate":"2022-10-25"},{"lineNumber":130,"author":{"gitId":"joelleeyueer"},"content":"            Helper.separator();","lastModifiedDate":"2022-10-26"},{"lineNumber":131,"author":{"gitId":"joelleeyueer"},"content":"            Helper.newline();","lastModifiedDate":"2022-10-26"},{"lineNumber":132,"author":{"gitId":"joelleeyueer"},"content":"        }","lastModifiedDate":"2022-10-25"},{"lineNumber":133,"author":{"gitId":"joelleeyueer"},"content":"","lastModifiedDate":"2022-10-25"},{"lineNumber":134,"author":{"gitId":"joelleeyueer"},"content":"    }","lastModifiedDate":"2022-10-25"},{"lineNumber":135,"author":{"gitId":"joelleeyueer"},"content":"","lastModifiedDate":"2022-10-25"},{"lineNumber":136,"author":{"gitId":"joelleeyueer"},"content":"","lastModifiedDate":"2022-10-21"},{"lineNumber":137,"author":{"gitId":"joelleeyueer"},"content":"}","lastModifiedDate":"2022-10-21"}],"authorContributionMap":{"joelleeyueer":137}},{"path":"src/main/java/Todo.java","fileType":"java","lines":[{"lineNumber":1,"author":{"gitId":"joelleeyueer"},"content":"import java.util.ArrayList;","lastModifiedDate":"2022-09-12"},{"lineNumber":2,"author":{"gitId":"joelleeyueer"},"content":"","lastModifiedDate":"2022-09-12"},{"lineNumber":3,"author":{"gitId":"joelleeyueer"},"content":"public class Todo extends Task{","lastModifiedDate":"2022-10-25"},{"lineNumber":4,"author":{"gitId":"joelleeyueer"},"content":"","lastModifiedDate":"2022-09-12"},{"lineNumber":5,"author":{"gitId":"joelleeyueer"},"content":"","lastModifiedDate":"2022-09-11"},{"lineNumber":6,"author":{"gitId":"joelleeyueer"},"content":"    public Todo(String taskName) {","lastModifiedDate":"2022-10-25"},{"lineNumber":7,"author":{"gitId":"joelleeyueer"},"content":"        super(taskName);","lastModifiedDate":"2022-10-25"},{"lineNumber":8,"author":{"gitId":"joelleeyueer"},"content":"    }","lastModifiedDate":"2022-09-11"},{"lineNumber":9,"author":{"gitId":"joelleeyueer"},"content":"","lastModifiedDate":"2022-09-12"},{"lineNumber":10,"author":{"gitId":"joelleeyueer"},"content":"    public String toString() {","lastModifiedDate":"2022-10-25"},{"lineNumber":11,"author":{"gitId":"joelleeyueer"},"content":"        return \"[T]\" + super.toString();","lastModifiedDate":"2022-10-25"},{"lineNumber":12,"author":{"gitId":"joelleeyueer"},"content":"    }","lastModifiedDate":"2022-09-12"},{"lineNumber":13,"author":{"gitId":"joelleeyueer"},"content":"}","lastModifiedDate":"2022-09-12"}],"authorContributionMap":{"joelleeyueer":13}}]
