{"authorDailyContributionsMap":{"joelleeyueer":[{"date":"2022-09-10","commitResults":[{"hash":"4a19329b03a8dd00724fbc7c19ece71134c59aa8","messageTitle":"pull req test","messageBody":"","fileTypesAndContributionMap":{"java":{"insertions":2,"deletions":0}}}]},{"date":"2022-09-11","commitResults":[{"hash":"f33b00b00028af5bad28b85fd3171e94a0385e14","messageTitle":"Level-1: Greet, Echo, Exit","messageBody":"","fileTypesAndContributionMap":{"java":{"insertions":19,"deletions":8}}},{"hash":"07c3cec8ce961c325d2ad1a6eb15f8db010f9b63","messageTitle":"Level 1-3 (WIP)","messageBody":"","fileTypesAndContributionMap":{"java":{"insertions":62,"deletions":3}}}]},{"date":"2022-09-12","commitResults":[{"hash":"280b96707e604a23857afb353eb8b069a73484fe","messageTitle":"Level-2: Add, List AND Level-3: Mark as Done","messageBody":"","fileTypesAndContributionMap":{"java":{"insertions":157,"deletions":54}}}]}]},"authorFileTypeContributionMap":{"joelleeyueer":{"java":180,"md":0,"fxml":0,"sh":0,"bat":0,"gradle":0,"txt":0}},"authorContributionVariance":{"joelleeyueer":1400.1381},"authorDisplayNameMap":{"joelleeyueer":"LEE ..JOEL"}}
