{"authorDailyContributionsMap":{"joelleeyueer":[{"date":"2022-09-10","commitResults":[{"hash":"4a19329b03a8dd00724fbc7c19ece71134c59aa8","messageTitle":"pull req test","messageBody":"","fileTypesAndContributionMap":{"java":{"insertions":2,"deletions":0}}}]},{"date":"2022-09-11","commitResults":[{"hash":"f33b00b00028af5bad28b85fd3171e94a0385e14","messageTitle":"Level-1: Greet, Echo, Exit","messageBody":"","fileTypesAndContributionMap":{"java":{"insertions":19,"deletions":8}}},{"hash":"07c3cec8ce961c325d2ad1a6eb15f8db010f9b63","messageTitle":"Level 1-3 (WIP)","messageBody":"","fileTypesAndContributionMap":{"java":{"insertions":62,"deletions":3}}}]},{"date":"2022-09-12","commitResults":[{"hash":"280b96707e604a23857afb353eb8b069a73484fe","messageTitle":"Level-2: Add, List AND Level-3: Mark as Done","messageBody":"","tags":["1.0"],"fileTypesAndContributionMap":{"java":{"insertions":157,"deletions":54}}}]},{"date":"2022-10-21","commitResults":[{"hash":"31d7941832ed261be54698a7f8de44eb4bcb9d12","messageTitle":"Level 4 - adding stuff","messageBody":"","fileTypesAndContributionMap":{"java":{"insertions":144,"deletions":46}}}]},{"date":"2022-10-25","commitResults":[{"hash":"d2446cbc307969c6c5719b25f1b90abf406b610c","messageTitle":"Level 4, Level 5","messageBody":"","fileTypesAndContributionMap":{"java":{"insertions":284,"deletions":138}}},{"hash":"1405d8eb26182d7be7edf78ce2addf521f4e77b3","messageTitle":"Level 6 - Delete","messageBody":"","fileTypesAndContributionMap":{"java":{"insertions":93,"deletions":13}}}]}]},"authorFileTypeContributionMap":{"joelleeyueer":{"java":505,"md":0,"fxml":0,"sh":0,"bat":0,"gradle":0,"txt":0}},"authorContributionVariance":{"joelleeyueer":4488.935},"authorDisplayNameMap":{"joelleeyueer":"LEE ..JOEL"}}
