{"authorDailyContributionsMap":{"joelleeyueer":[{"date":"2022-09-10","commitResults":[{"hash":"4a19329b03a8dd00724fbc7c19ece71134c59aa8","messageTitle":"pull req test","messageBody":"","fileTypesAndContributionMap":{"java":{"insertions":2,"deletions":0}}}]},{"date":"2022-09-11","commitResults":[{"hash":"f33b00b00028af5bad28b85fd3171e94a0385e14","messageTitle":"Level-1: Greet, Echo, Exit","messageBody":"","fileTypesAndContributionMap":{"java":{"insertions":19,"deletions":8}}},{"hash":"07c3cec8ce961c325d2ad1a6eb15f8db010f9b63","messageTitle":"Level 1-3 (WIP)","messageBody":"","fileTypesAndContributionMap":{"java":{"insertions":62,"deletions":3}}}]},{"date":"2022-09-12","commitResults":[{"hash":"280b96707e604a23857afb353eb8b069a73484fe","messageTitle":"Level-2: Add, List AND Level-3: Mark as Done","messageBody":"","tags":["1.0"],"fileTypesAndContributionMap":{"java":{"insertions":157,"deletions":54}}}]},{"date":"2022-10-21","commitResults":[{"hash":"31d7941832ed261be54698a7f8de44eb4bcb9d12","messageTitle":"Level 4 - adding stuff","messageBody":"","fileTypesAndContributionMap":{"java":{"insertions":144,"deletions":46}}}]},{"date":"2022-10-25","commitResults":[{"hash":"d2446cbc307969c6c5719b25f1b90abf406b610c","messageTitle":"Level 4, Level 5","messageBody":"","fileTypesAndContributionMap":{"java":{"insertions":284,"deletions":138}}},{"hash":"1405d8eb26182d7be7edf78ce2addf521f4e77b3","messageTitle":"Level 6 - Delete","messageBody":"","fileTypesAndContributionMap":{"java":{"insertions":93,"deletions":13}}}]},{"date":"2022-10-26","commitResults":[{"hash":"f149d05a91e92fe388dfc0c15f65e4e6aa0ba420","messageTitle":"Code refactor","messageBody":"1. Made Duke.java more OOP (added individual methods for UI)\n2. Added Singleton pattern to Helper, TaskList and Parser.\n","fileTypesAndContributionMap":{"java":{"insertions":280,"deletions":226}}}]},{"date":"2022-10-27","commitResults":[{"hash":"b47b835c68cc7ac3df94fc1b34460415d58d83c2","messageTitle":"Level 7 Save","messageBody":"","fileTypesAndContributionMap":{"java":{"insertions":152,"deletions":20}}}]},{"date":"2022-10-30","commitResults":[{"hash":"1261e0d29cb2f95d22bce095e58e090e73eb08f1","messageTitle":"Level 7 - More OOP and Java Packages","messageBody":"1. Added packages\n2. Task class is now abstract. toString is now an abstract method\n3. Added Nala class (throws error messages, random quips and other common cat behaviour)\n","fileTypesAndContributionMap":{"java":{"insertions":93,"deletions":51}}}]},{"date":"2022-11-07","commitResults":[{"hash":"de27a85aeb99e7c8e03f6d9527bd757b639d55bc","messageTitle":"Level 8 Date and Time WIP","messageBody":"","fileTypesAndContributionMap":{"java":{"insertions":140,"deletions":68}}}]},{"date":"2022-11-08","commitResults":[{"hash":"41ef7b42562f6b308cbdb6f5c2f80c179a4df77a","messageTitle":"Level 8 Date and Time","messageBody":"changed Date to LocalDateTime\n","fileTypesAndContributionMap":{"java":{"insertions":93,"deletions":94}}},{"hash":"ba29dc5d042677d895c3782771b8fcc293fe57f8","messageTitle":"Debug Level 7 Save","messageBody":"Added validateStringFilenameUsingIO\n","fileTypesAndContributionMap":{"java":{"insertions":309,"deletions":285}}},{"hash":"996cb59eed08b4cd81b4665b0bc67cd8781b5989","messageTitle":"Coding Standard","messageBody":"All caps constant names\n","fileTypesAndContributionMap":{"java":{"insertions":20,"deletions":20}}}]},{"date":"2022-11-09","commitResults":[{"hash":"0d7c4e60708c9b9e1cf5523d18d122f45db34f0e","messageTitle":"Level 9 Find","messageBody":"","fileTypesAndContributionMap":{"java":{"insertions":63,"deletions":26}}},{"hash":"b08a0ead12391a64d2de92d21e5c5a54aed83506","messageTitle":"Refactored duke directory","messageBody":"Path is now a constant\n","fileTypesAndContributionMap":{"java":{"insertions":19,"deletions":8}}},{"hash":"79cef715bb0ea524e330dffe1e6c0d4278dec6f0","messageTitle":"Refactor Egyptian braces","messageBody":"","fileTypesAndContributionMap":{"java":{"insertions":2,"deletions":6}}},{"hash":"e06fd442e6e151b824c91abe342a2f675298de8a","messageTitle":"Snooze (WIP)","messageBody":"","fileTypesAndContributionMap":{"java":{"insertions":69,"deletions":22}}},{"hash":"bdc4b525d720b9dea7e105d3f14f805db7ad9934","messageTitle":"Snooze","messageBody":"","fileTypesAndContributionMap":{"java":{"insertions":76,"deletions":8}}}]},{"date":"2022-11-10","commitResults":[{"hash":"fe2d3f79eaec38bee227748a5e5bcff0a09fe57d","messageTitle":"Junit","messageBody":"","fileTypesAndContributionMap":{"gradle":{"insertions":1,"deletions":1},"java":{"insertions":49,"deletions":0}}}]}]},"authorFileTypeContributionMap":{"joelleeyueer":{"java":1036,"md":0,"fxml":0,"sh":0,"bat":0,"gradle":1,"txt":0}},"authorContributionVariance":{"joelleeyueer":14464.458},"authorDisplayNameMap":{"joelleeyueer":"LEE ..JOEL"}}
