[{"path":"src/main/java/Duke.java","fileType":"java","lines":[{"lineNumber":1,"author":{"gitId":"aaronseah"},"content":"import java.util.Scanner;","lastModifiedDate":"2022-09-13"},{"lineNumber":2,"author":{"gitId":"aaronseah"},"content":"","lastModifiedDate":"2022-09-13"},{"lineNumber":3,"author":{"gitId":"-"},"content":"public class Duke {","lastModifiedDate":"2019-07-29"},{"lineNumber":4,"author":{"gitId":"-"},"content":"    public static void main(String[] args) {","lastModifiedDate":"2019-07-29"},{"lineNumber":5,"author":{"gitId":"-"},"content":"        String logo \u003d \" ____        _        \\n\"","lastModifiedDate":"2019-07-29"},{"lineNumber":6,"author":{"gitId":"-"},"content":"                + \"|  _ \\\\ _   _| | _____ \\n\"","lastModifiedDate":"2019-07-29"},{"lineNumber":7,"author":{"gitId":"-"},"content":"                + \"| | | | | | | |/ / _ \\\\\\n\"","lastModifiedDate":"2019-07-29"},{"lineNumber":8,"author":{"gitId":"-"},"content":"                + \"| |_| | |_| |   \u003c  __/\\n\"","lastModifiedDate":"2019-07-29"},{"lineNumber":9,"author":{"gitId":"-"},"content":"                + \"|____/ \\\\__,_|_|\\\\_\\\\___|\\n\";","lastModifiedDate":"2019-07-29"},{"lineNumber":10,"author":{"gitId":"-"},"content":"        System.out.println(\"Hello from\\n\" + logo);","lastModifiedDate":"2019-07-29"},{"lineNumber":11,"author":{"gitId":"aaronseah"},"content":"","lastModifiedDate":"2022-09-13"},{"lineNumber":12,"author":{"gitId":"aaronseah"},"content":"        String hello \u003d \"Hello! I\u0027m Rick\\n\"","lastModifiedDate":"2022-09-13"},{"lineNumber":13,"author":{"gitId":"aaronseah"},"content":"                + \"What can I do for you?\\n\\n\";","lastModifiedDate":"2022-09-13"},{"lineNumber":14,"author":{"gitId":"aaronseah"},"content":"        System.out.print(hello);","lastModifiedDate":"2022-09-13"},{"lineNumber":15,"author":{"gitId":"aaronseah"},"content":"","lastModifiedDate":"2022-09-13"},{"lineNumber":16,"author":{"gitId":"aaronseah"},"content":"        String[] tasksArray \u003d new String[100];","lastModifiedDate":"2022-09-13"},{"lineNumber":17,"author":{"gitId":"aaronseah"},"content":"","lastModifiedDate":"2022-09-13"},{"lineNumber":18,"author":{"gitId":"aaronseah"},"content":"       // Task t \u003d new Task();","lastModifiedDate":"2022-09-13"},{"lineNumber":19,"author":{"gitId":"aaronseah"},"content":"","lastModifiedDate":"2022-09-13"},{"lineNumber":20,"author":{"gitId":"aaronseah"},"content":"        inputCommand(tasksArray, 0);","lastModifiedDate":"2022-09-13"},{"lineNumber":21,"author":{"gitId":"aaronseah"},"content":"    }","lastModifiedDate":"2022-09-13"},{"lineNumber":22,"author":{"gitId":"aaronseah"},"content":"    public static void inputCommand(String[] tasksArr, int count) {","lastModifiedDate":"2022-09-13"},{"lineNumber":23,"author":{"gitId":"aaronseah"},"content":"        Scanner in \u003d new Scanner(System.in);","lastModifiedDate":"2022-09-13"},{"lineNumber":24,"author":{"gitId":"aaronseah"},"content":"        String command \u003d in.nextLine();","lastModifiedDate":"2022-09-13"},{"lineNumber":25,"author":{"gitId":"aaronseah"},"content":"","lastModifiedDate":"2022-09-13"},{"lineNumber":26,"author":{"gitId":"aaronseah"},"content":"        if (command.equalsIgnoreCase(\"bye\")) {","lastModifiedDate":"2022-09-13"},{"lineNumber":27,"author":{"gitId":"aaronseah"},"content":"            System.out.println(\"Bye. Hope to see you again soon!\");","lastModifiedDate":"2022-09-13"},{"lineNumber":28,"author":{"gitId":"aaronseah"},"content":"        }","lastModifiedDate":"2022-09-13"},{"lineNumber":29,"author":{"gitId":"aaronseah"},"content":"","lastModifiedDate":"2022-09-13"},{"lineNumber":30,"author":{"gitId":"aaronseah"},"content":"        else if (command.equalsIgnoreCase(\"list\")) {","lastModifiedDate":"2022-09-13"},{"lineNumber":31,"author":{"gitId":"aaronseah"},"content":"            int listNo \u003d 0;","lastModifiedDate":"2022-09-13"},{"lineNumber":32,"author":{"gitId":"aaronseah"},"content":"","lastModifiedDate":"2022-09-13"},{"lineNumber":33,"author":{"gitId":"aaronseah"},"content":"            System.out.println(\"Here are the tasks in your list:\");","lastModifiedDate":"2022-09-13"},{"lineNumber":34,"author":{"gitId":"aaronseah"},"content":"","lastModifiedDate":"2022-09-13"},{"lineNumber":35,"author":{"gitId":"aaronseah"},"content":"            for (String element : tasksArr) {","lastModifiedDate":"2022-09-13"},{"lineNumber":36,"author":{"gitId":"aaronseah"},"content":"                listNo++;","lastModifiedDate":"2022-09-13"},{"lineNumber":37,"author":{"gitId":"aaronseah"},"content":"                if (element \u003d\u003d null) {","lastModifiedDate":"2022-09-13"},{"lineNumber":38,"author":{"gitId":"aaronseah"},"content":"                    System.out.println();","lastModifiedDate":"2022-09-13"},{"lineNumber":39,"author":{"gitId":"aaronseah"},"content":"                    break;","lastModifiedDate":"2022-09-13"},{"lineNumber":40,"author":{"gitId":"aaronseah"},"content":"                } else","lastModifiedDate":"2022-09-13"},{"lineNumber":41,"author":{"gitId":"aaronseah"},"content":"                    System.out.println(listNo + \".\" + element);","lastModifiedDate":"2022-09-13"},{"lineNumber":42,"author":{"gitId":"aaronseah"},"content":"            }","lastModifiedDate":"2022-09-13"},{"lineNumber":43,"author":{"gitId":"aaronseah"},"content":"","lastModifiedDate":"2022-09-13"},{"lineNumber":44,"author":{"gitId":"aaronseah"},"content":"            inputCommand(tasksArr, count);","lastModifiedDate":"2022-09-13"},{"lineNumber":45,"author":{"gitId":"aaronseah"},"content":"        }","lastModifiedDate":"2022-09-13"},{"lineNumber":46,"author":{"gitId":"aaronseah"},"content":"","lastModifiedDate":"2022-09-13"},{"lineNumber":47,"author":{"gitId":"aaronseah"},"content":"        else if (command.startsWith(\"mark\")) {","lastModifiedDate":"2022-09-13"},{"lineNumber":48,"author":{"gitId":"aaronseah"},"content":"            int taskNo \u003d Integer.parseInt(command.substring(5)) - 1;","lastModifiedDate":"2022-09-13"},{"lineNumber":49,"author":{"gitId":"aaronseah"},"content":"            String taskName \u003d tasksArr[taskNo].substring(4);","lastModifiedDate":"2022-09-13"},{"lineNumber":50,"author":{"gitId":"aaronseah"},"content":"","lastModifiedDate":"2022-09-13"},{"lineNumber":51,"author":{"gitId":"aaronseah"},"content":"            Task t \u003d new Task(taskName);","lastModifiedDate":"2022-09-13"},{"lineNumber":52,"author":{"gitId":"aaronseah"},"content":"            t.markAsDone(true);","lastModifiedDate":"2022-09-13"},{"lineNumber":53,"author":{"gitId":"aaronseah"},"content":"","lastModifiedDate":"2022-09-13"},{"lineNumber":54,"author":{"gitId":"aaronseah"},"content":"            tasksArr[taskNo] \u003d \"[\" + t.getStatusIcon() + \"] \" + taskName;","lastModifiedDate":"2022-09-13"},{"lineNumber":55,"author":{"gitId":"aaronseah"},"content":"            System.out.println(\"Nice! I\u0027ve marked this task as done:\" + System.lineSeparator()","lastModifiedDate":"2022-09-13"},{"lineNumber":56,"author":{"gitId":"aaronseah"},"content":"                    + tasksArr[taskNo] + System.lineSeparator());","lastModifiedDate":"2022-09-13"},{"lineNumber":57,"author":{"gitId":"aaronseah"},"content":"","lastModifiedDate":"2022-09-13"},{"lineNumber":58,"author":{"gitId":"aaronseah"},"content":"            inputCommand(tasksArr, count);","lastModifiedDate":"2022-09-13"},{"lineNumber":59,"author":{"gitId":"aaronseah"},"content":"        }","lastModifiedDate":"2022-09-13"},{"lineNumber":60,"author":{"gitId":"aaronseah"},"content":"","lastModifiedDate":"2022-09-13"},{"lineNumber":61,"author":{"gitId":"aaronseah"},"content":"        else if (command.startsWith(\"unmark\")) {","lastModifiedDate":"2022-09-13"},{"lineNumber":62,"author":{"gitId":"aaronseah"},"content":"            int taskNo \u003d Integer.parseInt(command.substring(7)) - 1;","lastModifiedDate":"2022-09-13"},{"lineNumber":63,"author":{"gitId":"aaronseah"},"content":"            String taskName \u003d tasksArr[taskNo].substring(4);","lastModifiedDate":"2022-09-13"},{"lineNumber":64,"author":{"gitId":"aaronseah"},"content":"","lastModifiedDate":"2022-09-13"},{"lineNumber":65,"author":{"gitId":"aaronseah"},"content":"            Task t \u003d new Task(taskName);","lastModifiedDate":"2022-09-13"},{"lineNumber":66,"author":{"gitId":"aaronseah"},"content":"            t.markAsDone(false);","lastModifiedDate":"2022-09-13"},{"lineNumber":67,"author":{"gitId":"aaronseah"},"content":"","lastModifiedDate":"2022-09-13"},{"lineNumber":68,"author":{"gitId":"aaronseah"},"content":"            tasksArr[taskNo] \u003d \"[\" + t.getStatusIcon() + \"] \" + taskName;","lastModifiedDate":"2022-09-13"},{"lineNumber":69,"author":{"gitId":"aaronseah"},"content":"            System.out.println(\"OK, I\u0027ve marked this task as not done yet:\" + System.lineSeparator()","lastModifiedDate":"2022-09-13"},{"lineNumber":70,"author":{"gitId":"aaronseah"},"content":"                    + tasksArr[taskNo] + System.lineSeparator());","lastModifiedDate":"2022-09-13"},{"lineNumber":71,"author":{"gitId":"aaronseah"},"content":"","lastModifiedDate":"2022-09-13"},{"lineNumber":72,"author":{"gitId":"aaronseah"},"content":"            inputCommand(tasksArr, count);","lastModifiedDate":"2022-09-13"},{"lineNumber":73,"author":{"gitId":"aaronseah"},"content":"        }","lastModifiedDate":"2022-09-13"},{"lineNumber":74,"author":{"gitId":"aaronseah"},"content":"","lastModifiedDate":"2022-09-13"},{"lineNumber":75,"author":{"gitId":"aaronseah"},"content":"        else {","lastModifiedDate":"2022-09-13"},{"lineNumber":76,"author":{"gitId":"aaronseah"},"content":"            System.out.println(\"added: \" + command + System.lineSeparator());","lastModifiedDate":"2022-09-13"},{"lineNumber":77,"author":{"gitId":"aaronseah"},"content":"","lastModifiedDate":"2022-09-13"},{"lineNumber":78,"author":{"gitId":"aaronseah"},"content":"            tasksArr[count] \u003d \"[ ] \" + command;","lastModifiedDate":"2022-09-13"},{"lineNumber":79,"author":{"gitId":"aaronseah"},"content":"","lastModifiedDate":"2022-09-13"},{"lineNumber":80,"author":{"gitId":"aaronseah"},"content":"            inputCommand(tasksArr,count + 1);","lastModifiedDate":"2022-09-13"},{"lineNumber":81,"author":{"gitId":"aaronseah"},"content":"        }","lastModifiedDate":"2022-09-13"},{"lineNumber":82,"author":{"gitId":"-"},"content":"    }","lastModifiedDate":"2019-07-29"},{"lineNumber":83,"author":{"gitId":"-"},"content":"}","lastModifiedDate":"2019-07-29"}],"authorContributionMap":{"-":10,"aaronseah":73}},{"path":"src/main/java/Task.java","fileType":"java","lines":[{"lineNumber":1,"author":{"gitId":"aaronseah"},"content":"public class Task {","lastModifiedDate":"2022-09-13"},{"lineNumber":2,"author":{"gitId":"aaronseah"},"content":"    protected String description;","lastModifiedDate":"2022-09-13"},{"lineNumber":3,"author":{"gitId":"aaronseah"},"content":"    protected boolean isDone;","lastModifiedDate":"2022-09-13"},{"lineNumber":4,"author":{"gitId":"aaronseah"},"content":"","lastModifiedDate":"2022-09-13"},{"lineNumber":5,"author":{"gitId":"aaronseah"},"content":"    public Task(String description) {","lastModifiedDate":"2022-09-13"},{"lineNumber":6,"author":{"gitId":"aaronseah"},"content":"        this.description \u003d description;","lastModifiedDate":"2022-09-13"},{"lineNumber":7,"author":{"gitId":"aaronseah"},"content":"        this.isDone \u003d false;","lastModifiedDate":"2022-09-13"},{"lineNumber":8,"author":{"gitId":"aaronseah"},"content":"    }","lastModifiedDate":"2022-09-13"},{"lineNumber":9,"author":{"gitId":"aaronseah"},"content":"","lastModifiedDate":"2022-09-13"},{"lineNumber":10,"author":{"gitId":"aaronseah"},"content":"    public void markAsDone(boolean done) {","lastModifiedDate":"2022-09-13"},{"lineNumber":11,"author":{"gitId":"aaronseah"},"content":"        isDone \u003d done;","lastModifiedDate":"2022-09-13"},{"lineNumber":12,"author":{"gitId":"aaronseah"},"content":"    }","lastModifiedDate":"2022-09-13"},{"lineNumber":13,"author":{"gitId":"aaronseah"},"content":"","lastModifiedDate":"2022-09-13"},{"lineNumber":14,"author":{"gitId":"aaronseah"},"content":"    public String getStatusIcon() {","lastModifiedDate":"2022-09-13"},{"lineNumber":15,"author":{"gitId":"aaronseah"},"content":"        return (isDone ? \"X\" : \" \"); // mark done task with X","lastModifiedDate":"2022-09-13"},{"lineNumber":16,"author":{"gitId":"aaronseah"},"content":"    }","lastModifiedDate":"2022-09-13"},{"lineNumber":17,"author":{"gitId":"aaronseah"},"content":"}","lastModifiedDate":"2022-09-13"}],"authorContributionMap":{"aaronseah":17}}]
