{"authorDailyContributionsMap":{"aaronseah":[{"date":"2022-09-13","commitResults":[{"hash":"1381d7da1b982015e7d1037fbb5faf17d47f9f76","messageTitle":"Level-1","messageBody":"","tags":["Level-1"],"fileTypesAndContributionMap":{"java":{"insertions":20,"deletions":0}}},{"hash":"12f309d859c93fd138949c6fff84825094c7f691","messageTitle":"Level-2","messageBody":"","tags":["Level-2"],"fileTypesAndContributionMap":{"java":{"insertions":23,"deletions":4}}},{"hash":"a39bf3375aa7f18c6b895b66e65bd77110f0136a","messageTitle":"Level-3","messageBody":"","tags":["Level-3"],"fileTypesAndContributionMap":{"java":{"insertions":59,"deletions":8}}}]}]},"authorFileTypeContributionMap":{"aaronseah":{"java":90,"md":0,"fxml":0,"sh":0,"bat":0,"gradle":0,"txt":0}},"authorContributionVariance":{"aaronseah":341.7502},"authorDisplayNameMap":{"aaronseah":"AARO..A DA"}}
