[{"path":"src/main/java/Duke.java","fileType":"java","lines":[{"lineNumber":1,"author":{"gitId":"rinachua"},"content":"import static common.constant.CommonConstant.LOGO;","lastModifiedDate":"2022-09-10"},{"lineNumber":2,"author":{"gitId":"rinachua"},"content":"import static common.util.PrintUtil.printGreet;","lastModifiedDate":"2022-09-10"},{"lineNumber":3,"author":{"gitId":"rinachua"},"content":"import static logic.parser.Parser.parseChat;","lastModifiedDate":"2022-09-10"},{"lineNumber":4,"author":{"gitId":"rinachua"},"content":"","lastModifiedDate":"2022-08-28"},{"lineNumber":5,"author":{"gitId":"-"},"content":"public class Duke {","lastModifiedDate":"2019-07-29"},{"lineNumber":6,"author":{"gitId":"-"},"content":"    public static void main(String[] args) {","lastModifiedDate":"2019-07-29"},{"lineNumber":7,"author":{"gitId":"rinachua"},"content":"        System.out.println(LOGO);","lastModifiedDate":"2022-09-10"},{"lineNumber":8,"author":{"gitId":"rinachua"},"content":"","lastModifiedDate":"2022-08-28"},{"lineNumber":9,"author":{"gitId":"rinachua"},"content":"        printGreet();","lastModifiedDate":"2022-09-10"},{"lineNumber":10,"author":{"gitId":"rinachua"},"content":"        parseChat();","lastModifiedDate":"2022-09-10"},{"lineNumber":11,"author":{"gitId":"-"},"content":"    }","lastModifiedDate":"2019-07-29"},{"lineNumber":12,"author":{"gitId":"-"},"content":"}","lastModifiedDate":"2019-07-29"}],"authorContributionMap":{"rinachua":8,"-":4}},{"path":"src/main/java/common/constant/CommandConstant.java","fileType":"java","lines":[{"lineNumber":1,"author":{"gitId":"rinachua"},"content":"package common.constant;","lastModifiedDate":"2022-09-11"},{"lineNumber":2,"author":{"gitId":"rinachua"},"content":"","lastModifiedDate":"2022-09-11"},{"lineNumber":3,"author":{"gitId":"rinachua"},"content":"public class CommandConstant {","lastModifiedDate":"2022-09-11"},{"lineNumber":4,"author":{"gitId":"rinachua"},"content":"    public static final String ADD_DEADLINE_COMMAND \u003d \"deadline\";","lastModifiedDate":"2022-09-11"},{"lineNumber":5,"author":{"gitId":"rinachua"},"content":"","lastModifiedDate":"2022-09-11"},{"lineNumber":6,"author":{"gitId":"rinachua"},"content":"    public static final String ADD_EVENT_COMMAND \u003d \"event\";","lastModifiedDate":"2022-09-11"},{"lineNumber":7,"author":{"gitId":"rinachua"},"content":"","lastModifiedDate":"2022-09-11"},{"lineNumber":8,"author":{"gitId":"rinachua"},"content":"    public static final String ADD_TODO_COMMAND \u003d \"todo\";","lastModifiedDate":"2022-09-11"},{"lineNumber":9,"author":{"gitId":"rinachua"},"content":"","lastModifiedDate":"2022-09-11"},{"lineNumber":10,"author":{"gitId":"rinachua"},"content":"    public static final String BYE_COMMAND \u003d \"bye\";","lastModifiedDate":"2022-09-11"},{"lineNumber":11,"author":{"gitId":"rinachua"},"content":"","lastModifiedDate":"2022-09-11"},{"lineNumber":12,"author":{"gitId":"rinachua"},"content":"    public static final String LIST_COMMAND \u003d \"list\";","lastModifiedDate":"2022-09-11"},{"lineNumber":13,"author":{"gitId":"rinachua"},"content":"","lastModifiedDate":"2022-09-11"},{"lineNumber":14,"author":{"gitId":"rinachua"},"content":"    public static final String MARK_COMMAND \u003d \"mark\";","lastModifiedDate":"2022-09-11"},{"lineNumber":15,"author":{"gitId":"rinachua"},"content":"","lastModifiedDate":"2022-09-11"},{"lineNumber":16,"author":{"gitId":"rinachua"},"content":"    public static final String UNMARK_COMMAND \u003d \"unmark\";","lastModifiedDate":"2022-09-11"},{"lineNumber":17,"author":{"gitId":"rinachua"},"content":"}","lastModifiedDate":"2022-09-11"}],"authorContributionMap":{"rinachua":17}},{"path":"src/main/java/common/constant/CommonConstant.java","fileType":"java","lines":[{"lineNumber":1,"author":{"gitId":"rinachua"},"content":"package common.constant;","lastModifiedDate":"2022-09-10"},{"lineNumber":2,"author":{"gitId":"rinachua"},"content":"","lastModifiedDate":"2022-09-10"},{"lineNumber":3,"author":{"gitId":"rinachua"},"content":"public class CommonConstant {","lastModifiedDate":"2022-09-10"},{"lineNumber":4,"author":{"gitId":"rinachua"},"content":"    // integer","lastModifiedDate":"2022-09-10"},{"lineNumber":5,"author":{"gitId":"rinachua"},"content":"    public static final int ZERO_VAL \u003d 0;","lastModifiedDate":"2022-09-10"},{"lineNumber":6,"author":{"gitId":"rinachua"},"content":"    public static final int INIT_INT_VAL \u003d 1;","lastModifiedDate":"2022-09-10"},{"lineNumber":7,"author":{"gitId":"rinachua"},"content":"","lastModifiedDate":"2022-09-10"},{"lineNumber":8,"author":{"gitId":"rinachua"},"content":"    // string","lastModifiedDate":"2022-09-10"},{"lineNumber":9,"author":{"gitId":"rinachua"},"content":"    public static final String ADDED \u003d \"%s has been successfully added to the task list.\";","lastModifiedDate":"2022-09-11"},{"lineNumber":10,"author":{"gitId":"rinachua"},"content":"","lastModifiedDate":"2022-09-10"},{"lineNumber":11,"author":{"gitId":"rinachua"},"content":"    public static final String AT \u003d \"at\";","lastModifiedDate":"2022-09-11"},{"lineNumber":12,"author":{"gitId":"rinachua"},"content":"","lastModifiedDate":"2022-09-10"},{"lineNumber":13,"author":{"gitId":"rinachua"},"content":"    public static final String BY \u003d \"by\";","lastModifiedDate":"2022-09-11"},{"lineNumber":14,"author":{"gitId":"rinachua"},"content":"","lastModifiedDate":"2022-09-10"},{"lineNumber":15,"author":{"gitId":"rinachua"},"content":"    public static final String BYE_GREETING \u003d \"Bye! Hope to see you again soon!\";","lastModifiedDate":"2022-09-11"},{"lineNumber":16,"author":{"gitId":"rinachua"},"content":"","lastModifiedDate":"2022-09-10"},{"lineNumber":17,"author":{"gitId":"rinachua"},"content":"    public static final String DASHES \u003d new String(new char[120]).replace(\"\\0\", \"-\");","lastModifiedDate":"2022-09-11"},{"lineNumber":18,"author":{"gitId":"rinachua"},"content":"","lastModifiedDate":"2022-09-10"},{"lineNumber":19,"author":{"gitId":"rinachua"},"content":"    public static final String DEADLINE_BY \u003d \"by: \";","lastModifiedDate":"2022-09-11"},{"lineNumber":20,"author":{"gitId":"rinachua"},"content":"","lastModifiedDate":"2022-09-11"},{"lineNumber":21,"author":{"gitId":"rinachua"},"content":"    public static final String EVENT_AT \u003d \"at: \";","lastModifiedDate":"2022-09-11"},{"lineNumber":22,"author":{"gitId":"rinachua"},"content":"","lastModifiedDate":"2022-09-11"},{"lineNumber":23,"author":{"gitId":"rinachua"},"content":"    public static final String HELLO_GREETING \u003d \"Hello! I\u0027m Duke! How can I help you?\";","lastModifiedDate":"2022-09-10"},{"lineNumber":24,"author":{"gitId":"rinachua"},"content":"","lastModifiedDate":"2022-09-10"},{"lineNumber":25,"author":{"gitId":"rinachua"},"content":"    public static final String INPUT_OPTIONS \u003d","lastModifiedDate":"2022-09-10"},{"lineNumber":26,"author":{"gitId":"rinachua"},"content":"            \"\\t---------------------------------------------------------------------------------------------------------\\n\" +","lastModifiedDate":"2022-09-11"},{"lineNumber":27,"author":{"gitId":"rinachua"},"content":"            \"\\t| S/N | Command                           | Description                   | Usage Example               |\\n\" +","lastModifiedDate":"2022-09-11"},{"lineNumber":28,"author":{"gitId":"rinachua"},"content":"            \"\\t|-----|-----------------------------------|-------------------------------|-----------------------------|\\n\" +","lastModifiedDate":"2022-09-11"},{"lineNumber":29,"author":{"gitId":"rinachua"},"content":"            \"\\t| 1   | \u003ctask\u003e                            | Add task                      | taskABC                     |\\n\" +","lastModifiedDate":"2022-09-11"},{"lineNumber":30,"author":{"gitId":"rinachua"},"content":"            \"\\t| 2   | deadline \u003ctask\u003e /by \u003cdate \u0026 time\u003e | Add deadline with date \u0026 time | deadline taskABC /by Sunday |\\n\" +","lastModifiedDate":"2022-09-11"},{"lineNumber":31,"author":{"gitId":"rinachua"},"content":"            \"\\t| 3   | event \u003ctask\u003e /at \u003cdate \u0026 time\u003e    | Add event with date \u0026 time    | event taskABC /at Mon 2-4pm |\\n\" +","lastModifiedDate":"2022-09-11"},{"lineNumber":32,"author":{"gitId":"rinachua"},"content":"            \"\\t| 4   | todo \u003ctask\u003e                       | Add todo task                 | todo taskABC                |\\n\" +","lastModifiedDate":"2022-09-11"},{"lineNumber":33,"author":{"gitId":"rinachua"},"content":"            \"\\t| 5   | list                              | List existing tasks           | list                        |\\n\" +","lastModifiedDate":"2022-09-11"},{"lineNumber":34,"author":{"gitId":"rinachua"},"content":"            \"\\t| 6   | mark \u003ctask\u003e                       | Mark specified task           | mark taskABC                |\\n\" +","lastModifiedDate":"2022-09-11"},{"lineNumber":35,"author":{"gitId":"rinachua"},"content":"            \"\\t| 7   | unmark \u003ctask\u003e                     | Unmark specified task         | unmark taskABC              |\\n\" +","lastModifiedDate":"2022-09-11"},{"lineNumber":36,"author":{"gitId":"rinachua"},"content":"            \"\\t| 8   | bye                               | Exit duke bot                 | bye                         |\\n\" +","lastModifiedDate":"2022-09-11"},{"lineNumber":37,"author":{"gitId":"rinachua"},"content":"            \"\\t---------------------------------------------------------------------------------------------------------\";","lastModifiedDate":"2022-09-11"},{"lineNumber":38,"author":{"gitId":"rinachua"},"content":"","lastModifiedDate":"2022-09-11"},{"lineNumber":39,"author":{"gitId":"rinachua"},"content":"    public static final String LOGO \u003d \"\\t\\t\\t\\t\\t\\t\\t\\t\\t ____        _        \\n\"","lastModifiedDate":"2022-09-11"},{"lineNumber":40,"author":{"gitId":"rinachua"},"content":"            + \"\\t\\t\\t\\t\\t\\t\\t\\t\\t|  _ \\\\ _   _| | _____ \\n\"","lastModifiedDate":"2022-09-11"},{"lineNumber":41,"author":{"gitId":"rinachua"},"content":"            + \"\\t\\t\\t\\t\\t\\t\\t\\t\\t| | | | | | | |/ / _ \\\\\\n\"","lastModifiedDate":"2022-09-11"},{"lineNumber":42,"author":{"gitId":"rinachua"},"content":"            + \"\\t\\t\\t\\t\\t\\t\\t\\t\\t| |_| | |_| |   \u003c  __/\\n\"","lastModifiedDate":"2022-09-11"},{"lineNumber":43,"author":{"gitId":"rinachua"},"content":"            + \"\\t\\t\\t\\t\\t\\t\\t\\t\\t|____/ \\\\__,_|_|\\\\_\\\\___|\\n\";","lastModifiedDate":"2022-09-11"},{"lineNumber":44,"author":{"gitId":"rinachua"},"content":"","lastModifiedDate":"2022-09-10"},{"lineNumber":45,"author":{"gitId":"rinachua"},"content":"    public static final String MARKED_TASK \u003d \"Nice! Task %s is successfully marked.\";","lastModifiedDate":"2022-09-11"},{"lineNumber":46,"author":{"gitId":"rinachua"},"content":"","lastModifiedDate":"2022-09-10"},{"lineNumber":47,"author":{"gitId":"rinachua"},"content":"    public static final String PROMPT \u003d \"bot@duke:~$ \";","lastModifiedDate":"2022-09-10"},{"lineNumber":48,"author":{"gitId":"rinachua"},"content":"","lastModifiedDate":"2022-09-10"},{"lineNumber":49,"author":{"gitId":"rinachua"},"content":"    public static final String SPACE \u003d \" \";","lastModifiedDate":"2022-09-10"},{"lineNumber":50,"author":{"gitId":"rinachua"},"content":"","lastModifiedDate":"2022-09-10"},{"lineNumber":51,"author":{"gitId":"rinachua"},"content":"    public static final String TAB \u003d \"\\t\";","lastModifiedDate":"2022-09-11"},{"lineNumber":52,"author":{"gitId":"rinachua"},"content":"","lastModifiedDate":"2022-09-10"},{"lineNumber":53,"author":{"gitId":"rinachua"},"content":"    public static final String TASK_LIST \u003d \"Here are the tasks in your task list:\";","lastModifiedDate":"2022-09-11"},{"lineNumber":54,"author":{"gitId":"rinachua"},"content":"","lastModifiedDate":"2022-09-10"},{"lineNumber":55,"author":{"gitId":"rinachua"},"content":"    public static final String TOTAL_NO_OF_TASKS \u003d \"Now you have %o task(s) in the list!\";","lastModifiedDate":"2022-09-11"},{"lineNumber":56,"author":{"gitId":"rinachua"},"content":"","lastModifiedDate":"2022-09-11"},{"lineNumber":57,"author":{"gitId":"rinachua"},"content":"    public static final String UNMARKED_TASK \u003d \"Okay, task %s is successfully unmarked.\";","lastModifiedDate":"2022-09-10"},{"lineNumber":58,"author":{"gitId":"rinachua"},"content":"}","lastModifiedDate":"2022-09-10"}],"authorContributionMap":{"rinachua":58}},{"path":"src/main/java/common/constant/ErrorMessage.java","fileType":"java","lines":[{"lineNumber":1,"author":{"gitId":"rinachua"},"content":"package common.constant;","lastModifiedDate":"2022-09-10"},{"lineNumber":2,"author":{"gitId":"rinachua"},"content":"","lastModifiedDate":"2022-09-10"},{"lineNumber":3,"author":{"gitId":"rinachua"},"content":"public class ErrorMessage {","lastModifiedDate":"2022-09-10"},{"lineNumber":4,"author":{"gitId":"rinachua"},"content":"    public static final String DUPLICATED_TASK_ERROR_MSG \u003d \"Task %s is duplicated. Please enter a new task.\";","lastModifiedDate":"2022-09-10"},{"lineNumber":5,"author":{"gitId":"rinachua"},"content":"","lastModifiedDate":"2022-09-10"},{"lineNumber":6,"author":{"gitId":"rinachua"},"content":"    public static final String MARKED_TASK_ERROR_MSG \u003d \"Task %s has already been marked.\";","lastModifiedDate":"2022-09-10"},{"lineNumber":7,"author":{"gitId":"rinachua"},"content":"","lastModifiedDate":"2022-09-10"},{"lineNumber":8,"author":{"gitId":"rinachua"},"content":"    public static final String NOT_EXIST_TASK_ERROR_MSG \u003d \"Task %s does not exist in the task list.\";","lastModifiedDate":"2022-09-10"},{"lineNumber":9,"author":{"gitId":"rinachua"},"content":"","lastModifiedDate":"2022-09-10"},{"lineNumber":10,"author":{"gitId":"rinachua"},"content":"    public static final String TASK_LIST_EMPTY_ERROR_MSG \u003d \"Task list is empty.\";","lastModifiedDate":"2022-09-10"},{"lineNumber":11,"author":{"gitId":"rinachua"},"content":"","lastModifiedDate":"2022-09-10"},{"lineNumber":12,"author":{"gitId":"rinachua"},"content":"    public static final String UNMARKED_TASK_ERROR_MSG \u003d \"Task %s has already been unmarked.\";","lastModifiedDate":"2022-09-10"},{"lineNumber":13,"author":{"gitId":"rinachua"},"content":"","lastModifiedDate":"2022-09-11"},{"lineNumber":14,"author":{"gitId":"rinachua"},"content":"    public static final String EXCEPTION_ERROR_MSG \u003d \"Caught exception: %s\";","lastModifiedDate":"2022-09-11"},{"lineNumber":15,"author":{"gitId":"rinachua"},"content":"}","lastModifiedDate":"2022-09-10"}],"authorContributionMap":{"rinachua":15}},{"path":"src/main/java/common/constant/ModelConstant.java","fileType":"java","lines":[{"lineNumber":1,"author":{"gitId":"rinachua"},"content":"package common.constant;","lastModifiedDate":"2022-09-11"},{"lineNumber":2,"author":{"gitId":"rinachua"},"content":"","lastModifiedDate":"2022-09-11"},{"lineNumber":3,"author":{"gitId":"rinachua"},"content":"public class ModelConstant {","lastModifiedDate":"2022-09-11"},{"lineNumber":4,"author":{"gitId":"rinachua"},"content":"    public static final String DEADLINE_ICON \u003d \"D\";","lastModifiedDate":"2022-09-11"},{"lineNumber":5,"author":{"gitId":"rinachua"},"content":"","lastModifiedDate":"2022-09-11"},{"lineNumber":6,"author":{"gitId":"rinachua"},"content":"    public static final String EVENT_ICON \u003d \"E\";","lastModifiedDate":"2022-09-11"},{"lineNumber":7,"author":{"gitId":"rinachua"},"content":"","lastModifiedDate":"2022-09-11"},{"lineNumber":8,"author":{"gitId":"rinachua"},"content":"    public static final String MARKED_ICON \u003d \"X\";","lastModifiedDate":"2022-09-11"},{"lineNumber":9,"author":{"gitId":"rinachua"},"content":"","lastModifiedDate":"2022-09-11"},{"lineNumber":10,"author":{"gitId":"rinachua"},"content":"    public static final String TODO_ICON \u003d \"T\";","lastModifiedDate":"2022-09-11"},{"lineNumber":11,"author":{"gitId":"rinachua"},"content":"}","lastModifiedDate":"2022-09-11"}],"authorContributionMap":{"rinachua":11}},{"path":"src/main/java/common/constant/SymbolConstant.java","fileType":"java","lines":[{"lineNumber":1,"author":{"gitId":"rinachua"},"content":"package common.constant;","lastModifiedDate":"2022-09-11"},{"lineNumber":2,"author":{"gitId":"rinachua"},"content":"","lastModifiedDate":"2022-09-11"},{"lineNumber":3,"author":{"gitId":"rinachua"},"content":"public class SymbolConstant {","lastModifiedDate":"2022-09-11"},{"lineNumber":4,"author":{"gitId":"rinachua"},"content":"    public static final String CLOSE_BRACKET \u003d \")\";","lastModifiedDate":"2022-09-11"},{"lineNumber":5,"author":{"gitId":"rinachua"},"content":"","lastModifiedDate":"2022-09-11"},{"lineNumber":6,"author":{"gitId":"rinachua"},"content":"    public static final String CLOSE_SQ_BRACKET \u003d \"]\";","lastModifiedDate":"2022-09-11"},{"lineNumber":7,"author":{"gitId":"rinachua"},"content":"","lastModifiedDate":"2022-09-11"},{"lineNumber":8,"author":{"gitId":"rinachua"},"content":"    public static final String DELIMITER \u003d \"/\";","lastModifiedDate":"2022-09-11"},{"lineNumber":9,"author":{"gitId":"rinachua"},"content":"","lastModifiedDate":"2022-09-11"},{"lineNumber":10,"author":{"gitId":"rinachua"},"content":"    public static final String OPEN_BRACKET \u003d \"(\";","lastModifiedDate":"2022-09-11"},{"lineNumber":11,"author":{"gitId":"rinachua"},"content":"","lastModifiedDate":"2022-09-11"},{"lineNumber":12,"author":{"gitId":"rinachua"},"content":"    public static final String OPEN_SQ_BRACKET \u003d \"[\";","lastModifiedDate":"2022-09-11"},{"lineNumber":13,"author":{"gitId":"rinachua"},"content":"","lastModifiedDate":"2022-09-11"},{"lineNumber":14,"author":{"gitId":"rinachua"},"content":"    public static final String PERIOD \u003d \".\";","lastModifiedDate":"2022-09-11"},{"lineNumber":15,"author":{"gitId":"rinachua"},"content":"}","lastModifiedDate":"2022-09-11"}],"authorContributionMap":{"rinachua":15}},{"path":"src/main/java/common/util/PrintUtil.java","fileType":"java","lines":[{"lineNumber":1,"author":{"gitId":"rinachua"},"content":"package common.util;","lastModifiedDate":"2022-09-10"},{"lineNumber":2,"author":{"gitId":"rinachua"},"content":"","lastModifiedDate":"2022-09-10"},{"lineNumber":3,"author":{"gitId":"rinachua"},"content":"import model.Chat;","lastModifiedDate":"2022-09-11"},{"lineNumber":4,"author":{"gitId":"rinachua"},"content":"import model.Task;","lastModifiedDate":"2022-09-11"},{"lineNumber":5,"author":{"gitId":"rinachua"},"content":"","lastModifiedDate":"2022-09-11"},{"lineNumber":6,"author":{"gitId":"rinachua"},"content":"import static common.constant.CommonConstant.ADDED;","lastModifiedDate":"2022-09-11"},{"lineNumber":7,"author":{"gitId":"rinachua"},"content":"import static common.constant.CommonConstant.BYE_GREETING;","lastModifiedDate":"2022-09-10"},{"lineNumber":8,"author":{"gitId":"rinachua"},"content":"import static common.constant.CommonConstant.DASHES;","lastModifiedDate":"2022-09-10"},{"lineNumber":9,"author":{"gitId":"rinachua"},"content":"import static common.constant.CommonConstant.HELLO_GREETING;","lastModifiedDate":"2022-09-10"},{"lineNumber":10,"author":{"gitId":"rinachua"},"content":"import static common.constant.CommonConstant.INPUT_OPTIONS;","lastModifiedDate":"2022-09-10"},{"lineNumber":11,"author":{"gitId":"rinachua"},"content":"import static common.constant.CommonConstant.TAB;","lastModifiedDate":"2022-09-11"},{"lineNumber":12,"author":{"gitId":"rinachua"},"content":"import static common.constant.CommonConstant.TOTAL_NO_OF_TASKS;","lastModifiedDate":"2022-09-11"},{"lineNumber":13,"author":{"gitId":"rinachua"},"content":"import static common.constant.ErrorMessage.TASK_LIST_EMPTY_ERROR_MSG;","lastModifiedDate":"2022-09-10"},{"lineNumber":14,"author":{"gitId":"rinachua"},"content":"","lastModifiedDate":"2022-09-10"},{"lineNumber":15,"author":{"gitId":"rinachua"},"content":"public class PrintUtil {","lastModifiedDate":"2022-09-10"},{"lineNumber":16,"author":{"gitId":"rinachua"},"content":"    /**","lastModifiedDate":"2022-09-10"},{"lineNumber":17,"author":{"gitId":"rinachua"},"content":"     * printBye prints bye statement","lastModifiedDate":"2022-09-10"},{"lineNumber":18,"author":{"gitId":"rinachua"},"content":"     *","lastModifiedDate":"2022-09-10"},{"lineNumber":19,"author":{"gitId":"rinachua"},"content":"     * @return {void}","lastModifiedDate":"2022-09-10"},{"lineNumber":20,"author":{"gitId":"rinachua"},"content":"     */","lastModifiedDate":"2022-09-10"},{"lineNumber":21,"author":{"gitId":"rinachua"},"content":"    public static void printBye() {","lastModifiedDate":"2022-09-10"},{"lineNumber":22,"author":{"gitId":"rinachua"},"content":"        printLine();","lastModifiedDate":"2022-09-10"},{"lineNumber":23,"author":{"gitId":"rinachua"},"content":"        System.out.println(BYE_GREETING);","lastModifiedDate":"2022-09-10"},{"lineNumber":24,"author":{"gitId":"rinachua"},"content":"        printLine();","lastModifiedDate":"2022-09-10"},{"lineNumber":25,"author":{"gitId":"rinachua"},"content":"    }","lastModifiedDate":"2022-09-10"},{"lineNumber":26,"author":{"gitId":"rinachua"},"content":"","lastModifiedDate":"2022-09-10"},{"lineNumber":27,"author":{"gitId":"rinachua"},"content":"    /**","lastModifiedDate":"2022-09-10"},{"lineNumber":28,"author":{"gitId":"rinachua"},"content":"     * printGreet prints greeting text","lastModifiedDate":"2022-09-10"},{"lineNumber":29,"author":{"gitId":"rinachua"},"content":"     *","lastModifiedDate":"2022-09-10"},{"lineNumber":30,"author":{"gitId":"rinachua"},"content":"     * @return {void}","lastModifiedDate":"2022-09-10"},{"lineNumber":31,"author":{"gitId":"rinachua"},"content":"     */","lastModifiedDate":"2022-09-10"},{"lineNumber":32,"author":{"gitId":"rinachua"},"content":"    public static void printGreet() {","lastModifiedDate":"2022-09-10"},{"lineNumber":33,"author":{"gitId":"rinachua"},"content":"        System.out.println(HELLO_GREETING);","lastModifiedDate":"2022-09-10"},{"lineNumber":34,"author":{"gitId":"rinachua"},"content":"        System.out.println(INPUT_OPTIONS);","lastModifiedDate":"2022-09-10"},{"lineNumber":35,"author":{"gitId":"rinachua"},"content":"        printLine();","lastModifiedDate":"2022-09-10"},{"lineNumber":36,"author":{"gitId":"rinachua"},"content":"    }","lastModifiedDate":"2022-09-10"},{"lineNumber":37,"author":{"gitId":"rinachua"},"content":"","lastModifiedDate":"2022-09-10"},{"lineNumber":38,"author":{"gitId":"rinachua"},"content":"    /**","lastModifiedDate":"2022-09-10"},{"lineNumber":39,"author":{"gitId":"rinachua"},"content":"     * printLine prints line","lastModifiedDate":"2022-09-10"},{"lineNumber":40,"author":{"gitId":"rinachua"},"content":"     *","lastModifiedDate":"2022-09-10"},{"lineNumber":41,"author":{"gitId":"rinachua"},"content":"     * @return {void}","lastModifiedDate":"2022-09-10"},{"lineNumber":42,"author":{"gitId":"rinachua"},"content":"     */","lastModifiedDate":"2022-09-10"},{"lineNumber":43,"author":{"gitId":"rinachua"},"content":"    public static void printLine() {","lastModifiedDate":"2022-09-10"},{"lineNumber":44,"author":{"gitId":"rinachua"},"content":"        System.out.println(DASHES);","lastModifiedDate":"2022-09-10"},{"lineNumber":45,"author":{"gitId":"rinachua"},"content":"    }","lastModifiedDate":"2022-09-10"},{"lineNumber":46,"author":{"gitId":"rinachua"},"content":"","lastModifiedDate":"2022-09-10"},{"lineNumber":47,"author":{"gitId":"rinachua"},"content":"    /**","lastModifiedDate":"2022-09-10"},{"lineNumber":48,"author":{"gitId":"rinachua"},"content":"     * printEmptyTaskList prints error message of empty task list","lastModifiedDate":"2022-09-10"},{"lineNumber":49,"author":{"gitId":"rinachua"},"content":"     *","lastModifiedDate":"2022-09-10"},{"lineNumber":50,"author":{"gitId":"rinachua"},"content":"     * @return {void}","lastModifiedDate":"2022-09-10"},{"lineNumber":51,"author":{"gitId":"rinachua"},"content":"     */","lastModifiedDate":"2022-09-10"},{"lineNumber":52,"author":{"gitId":"rinachua"},"content":"    public static void printEmptyTaskList() {","lastModifiedDate":"2022-09-10"},{"lineNumber":53,"author":{"gitId":"rinachua"},"content":"        printLine();","lastModifiedDate":"2022-09-10"},{"lineNumber":54,"author":{"gitId":"rinachua"},"content":"        System.out.println(TASK_LIST_EMPTY_ERROR_MSG);","lastModifiedDate":"2022-09-10"},{"lineNumber":55,"author":{"gitId":"rinachua"},"content":"        printLine();","lastModifiedDate":"2022-09-10"},{"lineNumber":56,"author":{"gitId":"rinachua"},"content":"    }","lastModifiedDate":"2022-09-10"},{"lineNumber":57,"author":{"gitId":"rinachua"},"content":"","lastModifiedDate":"2022-09-11"},{"lineNumber":58,"author":{"gitId":"rinachua"},"content":"    /**","lastModifiedDate":"2022-09-11"},{"lineNumber":59,"author":{"gitId":"rinachua"},"content":"     * printAddedTask prints when task is successfully added","lastModifiedDate":"2022-09-11"},{"lineNumber":60,"author":{"gitId":"rinachua"},"content":"     *","lastModifiedDate":"2022-09-11"},{"lineNumber":61,"author":{"gitId":"rinachua"},"content":"     * @param {String} input","lastModifiedDate":"2022-09-11"},{"lineNumber":62,"author":{"gitId":"rinachua"},"content":"     * @param {Chat} chat","lastModifiedDate":"2022-09-11"},{"lineNumber":63,"author":{"gitId":"rinachua"},"content":"     * @return {void}","lastModifiedDate":"2022-09-11"},{"lineNumber":64,"author":{"gitId":"rinachua"},"content":"     */","lastModifiedDate":"2022-09-11"},{"lineNumber":65,"author":{"gitId":"rinachua"},"content":"    public static void printAddedTask(String input, Chat chat) {","lastModifiedDate":"2022-09-11"},{"lineNumber":66,"author":{"gitId":"rinachua"},"content":"        System.out.println(String.format(ADDED, chat.getInput()));","lastModifiedDate":"2022-09-11"},{"lineNumber":67,"author":{"gitId":"rinachua"},"content":"        chat.getTaskList().forEach(task -\u003e {","lastModifiedDate":"2022-09-11"},{"lineNumber":68,"author":{"gitId":"rinachua"},"content":"            if (!task.getDescription().equals(input)) {","lastModifiedDate":"2022-09-11"},{"lineNumber":69,"author":{"gitId":"rinachua"},"content":"                return;","lastModifiedDate":"2022-09-11"},{"lineNumber":70,"author":{"gitId":"rinachua"},"content":"            }","lastModifiedDate":"2022-09-11"},{"lineNumber":71,"author":{"gitId":"rinachua"},"content":"            System.out.println(TAB + task);","lastModifiedDate":"2022-09-11"},{"lineNumber":72,"author":{"gitId":"rinachua"},"content":"        });","lastModifiedDate":"2022-09-11"},{"lineNumber":73,"author":{"gitId":"rinachua"},"content":"        System.out.println(String.format(TOTAL_NO_OF_TASKS, chat.getTaskList().toArray().length));","lastModifiedDate":"2022-09-11"},{"lineNumber":74,"author":{"gitId":"rinachua"},"content":"    }","lastModifiedDate":"2022-09-11"},{"lineNumber":75,"author":{"gitId":"rinachua"},"content":"","lastModifiedDate":"2022-09-11"},{"lineNumber":76,"author":{"gitId":"rinachua"},"content":"    /**","lastModifiedDate":"2022-09-11"},{"lineNumber":77,"author":{"gitId":"rinachua"},"content":"     * printCompletedTask prints when command task is successfully performed","lastModifiedDate":"2022-09-11"},{"lineNumber":78,"author":{"gitId":"rinachua"},"content":"     *","lastModifiedDate":"2022-09-11"},{"lineNumber":79,"author":{"gitId":"rinachua"},"content":"     * @param {String} command","lastModifiedDate":"2022-09-11"},{"lineNumber":80,"author":{"gitId":"rinachua"},"content":"     * @param {String} input","lastModifiedDate":"2022-09-11"},{"lineNumber":81,"author":{"gitId":"rinachua"},"content":"     * @param {Task} task","lastModifiedDate":"2022-09-11"},{"lineNumber":82,"author":{"gitId":"rinachua"},"content":"     * @return {void}","lastModifiedDate":"2022-09-11"},{"lineNumber":83,"author":{"gitId":"rinachua"},"content":"     */","lastModifiedDate":"2022-09-11"},{"lineNumber":84,"author":{"gitId":"rinachua"},"content":"    public static void printCompletedTask(String command, String input, Task task) {","lastModifiedDate":"2022-09-11"},{"lineNumber":85,"author":{"gitId":"rinachua"},"content":"        System.out.println(String.format(command, input));","lastModifiedDate":"2022-09-11"},{"lineNumber":86,"author":{"gitId":"rinachua"},"content":"        System.out.println(TAB + task);","lastModifiedDate":"2022-09-11"},{"lineNumber":87,"author":{"gitId":"rinachua"},"content":"    }","lastModifiedDate":"2022-09-11"},{"lineNumber":88,"author":{"gitId":"rinachua"},"content":"}","lastModifiedDate":"2022-09-10"}],"authorContributionMap":{"rinachua":88}},{"path":"src/main/java/common/util/StringUtil.java","fileType":"java","lines":[{"lineNumber":1,"author":{"gitId":"rinachua"},"content":"package common.util;","lastModifiedDate":"2022-09-10"},{"lineNumber":2,"author":{"gitId":"rinachua"},"content":"","lastModifiedDate":"2022-09-10"},{"lineNumber":3,"author":{"gitId":"rinachua"},"content":"import static common.constant.CommonConstant.AT;","lastModifiedDate":"2022-09-11"},{"lineNumber":4,"author":{"gitId":"rinachua"},"content":"import static common.constant.CommonConstant.BY;","lastModifiedDate":"2022-09-11"},{"lineNumber":5,"author":{"gitId":"rinachua"},"content":"import static common.constant.CommonConstant.INIT_INT_VAL;","lastModifiedDate":"2022-09-10"},{"lineNumber":6,"author":{"gitId":"rinachua"},"content":"import static common.constant.CommonConstant.SPACE;","lastModifiedDate":"2022-09-10"},{"lineNumber":7,"author":{"gitId":"rinachua"},"content":"import static common.constant.CommonConstant.ZERO_VAL;","lastModifiedDate":"2022-09-11"},{"lineNumber":8,"author":{"gitId":"rinachua"},"content":"import static common.constant.ErrorMessage.EXCEPTION_ERROR_MSG;","lastModifiedDate":"2022-09-11"},{"lineNumber":9,"author":{"gitId":"rinachua"},"content":"import static common.constant.SymbolConstant.DELIMITER;","lastModifiedDate":"2022-09-11"},{"lineNumber":10,"author":{"gitId":"rinachua"},"content":"","lastModifiedDate":"2022-09-10"},{"lineNumber":11,"author":{"gitId":"rinachua"},"content":"public class StringUtil {","lastModifiedDate":"2022-09-10"},{"lineNumber":12,"author":{"gitId":"rinachua"},"content":"    /**","lastModifiedDate":"2022-09-10"},{"lineNumber":13,"author":{"gitId":"rinachua"},"content":"     * getFirstWord returns the first word of the sentence","lastModifiedDate":"2022-09-10"},{"lineNumber":14,"author":{"gitId":"rinachua"},"content":"     *","lastModifiedDate":"2022-09-10"},{"lineNumber":15,"author":{"gitId":"rinachua"},"content":"     * @param {String} sentence","lastModifiedDate":"2022-09-10"},{"lineNumber":16,"author":{"gitId":"rinachua"},"content":"     * @return {String}","lastModifiedDate":"2022-09-10"},{"lineNumber":17,"author":{"gitId":"rinachua"},"content":"     */","lastModifiedDate":"2022-09-10"},{"lineNumber":18,"author":{"gitId":"rinachua"},"content":"    public static String getFirstWord(String sentence) {","lastModifiedDate":"2022-09-10"},{"lineNumber":19,"author":{"gitId":"rinachua"},"content":"        int index \u003d sentence.contains(SPACE) ? sentence.indexOf(SPACE) : ZERO_VAL;","lastModifiedDate":"2022-09-10"},{"lineNumber":20,"author":{"gitId":"rinachua"},"content":"        String firstWord \u003d sentence.substring(0, index).trim();","lastModifiedDate":"2022-09-10"},{"lineNumber":21,"author":{"gitId":"rinachua"},"content":"","lastModifiedDate":"2022-09-10"},{"lineNumber":22,"author":{"gitId":"rinachua"},"content":"        try {","lastModifiedDate":"2022-09-11"},{"lineNumber":23,"author":{"gitId":"rinachua"},"content":"            if (index \u003e 0) {","lastModifiedDate":"2022-09-10"},{"lineNumber":24,"author":{"gitId":"rinachua"},"content":"                return firstWord;","lastModifiedDate":"2022-09-10"},{"lineNumber":25,"author":{"gitId":"rinachua"},"content":"            }","lastModifiedDate":"2022-09-10"},{"lineNumber":26,"author":{"gitId":"rinachua"},"content":"        } catch (Exception e) {","lastModifiedDate":"2022-09-11"},{"lineNumber":27,"author":{"gitId":"rinachua"},"content":"            System.out.println(String.format(EXCEPTION_ERROR_MSG, e));","lastModifiedDate":"2022-09-11"},{"lineNumber":28,"author":{"gitId":"rinachua"},"content":"        }","lastModifiedDate":"2022-09-11"},{"lineNumber":29,"author":{"gitId":"rinachua"},"content":"","lastModifiedDate":"2022-09-11"},{"lineNumber":30,"author":{"gitId":"rinachua"},"content":"        return sentence;","lastModifiedDate":"2022-09-10"},{"lineNumber":31,"author":{"gitId":"rinachua"},"content":"    }","lastModifiedDate":"2022-09-10"},{"lineNumber":32,"author":{"gitId":"rinachua"},"content":"","lastModifiedDate":"2022-09-10"},{"lineNumber":33,"author":{"gitId":"rinachua"},"content":"    /**","lastModifiedDate":"2022-09-10"},{"lineNumber":34,"author":{"gitId":"rinachua"},"content":"     * getDescriptionFromString returns the substring `description` in a string","lastModifiedDate":"2022-09-11"},{"lineNumber":35,"author":{"gitId":"rinachua"},"content":"     *","lastModifiedDate":"2022-09-10"},{"lineNumber":36,"author":{"gitId":"rinachua"},"content":"     * @param {String} sentence","lastModifiedDate":"2022-09-10"},{"lineNumber":37,"author":{"gitId":"rinachua"},"content":"     * @return {String}","lastModifiedDate":"2022-09-10"},{"lineNumber":38,"author":{"gitId":"rinachua"},"content":"     */","lastModifiedDate":"2022-09-10"},{"lineNumber":39,"author":{"gitId":"rinachua"},"content":"    public static String getDescriptionFromString(String command, String sentence) {","lastModifiedDate":"2022-09-11"},{"lineNumber":40,"author":{"gitId":"rinachua"},"content":"        String substring \u003d sentence;","lastModifiedDate":"2022-09-11"},{"lineNumber":41,"author":{"gitId":"rinachua"},"content":"        int index \u003d sentence.indexOf(command);","lastModifiedDate":"2022-09-10"},{"lineNumber":42,"author":{"gitId":"rinachua"},"content":"","lastModifiedDate":"2022-09-10"},{"lineNumber":43,"author":{"gitId":"rinachua"},"content":"        try {","lastModifiedDate":"2022-09-11"},{"lineNumber":44,"author":{"gitId":"rinachua"},"content":"            if (substring.contains(DELIMITER)) { // filter string with delimiter if it has","lastModifiedDate":"2022-09-11"},{"lineNumber":45,"author":{"gitId":"rinachua"},"content":"                substring \u003d substring.substring(0, substring.lastIndexOf(DELIMITER) - 1);","lastModifiedDate":"2022-09-11"},{"lineNumber":46,"author":{"gitId":"rinachua"},"content":"            }","lastModifiedDate":"2022-09-11"},{"lineNumber":47,"author":{"gitId":"rinachua"},"content":"            if (index \u003e -1 \u0026\u0026 command.length() !\u003d 0) { // filter string with command","lastModifiedDate":"2022-09-11"},{"lineNumber":48,"author":{"gitId":"rinachua"},"content":"                substring \u003d substring.substring(index + INIT_INT_VAL + command.length());","lastModifiedDate":"2022-09-11"},{"lineNumber":49,"author":{"gitId":"rinachua"},"content":"            }","lastModifiedDate":"2022-09-11"},{"lineNumber":50,"author":{"gitId":"rinachua"},"content":"        } catch (Exception e) {}","lastModifiedDate":"2022-09-11"},{"lineNumber":51,"author":{"gitId":"rinachua"},"content":"","lastModifiedDate":"2022-09-11"},{"lineNumber":52,"author":{"gitId":"rinachua"},"content":"        return substring;","lastModifiedDate":"2022-09-10"},{"lineNumber":53,"author":{"gitId":"rinachua"},"content":"    }","lastModifiedDate":"2022-09-10"},{"lineNumber":54,"author":{"gitId":"rinachua"},"content":"","lastModifiedDate":"2022-09-11"},{"lineNumber":55,"author":{"gitId":"rinachua"},"content":"    /**","lastModifiedDate":"2022-09-11"},{"lineNumber":56,"author":{"gitId":"rinachua"},"content":"     * getTimeFromString returns the substring `time` in a string","lastModifiedDate":"2022-09-11"},{"lineNumber":57,"author":{"gitId":"rinachua"},"content":"     *","lastModifiedDate":"2022-09-11"},{"lineNumber":58,"author":{"gitId":"rinachua"},"content":"     * @param {String} sentence","lastModifiedDate":"2022-09-11"},{"lineNumber":59,"author":{"gitId":"rinachua"},"content":"     * @return {String}","lastModifiedDate":"2022-09-11"},{"lineNumber":60,"author":{"gitId":"rinachua"},"content":"     */","lastModifiedDate":"2022-09-11"},{"lineNumber":61,"author":{"gitId":"rinachua"},"content":"    public static String getTimeFromString(String sentence) {","lastModifiedDate":"2022-09-11"},{"lineNumber":62,"author":{"gitId":"rinachua"},"content":"        String separator \u003d \"\";","lastModifiedDate":"2022-09-11"},{"lineNumber":63,"author":{"gitId":"rinachua"},"content":"        String substring \u003d \"\";","lastModifiedDate":"2022-09-11"},{"lineNumber":64,"author":{"gitId":"rinachua"},"content":"","lastModifiedDate":"2022-09-11"},{"lineNumber":65,"author":{"gitId":"rinachua"},"content":"        try {","lastModifiedDate":"2022-09-11"},{"lineNumber":66,"author":{"gitId":"rinachua"},"content":"            if (sentence.contains(AT)) {","lastModifiedDate":"2022-09-11"},{"lineNumber":67,"author":{"gitId":"rinachua"},"content":"                separator \u003d DELIMITER + AT + SPACE;","lastModifiedDate":"2022-09-11"},{"lineNumber":68,"author":{"gitId":"rinachua"},"content":"            } else if (sentence.contains(BY)) {","lastModifiedDate":"2022-09-11"},{"lineNumber":69,"author":{"gitId":"rinachua"},"content":"                separator \u003d DELIMITER + BY + SPACE;","lastModifiedDate":"2022-09-11"},{"lineNumber":70,"author":{"gitId":"rinachua"},"content":"            }","lastModifiedDate":"2022-09-11"},{"lineNumber":71,"author":{"gitId":"rinachua"},"content":"            int index \u003d sentence.indexOf(separator);","lastModifiedDate":"2022-09-11"},{"lineNumber":72,"author":{"gitId":"rinachua"},"content":"            substring \u003d sentence.substring(index + (separator).length());","lastModifiedDate":"2022-09-11"},{"lineNumber":73,"author":{"gitId":"rinachua"},"content":"        } catch (Exception e) {","lastModifiedDate":"2022-09-11"},{"lineNumber":74,"author":{"gitId":"rinachua"},"content":"            System.out.println(String.format(EXCEPTION_ERROR_MSG, e));","lastModifiedDate":"2022-09-11"},{"lineNumber":75,"author":{"gitId":"rinachua"},"content":"        }","lastModifiedDate":"2022-09-11"},{"lineNumber":76,"author":{"gitId":"rinachua"},"content":"","lastModifiedDate":"2022-09-11"},{"lineNumber":77,"author":{"gitId":"rinachua"},"content":"        return substring;","lastModifiedDate":"2022-09-11"},{"lineNumber":78,"author":{"gitId":"rinachua"},"content":"    }","lastModifiedDate":"2022-09-10"},{"lineNumber":79,"author":{"gitId":"rinachua"},"content":"}","lastModifiedDate":"2022-09-10"}],"authorContributionMap":{"rinachua":79}},{"path":"src/main/java/common/util/TaskUtil.java","fileType":"java","lines":[{"lineNumber":1,"author":{"gitId":"rinachua"},"content":"package common.util;","lastModifiedDate":"2022-09-10"},{"lineNumber":2,"author":{"gitId":"rinachua"},"content":"","lastModifiedDate":"2022-09-10"},{"lineNumber":3,"author":{"gitId":"rinachua"},"content":"import model.Chat;","lastModifiedDate":"2022-09-10"},{"lineNumber":4,"author":{"gitId":"rinachua"},"content":"import model.Task;","lastModifiedDate":"2022-09-10"},{"lineNumber":5,"author":{"gitId":"rinachua"},"content":"","lastModifiedDate":"2022-09-10"},{"lineNumber":6,"author":{"gitId":"rinachua"},"content":"public class TaskUtil {","lastModifiedDate":"2022-09-10"},{"lineNumber":7,"author":{"gitId":"rinachua"},"content":"    /**","lastModifiedDate":"2022-09-10"},{"lineNumber":8,"author":{"gitId":"rinachua"},"content":"     * checkDuplicatedTask returns whether a task is duplicated or not in the current task list","lastModifiedDate":"2022-09-10"},{"lineNumber":9,"author":{"gitId":"rinachua"},"content":"     *","lastModifiedDate":"2022-09-10"},{"lineNumber":10,"author":{"gitId":"rinachua"},"content":"     * @return {boolean}","lastModifiedDate":"2022-09-10"},{"lineNumber":11,"author":{"gitId":"rinachua"},"content":"     */","lastModifiedDate":"2022-09-10"},{"lineNumber":12,"author":{"gitId":"rinachua"},"content":"    public static boolean checkDuplicatedTask(Chat chat){","lastModifiedDate":"2022-09-10"},{"lineNumber":13,"author":{"gitId":"rinachua"},"content":"        for (Task task : chat.getTaskList()) {","lastModifiedDate":"2022-09-10"},{"lineNumber":14,"author":{"gitId":"rinachua"},"content":"            if (chat.getInput().contains(task.getDescription())) {","lastModifiedDate":"2022-09-11"},{"lineNumber":15,"author":{"gitId":"rinachua"},"content":"                return true;","lastModifiedDate":"2022-09-10"},{"lineNumber":16,"author":{"gitId":"rinachua"},"content":"            }","lastModifiedDate":"2022-09-10"},{"lineNumber":17,"author":{"gitId":"rinachua"},"content":"        }","lastModifiedDate":"2022-09-10"},{"lineNumber":18,"author":{"gitId":"rinachua"},"content":"        return false;","lastModifiedDate":"2022-09-10"},{"lineNumber":19,"author":{"gitId":"rinachua"},"content":"    }","lastModifiedDate":"2022-09-10"},{"lineNumber":20,"author":{"gitId":"rinachua"},"content":"}","lastModifiedDate":"2022-09-10"}],"authorContributionMap":{"rinachua":20}},{"path":"src/main/java/logic/commands/AddCommand.java","fileType":"java","lines":[{"lineNumber":1,"author":{"gitId":"rinachua"},"content":"package logic.commands;","lastModifiedDate":"2022-09-10"},{"lineNumber":2,"author":{"gitId":"rinachua"},"content":"","lastModifiedDate":"2022-09-10"},{"lineNumber":3,"author":{"gitId":"rinachua"},"content":"import model.Chat;","lastModifiedDate":"2022-09-10"},{"lineNumber":4,"author":{"gitId":"rinachua"},"content":"","lastModifiedDate":"2022-09-10"},{"lineNumber":5,"author":{"gitId":"rinachua"},"content":"import static common.constant.ErrorMessage.DUPLICATED_TASK_ERROR_MSG;","lastModifiedDate":"2022-09-10"},{"lineNumber":6,"author":{"gitId":"rinachua"},"content":"import static common.util.PrintUtil.printAddedTask;","lastModifiedDate":"2022-09-11"},{"lineNumber":7,"author":{"gitId":"rinachua"},"content":"import static common.util.PrintUtil.printLine;","lastModifiedDate":"2022-09-10"},{"lineNumber":8,"author":{"gitId":"rinachua"},"content":"import static common.util.StringUtil.getDescriptionFromString;","lastModifiedDate":"2022-09-11"},{"lineNumber":9,"author":{"gitId":"rinachua"},"content":"import static common.util.StringUtil.getFirstWord;","lastModifiedDate":"2022-09-11"},{"lineNumber":10,"author":{"gitId":"rinachua"},"content":"import static common.util.TaskUtil.checkDuplicatedTask;","lastModifiedDate":"2022-09-10"},{"lineNumber":11,"author":{"gitId":"rinachua"},"content":"import static logic.parser.AddCommandParser.parseAddCommand;","lastModifiedDate":"2022-09-11"},{"lineNumber":12,"author":{"gitId":"rinachua"},"content":"","lastModifiedDate":"2022-09-10"},{"lineNumber":13,"author":{"gitId":"rinachua"},"content":"public class AddCommand extends Command {","lastModifiedDate":"2022-09-10"},{"lineNumber":14,"author":{"gitId":"rinachua"},"content":"    public AddCommand(Chat chat) {","lastModifiedDate":"2022-09-10"},{"lineNumber":15,"author":{"gitId":"rinachua"},"content":"        super(chat);","lastModifiedDate":"2022-09-10"},{"lineNumber":16,"author":{"gitId":"rinachua"},"content":"    }","lastModifiedDate":"2022-09-10"},{"lineNumber":17,"author":{"gitId":"rinachua"},"content":"","lastModifiedDate":"2022-09-10"},{"lineNumber":18,"author":{"gitId":"rinachua"},"content":"    /**","lastModifiedDate":"2022-09-10"},{"lineNumber":19,"author":{"gitId":"rinachua"},"content":"     * execute adds and prints item added to taskList array","lastModifiedDate":"2022-09-10"},{"lineNumber":20,"author":{"gitId":"rinachua"},"content":"     *","lastModifiedDate":"2022-09-10"},{"lineNumber":21,"author":{"gitId":"rinachua"},"content":"     * @return {void}","lastModifiedDate":"2022-09-10"},{"lineNumber":22,"author":{"gitId":"rinachua"},"content":"     */","lastModifiedDate":"2022-09-10"},{"lineNumber":23,"author":{"gitId":"rinachua"},"content":"    @Override","lastModifiedDate":"2022-09-10"},{"lineNumber":24,"author":{"gitId":"rinachua"},"content":"    public void execute() {","lastModifiedDate":"2022-09-10"},{"lineNumber":25,"author":{"gitId":"rinachua"},"content":"        printLine();","lastModifiedDate":"2022-09-10"},{"lineNumber":26,"author":{"gitId":"rinachua"},"content":"","lastModifiedDate":"2022-09-10"},{"lineNumber":27,"author":{"gitId":"rinachua"},"content":"        if (checkDuplicatedTask(chat)) {","lastModifiedDate":"2022-09-10"},{"lineNumber":28,"author":{"gitId":"rinachua"},"content":"            System.out.println(String.format(DUPLICATED_TASK_ERROR_MSG, chat.getInput()));","lastModifiedDate":"2022-09-11"},{"lineNumber":29,"author":{"gitId":"rinachua"},"content":"        } else {","lastModifiedDate":"2022-09-10"},{"lineNumber":30,"author":{"gitId":"rinachua"},"content":"            String input \u003d getDescriptionFromString(getFirstWord(chat.getInput()), chat.getInput());","lastModifiedDate":"2022-09-11"},{"lineNumber":31,"author":{"gitId":"rinachua"},"content":"","lastModifiedDate":"2022-09-11"},{"lineNumber":32,"author":{"gitId":"rinachua"},"content":"            parseAddCommand(chat);","lastModifiedDate":"2022-09-11"},{"lineNumber":33,"author":{"gitId":"rinachua"},"content":"            printAddedTask(input, chat);","lastModifiedDate":"2022-09-11"},{"lineNumber":34,"author":{"gitId":"rinachua"},"content":"        }","lastModifiedDate":"2022-09-10"},{"lineNumber":35,"author":{"gitId":"rinachua"},"content":"","lastModifiedDate":"2022-09-10"},{"lineNumber":36,"author":{"gitId":"rinachua"},"content":"        printLine();","lastModifiedDate":"2022-09-10"},{"lineNumber":37,"author":{"gitId":"rinachua"},"content":"    }","lastModifiedDate":"2022-09-10"},{"lineNumber":38,"author":{"gitId":"rinachua"},"content":"}","lastModifiedDate":"2022-09-10"}],"authorContributionMap":{"rinachua":38}},{"path":"src/main/java/logic/commands/Command.java","fileType":"java","lines":[{"lineNumber":1,"author":{"gitId":"rinachua"},"content":"package logic.commands;","lastModifiedDate":"2022-09-10"},{"lineNumber":2,"author":{"gitId":"rinachua"},"content":"","lastModifiedDate":"2022-09-10"},{"lineNumber":3,"author":{"gitId":"rinachua"},"content":"import model.Chat;","lastModifiedDate":"2022-09-10"},{"lineNumber":4,"author":{"gitId":"rinachua"},"content":"","lastModifiedDate":"2022-09-10"},{"lineNumber":5,"author":{"gitId":"rinachua"},"content":"public abstract class Command {","lastModifiedDate":"2022-09-10"},{"lineNumber":6,"author":{"gitId":"rinachua"},"content":"    Chat chat;","lastModifiedDate":"2022-09-10"},{"lineNumber":7,"author":{"gitId":"rinachua"},"content":"","lastModifiedDate":"2022-09-10"},{"lineNumber":8,"author":{"gitId":"rinachua"},"content":"    public Command(Chat chat) {","lastModifiedDate":"2022-09-10"},{"lineNumber":9,"author":{"gitId":"rinachua"},"content":"        this.chat \u003d chat;","lastModifiedDate":"2022-09-10"},{"lineNumber":10,"author":{"gitId":"rinachua"},"content":"    }","lastModifiedDate":"2022-09-10"},{"lineNumber":11,"author":{"gitId":"rinachua"},"content":"","lastModifiedDate":"2022-09-10"},{"lineNumber":12,"author":{"gitId":"rinachua"},"content":"    public abstract void execute();","lastModifiedDate":"2022-09-10"},{"lineNumber":13,"author":{"gitId":"rinachua"},"content":"}","lastModifiedDate":"2022-09-10"}],"authorContributionMap":{"rinachua":13}},{"path":"src/main/java/logic/commands/ListCommand.java","fileType":"java","lines":[{"lineNumber":1,"author":{"gitId":"rinachua"},"content":"package logic.commands;","lastModifiedDate":"2022-09-10"},{"lineNumber":2,"author":{"gitId":"rinachua"},"content":"","lastModifiedDate":"2022-09-10"},{"lineNumber":3,"author":{"gitId":"rinachua"},"content":"import model.Chat;","lastModifiedDate":"2022-09-10"},{"lineNumber":4,"author":{"gitId":"rinachua"},"content":"","lastModifiedDate":"2022-09-10"},{"lineNumber":5,"author":{"gitId":"rinachua"},"content":"import java.util.concurrent.atomic.AtomicInteger;","lastModifiedDate":"2022-09-10"},{"lineNumber":6,"author":{"gitId":"rinachua"},"content":"","lastModifiedDate":"2022-09-10"},{"lineNumber":7,"author":{"gitId":"rinachua"},"content":"import static common.constant.CommonConstant.INIT_INT_VAL;","lastModifiedDate":"2022-09-10"},{"lineNumber":8,"author":{"gitId":"rinachua"},"content":"import static common.constant.CommonConstant.SPACE;","lastModifiedDate":"2022-09-11"},{"lineNumber":9,"author":{"gitId":"rinachua"},"content":"import static common.constant.CommonConstant.TASK_LIST;","lastModifiedDate":"2022-09-10"},{"lineNumber":10,"author":{"gitId":"rinachua"},"content":"import static common.constant.SymbolConstant.PERIOD;","lastModifiedDate":"2022-09-11"},{"lineNumber":11,"author":{"gitId":"rinachua"},"content":"import static common.util.PrintUtil.printLine;","lastModifiedDate":"2022-09-10"},{"lineNumber":12,"author":{"gitId":"rinachua"},"content":"","lastModifiedDate":"2022-09-10"},{"lineNumber":13,"author":{"gitId":"rinachua"},"content":"public class ListCommand extends Command {","lastModifiedDate":"2022-09-10"},{"lineNumber":14,"author":{"gitId":"rinachua"},"content":"    public ListCommand(Chat chat) {","lastModifiedDate":"2022-09-10"},{"lineNumber":15,"author":{"gitId":"rinachua"},"content":"        super(chat);","lastModifiedDate":"2022-09-10"},{"lineNumber":16,"author":{"gitId":"rinachua"},"content":"    }","lastModifiedDate":"2022-09-10"},{"lineNumber":17,"author":{"gitId":"rinachua"},"content":"","lastModifiedDate":"2022-09-10"},{"lineNumber":18,"author":{"gitId":"rinachua"},"content":"    /**","lastModifiedDate":"2022-09-10"},{"lineNumber":19,"author":{"gitId":"rinachua"},"content":"     * execute prints list of item in taskList array","lastModifiedDate":"2022-09-10"},{"lineNumber":20,"author":{"gitId":"rinachua"},"content":"     *","lastModifiedDate":"2022-09-10"},{"lineNumber":21,"author":{"gitId":"rinachua"},"content":"     * @return {void}","lastModifiedDate":"2022-09-10"},{"lineNumber":22,"author":{"gitId":"rinachua"},"content":"     */","lastModifiedDate":"2022-09-10"},{"lineNumber":23,"author":{"gitId":"rinachua"},"content":"    @Override","lastModifiedDate":"2022-09-10"},{"lineNumber":24,"author":{"gitId":"rinachua"},"content":"    public void execute() {","lastModifiedDate":"2022-09-10"},{"lineNumber":25,"author":{"gitId":"rinachua"},"content":"        printLine();","lastModifiedDate":"2022-09-10"},{"lineNumber":26,"author":{"gitId":"rinachua"},"content":"","lastModifiedDate":"2022-09-10"},{"lineNumber":27,"author":{"gitId":"rinachua"},"content":"        System.out.println(TASK_LIST);","lastModifiedDate":"2022-09-10"},{"lineNumber":28,"author":{"gitId":"rinachua"},"content":"        AtomicInteger counter \u003d new AtomicInteger(INIT_INT_VAL);","lastModifiedDate":"2022-09-10"},{"lineNumber":29,"author":{"gitId":"rinachua"},"content":"        chat.getTaskList().forEach(task -\u003e {","lastModifiedDate":"2022-09-10"},{"lineNumber":30,"author":{"gitId":"rinachua"},"content":"            System.out.println(counter.getAndIncrement() + PERIOD + SPACE + task);","lastModifiedDate":"2022-09-11"},{"lineNumber":31,"author":{"gitId":"rinachua"},"content":"        });","lastModifiedDate":"2022-09-10"},{"lineNumber":32,"author":{"gitId":"rinachua"},"content":"","lastModifiedDate":"2022-09-10"},{"lineNumber":33,"author":{"gitId":"rinachua"},"content":"        printLine();","lastModifiedDate":"2022-09-10"},{"lineNumber":34,"author":{"gitId":"rinachua"},"content":"    }","lastModifiedDate":"2022-09-10"},{"lineNumber":35,"author":{"gitId":"rinachua"},"content":"}","lastModifiedDate":"2022-09-10"}],"authorContributionMap":{"rinachua":35}},{"path":"src/main/java/logic/commands/MarkCommand.java","fileType":"java","lines":[{"lineNumber":1,"author":{"gitId":"rinachua"},"content":"package logic.commands;","lastModifiedDate":"2022-09-10"},{"lineNumber":2,"author":{"gitId":"rinachua"},"content":"","lastModifiedDate":"2022-09-10"},{"lineNumber":3,"author":{"gitId":"rinachua"},"content":"import model.Chat;","lastModifiedDate":"2022-09-10"},{"lineNumber":4,"author":{"gitId":"rinachua"},"content":"","lastModifiedDate":"2022-09-10"},{"lineNumber":5,"author":{"gitId":"rinachua"},"content":"import static common.constant.CommandConstant.MARK_COMMAND;","lastModifiedDate":"2022-09-11"},{"lineNumber":6,"author":{"gitId":"rinachua"},"content":"import static common.constant.CommonConstant.MARKED_TASK;","lastModifiedDate":"2022-09-10"},{"lineNumber":7,"author":{"gitId":"rinachua"},"content":"import static common.constant.ErrorMessage.NOT_EXIST_TASK_ERROR_MSG;","lastModifiedDate":"2022-09-10"},{"lineNumber":8,"author":{"gitId":"rinachua"},"content":"import static common.constant.ErrorMessage.MARKED_TASK_ERROR_MSG;","lastModifiedDate":"2022-09-11"},{"lineNumber":9,"author":{"gitId":"rinachua"},"content":"import static common.util.PrintUtil.printCompletedTask;","lastModifiedDate":"2022-09-11"},{"lineNumber":10,"author":{"gitId":"rinachua"},"content":"import static common.util.PrintUtil.printLine;","lastModifiedDate":"2022-09-10"},{"lineNumber":11,"author":{"gitId":"rinachua"},"content":"import static common.util.StringUtil.getDescriptionFromString;","lastModifiedDate":"2022-09-11"},{"lineNumber":12,"author":{"gitId":"rinachua"},"content":"","lastModifiedDate":"2022-09-10"},{"lineNumber":13,"author":{"gitId":"rinachua"},"content":"public class MarkCommand extends Command {","lastModifiedDate":"2022-09-10"},{"lineNumber":14,"author":{"gitId":"rinachua"},"content":"    public MarkCommand(Chat chat) {","lastModifiedDate":"2022-09-10"},{"lineNumber":15,"author":{"gitId":"rinachua"},"content":"        super(chat);","lastModifiedDate":"2022-09-10"},{"lineNumber":16,"author":{"gitId":"rinachua"},"content":"    }","lastModifiedDate":"2022-09-10"},{"lineNumber":17,"author":{"gitId":"rinachua"},"content":"","lastModifiedDate":"2022-09-10"},{"lineNumber":18,"author":{"gitId":"rinachua"},"content":"    /**","lastModifiedDate":"2022-09-10"},{"lineNumber":19,"author":{"gitId":"rinachua"},"content":"     * execute marks a task","lastModifiedDate":"2022-09-10"},{"lineNumber":20,"author":{"gitId":"rinachua"},"content":"     *","lastModifiedDate":"2022-09-10"},{"lineNumber":21,"author":{"gitId":"rinachua"},"content":"     * @return {void}","lastModifiedDate":"2022-09-10"},{"lineNumber":22,"author":{"gitId":"rinachua"},"content":"     */","lastModifiedDate":"2022-09-10"},{"lineNumber":23,"author":{"gitId":"rinachua"},"content":"    @Override","lastModifiedDate":"2022-09-10"},{"lineNumber":24,"author":{"gitId":"rinachua"},"content":"    public void execute() {","lastModifiedDate":"2022-09-10"},{"lineNumber":25,"author":{"gitId":"rinachua"},"content":"        printLine();","lastModifiedDate":"2022-09-10"},{"lineNumber":26,"author":{"gitId":"rinachua"},"content":"","lastModifiedDate":"2022-09-10"},{"lineNumber":27,"author":{"gitId":"rinachua"},"content":"        String input \u003d getDescriptionFromString(MARK_COMMAND, chat.getInput());","lastModifiedDate":"2022-09-11"},{"lineNumber":28,"author":{"gitId":"rinachua"},"content":"","lastModifiedDate":"2022-09-10"},{"lineNumber":29,"author":{"gitId":"rinachua"},"content":"        if (chat.getTaskList().contains(input)) {","lastModifiedDate":"2022-09-10"},{"lineNumber":30,"author":{"gitId":"rinachua"},"content":"            System.out.println(String.format(NOT_EXIST_TASK_ERROR_MSG, input));","lastModifiedDate":"2022-09-11"},{"lineNumber":31,"author":{"gitId":"rinachua"},"content":"        }","lastModifiedDate":"2022-09-10"},{"lineNumber":32,"author":{"gitId":"rinachua"},"content":"","lastModifiedDate":"2022-09-10"},{"lineNumber":33,"author":{"gitId":"rinachua"},"content":"        chat.getTaskList().forEach(task -\u003e {","lastModifiedDate":"2022-09-10"},{"lineNumber":34,"author":{"gitId":"rinachua"},"content":"            if (!task.getDescription().equals(input)) {","lastModifiedDate":"2022-09-10"},{"lineNumber":35,"author":{"gitId":"rinachua"},"content":"                return;","lastModifiedDate":"2022-09-10"},{"lineNumber":36,"author":{"gitId":"rinachua"},"content":"            }","lastModifiedDate":"2022-09-10"},{"lineNumber":37,"author":{"gitId":"rinachua"},"content":"","lastModifiedDate":"2022-09-10"},{"lineNumber":38,"author":{"gitId":"rinachua"},"content":"            if (task.getDone()) {","lastModifiedDate":"2022-09-10"},{"lineNumber":39,"author":{"gitId":"rinachua"},"content":"                System.out.println(String.format(MARKED_TASK_ERROR_MSG, input));","lastModifiedDate":"2022-09-11"},{"lineNumber":40,"author":{"gitId":"rinachua"},"content":"            } else {","lastModifiedDate":"2022-09-10"},{"lineNumber":41,"author":{"gitId":"rinachua"},"content":"                task.markDone();","lastModifiedDate":"2022-09-10"},{"lineNumber":42,"author":{"gitId":"rinachua"},"content":"                printCompletedTask(MARKED_TASK, input, task);","lastModifiedDate":"2022-09-11"},{"lineNumber":43,"author":{"gitId":"rinachua"},"content":"            }","lastModifiedDate":"2022-09-10"},{"lineNumber":44,"author":{"gitId":"rinachua"},"content":"        });","lastModifiedDate":"2022-09-10"},{"lineNumber":45,"author":{"gitId":"rinachua"},"content":"","lastModifiedDate":"2022-09-10"},{"lineNumber":46,"author":{"gitId":"rinachua"},"content":"        printLine();","lastModifiedDate":"2022-09-10"},{"lineNumber":47,"author":{"gitId":"rinachua"},"content":"    }","lastModifiedDate":"2022-09-10"},{"lineNumber":48,"author":{"gitId":"rinachua"},"content":"}","lastModifiedDate":"2022-09-10"}],"authorContributionMap":{"rinachua":48}},{"path":"src/main/java/logic/commands/UnmarkCommand.java","fileType":"java","lines":[{"lineNumber":1,"author":{"gitId":"rinachua"},"content":"package logic.commands;","lastModifiedDate":"2022-09-10"},{"lineNumber":2,"author":{"gitId":"rinachua"},"content":"","lastModifiedDate":"2022-09-10"},{"lineNumber":3,"author":{"gitId":"rinachua"},"content":"import model.Chat;","lastModifiedDate":"2022-09-10"},{"lineNumber":4,"author":{"gitId":"rinachua"},"content":"","lastModifiedDate":"2022-09-10"},{"lineNumber":5,"author":{"gitId":"rinachua"},"content":"import static common.constant.CommandConstant.UNMARK_COMMAND;","lastModifiedDate":"2022-09-11"},{"lineNumber":6,"author":{"gitId":"rinachua"},"content":"import static common.constant.CommonConstant.UNMARKED_TASK;","lastModifiedDate":"2022-09-10"},{"lineNumber":7,"author":{"gitId":"rinachua"},"content":"import static common.constant.ErrorMessage.NOT_EXIST_TASK_ERROR_MSG;","lastModifiedDate":"2022-09-10"},{"lineNumber":8,"author":{"gitId":"rinachua"},"content":"import static common.constant.ErrorMessage.UNMARKED_TASK_ERROR_MSG;","lastModifiedDate":"2022-09-10"},{"lineNumber":9,"author":{"gitId":"rinachua"},"content":"import static common.util.PrintUtil.printCompletedTask;","lastModifiedDate":"2022-09-11"},{"lineNumber":10,"author":{"gitId":"rinachua"},"content":"import static common.util.PrintUtil.printLine;","lastModifiedDate":"2022-09-10"},{"lineNumber":11,"author":{"gitId":"rinachua"},"content":"import static common.util.StringUtil.getDescriptionFromString;","lastModifiedDate":"2022-09-11"},{"lineNumber":12,"author":{"gitId":"rinachua"},"content":"","lastModifiedDate":"2022-09-10"},{"lineNumber":13,"author":{"gitId":"rinachua"},"content":"public class UnmarkCommand extends Command {","lastModifiedDate":"2022-09-10"},{"lineNumber":14,"author":{"gitId":"rinachua"},"content":"    public UnmarkCommand(Chat chat) {","lastModifiedDate":"2022-09-10"},{"lineNumber":15,"author":{"gitId":"rinachua"},"content":"        super(chat);","lastModifiedDate":"2022-09-10"},{"lineNumber":16,"author":{"gitId":"rinachua"},"content":"    }","lastModifiedDate":"2022-09-10"},{"lineNumber":17,"author":{"gitId":"rinachua"},"content":"","lastModifiedDate":"2022-09-10"},{"lineNumber":18,"author":{"gitId":"rinachua"},"content":"    /**","lastModifiedDate":"2022-09-10"},{"lineNumber":19,"author":{"gitId":"rinachua"},"content":"     * execute unmarks a task","lastModifiedDate":"2022-09-10"},{"lineNumber":20,"author":{"gitId":"rinachua"},"content":"     *","lastModifiedDate":"2022-09-10"},{"lineNumber":21,"author":{"gitId":"rinachua"},"content":"     * @return {void}","lastModifiedDate":"2022-09-10"},{"lineNumber":22,"author":{"gitId":"rinachua"},"content":"     */","lastModifiedDate":"2022-09-10"},{"lineNumber":23,"author":{"gitId":"rinachua"},"content":"    @Override","lastModifiedDate":"2022-09-10"},{"lineNumber":24,"author":{"gitId":"rinachua"},"content":"    public void execute() {","lastModifiedDate":"2022-09-10"},{"lineNumber":25,"author":{"gitId":"rinachua"},"content":"        printLine();","lastModifiedDate":"2022-09-10"},{"lineNumber":26,"author":{"gitId":"rinachua"},"content":"","lastModifiedDate":"2022-09-10"},{"lineNumber":27,"author":{"gitId":"rinachua"},"content":"        String input \u003d getDescriptionFromString(UNMARK_COMMAND, chat.getInput());","lastModifiedDate":"2022-09-11"},{"lineNumber":28,"author":{"gitId":"rinachua"},"content":"","lastModifiedDate":"2022-09-10"},{"lineNumber":29,"author":{"gitId":"rinachua"},"content":"        if (chat.getTaskList().contains(input)) {","lastModifiedDate":"2022-09-10"},{"lineNumber":30,"author":{"gitId":"rinachua"},"content":"            System.out.println(String.format(NOT_EXIST_TASK_ERROR_MSG, input));","lastModifiedDate":"2022-09-11"},{"lineNumber":31,"author":{"gitId":"rinachua"},"content":"        }","lastModifiedDate":"2022-09-10"},{"lineNumber":32,"author":{"gitId":"rinachua"},"content":"","lastModifiedDate":"2022-09-10"},{"lineNumber":33,"author":{"gitId":"rinachua"},"content":"        chat.getTaskList().forEach(task -\u003e {","lastModifiedDate":"2022-09-10"},{"lineNumber":34,"author":{"gitId":"rinachua"},"content":"            if (!task.getDescription().equals(input)) {","lastModifiedDate":"2022-09-10"},{"lineNumber":35,"author":{"gitId":"rinachua"},"content":"                return;","lastModifiedDate":"2022-09-10"},{"lineNumber":36,"author":{"gitId":"rinachua"},"content":"            }","lastModifiedDate":"2022-09-10"},{"lineNumber":37,"author":{"gitId":"rinachua"},"content":"","lastModifiedDate":"2022-09-10"},{"lineNumber":38,"author":{"gitId":"rinachua"},"content":"            if (!task.getDone()) {","lastModifiedDate":"2022-09-10"},{"lineNumber":39,"author":{"gitId":"rinachua"},"content":"                System.out.println(String.format(UNMARKED_TASK_ERROR_MSG, input));","lastModifiedDate":"2022-09-11"},{"lineNumber":40,"author":{"gitId":"rinachua"},"content":"            } else {","lastModifiedDate":"2022-09-10"},{"lineNumber":41,"author":{"gitId":"rinachua"},"content":"                task.unmarkDone();","lastModifiedDate":"2022-09-10"},{"lineNumber":42,"author":{"gitId":"rinachua"},"content":"                printCompletedTask(UNMARKED_TASK, input, task);","lastModifiedDate":"2022-09-11"},{"lineNumber":43,"author":{"gitId":"rinachua"},"content":"            }","lastModifiedDate":"2022-09-10"},{"lineNumber":44,"author":{"gitId":"rinachua"},"content":"        });","lastModifiedDate":"2022-09-10"},{"lineNumber":45,"author":{"gitId":"rinachua"},"content":"","lastModifiedDate":"2022-09-10"},{"lineNumber":46,"author":{"gitId":"rinachua"},"content":"        printLine();","lastModifiedDate":"2022-09-10"},{"lineNumber":47,"author":{"gitId":"rinachua"},"content":"    }","lastModifiedDate":"2022-09-10"},{"lineNumber":48,"author":{"gitId":"rinachua"},"content":"}","lastModifiedDate":"2022-09-10"}],"authorContributionMap":{"rinachua":48}},{"path":"src/main/java/logic/parser/AddCommandParser.java","fileType":"java","lines":[{"lineNumber":1,"author":{"gitId":"rinachua"},"content":"package logic.parser;","lastModifiedDate":"2022-09-11"},{"lineNumber":2,"author":{"gitId":"rinachua"},"content":"","lastModifiedDate":"2022-09-11"},{"lineNumber":3,"author":{"gitId":"rinachua"},"content":"import model.Chat;","lastModifiedDate":"2022-09-11"},{"lineNumber":4,"author":{"gitId":"rinachua"},"content":"import model.Deadline;","lastModifiedDate":"2022-09-11"},{"lineNumber":5,"author":{"gitId":"rinachua"},"content":"import model.Event;","lastModifiedDate":"2022-09-11"},{"lineNumber":6,"author":{"gitId":"rinachua"},"content":"import model.Task;","lastModifiedDate":"2022-09-11"},{"lineNumber":7,"author":{"gitId":"rinachua"},"content":"import model.ToDo;","lastModifiedDate":"2022-09-11"},{"lineNumber":8,"author":{"gitId":"rinachua"},"content":"","lastModifiedDate":"2022-09-11"},{"lineNumber":9,"author":{"gitId":"rinachua"},"content":"import static common.constant.CommandConstant.ADD_DEADLINE_COMMAND;","lastModifiedDate":"2022-09-11"},{"lineNumber":10,"author":{"gitId":"rinachua"},"content":"import static common.constant.CommandConstant.ADD_EVENT_COMMAND;","lastModifiedDate":"2022-09-11"},{"lineNumber":11,"author":{"gitId":"rinachua"},"content":"import static common.constant.CommandConstant.ADD_TODO_COMMAND;","lastModifiedDate":"2022-09-11"},{"lineNumber":12,"author":{"gitId":"rinachua"},"content":"import static common.constant.ErrorMessage.EXCEPTION_ERROR_MSG;","lastModifiedDate":"2022-09-11"},{"lineNumber":13,"author":{"gitId":"rinachua"},"content":"import static common.util.StringUtil.getDescriptionFromString;","lastModifiedDate":"2022-09-11"},{"lineNumber":14,"author":{"gitId":"rinachua"},"content":"import static common.util.StringUtil.getFirstWord;","lastModifiedDate":"2022-09-11"},{"lineNumber":15,"author":{"gitId":"rinachua"},"content":"import static common.util.StringUtil.getTimeFromString;","lastModifiedDate":"2022-09-11"},{"lineNumber":16,"author":{"gitId":"rinachua"},"content":"","lastModifiedDate":"2022-09-11"},{"lineNumber":17,"author":{"gitId":"rinachua"},"content":"public class AddCommandParser {","lastModifiedDate":"2022-09-11"},{"lineNumber":18,"author":{"gitId":"rinachua"},"content":"    /**","lastModifiedDate":"2022-09-11"},{"lineNumber":19,"author":{"gitId":"rinachua"},"content":"     * parseAddCommand returns parse add commands such as ADD_DEADLINE_COMMAND, ADD_EVENT_COMMAND, ADD_TODO_COMMAND and default","lastModifiedDate":"2022-09-11"},{"lineNumber":20,"author":{"gitId":"rinachua"},"content":"     *","lastModifiedDate":"2022-09-11"},{"lineNumber":21,"author":{"gitId":"rinachua"},"content":"     * @param {Chat} chat","lastModifiedDate":"2022-09-11"},{"lineNumber":22,"author":{"gitId":"rinachua"},"content":"     * @return {void}","lastModifiedDate":"2022-09-11"},{"lineNumber":23,"author":{"gitId":"rinachua"},"content":"     */","lastModifiedDate":"2022-09-11"},{"lineNumber":24,"author":{"gitId":"rinachua"},"content":"    public static void parseAddCommand(Chat chat) {","lastModifiedDate":"2022-09-11"},{"lineNumber":25,"author":{"gitId":"rinachua"},"content":"        try {","lastModifiedDate":"2022-09-11"},{"lineNumber":26,"author":{"gitId":"rinachua"},"content":"            switch (getFirstWord(chat.getInput())) {","lastModifiedDate":"2022-09-11"},{"lineNumber":27,"author":{"gitId":"rinachua"},"content":"                case ADD_DEADLINE_COMMAND:","lastModifiedDate":"2022-09-11"},{"lineNumber":28,"author":{"gitId":"rinachua"},"content":"                    Deadline newDeadline \u003d new Deadline(getDescriptionFromString(ADD_DEADLINE_COMMAND, chat.getInput()),","lastModifiedDate":"2022-09-11"},{"lineNumber":29,"author":{"gitId":"rinachua"},"content":"                            getTimeFromString(chat.getInput()));","lastModifiedDate":"2022-09-11"},{"lineNumber":30,"author":{"gitId":"rinachua"},"content":"                    chat.getTaskList().add(newDeadline);","lastModifiedDate":"2022-09-11"},{"lineNumber":31,"author":{"gitId":"rinachua"},"content":"                    break;","lastModifiedDate":"2022-09-11"},{"lineNumber":32,"author":{"gitId":"rinachua"},"content":"                case ADD_EVENT_COMMAND:","lastModifiedDate":"2022-09-11"},{"lineNumber":33,"author":{"gitId":"rinachua"},"content":"                    Event newEvent \u003d new Event(getDescriptionFromString(ADD_EVENT_COMMAND, chat.getInput()),","lastModifiedDate":"2022-09-11"},{"lineNumber":34,"author":{"gitId":"rinachua"},"content":"                            getTimeFromString(chat.getInput()));","lastModifiedDate":"2022-09-11"},{"lineNumber":35,"author":{"gitId":"rinachua"},"content":"                    chat.getTaskList().add(newEvent);","lastModifiedDate":"2022-09-11"},{"lineNumber":36,"author":{"gitId":"rinachua"},"content":"                    break;","lastModifiedDate":"2022-09-11"},{"lineNumber":37,"author":{"gitId":"rinachua"},"content":"                case ADD_TODO_COMMAND:","lastModifiedDate":"2022-09-11"},{"lineNumber":38,"author":{"gitId":"rinachua"},"content":"                    ToDo newToDo \u003d new ToDo(getDescriptionFromString(ADD_TODO_COMMAND, chat.getInput()));","lastModifiedDate":"2022-09-11"},{"lineNumber":39,"author":{"gitId":"rinachua"},"content":"                    chat.getTaskList().add(newToDo);","lastModifiedDate":"2022-09-11"},{"lineNumber":40,"author":{"gitId":"rinachua"},"content":"                    break;","lastModifiedDate":"2022-09-11"},{"lineNumber":41,"author":{"gitId":"rinachua"},"content":"                default:","lastModifiedDate":"2022-09-11"},{"lineNumber":42,"author":{"gitId":"rinachua"},"content":"                    Task newTask \u003d new Task(getDescriptionFromString(\"\", chat.getInput()));","lastModifiedDate":"2022-09-11"},{"lineNumber":43,"author":{"gitId":"rinachua"},"content":"                    chat.getTaskList().add(newTask);","lastModifiedDate":"2022-09-11"},{"lineNumber":44,"author":{"gitId":"rinachua"},"content":"                    break;","lastModifiedDate":"2022-09-11"},{"lineNumber":45,"author":{"gitId":"rinachua"},"content":"            }","lastModifiedDate":"2022-09-11"},{"lineNumber":46,"author":{"gitId":"rinachua"},"content":"        } catch (Exception e) {","lastModifiedDate":"2022-09-11"},{"lineNumber":47,"author":{"gitId":"rinachua"},"content":"            System.out.println(String.format(EXCEPTION_ERROR_MSG, e));","lastModifiedDate":"2022-09-11"},{"lineNumber":48,"author":{"gitId":"rinachua"},"content":"        }","lastModifiedDate":"2022-09-11"},{"lineNumber":49,"author":{"gitId":"rinachua"},"content":"    }","lastModifiedDate":"2022-09-11"},{"lineNumber":50,"author":{"gitId":"rinachua"},"content":"}","lastModifiedDate":"2022-09-11"}],"authorContributionMap":{"rinachua":50}},{"path":"src/main/java/logic/parser/Parser.java","fileType":"java","lines":[{"lineNumber":1,"author":{"gitId":"rinachua"},"content":"package logic.parser;","lastModifiedDate":"2022-09-10"},{"lineNumber":2,"author":{"gitId":"rinachua"},"content":"","lastModifiedDate":"2022-09-10"},{"lineNumber":3,"author":{"gitId":"rinachua"},"content":"import logic.commands.Command;","lastModifiedDate":"2022-09-11"},{"lineNumber":4,"author":{"gitId":"rinachua"},"content":"import logic.commands.AddCommand;","lastModifiedDate":"2022-09-11"},{"lineNumber":5,"author":{"gitId":"rinachua"},"content":"import logic.commands.ListCommand;","lastModifiedDate":"2022-09-11"},{"lineNumber":6,"author":{"gitId":"rinachua"},"content":"import logic.commands.MarkCommand;","lastModifiedDate":"2022-09-11"},{"lineNumber":7,"author":{"gitId":"rinachua"},"content":"import logic.commands.UnmarkCommand;","lastModifiedDate":"2022-09-11"},{"lineNumber":8,"author":{"gitId":"rinachua"},"content":"import model.Chat;","lastModifiedDate":"2022-09-10"},{"lineNumber":9,"author":{"gitId":"rinachua"},"content":"import model.Task;","lastModifiedDate":"2022-09-10"},{"lineNumber":10,"author":{"gitId":"rinachua"},"content":"","lastModifiedDate":"2022-09-10"},{"lineNumber":11,"author":{"gitId":"rinachua"},"content":"import java.util.ArrayList;","lastModifiedDate":"2022-09-10"},{"lineNumber":12,"author":{"gitId":"rinachua"},"content":"import java.util.List;","lastModifiedDate":"2022-09-10"},{"lineNumber":13,"author":{"gitId":"rinachua"},"content":"import java.util.Scanner;","lastModifiedDate":"2022-09-10"},{"lineNumber":14,"author":{"gitId":"rinachua"},"content":"","lastModifiedDate":"2022-09-10"},{"lineNumber":15,"author":{"gitId":"rinachua"},"content":"import static common.constant.CommandConstant.BYE_COMMAND;","lastModifiedDate":"2022-09-11"},{"lineNumber":16,"author":{"gitId":"rinachua"},"content":"import static common.constant.CommandConstant.LIST_COMMAND;","lastModifiedDate":"2022-09-11"},{"lineNumber":17,"author":{"gitId":"rinachua"},"content":"import static common.constant.CommandConstant.MARK_COMMAND;","lastModifiedDate":"2022-09-11"},{"lineNumber":18,"author":{"gitId":"rinachua"},"content":"import static common.constant.CommandConstant.UNMARK_COMMAND;","lastModifiedDate":"2022-09-11"},{"lineNumber":19,"author":{"gitId":"rinachua"},"content":"import static common.constant.CommonConstant.PROMPT;","lastModifiedDate":"2022-09-10"},{"lineNumber":20,"author":{"gitId":"rinachua"},"content":"import static common.constant.ErrorMessage.EXCEPTION_ERROR_MSG;","lastModifiedDate":"2022-09-11"},{"lineNumber":21,"author":{"gitId":"rinachua"},"content":"import static common.util.PrintUtil.printBye;","lastModifiedDate":"2022-09-10"},{"lineNumber":22,"author":{"gitId":"rinachua"},"content":"import static common.util.PrintUtil.printEmptyTaskList;","lastModifiedDate":"2022-09-10"},{"lineNumber":23,"author":{"gitId":"rinachua"},"content":"import static common.util.StringUtil.getFirstWord;","lastModifiedDate":"2022-09-10"},{"lineNumber":24,"author":{"gitId":"rinachua"},"content":"","lastModifiedDate":"2022-09-10"},{"lineNumber":25,"author":{"gitId":"rinachua"},"content":"public class Parser {","lastModifiedDate":"2022-09-10"},{"lineNumber":26,"author":{"gitId":"rinachua"},"content":"    public Parser() {};","lastModifiedDate":"2022-09-10"},{"lineNumber":27,"author":{"gitId":"rinachua"},"content":"","lastModifiedDate":"2022-09-10"},{"lineNumber":28,"author":{"gitId":"rinachua"},"content":"    /**","lastModifiedDate":"2022-09-10"},{"lineNumber":29,"author":{"gitId":"rinachua"},"content":"     * parseCommand returns parse command","lastModifiedDate":"2022-09-10"},{"lineNumber":30,"author":{"gitId":"rinachua"},"content":"     *","lastModifiedDate":"2022-09-10"},{"lineNumber":31,"author":{"gitId":"rinachua"},"content":"     * @param {String} input","lastModifiedDate":"2022-09-10"},{"lineNumber":32,"author":{"gitId":"rinachua"},"content":"     * @param {Chat} chat","lastModifiedDate":"2022-09-10"},{"lineNumber":33,"author":{"gitId":"rinachua"},"content":"     * @return {void}","lastModifiedDate":"2022-09-10"},{"lineNumber":34,"author":{"gitId":"rinachua"},"content":"     */","lastModifiedDate":"2022-09-10"},{"lineNumber":35,"author":{"gitId":"rinachua"},"content":"    public static void parseCommand(String input, Chat chat) {","lastModifiedDate":"2022-09-10"},{"lineNumber":36,"author":{"gitId":"rinachua"},"content":"        Command addCom \u003d new AddCommand(chat);","lastModifiedDate":"2022-09-10"},{"lineNumber":37,"author":{"gitId":"rinachua"},"content":"        Command listCom \u003d new ListCommand(chat);","lastModifiedDate":"2022-09-10"},{"lineNumber":38,"author":{"gitId":"rinachua"},"content":"        Command markCom \u003d new MarkCommand(chat);","lastModifiedDate":"2022-09-10"},{"lineNumber":39,"author":{"gitId":"rinachua"},"content":"        Command unmarkCom \u003d new UnmarkCommand(chat);","lastModifiedDate":"2022-09-10"},{"lineNumber":40,"author":{"gitId":"rinachua"},"content":"","lastModifiedDate":"2022-09-10"},{"lineNumber":41,"author":{"gitId":"rinachua"},"content":"        switch (input){","lastModifiedDate":"2022-09-10"},{"lineNumber":42,"author":{"gitId":"rinachua"},"content":"            case BYE_COMMAND:","lastModifiedDate":"2022-09-10"},{"lineNumber":43,"author":{"gitId":"rinachua"},"content":"                printBye();","lastModifiedDate":"2022-09-10"},{"lineNumber":44,"author":{"gitId":"rinachua"},"content":"                System.exit(0);","lastModifiedDate":"2022-09-10"},{"lineNumber":45,"author":{"gitId":"rinachua"},"content":"            case LIST_COMMAND:","lastModifiedDate":"2022-09-10"},{"lineNumber":46,"author":{"gitId":"rinachua"},"content":"                listCom.execute();","lastModifiedDate":"2022-09-10"},{"lineNumber":47,"author":{"gitId":"rinachua"},"content":"                break;","lastModifiedDate":"2022-09-10"},{"lineNumber":48,"author":{"gitId":"rinachua"},"content":"            case MARK_COMMAND:","lastModifiedDate":"2022-09-10"},{"lineNumber":49,"author":{"gitId":"rinachua"},"content":"                markCom.execute();","lastModifiedDate":"2022-09-10"},{"lineNumber":50,"author":{"gitId":"rinachua"},"content":"                break;","lastModifiedDate":"2022-09-10"},{"lineNumber":51,"author":{"gitId":"rinachua"},"content":"            case UNMARK_COMMAND:","lastModifiedDate":"2022-09-10"},{"lineNumber":52,"author":{"gitId":"rinachua"},"content":"                unmarkCom.execute();","lastModifiedDate":"2022-09-10"},{"lineNumber":53,"author":{"gitId":"rinachua"},"content":"                break;","lastModifiedDate":"2022-09-10"},{"lineNumber":54,"author":{"gitId":"rinachua"},"content":"            default:","lastModifiedDate":"2022-09-10"},{"lineNumber":55,"author":{"gitId":"rinachua"},"content":"                addCom.execute();","lastModifiedDate":"2022-09-10"},{"lineNumber":56,"author":{"gitId":"rinachua"},"content":"        }","lastModifiedDate":"2022-09-10"},{"lineNumber":57,"author":{"gitId":"rinachua"},"content":"    }","lastModifiedDate":"2022-09-10"},{"lineNumber":58,"author":{"gitId":"rinachua"},"content":"","lastModifiedDate":"2022-09-10"},{"lineNumber":59,"author":{"gitId":"rinachua"},"content":"    /**","lastModifiedDate":"2022-09-10"},{"lineNumber":60,"author":{"gitId":"rinachua"},"content":"     * parseChat returns parse chat","lastModifiedDate":"2022-09-10"},{"lineNumber":61,"author":{"gitId":"rinachua"},"content":"     *","lastModifiedDate":"2022-09-10"},{"lineNumber":62,"author":{"gitId":"rinachua"},"content":"     * @return {void}","lastModifiedDate":"2022-09-10"},{"lineNumber":63,"author":{"gitId":"rinachua"},"content":"     */","lastModifiedDate":"2022-09-10"},{"lineNumber":64,"author":{"gitId":"rinachua"},"content":"    public static void parseChat() {","lastModifiedDate":"2022-09-10"},{"lineNumber":65,"author":{"gitId":"rinachua"},"content":"        System.out.print(PROMPT);","lastModifiedDate":"2022-09-10"},{"lineNumber":66,"author":{"gitId":"rinachua"},"content":"        Scanner userInput \u003d new Scanner(System.in);","lastModifiedDate":"2022-09-10"},{"lineNumber":67,"author":{"gitId":"rinachua"},"content":"        List\u003cTask\u003e taskList \u003d new ArrayList\u003c\u003e();","lastModifiedDate":"2022-09-10"},{"lineNumber":68,"author":{"gitId":"rinachua"},"content":"","lastModifiedDate":"2022-09-10"},{"lineNumber":69,"author":{"gitId":"rinachua"},"content":"        try {","lastModifiedDate":"2022-09-11"},{"lineNumber":70,"author":{"gitId":"rinachua"},"content":"            while (userInput.hasNext()) {","lastModifiedDate":"2022-09-10"},{"lineNumber":71,"author":{"gitId":"rinachua"},"content":"                String input \u003d (userInput.nextLine()).toLowerCase();","lastModifiedDate":"2022-09-10"},{"lineNumber":72,"author":{"gitId":"rinachua"},"content":"                Chat chat \u003d new Chat(input, taskList);","lastModifiedDate":"2022-09-10"},{"lineNumber":73,"author":{"gitId":"rinachua"},"content":"","lastModifiedDate":"2022-09-10"},{"lineNumber":74,"author":{"gitId":"rinachua"},"content":"                if (chat.getTaskList().isEmpty() \u0026\u0026 (","lastModifiedDate":"2022-09-10"},{"lineNumber":75,"author":{"gitId":"rinachua"},"content":"                        getFirstWord(input).equals(LIST_COMMAND) ||","lastModifiedDate":"2022-09-10"},{"lineNumber":76,"author":{"gitId":"rinachua"},"content":"                        getFirstWord(input).equals(MARK_COMMAND) ||","lastModifiedDate":"2022-09-10"},{"lineNumber":77,"author":{"gitId":"rinachua"},"content":"                        getFirstWord(input).equals(UNMARK_COMMAND)","lastModifiedDate":"2022-09-10"},{"lineNumber":78,"author":{"gitId":"rinachua"},"content":"                )) {","lastModifiedDate":"2022-09-10"},{"lineNumber":79,"author":{"gitId":"rinachua"},"content":"                    printEmptyTaskList();","lastModifiedDate":"2022-09-10"},{"lineNumber":80,"author":{"gitId":"rinachua"},"content":"                } else {","lastModifiedDate":"2022-09-10"},{"lineNumber":81,"author":{"gitId":"rinachua"},"content":"                    parseCommand(getFirstWord(input), chat);","lastModifiedDate":"2022-09-10"},{"lineNumber":82,"author":{"gitId":"rinachua"},"content":"                }","lastModifiedDate":"2022-09-10"},{"lineNumber":83,"author":{"gitId":"rinachua"},"content":"","lastModifiedDate":"2022-09-10"},{"lineNumber":84,"author":{"gitId":"rinachua"},"content":"                System.out.print(PROMPT);","lastModifiedDate":"2022-09-10"},{"lineNumber":85,"author":{"gitId":"rinachua"},"content":"            }","lastModifiedDate":"2022-09-10"},{"lineNumber":86,"author":{"gitId":"rinachua"},"content":"        } catch (Exception e) {","lastModifiedDate":"2022-09-11"},{"lineNumber":87,"author":{"gitId":"rinachua"},"content":"            System.out.println(String.format(EXCEPTION_ERROR_MSG, e));","lastModifiedDate":"2022-09-11"},{"lineNumber":88,"author":{"gitId":"rinachua"},"content":"        }","lastModifiedDate":"2022-09-11"},{"lineNumber":89,"author":{"gitId":"rinachua"},"content":"    }","lastModifiedDate":"2022-09-10"},{"lineNumber":90,"author":{"gitId":"rinachua"},"content":"}","lastModifiedDate":"2022-09-10"}],"authorContributionMap":{"rinachua":90}},{"path":"src/main/java/model/Chat.java","fileType":"java","lines":[{"lineNumber":1,"author":{"gitId":"rinachua"},"content":"package model;","lastModifiedDate":"2022-09-10"},{"lineNumber":2,"author":{"gitId":"rinachua"},"content":"","lastModifiedDate":"2022-09-10"},{"lineNumber":3,"author":{"gitId":"rinachua"},"content":"import java.util.ArrayList;","lastModifiedDate":"2022-09-10"},{"lineNumber":4,"author":{"gitId":"rinachua"},"content":"import java.util.List;","lastModifiedDate":"2022-09-10"},{"lineNumber":5,"author":{"gitId":"rinachua"},"content":"","lastModifiedDate":"2022-09-10"},{"lineNumber":6,"author":{"gitId":"rinachua"},"content":"public class Chat {","lastModifiedDate":"2022-09-10"},{"lineNumber":7,"author":{"gitId":"rinachua"},"content":"    protected static String input;","lastModifiedDate":"2022-09-10"},{"lineNumber":8,"author":{"gitId":"rinachua"},"content":"    protected static List\u003cTask\u003e taskList \u003d new ArrayList\u003c\u003e();","lastModifiedDate":"2022-09-10"},{"lineNumber":9,"author":{"gitId":"rinachua"},"content":"","lastModifiedDate":"2022-09-10"},{"lineNumber":10,"author":{"gitId":"rinachua"},"content":"    public Chat(String input, List\u003cTask\u003e taskList) {","lastModifiedDate":"2022-09-10"},{"lineNumber":11,"author":{"gitId":"rinachua"},"content":"        this.input \u003d input;","lastModifiedDate":"2022-09-10"},{"lineNumber":12,"author":{"gitId":"rinachua"},"content":"        this.taskList \u003d taskList;","lastModifiedDate":"2022-09-10"},{"lineNumber":13,"author":{"gitId":"rinachua"},"content":"    }","lastModifiedDate":"2022-09-10"},{"lineNumber":14,"author":{"gitId":"rinachua"},"content":"","lastModifiedDate":"2022-09-10"},{"lineNumber":15,"author":{"gitId":"rinachua"},"content":"    public static String getInput() {","lastModifiedDate":"2022-09-10"},{"lineNumber":16,"author":{"gitId":"rinachua"},"content":"        return input;","lastModifiedDate":"2022-09-10"},{"lineNumber":17,"author":{"gitId":"rinachua"},"content":"    }","lastModifiedDate":"2022-09-10"},{"lineNumber":18,"author":{"gitId":"rinachua"},"content":"","lastModifiedDate":"2022-09-10"},{"lineNumber":19,"author":{"gitId":"rinachua"},"content":"    public static List\u003cTask\u003e getTaskList() {","lastModifiedDate":"2022-09-10"},{"lineNumber":20,"author":{"gitId":"rinachua"},"content":"        return taskList;","lastModifiedDate":"2022-09-10"},{"lineNumber":21,"author":{"gitId":"rinachua"},"content":"    }","lastModifiedDate":"2022-09-10"},{"lineNumber":22,"author":{"gitId":"rinachua"},"content":"}","lastModifiedDate":"2022-09-10"}],"authorContributionMap":{"rinachua":22}},{"path":"src/main/java/model/Deadline.java","fileType":"java","lines":[{"lineNumber":1,"author":{"gitId":"rinachua"},"content":"package model;","lastModifiedDate":"2022-09-11"},{"lineNumber":2,"author":{"gitId":"rinachua"},"content":"","lastModifiedDate":"2022-09-11"},{"lineNumber":3,"author":{"gitId":"rinachua"},"content":"import static common.constant.SymbolConstant.CLOSE_BRACKET;","lastModifiedDate":"2022-09-11"},{"lineNumber":4,"author":{"gitId":"rinachua"},"content":"import static common.constant.SymbolConstant.CLOSE_SQ_BRACKET;","lastModifiedDate":"2022-09-11"},{"lineNumber":5,"author":{"gitId":"rinachua"},"content":"import static common.constant.SymbolConstant.OPEN_BRACKET;","lastModifiedDate":"2022-09-11"},{"lineNumber":6,"author":{"gitId":"rinachua"},"content":"import static common.constant.SymbolConstant.OPEN_SQ_BRACKET;","lastModifiedDate":"2022-09-11"},{"lineNumber":7,"author":{"gitId":"rinachua"},"content":"import static common.constant.CommonConstant.DEADLINE_BY;","lastModifiedDate":"2022-09-11"},{"lineNumber":8,"author":{"gitId":"rinachua"},"content":"import static common.constant.CommonConstant.SPACE;","lastModifiedDate":"2022-09-11"},{"lineNumber":9,"author":{"gitId":"rinachua"},"content":"import static common.constant.ModelConstant.DEADLINE_ICON;","lastModifiedDate":"2022-09-11"},{"lineNumber":10,"author":{"gitId":"rinachua"},"content":"","lastModifiedDate":"2022-09-11"},{"lineNumber":11,"author":{"gitId":"rinachua"},"content":"public class Deadline extends Task {","lastModifiedDate":"2022-09-11"},{"lineNumber":12,"author":{"gitId":"rinachua"},"content":"    protected String by;","lastModifiedDate":"2022-09-11"},{"lineNumber":13,"author":{"gitId":"rinachua"},"content":"","lastModifiedDate":"2022-09-11"},{"lineNumber":14,"author":{"gitId":"rinachua"},"content":"    public Deadline(String description, String by) {","lastModifiedDate":"2022-09-11"},{"lineNumber":15,"author":{"gitId":"rinachua"},"content":"        super(description);","lastModifiedDate":"2022-09-11"},{"lineNumber":16,"author":{"gitId":"rinachua"},"content":"        this.by \u003d by;","lastModifiedDate":"2022-09-11"},{"lineNumber":17,"author":{"gitId":"rinachua"},"content":"    }","lastModifiedDate":"2022-09-11"},{"lineNumber":18,"author":{"gitId":"rinachua"},"content":"","lastModifiedDate":"2022-09-11"},{"lineNumber":19,"author":{"gitId":"rinachua"},"content":"    @Override","lastModifiedDate":"2022-09-11"},{"lineNumber":20,"author":{"gitId":"rinachua"},"content":"    public String toString() {","lastModifiedDate":"2022-09-11"},{"lineNumber":21,"author":{"gitId":"rinachua"},"content":"        return OPEN_SQ_BRACKET + DEADLINE_ICON + CLOSE_SQ_BRACKET + super.toString() +","lastModifiedDate":"2022-09-11"},{"lineNumber":22,"author":{"gitId":"rinachua"},"content":"                SPACE + OPEN_BRACKET + DEADLINE_BY + by + CLOSE_BRACKET;","lastModifiedDate":"2022-09-11"},{"lineNumber":23,"author":{"gitId":"rinachua"},"content":"    }","lastModifiedDate":"2022-09-11"},{"lineNumber":24,"author":{"gitId":"rinachua"},"content":"}","lastModifiedDate":"2022-09-11"}],"authorContributionMap":{"rinachua":24}},{"path":"src/main/java/model/Event.java","fileType":"java","lines":[{"lineNumber":1,"author":{"gitId":"rinachua"},"content":"package model;","lastModifiedDate":"2022-09-11"},{"lineNumber":2,"author":{"gitId":"rinachua"},"content":"","lastModifiedDate":"2022-09-11"},{"lineNumber":3,"author":{"gitId":"rinachua"},"content":"import static common.constant.SymbolConstant.CLOSE_BRACKET;","lastModifiedDate":"2022-09-11"},{"lineNumber":4,"author":{"gitId":"rinachua"},"content":"import static common.constant.SymbolConstant.CLOSE_SQ_BRACKET;","lastModifiedDate":"2022-09-11"},{"lineNumber":5,"author":{"gitId":"rinachua"},"content":"import static common.constant.SymbolConstant.OPEN_BRACKET;","lastModifiedDate":"2022-09-11"},{"lineNumber":6,"author":{"gitId":"rinachua"},"content":"import static common.constant.SymbolConstant.OPEN_SQ_BRACKET;","lastModifiedDate":"2022-09-11"},{"lineNumber":7,"author":{"gitId":"rinachua"},"content":"import static common.constant.CommonConstant.EVENT_AT;","lastModifiedDate":"2022-09-11"},{"lineNumber":8,"author":{"gitId":"rinachua"},"content":"import static common.constant.CommonConstant.SPACE;","lastModifiedDate":"2022-09-11"},{"lineNumber":9,"author":{"gitId":"rinachua"},"content":"import static common.constant.ModelConstant.EVENT_ICON;","lastModifiedDate":"2022-09-11"},{"lineNumber":10,"author":{"gitId":"rinachua"},"content":"","lastModifiedDate":"2022-09-11"},{"lineNumber":11,"author":{"gitId":"rinachua"},"content":"public class Event extends Task {","lastModifiedDate":"2022-09-11"},{"lineNumber":12,"author":{"gitId":"rinachua"},"content":"    protected String at;","lastModifiedDate":"2022-09-11"},{"lineNumber":13,"author":{"gitId":"rinachua"},"content":"","lastModifiedDate":"2022-09-11"},{"lineNumber":14,"author":{"gitId":"rinachua"},"content":"    public Event(String description, String at) {","lastModifiedDate":"2022-09-11"},{"lineNumber":15,"author":{"gitId":"rinachua"},"content":"        super(description);","lastModifiedDate":"2022-09-11"},{"lineNumber":16,"author":{"gitId":"rinachua"},"content":"        this.at \u003d at;","lastModifiedDate":"2022-09-11"},{"lineNumber":17,"author":{"gitId":"rinachua"},"content":"    }","lastModifiedDate":"2022-09-11"},{"lineNumber":18,"author":{"gitId":"rinachua"},"content":"","lastModifiedDate":"2022-09-11"},{"lineNumber":19,"author":{"gitId":"rinachua"},"content":"    @Override","lastModifiedDate":"2022-09-11"},{"lineNumber":20,"author":{"gitId":"rinachua"},"content":"    public String toString() {","lastModifiedDate":"2022-09-11"},{"lineNumber":21,"author":{"gitId":"rinachua"},"content":"        return OPEN_SQ_BRACKET + EVENT_ICON + CLOSE_SQ_BRACKET + super.toString() +","lastModifiedDate":"2022-09-11"},{"lineNumber":22,"author":{"gitId":"rinachua"},"content":"                SPACE + OPEN_BRACKET + EVENT_AT + at + CLOSE_BRACKET;","lastModifiedDate":"2022-09-11"},{"lineNumber":23,"author":{"gitId":"rinachua"},"content":"    }","lastModifiedDate":"2022-09-11"},{"lineNumber":24,"author":{"gitId":"rinachua"},"content":"}","lastModifiedDate":"2022-09-11"}],"authorContributionMap":{"rinachua":24}},{"path":"src/main/java/model/Task.java","fileType":"java","lines":[{"lineNumber":1,"author":{"gitId":"rinachua"},"content":"package model;","lastModifiedDate":"2022-09-10"},{"lineNumber":2,"author":{"gitId":"rinachua"},"content":"","lastModifiedDate":"2022-09-10"},{"lineNumber":3,"author":{"gitId":"rinachua"},"content":"import static common.constant.SymbolConstant.CLOSE_SQ_BRACKET;","lastModifiedDate":"2022-09-11"},{"lineNumber":4,"author":{"gitId":"rinachua"},"content":"import static common.constant.SymbolConstant.OPEN_SQ_BRACKET;","lastModifiedDate":"2022-09-11"},{"lineNumber":5,"author":{"gitId":"rinachua"},"content":"import static common.constant.CommonConstant.SPACE;","lastModifiedDate":"2022-09-10"},{"lineNumber":6,"author":{"gitId":"rinachua"},"content":"import static common.constant.ModelConstant.MARKED_ICON;","lastModifiedDate":"2022-09-11"},{"lineNumber":7,"author":{"gitId":"rinachua"},"content":"","lastModifiedDate":"2022-09-10"},{"lineNumber":8,"author":{"gitId":"rinachua"},"content":"public class Task {","lastModifiedDate":"2022-09-10"},{"lineNumber":9,"author":{"gitId":"rinachua"},"content":"    protected String description;","lastModifiedDate":"2022-09-10"},{"lineNumber":10,"author":{"gitId":"rinachua"},"content":"    protected boolean isDone;","lastModifiedDate":"2022-09-10"},{"lineNumber":11,"author":{"gitId":"rinachua"},"content":"","lastModifiedDate":"2022-09-10"},{"lineNumber":12,"author":{"gitId":"rinachua"},"content":"    public Task(String description) {","lastModifiedDate":"2022-09-10"},{"lineNumber":13,"author":{"gitId":"rinachua"},"content":"        this.description \u003d description;","lastModifiedDate":"2022-09-10"},{"lineNumber":14,"author":{"gitId":"rinachua"},"content":"        this.isDone \u003d false;","lastModifiedDate":"2022-09-10"},{"lineNumber":15,"author":{"gitId":"rinachua"},"content":"    }","lastModifiedDate":"2022-09-10"},{"lineNumber":16,"author":{"gitId":"rinachua"},"content":"","lastModifiedDate":"2022-09-10"},{"lineNumber":17,"author":{"gitId":"rinachua"},"content":"    public String getDescription() {","lastModifiedDate":"2022-09-10"},{"lineNumber":18,"author":{"gitId":"rinachua"},"content":"        return description;","lastModifiedDate":"2022-09-10"},{"lineNumber":19,"author":{"gitId":"rinachua"},"content":"    }","lastModifiedDate":"2022-09-10"},{"lineNumber":20,"author":{"gitId":"rinachua"},"content":"","lastModifiedDate":"2022-09-10"},{"lineNumber":21,"author":{"gitId":"rinachua"},"content":"    public boolean getDone() {","lastModifiedDate":"2022-09-10"},{"lineNumber":22,"author":{"gitId":"rinachua"},"content":"        return isDone;","lastModifiedDate":"2022-09-10"},{"lineNumber":23,"author":{"gitId":"rinachua"},"content":"    }","lastModifiedDate":"2022-09-10"},{"lineNumber":24,"author":{"gitId":"rinachua"},"content":"","lastModifiedDate":"2022-09-10"},{"lineNumber":25,"author":{"gitId":"rinachua"},"content":"    public String getStatusIcon() {","lastModifiedDate":"2022-09-10"},{"lineNumber":26,"author":{"gitId":"rinachua"},"content":"        return (isDone ? MARKED_ICON : SPACE);","lastModifiedDate":"2022-09-10"},{"lineNumber":27,"author":{"gitId":"rinachua"},"content":"    }","lastModifiedDate":"2022-09-10"},{"lineNumber":28,"author":{"gitId":"rinachua"},"content":"","lastModifiedDate":"2022-09-10"},{"lineNumber":29,"author":{"gitId":"rinachua"},"content":"    public void markDone() {","lastModifiedDate":"2022-09-10"},{"lineNumber":30,"author":{"gitId":"rinachua"},"content":"        isDone \u003d true;","lastModifiedDate":"2022-09-10"},{"lineNumber":31,"author":{"gitId":"rinachua"},"content":"    }","lastModifiedDate":"2022-09-10"},{"lineNumber":32,"author":{"gitId":"rinachua"},"content":"","lastModifiedDate":"2022-09-10"},{"lineNumber":33,"author":{"gitId":"rinachua"},"content":"    public void unmarkDone() {","lastModifiedDate":"2022-09-10"},{"lineNumber":34,"author":{"gitId":"rinachua"},"content":"        isDone \u003d false;","lastModifiedDate":"2022-09-10"},{"lineNumber":35,"author":{"gitId":"rinachua"},"content":"    }","lastModifiedDate":"2022-09-10"},{"lineNumber":36,"author":{"gitId":"rinachua"},"content":"","lastModifiedDate":"2022-09-10"},{"lineNumber":37,"author":{"gitId":"rinachua"},"content":"    @Override","lastModifiedDate":"2022-09-10"},{"lineNumber":38,"author":{"gitId":"rinachua"},"content":"    public String toString() {","lastModifiedDate":"2022-09-10"},{"lineNumber":39,"author":{"gitId":"rinachua"},"content":"        return OPEN_SQ_BRACKET + getStatusIcon() + CLOSE_SQ_BRACKET + SPACE + description;","lastModifiedDate":"2022-09-11"},{"lineNumber":40,"author":{"gitId":"rinachua"},"content":"    }","lastModifiedDate":"2022-09-10"},{"lineNumber":41,"author":{"gitId":"rinachua"},"content":"}","lastModifiedDate":"2022-09-10"}],"authorContributionMap":{"rinachua":41}},{"path":"src/main/java/model/ToDo.java","fileType":"java","lines":[{"lineNumber":1,"author":{"gitId":"rinachua"},"content":"package model;","lastModifiedDate":"2022-09-11"},{"lineNumber":2,"author":{"gitId":"rinachua"},"content":"","lastModifiedDate":"2022-09-11"},{"lineNumber":3,"author":{"gitId":"rinachua"},"content":"import static common.constant.SymbolConstant.CLOSE_SQ_BRACKET;","lastModifiedDate":"2022-09-11"},{"lineNumber":4,"author":{"gitId":"rinachua"},"content":"import static common.constant.SymbolConstant.OPEN_SQ_BRACKET;","lastModifiedDate":"2022-09-11"},{"lineNumber":5,"author":{"gitId":"rinachua"},"content":"import static common.constant.ModelConstant.TODO_ICON;","lastModifiedDate":"2022-09-11"},{"lineNumber":6,"author":{"gitId":"rinachua"},"content":"","lastModifiedDate":"2022-09-11"},{"lineNumber":7,"author":{"gitId":"rinachua"},"content":"public class ToDo extends Task {","lastModifiedDate":"2022-09-11"},{"lineNumber":8,"author":{"gitId":"rinachua"},"content":"","lastModifiedDate":"2022-09-11"},{"lineNumber":9,"author":{"gitId":"rinachua"},"content":"    public ToDo(String description) {","lastModifiedDate":"2022-09-11"},{"lineNumber":10,"author":{"gitId":"rinachua"},"content":"        super(description);","lastModifiedDate":"2022-09-11"},{"lineNumber":11,"author":{"gitId":"rinachua"},"content":"    }","lastModifiedDate":"2022-09-11"},{"lineNumber":12,"author":{"gitId":"rinachua"},"content":"","lastModifiedDate":"2022-09-11"},{"lineNumber":13,"author":{"gitId":"rinachua"},"content":"    @Override","lastModifiedDate":"2022-09-11"},{"lineNumber":14,"author":{"gitId":"rinachua"},"content":"    public String toString() {","lastModifiedDate":"2022-09-11"},{"lineNumber":15,"author":{"gitId":"rinachua"},"content":"        return OPEN_SQ_BRACKET + TODO_ICON + CLOSE_SQ_BRACKET + super.toString();","lastModifiedDate":"2022-09-11"},{"lineNumber":16,"author":{"gitId":"rinachua"},"content":"    }","lastModifiedDate":"2022-09-11"},{"lineNumber":17,"author":{"gitId":"rinachua"},"content":"}","lastModifiedDate":"2022-09-11"}],"authorContributionMap":{"rinachua":17}},{"path":"text-ui-test/input.txt","fileType":"txt","lines":[{"lineNumber":1,"author":{"gitId":"rinachua"},"content":"todo read","lastModifiedDate":"2022-09-11"},{"lineNumber":2,"author":{"gitId":"rinachua"},"content":"event meeting /at Monday 2pm-3pm","lastModifiedDate":"2022-09-11"},{"lineNumber":3,"author":{"gitId":"rinachua"},"content":"event work /at Monday to Friday","lastModifiedDate":"2022-09-11"},{"lineNumber":4,"author":{"gitId":"rinachua"},"content":"mark read","lastModifiedDate":"2022-09-11"},{"lineNumber":5,"author":{"gitId":"rinachua"},"content":"deadline do homework /by Sunday 2359","lastModifiedDate":"2022-09-11"},{"lineNumber":6,"author":{"gitId":"rinachua"},"content":"unmark meeting","lastModifiedDate":"2022-09-11"},{"lineNumber":7,"author":{"gitId":"rinachua"},"content":"mark meeting","lastModifiedDate":"2022-09-11"},{"lineNumber":8,"author":{"gitId":"rinachua"},"content":"list","lastModifiedDate":"2022-09-11"},{"lineNumber":9,"author":{"gitId":"rinachua"},"content":"todo sleep","lastModifiedDate":"2022-09-11"},{"lineNumber":10,"author":{"gitId":"rinachua"},"content":"bye","lastModifiedDate":"2022-09-11"}],"authorContributionMap":{"rinachua":10}}]
