{"authorDailyContributionsMap":{"rinachua":[{"date":"2022-08-28","commitResults":[{"hash":"188d246432236c68d6048333a4879fb2130367fc","messageTitle":"Level 1 - Greet, Echo, Exit","messageBody":"","tags":["level-1"],"fileTypesAndContributionMap":{"java":{"insertions":87,"deletions":6}}},{"hash":"d694158026fed7760ce83501da50f0f32cc86ab0","messageTitle":"Level 2 - Add, List","messageBody":"","tags":["level-2"],"fileTypesAndContributionMap":{"java":{"insertions":39,"deletions":4}}}]},{"date":"2022-09-10","commitResults":[{"hash":"1c8669c2aa762a26d487a077fa5d266041755698","messageTitle":"Level 3 - Mark as Done","messageBody":"","fileTypesAndContributionMap":{"java":{"insertions":523,"deletions":121}}},{"hash":"6233853aba0f012087ba5ec642ce134c50cdea1a","messageTitle":"Level 3 - Update error messages for mark and unmark commands","messageBody":"","fileTypesAndContributionMap":{"java":{"insertions":10,"deletions":2}}}]},{"date":"2022-09-11","commitResults":[{"hash":"d9a29b388eb72735457ea66be9ac9da09293c46a","messageTitle":"Level-3 Add UT","messageBody":"","fileTypesAndContributionMap":{"txt":{"insertions":8,"deletions":0}}},{"hash":"d16e4eec6cf19c03b8ee37b1490c8d0b7ed0b390","messageTitle":"Level 4 - ToDos, Events, Deadlines","messageBody":"","fileTypesAndContributionMap":{"txt":{"insertions":6,"deletions":4},"java":{"insertions":295,"deletions":92}}},{"hash":"b0c2597b97186044f85677f846bb10e6394f7ddc","messageTitle":"Level 4 - Add total number of tasks","messageBody":"","fileTypesAndContributionMap":{"java":{"insertions":11,"deletions":9}}},{"hash":"eed6402125f816b1330a544ad27344be0d2317e6","messageTitle":"Level 4 - Add comments","messageBody":"","fileTypesAndContributionMap":{"java":{"insertions":15,"deletions":0}}},{"hash":"3ff32b79cb5cd150b26e7eef77572b2296ede963","messageTitle":"Level 4 - Add comments","messageBody":"","fileTypesAndContributionMap":{"java":{"insertions":6,"deletions":0}}},{"hash":"a333d5a6d0d7de6bea703232280bb9b13ed0b613","messageTitle":"Level 4 - Update Console Help Instruction","messageBody":"","tags":["level-4"],"fileTypesAndContributionMap":{"java":{"insertions":19,"deletions":16}}}]},{"date":"2022-10-10","commitResults":[{"hash":"d5322dade9665e681abed89383f7babbec405940","messageTitle":"Level 5 - Handle Errors + Refactor","messageBody":"","tags":["level-5"],"fileTypesAndContributionMap":{"java":{"insertions":373,"deletions":280}}}]},{"date":"2022-10-16","commitResults":[{"hash":"8b6259b2e89d760ba714baf2ae24b1980cb833d4","messageTitle":"Update to mark and unmark index","messageBody":"","fileTypesAndContributionMap":{"java":{"insertions":25,"deletions":30}}},{"hash":"a2be2fc10ef42abd4ed9cc24f47429ccd1c96af5","messageTitle":"Level 6 - Delete","messageBody":"","fileTypesAndContributionMap":{"java":{"insertions":61,"deletions":30}}},{"hash":"bd33573a78ef79c83de5d4a7abfed21897ffbcb8","messageTitle":"Refactor error handling","messageBody":"","fileTypesAndContributionMap":{"java":{"insertions":0,"deletions":50}}},{"hash":"84f35047451d712b0aefa953f65eeeda46db5ad7","messageTitle":"Refactor error handling","messageBody":"","fileTypesAndContributionMap":{"txt":{"insertions":3,"deletions":3},"java":{"insertions":420,"deletions":188}}},{"hash":"8e828024e1a330a04bd1d9518dfda5a622201df3","messageTitle":"Update imports","messageBody":"","fileTypesAndContributionMap":{"java":{"insertions":79,"deletions":20}}},{"hash":"6ffebaff8da1cc367081e10a4149e3a269baf054","messageTitle":"Update test","messageBody":"","fileTypesAndContributionMap":{"txt":{"insertions":1,"deletions":0},"java":{"insertions":0,"deletions":3}}},{"hash":"8d737128716bddd6fc15a1d013a28a0f0bc4083b","messageTitle":"Update directory","messageBody":"","fileTypesAndContributionMap":{"java":{"insertions":10,"deletions":10}}},{"hash":"97d8481145cb921d762030c81fa24459bf58ff62","messageTitle":"Level 6 - Enum","messageBody":"","fileTypesAndContributionMap":{"java":{"insertions":187,"deletions":182}}}]}]},"authorFileTypeContributionMap":{"rinachua":{"java":1123,"md":0,"fxml":0,"sh":0,"bat":0,"gradle":0,"txt":11}},"authorContributionVariance":{"rinachua":37899.26},"authorDisplayNameMap":{"rinachua":"RINA.. HUI"}}
