{"authorDailyContributionsMap":{"rinachua":[{"date":"2022-08-28","commitResults":[{"hash":"188d246432236c68d6048333a4879fb2130367fc","messageTitle":"Level 1 - Greet, Echo, Exit","messageBody":"","tags":["level-1"],"fileTypesAndContributionMap":{"java":{"insertions":87,"deletions":6}}},{"hash":"d694158026fed7760ce83501da50f0f32cc86ab0","messageTitle":"Level 2 - Add, List","messageBody":"","tags":["level-2"],"fileTypesAndContributionMap":{"java":{"insertions":39,"deletions":4}}}]},{"date":"2022-09-10","commitResults":[{"hash":"1c8669c2aa762a26d487a077fa5d266041755698","messageTitle":"Level 3 - Mark as Done","messageBody":"","fileTypesAndContributionMap":{"java":{"insertions":523,"deletions":121}}},{"hash":"6233853aba0f012087ba5ec642ce134c50cdea1a","messageTitle":"Level 3 - Update error messages for mark and unmark commands","messageBody":"","fileTypesAndContributionMap":{"java":{"insertions":10,"deletions":2}}}]},{"date":"2022-09-11","commitResults":[{"hash":"d9a29b388eb72735457ea66be9ac9da09293c46a","messageTitle":"Level-3 Add UT","messageBody":"","fileTypesAndContributionMap":{"txt":{"insertions":8,"deletions":0}}},{"hash":"d16e4eec6cf19c03b8ee37b1490c8d0b7ed0b390","messageTitle":"Level 4 - ToDos, Events, Deadlines","messageBody":"","fileTypesAndContributionMap":{"txt":{"insertions":6,"deletions":4},"java":{"insertions":295,"deletions":92}}},{"hash":"b0c2597b97186044f85677f846bb10e6394f7ddc","messageTitle":"Level 4 - Add total number of tasks","messageBody":"","fileTypesAndContributionMap":{"java":{"insertions":11,"deletions":9}}},{"hash":"eed6402125f816b1330a544ad27344be0d2317e6","messageTitle":"Level 4 - Add comments","messageBody":"","fileTypesAndContributionMap":{"java":{"insertions":15,"deletions":0}}},{"hash":"3ff32b79cb5cd150b26e7eef77572b2296ede963","messageTitle":"Level 4 - Add comments","messageBody":"","fileTypesAndContributionMap":{"java":{"insertions":6,"deletions":0}}},{"hash":"a333d5a6d0d7de6bea703232280bb9b13ed0b613","messageTitle":"Level 4 - Update Console Help Instruction","messageBody":"","tags":["level-4"],"fileTypesAndContributionMap":{"java":{"insertions":19,"deletions":16}}}]},{"date":"2022-10-10","commitResults":[{"hash":"d5322dade9665e681abed89383f7babbec405940","messageTitle":"Level 5 - Handle Errors + Refactor","messageBody":"","tags":["level-5"],"fileTypesAndContributionMap":{"java":{"insertions":373,"deletions":280}}}]},{"date":"2022-10-16","commitResults":[{"hash":"8b6259b2e89d760ba714baf2ae24b1980cb833d4","messageTitle":"Update to mark and unmark index","messageBody":"","fileTypesAndContributionMap":{"java":{"insertions":25,"deletions":30}}},{"hash":"a2be2fc10ef42abd4ed9cc24f47429ccd1c96af5","messageTitle":"Level 6 - Delete","messageBody":"","fileTypesAndContributionMap":{"java":{"insertions":61,"deletions":30}}},{"hash":"bd33573a78ef79c83de5d4a7abfed21897ffbcb8","messageTitle":"Refactor error handling","messageBody":"","fileTypesAndContributionMap":{"java":{"insertions":0,"deletions":50}}},{"hash":"84f35047451d712b0aefa953f65eeeda46db5ad7","messageTitle":"Refactor error handling","messageBody":"","fileTypesAndContributionMap":{"txt":{"insertions":3,"deletions":3},"java":{"insertions":420,"deletions":188}}},{"hash":"8e828024e1a330a04bd1d9518dfda5a622201df3","messageTitle":"Update imports","messageBody":"","fileTypesAndContributionMap":{"java":{"insertions":79,"deletions":20}}},{"hash":"6ffebaff8da1cc367081e10a4149e3a269baf054","messageTitle":"Update test","messageBody":"","fileTypesAndContributionMap":{"txt":{"insertions":1,"deletions":0},"java":{"insertions":0,"deletions":3}}},{"hash":"8d737128716bddd6fc15a1d013a28a0f0bc4083b","messageTitle":"Update directory","messageBody":"","fileTypesAndContributionMap":{"java":{"insertions":10,"deletions":10}}},{"hash":"97d8481145cb921d762030c81fa24459bf58ff62","messageTitle":"Level 6 - Enum","messageBody":"","fileTypesAndContributionMap":{"java":{"insertions":187,"deletions":182}}}]},{"date":"2022-10-25","commitResults":[{"hash":"b4b915d0999f7bf90267c131aabc3d033a65a94e","messageTitle":"Level 7 - Save","messageBody":"","fileTypesAndContributionMap":{"java":{"insertions":187,"deletions":22}}}]},{"date":"2022-10-29","commitResults":[{"hash":"f94a13d3096227f04b9611027bf21a1757c9d00d","messageTitle":"Level 7 - Refactor exceptions","messageBody":"","fileTypesAndContributionMap":{"txt":{"insertions":2,"deletions":0},"java":{"insertions":66,"deletions":23}}},{"hash":"7f0fbc77f6b3978d72789ee29c8a805ef856ac4e","messageTitle":"Level 7 - update exceptions","messageBody":"","fileTypesAndContributionMap":{"txt":{"insertions":3,"deletions":0},"java":{"insertions":2,"deletions":4}}}]},{"date":"2022-10-30","commitResults":[{"hash":"6aa0f82819d06c59f2c04a6cfb46b6524f7502d8","messageTitle":"Level 7 - Add more oop on ui","messageBody":"","fileTypesAndContributionMap":{"txt":{"insertions":1,"deletions":1},"java":{"insertions":101,"deletions":69}}},{"hash":"e13132de0c8d2d15730d667e06465d78c8da0694","messageTitle":"Level 8 - Dates","messageBody":"","fileTypesAndContributionMap":{"java":{"insertions":62,"deletions":45}}}]},{"date":"2022-11-06","commitResults":[{"hash":"1dd827ed030166189fc88d2c53e9eae422ea7e0f","messageTitle":"Level 8 - Junit","messageBody":"","fileTypesAndContributionMap":{"gradle":{"insertions":1,"deletions":1},"txt":{"insertions":0,"deletions":2},"java":{"insertions":137,"deletions":2}}},{"hash":"e3e3d2be6bf1f5234eccc03e9f93dabdabfe4de1","messageTitle":"Level 8 - Update JavaDoc","messageBody":"","fileTypesAndContributionMap":{"java":{"insertions":133,"deletions":162}}},{"hash":"b25914e16b46ea85b8e9cf9535a346de97868b8f","messageTitle":"Level 9 - Find","messageBody":"","fileTypesAndContributionMap":{"txt":{"insertions":5,"deletions":0},"java":{"insertions":76,"deletions":5},"sh":{"insertions":3,"deletions":0}}},{"hash":"e7ba0ad36cc52bd545f088f4ec98f0e17d5aa81b","messageTitle":"Level 9 - Update command","messageBody":"","fileTypesAndContributionMap":{"java":{"insertions":170,"deletions":23}}},{"hash":"3eca00011a9dd4a2f178173b814bcc7ff34d17c9","messageTitle":"Level 9 - Update help command content","messageBody":"","fileTypesAndContributionMap":{"java":{"insertions":14,"deletions":12}}},{"hash":"7843e869d7f6e34c6a0fd04303c4494babea1ba5","messageTitle":"Level 9 - Update coding standard","messageBody":"","fileTypesAndContributionMap":{"java":{"insertions":40,"deletions":40}}},{"hash":"5f9d3284f0ad4de060da77a04c1fefb96511542e","messageTitle":"Level 9 - update duke.txt","messageBody":"","fileTypesAndContributionMap":{"txt":{"insertions":0,"deletions":5}}}]},{"date":"2022-11-08","commitResults":[{"hash":"2b8b2b7146423070a80e2766ea60386ceb85dbdc","messageTitle":"Level 9 - Update update command javadoc comments","messageBody":"","fileTypesAndContributionMap":{"java":{"insertions":5,"deletions":0}}},{"hash":"2b9db71d073b10e84876adfdaadeeb5a7af3b9c9","messageTitle":"Level 9 - Update find command javadoc comments","messageBody":"","tags":["level-9"],"fileTypesAndContributionMap":{"java":{"insertions":2,"deletions":0}}},{"hash":"3191dbe666a4524909578b2d69c63f8ea6e72660","messageTitle":"Level 10 - Add exceptions to individual feature","messageBody":"","fileTypesAndContributionMap":{"java":{"insertions":22,"deletions":9}}},{"hash":"ee3e45914e89f6c73569085a7a897aa8126a8e72","messageTitle":"Level 10 - Update comments","messageBody":"","fileTypesAndContributionMap":{"java":{"insertions":3,"deletions":0}}},{"hash":"1a47588a011e24bc92c5dc9c8729ba6bd04394da","messageTitle":"Level 10 - Add time in dates","messageBody":"","fileTypesAndContributionMap":{"txt":{"insertions":3,"deletions":0},"java":{"insertions":31,"deletions":29}}},{"hash":"3d76525c0a16e0b4acf162f787fdd5396c5d7ef9","messageTitle":"Level 10 - Recurring Tasks","messageBody":"","fileTypesAndContributionMap":{"txt":{"insertions":0,"deletions":3},"java":{"insertions":160,"deletions":74}}}]},{"date":"2022-11-09","commitResults":[{"hash":"c94305dd26d1a605f9d3a870cef331ddfb7132c7","messageTitle":"Level 10 - Update FileEncoder with Periodical","messageBody":"","fileTypesAndContributionMap":{"java":{"insertions":12,"deletions":2}}},{"hash":"ab40a3ef6c6e5f69a9e4ee22837886ff18eb781c","messageTitle":"Level 10 - Add assertions","messageBody":"","fileTypesAndContributionMap":{"java":{"insertions":3,"deletions":0}}},{"hash":"c0a62177a23241b76982ec3bd3e10f44538d71c6","messageTitle":"Level 10 - update unit testings","messageBody":"","fileTypesAndContributionMap":{"txt":{"insertions":2,"deletions":0},"java":{"insertions":8,"deletions":7}}},{"hash":"9861f576b3772818f46bae257a39851e8e167f17","messageTitle":"Level 10 - update text-ui-test","messageBody":"","fileTypesAndContributionMap":{"txt":{"insertions":0,"deletions":1}}}]},{"date":"2022-11-13","commitResults":[{"hash":"8042b3f2ccc594990ae163e866a2cc0580be5297","messageTitle":"Level 10 - Fix update command","messageBody":"","fileTypesAndContributionMap":{"txt":{"insertions":2,"deletions":2},"java":{"insertions":6,"deletions":4}}},{"hash":"ff3de28f2c804161aedfeb08c6fd06fa083938c7","messageTitle":"Level 10 - remove unnecessary","messageBody":"","fileTypesAndContributionMap":{"java":{"insertions":0,"deletions":2}}},{"hash":"44a27f923b1d294aa92e47c029c2346962d75f94","messageTitle":"Level 10 - Update","messageBody":"","fileTypesAndContributionMap":{"txt":{"insertions":4,"deletions":1},"java":{"insertions":3,"deletions":3}}},{"hash":"3861325058a0dfdcb2c455c48d7a85ed06f99034","messageTitle":"Level 10 - update test script","messageBody":"","fileTypesAndContributionMap":{"txt":{"insertions":15,"deletions":8}}},{"hash":"70345605a7283c8e7e8bf36bae804f71f8640b0c","messageTitle":"Update jar file name","messageBody":"","tags":["level-10"],"fileTypesAndContributionMap":{"gradle":{"insertions":1,"deletions":1},"sh":{"insertions":1,"deletions":1}}}]}]},"authorFileTypeContributionMap":{"rinachua":{"java":1829,"md":0,"fxml":0,"sh":3,"bat":0,"gradle":2,"txt":25}},"authorContributionVariance":{"rinachua":35523.35},"authorDisplayNameMap":{"rinachua":"RINA.. HUI"}}
