{"authorDailyContributionsMap":{"rinachua":[{"date":"2022-08-28","commitResults":[{"hash":"188d246432236c68d6048333a4879fb2130367fc","messageTitle":"Level 1 - Greet, Echo, Exit","messageBody":"","fileTypesAndContributionMap":{"java":{"insertions":87,"deletions":6}}},{"hash":"d694158026fed7760ce83501da50f0f32cc86ab0","messageTitle":"Level 2 - Add, List","messageBody":"","fileTypesAndContributionMap":{"java":{"insertions":39,"deletions":4}}}]},{"date":"2022-09-10","commitResults":[{"hash":"1c8669c2aa762a26d487a077fa5d266041755698","messageTitle":"Level 3 - Mark as Done","messageBody":"","fileTypesAndContributionMap":{"java":{"insertions":523,"deletions":121}}},{"hash":"6233853aba0f012087ba5ec642ce134c50cdea1a","messageTitle":"Level 3 - Update error messages for mark and unmark commands","messageBody":"","fileTypesAndContributionMap":{"java":{"insertions":10,"deletions":2}}}]},{"date":"2022-09-11","commitResults":[{"hash":"d9a29b388eb72735457ea66be9ac9da09293c46a","messageTitle":"Level-3 Add UT","messageBody":"","fileTypesAndContributionMap":{"txt":{"insertions":8,"deletions":0}}},{"hash":"d16e4eec6cf19c03b8ee37b1490c8d0b7ed0b390","messageTitle":"Level 4 - ToDos, Events, Deadlines","messageBody":"","fileTypesAndContributionMap":{"txt":{"insertions":6,"deletions":4},"java":{"insertions":295,"deletions":92}}},{"hash":"b0c2597b97186044f85677f846bb10e6394f7ddc","messageTitle":"Level 4 - Add total number of tasks","messageBody":"","fileTypesAndContributionMap":{"java":{"insertions":11,"deletions":9}}},{"hash":"eed6402125f816b1330a544ad27344be0d2317e6","messageTitle":"Level 4 - Add comments","messageBody":"","fileTypesAndContributionMap":{"java":{"insertions":15,"deletions":0}}},{"hash":"3ff32b79cb5cd150b26e7eef77572b2296ede963","messageTitle":"Level 4 - Add comments","messageBody":"","fileTypesAndContributionMap":{"java":{"insertions":6,"deletions":0}}},{"hash":"a333d5a6d0d7de6bea703232280bb9b13ed0b613","messageTitle":"Level 4 - Update Console Help Instruction","messageBody":"","fileTypesAndContributionMap":{"java":{"insertions":19,"deletions":16}}}]}]},"authorFileTypeContributionMap":{"rinachua":{"java":761,"md":0,"fxml":0,"sh":0,"bat":0,"gradle":0,"txt":10}},"authorContributionVariance":{"rinachua":18111.205},"authorDisplayNameMap":{"rinachua":"RINA.. HUI"}}
