[{"path":"data/tasks.txt","fileType":"txt","lines":[{"lineNumber":1,"author":{"gitId":"Phoebezzzi"},"content":"","lastModifiedDate":"2022-11-06"}],"authorContributionMap":{"Phoebezzzi":1}},{"path":"src/main/java/Command/Command.java","fileType":"java","lines":[{"lineNumber":1,"author":{"gitId":"Phoebezzzi"},"content":"package Command;","lastModifiedDate":"2022-11-06"},{"lineNumber":2,"author":{"gitId":"Phoebezzzi"},"content":"","lastModifiedDate":"2022-11-06"},{"lineNumber":3,"author":{"gitId":"Phoebezzzi"},"content":"import Storage.Storage;","lastModifiedDate":"2022-11-06"},{"lineNumber":4,"author":{"gitId":"Phoebezzzi"},"content":"import Storage.TaskList;","lastModifiedDate":"2022-11-06"},{"lineNumber":5,"author":{"gitId":"Phoebezzzi"},"content":"import Ui.Ui;","lastModifiedDate":"2022-11-06"},{"lineNumber":6,"author":{"gitId":"Phoebezzzi"},"content":"","lastModifiedDate":"2022-11-06"},{"lineNumber":7,"author":{"gitId":"Phoebezzzi"},"content":"import java.io.IOException;","lastModifiedDate":"2022-11-06"},{"lineNumber":8,"author":{"gitId":"Phoebezzzi"},"content":"","lastModifiedDate":"2022-11-06"},{"lineNumber":9,"author":{"gitId":"Phoebezzzi"},"content":"public abstract class Command {","lastModifiedDate":"2022-11-06"},{"lineNumber":10,"author":{"gitId":"Phoebezzzi"},"content":"    public abstract void execute(TaskList tasks, Ui ui, Storage storage);","lastModifiedDate":"2022-11-06"},{"lineNumber":11,"author":{"gitId":"Phoebezzzi"},"content":"","lastModifiedDate":"2022-11-06"},{"lineNumber":12,"author":{"gitId":"Phoebezzzi"},"content":"    public abstract boolean isExit();","lastModifiedDate":"2022-11-06"},{"lineNumber":13,"author":{"gitId":"Phoebezzzi"},"content":"}","lastModifiedDate":"2022-11-06"},{"lineNumber":14,"author":{"gitId":"Phoebezzzi"},"content":"","lastModifiedDate":"2022-11-06"},{"lineNumber":15,"author":{"gitId":"Phoebezzzi"},"content":"","lastModifiedDate":"2022-11-06"}],"authorContributionMap":{"Phoebezzzi":15}},{"path":"src/main/java/Command/byebyeCommand.java","fileType":"java","lines":[{"lineNumber":1,"author":{"gitId":"Phoebezzzi"},"content":"package Command;","lastModifiedDate":"2022-11-06"},{"lineNumber":2,"author":{"gitId":"Phoebezzzi"},"content":"","lastModifiedDate":"2022-11-06"},{"lineNumber":3,"author":{"gitId":"Phoebezzzi"},"content":"import Storage.Storage;","lastModifiedDate":"2022-11-06"},{"lineNumber":4,"author":{"gitId":"Phoebezzzi"},"content":"import Storage.TaskList;","lastModifiedDate":"2022-11-06"},{"lineNumber":5,"author":{"gitId":"Phoebezzzi"},"content":"import Ui.Ui;","lastModifiedDate":"2022-11-06"},{"lineNumber":6,"author":{"gitId":"Phoebezzzi"},"content":"","lastModifiedDate":"2022-11-06"},{"lineNumber":7,"author":{"gitId":"Phoebezzzi"},"content":"public class byebyeCommand extends Command{","lastModifiedDate":"2022-11-06"},{"lineNumber":8,"author":{"gitId":"Phoebezzzi"},"content":"","lastModifiedDate":"2022-11-06"},{"lineNumber":9,"author":{"gitId":"Phoebezzzi"},"content":"    public byebyeCommand(){","lastModifiedDate":"2022-11-06"},{"lineNumber":10,"author":{"gitId":"Phoebezzzi"},"content":"","lastModifiedDate":"2022-11-06"},{"lineNumber":11,"author":{"gitId":"Phoebezzzi"},"content":"    }","lastModifiedDate":"2022-11-06"},{"lineNumber":12,"author":{"gitId":"Phoebezzzi"},"content":"","lastModifiedDate":"2022-11-06"},{"lineNumber":13,"author":{"gitId":"Phoebezzzi"},"content":"","lastModifiedDate":"2022-11-06"},{"lineNumber":14,"author":{"gitId":"Phoebezzzi"},"content":"    @Override","lastModifiedDate":"2022-11-06"},{"lineNumber":15,"author":{"gitId":"Phoebezzzi"},"content":"    public void execute(TaskList tasks, Ui ui, Storage storage) {","lastModifiedDate":"2022-11-06"},{"lineNumber":16,"author":{"gitId":"Phoebezzzi"},"content":"        System.out.println(\"\\tBye. Hope to see you again soon!\");","lastModifiedDate":"2022-11-06"},{"lineNumber":17,"author":{"gitId":"Phoebezzzi"},"content":"//        storage.deleteFile();","lastModifiedDate":"2022-11-06"},{"lineNumber":18,"author":{"gitId":"Phoebezzzi"},"content":"//        System.exit(0);","lastModifiedDate":"2022-11-06"},{"lineNumber":19,"author":{"gitId":"Phoebezzzi"},"content":"    }","lastModifiedDate":"2022-11-06"},{"lineNumber":20,"author":{"gitId":"Phoebezzzi"},"content":"","lastModifiedDate":"2022-11-06"},{"lineNumber":21,"author":{"gitId":"Phoebezzzi"},"content":"    @Override","lastModifiedDate":"2022-11-06"},{"lineNumber":22,"author":{"gitId":"Phoebezzzi"},"content":"    public boolean isExit() {","lastModifiedDate":"2022-11-06"},{"lineNumber":23,"author":{"gitId":"Phoebezzzi"},"content":"        return true;","lastModifiedDate":"2022-11-06"},{"lineNumber":24,"author":{"gitId":"Phoebezzzi"},"content":"    }","lastModifiedDate":"2022-11-06"},{"lineNumber":25,"author":{"gitId":"Phoebezzzi"},"content":"}","lastModifiedDate":"2022-11-06"}],"authorContributionMap":{"Phoebezzzi":25}},{"path":"src/main/java/Command/deadlineCommand.java","fileType":"java","lines":[{"lineNumber":1,"author":{"gitId":"Phoebezzzi"},"content":"package Command;","lastModifiedDate":"2022-11-06"},{"lineNumber":2,"author":{"gitId":"Phoebezzzi"},"content":"","lastModifiedDate":"2022-11-06"},{"lineNumber":3,"author":{"gitId":"Phoebezzzi"},"content":"import Entity.Deadline;","lastModifiedDate":"2022-11-06"},{"lineNumber":4,"author":{"gitId":"Phoebezzzi"},"content":"import Storage.Storage;","lastModifiedDate":"2022-11-06"},{"lineNumber":5,"author":{"gitId":"Phoebezzzi"},"content":"import Storage.TaskList;","lastModifiedDate":"2022-11-06"},{"lineNumber":6,"author":{"gitId":"Phoebezzzi"},"content":"import Ui.Ui;","lastModifiedDate":"2022-11-06"},{"lineNumber":7,"author":{"gitId":"Phoebezzzi"},"content":"","lastModifiedDate":"2022-11-06"},{"lineNumber":8,"author":{"gitId":"Phoebezzzi"},"content":"public class deadlineCommand extends Command{","lastModifiedDate":"2022-11-06"},{"lineNumber":9,"author":{"gitId":"Phoebezzzi"},"content":"    private String detaildesp;","lastModifiedDate":"2022-11-06"},{"lineNumber":10,"author":{"gitId":"Phoebezzzi"},"content":"    private String by;","lastModifiedDate":"2022-11-06"},{"lineNumber":11,"author":{"gitId":"Phoebezzzi"},"content":"","lastModifiedDate":"2022-11-06"},{"lineNumber":12,"author":{"gitId":"Phoebezzzi"},"content":"    public deadlineCommand(String desp,String by){","lastModifiedDate":"2022-11-06"},{"lineNumber":13,"author":{"gitId":"Phoebezzzi"},"content":"        this.detaildesp\u003ddesp;","lastModifiedDate":"2022-11-06"},{"lineNumber":14,"author":{"gitId":"Phoebezzzi"},"content":"        this.by\u003dby;","lastModifiedDate":"2022-11-06"},{"lineNumber":15,"author":{"gitId":"Phoebezzzi"},"content":"    }","lastModifiedDate":"2022-11-06"},{"lineNumber":16,"author":{"gitId":"Phoebezzzi"},"content":"","lastModifiedDate":"2022-11-06"},{"lineNumber":17,"author":{"gitId":"Phoebezzzi"},"content":"    @Override","lastModifiedDate":"2022-11-06"},{"lineNumber":18,"author":{"gitId":"Phoebezzzi"},"content":"    public void execute(TaskList tasks, Ui ui, Storage storage) {","lastModifiedDate":"2022-11-06"},{"lineNumber":19,"author":{"gitId":"Phoebezzzi"},"content":"","lastModifiedDate":"2022-11-06"},{"lineNumber":20,"author":{"gitId":"Phoebezzzi"},"content":"        tasks.addTask(new Deadline(detaildesp,by));","lastModifiedDate":"2022-11-06"},{"lineNumber":21,"author":{"gitId":"Phoebezzzi"},"content":"        storage.persist(tasks);","lastModifiedDate":"2022-11-06"},{"lineNumber":22,"author":{"gitId":"Phoebezzzi"},"content":"    }","lastModifiedDate":"2022-11-06"},{"lineNumber":23,"author":{"gitId":"Phoebezzzi"},"content":"","lastModifiedDate":"2022-11-06"},{"lineNumber":24,"author":{"gitId":"Phoebezzzi"},"content":"    @Override","lastModifiedDate":"2022-11-06"},{"lineNumber":25,"author":{"gitId":"Phoebezzzi"},"content":"    public boolean isExit() {","lastModifiedDate":"2022-11-06"},{"lineNumber":26,"author":{"gitId":"Phoebezzzi"},"content":"        return false;","lastModifiedDate":"2022-11-06"},{"lineNumber":27,"author":{"gitId":"Phoebezzzi"},"content":"    }","lastModifiedDate":"2022-11-06"},{"lineNumber":28,"author":{"gitId":"Phoebezzzi"},"content":"}","lastModifiedDate":"2022-11-06"}],"authorContributionMap":{"Phoebezzzi":28}},{"path":"src/main/java/Command/deleteTaskCommand.java","fileType":"java","lines":[{"lineNumber":1,"author":{"gitId":"Phoebezzzi"},"content":"package Command;","lastModifiedDate":"2022-11-06"},{"lineNumber":2,"author":{"gitId":"Phoebezzzi"},"content":"","lastModifiedDate":"2022-11-06"},{"lineNumber":3,"author":{"gitId":"Phoebezzzi"},"content":"import Storage.Storage;","lastModifiedDate":"2022-11-06"},{"lineNumber":4,"author":{"gitId":"Phoebezzzi"},"content":"import Storage.TaskList;","lastModifiedDate":"2022-11-06"},{"lineNumber":5,"author":{"gitId":"Phoebezzzi"},"content":"import Ui.Ui;","lastModifiedDate":"2022-11-06"},{"lineNumber":6,"author":{"gitId":"Phoebezzzi"},"content":"","lastModifiedDate":"2022-11-06"},{"lineNumber":7,"author":{"gitId":"Phoebezzzi"},"content":"public class deleteTaskCommand extends Command{","lastModifiedDate":"2022-11-06"},{"lineNumber":8,"author":{"gitId":"Phoebezzzi"},"content":"    private int taskNumber;","lastModifiedDate":"2022-11-06"},{"lineNumber":9,"author":{"gitId":"Phoebezzzi"},"content":"","lastModifiedDate":"2022-11-06"},{"lineNumber":10,"author":{"gitId":"Phoebezzzi"},"content":"    public deleteTaskCommand(int taskNumner){","lastModifiedDate":"2022-11-06"},{"lineNumber":11,"author":{"gitId":"Phoebezzzi"},"content":"        this.taskNumber\u003dtaskNumner;","lastModifiedDate":"2022-11-06"},{"lineNumber":12,"author":{"gitId":"Phoebezzzi"},"content":"    }","lastModifiedDate":"2022-11-06"},{"lineNumber":13,"author":{"gitId":"Phoebezzzi"},"content":"","lastModifiedDate":"2022-11-06"},{"lineNumber":14,"author":{"gitId":"Phoebezzzi"},"content":"    @Override","lastModifiedDate":"2022-11-06"},{"lineNumber":15,"author":{"gitId":"Phoebezzzi"},"content":"    public void execute(TaskList tasks, Ui ui, Storage storage) {","lastModifiedDate":"2022-11-06"},{"lineNumber":16,"author":{"gitId":"Phoebezzzi"},"content":"","lastModifiedDate":"2022-11-06"},{"lineNumber":17,"author":{"gitId":"Phoebezzzi"},"content":"        tasks.deleteTask(taskNumber);","lastModifiedDate":"2022-11-06"},{"lineNumber":18,"author":{"gitId":"Phoebezzzi"},"content":"        storage.persist(tasks);","lastModifiedDate":"2022-11-06"},{"lineNumber":19,"author":{"gitId":"Phoebezzzi"},"content":"    }","lastModifiedDate":"2022-11-06"},{"lineNumber":20,"author":{"gitId":"Phoebezzzi"},"content":"","lastModifiedDate":"2022-11-06"},{"lineNumber":21,"author":{"gitId":"Phoebezzzi"},"content":"    @Override","lastModifiedDate":"2022-11-06"},{"lineNumber":22,"author":{"gitId":"Phoebezzzi"},"content":"    public boolean isExit() {","lastModifiedDate":"2022-11-06"},{"lineNumber":23,"author":{"gitId":"Phoebezzzi"},"content":"        return false;","lastModifiedDate":"2022-11-06"},{"lineNumber":24,"author":{"gitId":"Phoebezzzi"},"content":"    }","lastModifiedDate":"2022-11-06"},{"lineNumber":25,"author":{"gitId":"Phoebezzzi"},"content":"}","lastModifiedDate":"2022-11-06"}],"authorContributionMap":{"Phoebezzzi":25}},{"path":"src/main/java/Command/eventCommand.java","fileType":"java","lines":[{"lineNumber":1,"author":{"gitId":"Phoebezzzi"},"content":"package Command;","lastModifiedDate":"2022-11-06"},{"lineNumber":2,"author":{"gitId":"Phoebezzzi"},"content":"","lastModifiedDate":"2022-11-06"},{"lineNumber":3,"author":{"gitId":"Phoebezzzi"},"content":"import Entity.Event;","lastModifiedDate":"2022-11-06"},{"lineNumber":4,"author":{"gitId":"Phoebezzzi"},"content":"import Storage.Storage;","lastModifiedDate":"2022-11-06"},{"lineNumber":5,"author":{"gitId":"Phoebezzzi"},"content":"import Storage.TaskList;","lastModifiedDate":"2022-11-06"},{"lineNumber":6,"author":{"gitId":"Phoebezzzi"},"content":"import Ui.Ui;","lastModifiedDate":"2022-11-06"},{"lineNumber":7,"author":{"gitId":"Phoebezzzi"},"content":"","lastModifiedDate":"2022-11-06"},{"lineNumber":8,"author":{"gitId":"Phoebezzzi"},"content":"import java.io.IOException;","lastModifiedDate":"2022-11-06"},{"lineNumber":9,"author":{"gitId":"Phoebezzzi"},"content":"","lastModifiedDate":"2022-11-06"},{"lineNumber":10,"author":{"gitId":"Phoebezzzi"},"content":"public class eventCommand extends Command {","lastModifiedDate":"2022-11-06"},{"lineNumber":11,"author":{"gitId":"Phoebezzzi"},"content":"    private String detaildesp;","lastModifiedDate":"2022-11-06"},{"lineNumber":12,"author":{"gitId":"Phoebezzzi"},"content":"    private String at;","lastModifiedDate":"2022-11-06"},{"lineNumber":13,"author":{"gitId":"Phoebezzzi"},"content":"","lastModifiedDate":"2022-11-06"},{"lineNumber":14,"author":{"gitId":"Phoebezzzi"},"content":"    public eventCommand(String detaildesp,String at){","lastModifiedDate":"2022-11-06"},{"lineNumber":15,"author":{"gitId":"Phoebezzzi"},"content":"        this.detaildesp\u003ddetaildesp;","lastModifiedDate":"2022-11-06"},{"lineNumber":16,"author":{"gitId":"Phoebezzzi"},"content":"        this.at \u003d at;","lastModifiedDate":"2022-11-06"},{"lineNumber":17,"author":{"gitId":"Phoebezzzi"},"content":"    }","lastModifiedDate":"2022-11-06"},{"lineNumber":18,"author":{"gitId":"Phoebezzzi"},"content":"","lastModifiedDate":"2022-11-06"},{"lineNumber":19,"author":{"gitId":"Phoebezzzi"},"content":"    @Override","lastModifiedDate":"2022-11-06"},{"lineNumber":20,"author":{"gitId":"Phoebezzzi"},"content":"    public void execute(TaskList tasks, Ui ui, Storage storage){","lastModifiedDate":"2022-11-06"},{"lineNumber":21,"author":{"gitId":"Phoebezzzi"},"content":"        tasks.addTask(new Event(detaildesp,at));","lastModifiedDate":"2022-11-06"},{"lineNumber":22,"author":{"gitId":"Phoebezzzi"},"content":"        storage.persist(tasks);","lastModifiedDate":"2022-11-06"},{"lineNumber":23,"author":{"gitId":"Phoebezzzi"},"content":"    }","lastModifiedDate":"2022-11-06"},{"lineNumber":24,"author":{"gitId":"Phoebezzzi"},"content":"","lastModifiedDate":"2022-11-06"},{"lineNumber":25,"author":{"gitId":"Phoebezzzi"},"content":"    @Override","lastModifiedDate":"2022-11-06"},{"lineNumber":26,"author":{"gitId":"Phoebezzzi"},"content":"    public boolean isExit() {","lastModifiedDate":"2022-11-06"},{"lineNumber":27,"author":{"gitId":"Phoebezzzi"},"content":"        return false;","lastModifiedDate":"2022-11-06"},{"lineNumber":28,"author":{"gitId":"Phoebezzzi"},"content":"    }","lastModifiedDate":"2022-11-06"},{"lineNumber":29,"author":{"gitId":"Phoebezzzi"},"content":"}","lastModifiedDate":"2022-11-06"}],"authorContributionMap":{"Phoebezzzi":29}},{"path":"src/main/java/Command/listCommand.java","fileType":"java","lines":[{"lineNumber":1,"author":{"gitId":"Phoebezzzi"},"content":"package Command;","lastModifiedDate":"2022-11-06"},{"lineNumber":2,"author":{"gitId":"Phoebezzzi"},"content":"","lastModifiedDate":"2022-11-06"},{"lineNumber":3,"author":{"gitId":"Phoebezzzi"},"content":"import Storage.*;","lastModifiedDate":"2022-11-06"},{"lineNumber":4,"author":{"gitId":"Phoebezzzi"},"content":"import Storage.TaskList;","lastModifiedDate":"2022-11-06"},{"lineNumber":5,"author":{"gitId":"Phoebezzzi"},"content":"import Ui.Ui;","lastModifiedDate":"2022-11-06"},{"lineNumber":6,"author":{"gitId":"Phoebezzzi"},"content":"","lastModifiedDate":"2022-11-06"},{"lineNumber":7,"author":{"gitId":"Phoebezzzi"},"content":"public class listCommand extends Command{","lastModifiedDate":"2022-11-06"},{"lineNumber":8,"author":{"gitId":"Phoebezzzi"},"content":"//    private void execute(){","lastModifiedDate":"2022-11-06"},{"lineNumber":9,"author":{"gitId":"Phoebezzzi"},"content":"//        TaskList.printTasks();","lastModifiedDate":"2022-11-06"},{"lineNumber":10,"author":{"gitId":"Phoebezzzi"},"content":"//    }","lastModifiedDate":"2022-11-06"},{"lineNumber":11,"author":{"gitId":"Phoebezzzi"},"content":"","lastModifiedDate":"2022-11-06"},{"lineNumber":12,"author":{"gitId":"Phoebezzzi"},"content":"","lastModifiedDate":"2022-11-06"},{"lineNumber":13,"author":{"gitId":"Phoebezzzi"},"content":"    @Override","lastModifiedDate":"2022-11-06"},{"lineNumber":14,"author":{"gitId":"Phoebezzzi"},"content":"    public boolean isExit() {","lastModifiedDate":"2022-11-06"},{"lineNumber":15,"author":{"gitId":"Phoebezzzi"},"content":"        return false;","lastModifiedDate":"2022-11-06"},{"lineNumber":16,"author":{"gitId":"Phoebezzzi"},"content":"    }","lastModifiedDate":"2022-11-06"},{"lineNumber":17,"author":{"gitId":"Phoebezzzi"},"content":"","lastModifiedDate":"2022-11-06"},{"lineNumber":18,"author":{"gitId":"Phoebezzzi"},"content":"    @Override","lastModifiedDate":"2022-11-06"},{"lineNumber":19,"author":{"gitId":"Phoebezzzi"},"content":"    public void execute(TaskList tasks, Ui ui, Storage storage) {","lastModifiedDate":"2022-11-06"},{"lineNumber":20,"author":{"gitId":"Phoebezzzi"},"content":"        tasks.printTasks();","lastModifiedDate":"2022-11-06"},{"lineNumber":21,"author":{"gitId":"Phoebezzzi"},"content":"    }","lastModifiedDate":"2022-11-06"},{"lineNumber":22,"author":{"gitId":"Phoebezzzi"},"content":"}","lastModifiedDate":"2022-11-06"}],"authorContributionMap":{"Phoebezzzi":22}},{"path":"src/main/java/Command/markCommand.java","fileType":"java","lines":[{"lineNumber":1,"author":{"gitId":"Phoebezzzi"},"content":"package Command;","lastModifiedDate":"2022-11-06"},{"lineNumber":2,"author":{"gitId":"Phoebezzzi"},"content":"","lastModifiedDate":"2022-11-06"},{"lineNumber":3,"author":{"gitId":"Phoebezzzi"},"content":"import Storage.Storage;","lastModifiedDate":"2022-11-06"},{"lineNumber":4,"author":{"gitId":"Phoebezzzi"},"content":"import Storage.TaskList;","lastModifiedDate":"2022-11-06"},{"lineNumber":5,"author":{"gitId":"Phoebezzzi"},"content":"import Ui.Ui;","lastModifiedDate":"2022-11-06"},{"lineNumber":6,"author":{"gitId":"Phoebezzzi"},"content":"","lastModifiedDate":"2022-11-06"},{"lineNumber":7,"author":{"gitId":"Phoebezzzi"},"content":"public class markCommand extends Command {","lastModifiedDate":"2022-11-06"},{"lineNumber":8,"author":{"gitId":"Phoebezzzi"},"content":"    private int index;","lastModifiedDate":"2022-11-06"},{"lineNumber":9,"author":{"gitId":"Phoebezzzi"},"content":"","lastModifiedDate":"2022-11-06"},{"lineNumber":10,"author":{"gitId":"Phoebezzzi"},"content":"    public markCommand(int taskNumber){","lastModifiedDate":"2022-11-06"},{"lineNumber":11,"author":{"gitId":"Phoebezzzi"},"content":"        this.index \u003d taskNumber-1;","lastModifiedDate":"2022-11-06"},{"lineNumber":12,"author":{"gitId":"Phoebezzzi"},"content":"    }","lastModifiedDate":"2022-11-06"},{"lineNumber":13,"author":{"gitId":"Phoebezzzi"},"content":"","lastModifiedDate":"2022-11-06"},{"lineNumber":14,"author":{"gitId":"Phoebezzzi"},"content":"    public void execute(TaskList tasks, Ui ui, Storage storage) {","lastModifiedDate":"2022-11-06"},{"lineNumber":15,"author":{"gitId":"Phoebezzzi"},"content":"        tasks.getTasks(index).updateStatus(true);","lastModifiedDate":"2022-11-06"},{"lineNumber":16,"author":{"gitId":"Phoebezzzi"},"content":"        ui.marktaskAsDone();","lastModifiedDate":"2022-11-06"},{"lineNumber":17,"author":{"gitId":"Phoebezzzi"},"content":"        tasks.printTasks();","lastModifiedDate":"2022-11-06"},{"lineNumber":18,"author":{"gitId":"Phoebezzzi"},"content":"//        todo : add in storage function here","lastModifiedDate":"2022-11-06"},{"lineNumber":19,"author":{"gitId":"Phoebezzzi"},"content":"    }","lastModifiedDate":"2022-11-06"},{"lineNumber":20,"author":{"gitId":"Phoebezzzi"},"content":"","lastModifiedDate":"2022-11-06"},{"lineNumber":21,"author":{"gitId":"Phoebezzzi"},"content":"    @Override","lastModifiedDate":"2022-11-06"},{"lineNumber":22,"author":{"gitId":"Phoebezzzi"},"content":"    public boolean isExit() {","lastModifiedDate":"2022-11-06"},{"lineNumber":23,"author":{"gitId":"Phoebezzzi"},"content":"        return false;","lastModifiedDate":"2022-11-06"},{"lineNumber":24,"author":{"gitId":"Phoebezzzi"},"content":"    }","lastModifiedDate":"2022-11-06"},{"lineNumber":25,"author":{"gitId":"Phoebezzzi"},"content":"","lastModifiedDate":"2022-11-06"},{"lineNumber":26,"author":{"gitId":"Phoebezzzi"},"content":"}","lastModifiedDate":"2022-11-06"}],"authorContributionMap":{"Phoebezzzi":26}},{"path":"src/main/java/Command/todoCommand.java","fileType":"java","lines":[{"lineNumber":1,"author":{"gitId":"Phoebezzzi"},"content":"package Command;","lastModifiedDate":"2022-11-06"},{"lineNumber":2,"author":{"gitId":"Phoebezzzi"},"content":"","lastModifiedDate":"2022-11-06"},{"lineNumber":3,"author":{"gitId":"Phoebezzzi"},"content":"import Entity.Todo;","lastModifiedDate":"2022-11-06"},{"lineNumber":4,"author":{"gitId":"Phoebezzzi"},"content":"import Storage.Storage;","lastModifiedDate":"2022-11-06"},{"lineNumber":5,"author":{"gitId":"Phoebezzzi"},"content":"import Storage.TaskList;","lastModifiedDate":"2022-11-06"},{"lineNumber":6,"author":{"gitId":"Phoebezzzi"},"content":"import Ui.Ui;","lastModifiedDate":"2022-11-06"},{"lineNumber":7,"author":{"gitId":"Phoebezzzi"},"content":"","lastModifiedDate":"2022-11-06"},{"lineNumber":8,"author":{"gitId":"Phoebezzzi"},"content":"public class todoCommand extends Command{","lastModifiedDate":"2022-11-06"},{"lineNumber":9,"author":{"gitId":"Phoebezzzi"},"content":"    private String todoDetails;","lastModifiedDate":"2022-11-06"},{"lineNumber":10,"author":{"gitId":"Phoebezzzi"},"content":"    public todoCommand(String taskdetails){","lastModifiedDate":"2022-11-06"},{"lineNumber":11,"author":{"gitId":"Phoebezzzi"},"content":"        this.todoDetails \u003d taskdetails;","lastModifiedDate":"2022-11-06"},{"lineNumber":12,"author":{"gitId":"Phoebezzzi"},"content":"    }","lastModifiedDate":"2022-11-06"},{"lineNumber":13,"author":{"gitId":"Phoebezzzi"},"content":"    @Override","lastModifiedDate":"2022-11-06"},{"lineNumber":14,"author":{"gitId":"Phoebezzzi"},"content":"    public void execute(TaskList tasks, Ui ui, Storage storage) {","lastModifiedDate":"2022-11-06"},{"lineNumber":15,"author":{"gitId":"Phoebezzzi"},"content":"        System.out.println(todoDetails);","lastModifiedDate":"2022-11-06"},{"lineNumber":16,"author":{"gitId":"Phoebezzzi"},"content":"        tasks.addTask(new Todo(todoDetails));","lastModifiedDate":"2022-11-06"},{"lineNumber":17,"author":{"gitId":"Phoebezzzi"},"content":"//        System.out.println(\"execute addtask command\");","lastModifiedDate":"2022-11-06"},{"lineNumber":18,"author":{"gitId":"Phoebezzzi"},"content":"    }","lastModifiedDate":"2022-11-06"},{"lineNumber":19,"author":{"gitId":"Phoebezzzi"},"content":"","lastModifiedDate":"2022-11-06"},{"lineNumber":20,"author":{"gitId":"Phoebezzzi"},"content":"    @Override","lastModifiedDate":"2022-11-06"},{"lineNumber":21,"author":{"gitId":"Phoebezzzi"},"content":"    public boolean isExit() {","lastModifiedDate":"2022-11-06"},{"lineNumber":22,"author":{"gitId":"Phoebezzzi"},"content":"        return false;","lastModifiedDate":"2022-11-06"},{"lineNumber":23,"author":{"gitId":"Phoebezzzi"},"content":"    }","lastModifiedDate":"2022-11-06"},{"lineNumber":24,"author":{"gitId":"Phoebezzzi"},"content":"}","lastModifiedDate":"2022-11-06"}],"authorContributionMap":{"Phoebezzzi":24}},{"path":"src/main/java/Command/unmarkCommand.java","fileType":"java","lines":[{"lineNumber":1,"author":{"gitId":"Phoebezzzi"},"content":"package Command;","lastModifiedDate":"2022-11-06"},{"lineNumber":2,"author":{"gitId":"Phoebezzzi"},"content":"","lastModifiedDate":"2022-11-06"},{"lineNumber":3,"author":{"gitId":"Phoebezzzi"},"content":"import Entity.Task;","lastModifiedDate":"2022-11-06"},{"lineNumber":4,"author":{"gitId":"Phoebezzzi"},"content":"import Storage.Storage;","lastModifiedDate":"2022-11-06"},{"lineNumber":5,"author":{"gitId":"Phoebezzzi"},"content":"import Storage.TaskList;","lastModifiedDate":"2022-11-06"},{"lineNumber":6,"author":{"gitId":"Phoebezzzi"},"content":"import Ui.Ui;","lastModifiedDate":"2022-11-06"},{"lineNumber":7,"author":{"gitId":"Phoebezzzi"},"content":"","lastModifiedDate":"2022-11-06"},{"lineNumber":8,"author":{"gitId":"Phoebezzzi"},"content":"public class unmarkCommand extends Command{","lastModifiedDate":"2022-11-06"},{"lineNumber":9,"author":{"gitId":"Phoebezzzi"},"content":"    private int index;","lastModifiedDate":"2022-11-06"},{"lineNumber":10,"author":{"gitId":"Phoebezzzi"},"content":"","lastModifiedDate":"2022-11-06"},{"lineNumber":11,"author":{"gitId":"Phoebezzzi"},"content":"    public unmarkCommand(int taskNumber){","lastModifiedDate":"2022-11-06"},{"lineNumber":12,"author":{"gitId":"Phoebezzzi"},"content":"        this.index \u003d taskNumber-1;","lastModifiedDate":"2022-11-06"},{"lineNumber":13,"author":{"gitId":"Phoebezzzi"},"content":"    }","lastModifiedDate":"2022-11-06"},{"lineNumber":14,"author":{"gitId":"Phoebezzzi"},"content":"","lastModifiedDate":"2022-11-06"},{"lineNumber":15,"author":{"gitId":"Phoebezzzi"},"content":"    public void execute(TaskList tasks, Ui ui, Storage storage) {","lastModifiedDate":"2022-11-06"},{"lineNumber":16,"author":{"gitId":"Phoebezzzi"},"content":"        Task task \u003d tasks.getTasks(index);","lastModifiedDate":"2022-11-06"},{"lineNumber":17,"author":{"gitId":"Phoebezzzi"},"content":"        task.updateStatus(false);","lastModifiedDate":"2022-11-06"},{"lineNumber":18,"author":{"gitId":"Phoebezzzi"},"content":"        ui.unmarkTask();","lastModifiedDate":"2022-11-06"},{"lineNumber":19,"author":{"gitId":"Phoebezzzi"},"content":"        ui.printTaskStatus(task);","lastModifiedDate":"2022-11-06"},{"lineNumber":20,"author":{"gitId":"Phoebezzzi"},"content":"        tasks.printTasks();","lastModifiedDate":"2022-11-06"},{"lineNumber":21,"author":{"gitId":"Phoebezzzi"},"content":"//        todo : add in storage function here","lastModifiedDate":"2022-11-06"},{"lineNumber":22,"author":{"gitId":"Phoebezzzi"},"content":"    }","lastModifiedDate":"2022-11-06"},{"lineNumber":23,"author":{"gitId":"Phoebezzzi"},"content":"","lastModifiedDate":"2022-11-06"},{"lineNumber":24,"author":{"gitId":"Phoebezzzi"},"content":"    @Override","lastModifiedDate":"2022-11-06"},{"lineNumber":25,"author":{"gitId":"Phoebezzzi"},"content":"    public boolean isExit() {","lastModifiedDate":"2022-11-06"},{"lineNumber":26,"author":{"gitId":"Phoebezzzi"},"content":"        return false;","lastModifiedDate":"2022-11-06"},{"lineNumber":27,"author":{"gitId":"Phoebezzzi"},"content":"    }","lastModifiedDate":"2022-11-06"},{"lineNumber":28,"author":{"gitId":"Phoebezzzi"},"content":"","lastModifiedDate":"2022-11-06"},{"lineNumber":29,"author":{"gitId":"Phoebezzzi"},"content":"}","lastModifiedDate":"2022-11-06"}],"authorContributionMap":{"Phoebezzzi":29}},{"path":"src/main/java/Duke.java","fileType":"java","lines":[{"lineNumber":1,"author":{"gitId":"Phoebezzzi"},"content":"import Command.Command;","lastModifiedDate":"2022-11-06"},{"lineNumber":2,"author":{"gitId":"Phoebezzzi"},"content":"import exception.CommandInvalidException;","lastModifiedDate":"2022-11-06"},{"lineNumber":3,"author":{"gitId":"Phoebezzzi"},"content":"import exception.LackDetailsException;","lastModifiedDate":"2022-11-06"},{"lineNumber":4,"author":{"gitId":"Phoebezzzi"},"content":"import Storage.Storage;","lastModifiedDate":"2022-11-06"},{"lineNumber":5,"author":{"gitId":"Phoebezzzi"},"content":"import Storage.TaskList;","lastModifiedDate":"2022-11-06"},{"lineNumber":6,"author":{"gitId":"Phoebezzzi"},"content":"import Ui.Ui;","lastModifiedDate":"2022-11-06"},{"lineNumber":7,"author":{"gitId":"Phoebezzzi"},"content":"import exception.UnknownException;","lastModifiedDate":"2022-11-06"},{"lineNumber":8,"author":{"gitId":"Phoebezzzi"},"content":"","lastModifiedDate":"2022-10-03"},{"lineNumber":9,"author":{"gitId":"Phoebezzzi"},"content":"import java.io.FileNotFoundException;","lastModifiedDate":"2022-11-06"},{"lineNumber":10,"author":{"gitId":"Phoebezzzi"},"content":"","lastModifiedDate":"2022-09-02"},{"lineNumber":11,"author":{"gitId":"-"},"content":"public class Duke {","lastModifiedDate":"2019-07-29"},{"lineNumber":12,"author":{"gitId":"Phoebezzzi"},"content":"    private Storage storage;","lastModifiedDate":"2022-11-06"},{"lineNumber":13,"author":{"gitId":"Phoebezzzi"},"content":"//    private TaskList tasks \u003d TaskList.getInstance();","lastModifiedDate":"2022-11-06"},{"lineNumber":14,"author":{"gitId":"Phoebezzzi"},"content":"    private TaskList tasks;","lastModifiedDate":"2022-11-06"},{"lineNumber":15,"author":{"gitId":"Phoebezzzi"},"content":"    private Ui ui;","lastModifiedDate":"2022-11-06"},{"lineNumber":16,"author":{"gitId":"Phoebezzzi"},"content":"","lastModifiedDate":"2022-09-13"},{"lineNumber":17,"author":{"gitId":"Phoebezzzi"},"content":"","lastModifiedDate":"2022-10-03"},{"lineNumber":18,"author":{"gitId":"Phoebezzzi"},"content":"    public Duke(String filePath){","lastModifiedDate":"2022-11-06"},{"lineNumber":19,"author":{"gitId":"Phoebezzzi"},"content":"        ui \u003d new Ui();","lastModifiedDate":"2022-11-06"},{"lineNumber":20,"author":{"gitId":"Phoebezzzi"},"content":"        storage \u003d new Storage(filePath);","lastModifiedDate":"2022-11-06"},{"lineNumber":21,"author":{"gitId":"Phoebezzzi"},"content":"        try {","lastModifiedDate":"2022-10-23"},{"lineNumber":22,"author":{"gitId":"Phoebezzzi"},"content":"            tasks \u003d new TaskList (storage.load());","lastModifiedDate":"2022-11-06"},{"lineNumber":23,"author":{"gitId":"Phoebezzzi"},"content":"        } catch (FileNotFoundException e) {","lastModifiedDate":"2022-11-06"},{"lineNumber":24,"author":{"gitId":"Phoebezzzi"},"content":"            ui.showLoadingError();","lastModifiedDate":"2022-11-06"},{"lineNumber":25,"author":{"gitId":"Phoebezzzi"},"content":"            tasks \u003d new TaskList();","lastModifiedDate":"2022-11-06"},{"lineNumber":26,"author":{"gitId":"Phoebezzzi"},"content":"        }","lastModifiedDate":"2022-10-23"},{"lineNumber":27,"author":{"gitId":"Phoebezzzi"},"content":"    }","lastModifiedDate":"2022-10-23"},{"lineNumber":28,"author":{"gitId":"Phoebezzzi"},"content":"","lastModifiedDate":"2022-10-03"},{"lineNumber":29,"author":{"gitId":"Phoebezzzi"},"content":"    public void run(){","lastModifiedDate":"2022-11-06"},{"lineNumber":30,"author":{"gitId":"Phoebezzzi"},"content":"        ui.showWelcome();","lastModifiedDate":"2022-11-06"},{"lineNumber":31,"author":{"gitId":"Phoebezzzi"},"content":"        boolean isExit \u003d false;","lastModifiedDate":"2022-11-06"},{"lineNumber":32,"author":{"gitId":"Phoebezzzi"},"content":"        while (!isExit) {","lastModifiedDate":"2022-11-06"},{"lineNumber":33,"author":{"gitId":"Phoebezzzi"},"content":"            try {","lastModifiedDate":"2022-10-23"},{"lineNumber":34,"author":{"gitId":"Phoebezzzi"},"content":"                String fullCommand \u003d ui.readCommand();","lastModifiedDate":"2022-11-06"},{"lineNumber":35,"author":{"gitId":"Phoebezzzi"},"content":"                ui.showLine(); // show the divider line (\"_______\")","lastModifiedDate":"2022-11-06"},{"lineNumber":36,"author":{"gitId":"Phoebezzzi"},"content":"                Command c \u003d  new Parser().parse(fullCommand);","lastModifiedDate":"2022-11-06"},{"lineNumber":37,"author":{"gitId":"Phoebezzzi"},"content":"                c.execute(tasks, ui, storage);","lastModifiedDate":"2022-11-06"},{"lineNumber":38,"author":{"gitId":"Phoebezzzi"},"content":"                isExit \u003d c.isExit();","lastModifiedDate":"2022-11-06"},{"lineNumber":39,"author":{"gitId":"Phoebezzzi"},"content":"            } catch (LackDetailsException | UnknownException | CommandInvalidException e) {","lastModifiedDate":"2022-11-06"},{"lineNumber":40,"author":{"gitId":"Phoebezzzi"},"content":"                ui.showError(e.getMessage());","lastModifiedDate":"2022-11-06"},{"lineNumber":41,"author":{"gitId":"Phoebezzzi"},"content":"            } finally {","lastModifiedDate":"2022-11-06"},{"lineNumber":42,"author":{"gitId":"Phoebezzzi"},"content":"                ui.showLine();","lastModifiedDate":"2022-11-06"},{"lineNumber":43,"author":{"gitId":"Phoebezzzi"},"content":"            }","lastModifiedDate":"2022-10-23"},{"lineNumber":44,"author":{"gitId":"Phoebezzzi"},"content":"        }","lastModifiedDate":"2022-09-04"},{"lineNumber":45,"author":{"gitId":"Phoebezzzi"},"content":"    }","lastModifiedDate":"2022-09-02"},{"lineNumber":46,"author":{"gitId":"Phoebezzzi"},"content":"","lastModifiedDate":"2022-09-02"},{"lineNumber":47,"author":{"gitId":"-"},"content":"    public static void main(String[] args) {","lastModifiedDate":"2022-11-06"},{"lineNumber":48,"author":{"gitId":"Phoebezzzi"},"content":"        new Duke(\"data/tasks.txt\").run();","lastModifiedDate":"2022-11-06"},{"lineNumber":49,"author":{"gitId":"-"},"content":"    }","lastModifiedDate":"2019-07-29"},{"lineNumber":50,"author":{"gitId":"-"},"content":"}","lastModifiedDate":"2019-07-29"},{"lineNumber":51,"author":{"gitId":"Phoebezzzi"},"content":"","lastModifiedDate":"2022-09-04"},{"lineNumber":52,"author":{"gitId":"Phoebezzzi"},"content":"","lastModifiedDate":"2022-09-04"}],"authorContributionMap":{"Phoebezzzi":48,"-":4}},{"path":"src/main/java/Entity/Deadline.java","fileType":"java","lines":[{"lineNumber":1,"author":{"gitId":"Phoebezzzi"},"content":"package Entity;","lastModifiedDate":"2022-10-03"},{"lineNumber":2,"author":{"gitId":"Phoebezzzi"},"content":"","lastModifiedDate":"2022-10-03"},{"lineNumber":3,"author":{"gitId":"Phoebezzzi"},"content":"import Entity.Task;","lastModifiedDate":"2022-10-03"},{"lineNumber":4,"author":{"gitId":"Phoebezzzi"},"content":"","lastModifiedDate":"2022-10-03"},{"lineNumber":5,"author":{"gitId":"Phoebezzzi"},"content":"public class Deadline extends Task {","lastModifiedDate":"2022-10-03"},{"lineNumber":6,"author":{"gitId":"Phoebezzzi"},"content":"    protected String by;","lastModifiedDate":"2022-10-03"},{"lineNumber":7,"author":{"gitId":"Phoebezzzi"},"content":"","lastModifiedDate":"2022-10-03"},{"lineNumber":8,"author":{"gitId":"Phoebezzzi"},"content":"    public Deadline(String description, String by) {","lastModifiedDate":"2022-10-03"},{"lineNumber":9,"author":{"gitId":"Phoebezzzi"},"content":"        super(description);","lastModifiedDate":"2022-10-03"},{"lineNumber":10,"author":{"gitId":"Phoebezzzi"},"content":"        this.by \u003d by;","lastModifiedDate":"2022-10-03"},{"lineNumber":11,"author":{"gitId":"Phoebezzzi"},"content":"        this.type \u003d \"D\";","lastModifiedDate":"2022-11-06"},{"lineNumber":12,"author":{"gitId":"Phoebezzzi"},"content":"    }","lastModifiedDate":"2022-10-03"},{"lineNumber":13,"author":{"gitId":"Phoebezzzi"},"content":"","lastModifiedDate":"2022-10-03"},{"lineNumber":14,"author":{"gitId":"Phoebezzzi"},"content":"    @Override","lastModifiedDate":"2022-10-03"},{"lineNumber":15,"author":{"gitId":"Phoebezzzi"},"content":"    public void print(){","lastModifiedDate":"2022-10-03"},{"lineNumber":16,"author":{"gitId":"Phoebezzzi"},"content":"        System.out.println(getDescription());","lastModifiedDate":"2022-10-03"},{"lineNumber":17,"author":{"gitId":"Phoebezzzi"},"content":"    }","lastModifiedDate":"2022-10-03"},{"lineNumber":18,"author":{"gitId":"Phoebezzzi"},"content":"","lastModifiedDate":"2022-10-03"},{"lineNumber":19,"author":{"gitId":"Phoebezzzi"},"content":"    @Override","lastModifiedDate":"2022-11-06"},{"lineNumber":20,"author":{"gitId":"Phoebezzzi"},"content":"    public String toDisk() {","lastModifiedDate":"2022-11-06"},{"lineNumber":21,"author":{"gitId":"Phoebezzzi"},"content":"//        D | 0 | return book | June 6th","lastModifiedDate":"2022-11-06"},{"lineNumber":22,"author":{"gitId":"Phoebezzzi"},"content":"        return type + \" | \" + ((isDone) ? \"1\" : \"0\") + \" | \" + description + \" | \"+by;","lastModifiedDate":"2022-11-06"},{"lineNumber":23,"author":{"gitId":"Phoebezzzi"},"content":"    }","lastModifiedDate":"2022-11-06"},{"lineNumber":24,"author":{"gitId":"Phoebezzzi"},"content":"","lastModifiedDate":"2022-11-06"},{"lineNumber":25,"author":{"gitId":"Phoebezzzi"},"content":"    @Override","lastModifiedDate":"2022-10-03"},{"lineNumber":26,"author":{"gitId":"Phoebezzzi"},"content":"    public String getDescription() {","lastModifiedDate":"2022-10-03"},{"lineNumber":27,"author":{"gitId":"Phoebezzzi"},"content":"        String description \u003d String.format(\"\\t [D][%s] %s (by: %s) \",this.getStatusIcon(),this.description,by);","lastModifiedDate":"2022-10-03"},{"lineNumber":28,"author":{"gitId":"Phoebezzzi"},"content":"        return description;","lastModifiedDate":"2022-10-03"},{"lineNumber":29,"author":{"gitId":"Phoebezzzi"},"content":"    }","lastModifiedDate":"2022-10-03"},{"lineNumber":30,"author":{"gitId":"Phoebezzzi"},"content":"","lastModifiedDate":"2022-10-03"},{"lineNumber":31,"author":{"gitId":"Phoebezzzi"},"content":"","lastModifiedDate":"2022-10-03"},{"lineNumber":32,"author":{"gitId":"Phoebezzzi"},"content":"","lastModifiedDate":"2022-10-03"},{"lineNumber":33,"author":{"gitId":"Phoebezzzi"},"content":"","lastModifiedDate":"2022-10-03"},{"lineNumber":34,"author":{"gitId":"Phoebezzzi"},"content":"}","lastModifiedDate":"2022-10-03"}],"authorContributionMap":{"Phoebezzzi":34}},{"path":"src/main/java/Entity/Event.java","fileType":"java","lines":[{"lineNumber":1,"author":{"gitId":"Phoebezzzi"},"content":"package Entity;","lastModifiedDate":"2022-10-03"},{"lineNumber":2,"author":{"gitId":"Phoebezzzi"},"content":"","lastModifiedDate":"2022-10-03"},{"lineNumber":3,"author":{"gitId":"Phoebezzzi"},"content":"public class Event extends Task{","lastModifiedDate":"2022-10-03"},{"lineNumber":4,"author":{"gitId":"Phoebezzzi"},"content":"    protected String at;","lastModifiedDate":"2022-10-03"},{"lineNumber":5,"author":{"gitId":"Phoebezzzi"},"content":"//    protected String time;","lastModifiedDate":"2022-10-03"},{"lineNumber":6,"author":{"gitId":"Phoebezzzi"},"content":"","lastModifiedDate":"2022-10-03"},{"lineNumber":7,"author":{"gitId":"Phoebezzzi"},"content":"    public Event(String description, String at) {","lastModifiedDate":"2022-10-03"},{"lineNumber":8,"author":{"gitId":"Phoebezzzi"},"content":"        super(description);","lastModifiedDate":"2022-10-03"},{"lineNumber":9,"author":{"gitId":"Phoebezzzi"},"content":"        this.at \u003d at;","lastModifiedDate":"2022-10-03"},{"lineNumber":10,"author":{"gitId":"Phoebezzzi"},"content":"        this.type \u003d \"E\";","lastModifiedDate":"2022-11-06"},{"lineNumber":11,"author":{"gitId":"Phoebezzzi"},"content":"//        this.time \u003d time;","lastModifiedDate":"2022-10-03"},{"lineNumber":12,"author":{"gitId":"Phoebezzzi"},"content":"    }","lastModifiedDate":"2022-10-03"},{"lineNumber":13,"author":{"gitId":"Phoebezzzi"},"content":"","lastModifiedDate":"2022-10-03"},{"lineNumber":14,"author":{"gitId":"Phoebezzzi"},"content":"    @Override","lastModifiedDate":"2022-10-03"},{"lineNumber":15,"author":{"gitId":"Phoebezzzi"},"content":"    public void print(){","lastModifiedDate":"2022-10-03"},{"lineNumber":16,"author":{"gitId":"Phoebezzzi"},"content":"//        String description \u003d String.format(\"\\t[E][%s] %s (at: %s %s) \",this.getStatusIcon(),this.description,by);","lastModifiedDate":"2022-10-03"},{"lineNumber":17,"author":{"gitId":"Phoebezzzi"},"content":"        System.out.println(getDescription());","lastModifiedDate":"2022-10-03"},{"lineNumber":18,"author":{"gitId":"Phoebezzzi"},"content":"    }","lastModifiedDate":"2022-10-03"},{"lineNumber":19,"author":{"gitId":"Phoebezzzi"},"content":"","lastModifiedDate":"2022-10-03"},{"lineNumber":20,"author":{"gitId":"Phoebezzzi"},"content":"    @Override","lastModifiedDate":"2022-11-06"},{"lineNumber":21,"author":{"gitId":"Phoebezzzi"},"content":"    public String toDisk() {","lastModifiedDate":"2022-11-06"},{"lineNumber":22,"author":{"gitId":"Phoebezzzi"},"content":"//        E | 0 | project meeting | Aug 6th 2-4pm","lastModifiedDate":"2022-11-06"},{"lineNumber":23,"author":{"gitId":"Phoebezzzi"},"content":"        return type + \" | \" + ((isDone) ? \"1\" : \"0\") + \" | \" + description + \" | \"+at;","lastModifiedDate":"2022-11-06"},{"lineNumber":24,"author":{"gitId":"Phoebezzzi"},"content":"    }","lastModifiedDate":"2022-11-06"},{"lineNumber":25,"author":{"gitId":"Phoebezzzi"},"content":"","lastModifiedDate":"2022-11-06"},{"lineNumber":26,"author":{"gitId":"Phoebezzzi"},"content":"    @Override","lastModifiedDate":"2022-10-03"},{"lineNumber":27,"author":{"gitId":"Phoebezzzi"},"content":"    public String getDescription() {","lastModifiedDate":"2022-10-03"},{"lineNumber":28,"author":{"gitId":"Phoebezzzi"},"content":"        String description \u003d String.format(\"\\t [%s][%s] %s (at: %s) \",this.type,this.getStatusIcon(),this.description,at);","lastModifiedDate":"2022-11-06"},{"lineNumber":29,"author":{"gitId":"Phoebezzzi"},"content":"        return description;","lastModifiedDate":"2022-10-03"},{"lineNumber":30,"author":{"gitId":"Phoebezzzi"},"content":"    }","lastModifiedDate":"2022-10-03"},{"lineNumber":31,"author":{"gitId":"Phoebezzzi"},"content":"}","lastModifiedDate":"2022-10-03"}],"authorContributionMap":{"Phoebezzzi":31}},{"path":"src/main/java/Entity/Task.java","fileType":"java","lines":[{"lineNumber":1,"author":{"gitId":"Phoebezzzi"},"content":"package Entity;","lastModifiedDate":"2022-10-03"},{"lineNumber":2,"author":{"gitId":"Phoebezzzi"},"content":"","lastModifiedDate":"2022-10-03"},{"lineNumber":3,"author":{"gitId":"Phoebezzzi"},"content":"import jdk.jshell.spi.ExecutionControl;","lastModifiedDate":"2022-09-15"},{"lineNumber":4,"author":{"gitId":"Phoebezzzi"},"content":"","lastModifiedDate":"2022-09-15"},{"lineNumber":5,"author":{"gitId":"Phoebezzzi"},"content":"public class Task {","lastModifiedDate":"2022-09-13"},{"lineNumber":6,"author":{"gitId":"Phoebezzzi"},"content":"    protected String description;","lastModifiedDate":"2022-09-13"},{"lineNumber":7,"author":{"gitId":"Phoebezzzi"},"content":"    protected String type;","lastModifiedDate":"2022-11-06"},{"lineNumber":8,"author":{"gitId":"Phoebezzzi"},"content":"    protected boolean isDone;","lastModifiedDate":"2022-09-13"},{"lineNumber":9,"author":{"gitId":"Phoebezzzi"},"content":"    static int taskCount \u003d0;","lastModifiedDate":"2022-09-13"},{"lineNumber":10,"author":{"gitId":"Phoebezzzi"},"content":"","lastModifiedDate":"2022-09-13"},{"lineNumber":11,"author":{"gitId":"Phoebezzzi"},"content":"    public Task(String description) {","lastModifiedDate":"2022-09-13"},{"lineNumber":12,"author":{"gitId":"Phoebezzzi"},"content":"        this.description \u003d description;","lastModifiedDate":"2022-09-13"},{"lineNumber":13,"author":{"gitId":"Phoebezzzi"},"content":"        this.isDone \u003d false;","lastModifiedDate":"2022-09-13"},{"lineNumber":14,"author":{"gitId":"Phoebezzzi"},"content":"        taskCount ++;","lastModifiedDate":"2022-09-13"},{"lineNumber":15,"author":{"gitId":"Phoebezzzi"},"content":"    }","lastModifiedDate":"2022-09-13"},{"lineNumber":16,"author":{"gitId":"Phoebezzzi"},"content":"","lastModifiedDate":"2022-09-13"},{"lineNumber":17,"author":{"gitId":"Phoebezzzi"},"content":"    public Task(String description, String type, boolean isDone) {","lastModifiedDate":"2022-11-06"},{"lineNumber":18,"author":{"gitId":"Phoebezzzi"},"content":"        this.description \u003d description;","lastModifiedDate":"2022-11-06"},{"lineNumber":19,"author":{"gitId":"Phoebezzzi"},"content":"        this.type \u003d type;","lastModifiedDate":"2022-11-06"},{"lineNumber":20,"author":{"gitId":"Phoebezzzi"},"content":"        this.isDone \u003d isDone;","lastModifiedDate":"2022-11-06"},{"lineNumber":21,"author":{"gitId":"Phoebezzzi"},"content":"    }","lastModifiedDate":"2022-11-06"},{"lineNumber":22,"author":{"gitId":"Phoebezzzi"},"content":"","lastModifiedDate":"2022-11-06"},{"lineNumber":23,"author":{"gitId":"Phoebezzzi"},"content":"    public String getStatusIcon() {","lastModifiedDate":"2022-09-13"},{"lineNumber":24,"author":{"gitId":"Phoebezzzi"},"content":"        return (isDone ? \"X\" : \" \"); // mark done task with X","lastModifiedDate":"2022-09-13"},{"lineNumber":25,"author":{"gitId":"Phoebezzzi"},"content":"    }","lastModifiedDate":"2022-09-13"},{"lineNumber":26,"author":{"gitId":"Phoebezzzi"},"content":"","lastModifiedDate":"2022-09-13"},{"lineNumber":27,"author":{"gitId":"Phoebezzzi"},"content":"    public String getDescription() {","lastModifiedDate":"2022-09-13"},{"lineNumber":28,"author":{"gitId":"Phoebezzzi"},"content":"        return description;","lastModifiedDate":"2022-09-13"},{"lineNumber":29,"author":{"gitId":"Phoebezzzi"},"content":"    }","lastModifiedDate":"2022-09-13"},{"lineNumber":30,"author":{"gitId":"Phoebezzzi"},"content":"","lastModifiedDate":"2022-09-13"},{"lineNumber":31,"author":{"gitId":"Phoebezzzi"},"content":"    public void updateStatus(boolean isDone){","lastModifiedDate":"2022-09-13"},{"lineNumber":32,"author":{"gitId":"Phoebezzzi"},"content":"        this.isDone \u003d isDone;","lastModifiedDate":"2022-09-13"},{"lineNumber":33,"author":{"gitId":"Phoebezzzi"},"content":"    }","lastModifiedDate":"2022-09-13"},{"lineNumber":34,"author":{"gitId":"Phoebezzzi"},"content":"","lastModifiedDate":"2022-11-06"},{"lineNumber":35,"author":{"gitId":"Phoebezzzi"},"content":"    public String toDisk() {","lastModifiedDate":"2022-11-06"},{"lineNumber":36,"author":{"gitId":"Phoebezzzi"},"content":"        return type + \" | \" + ((isDone) ? \"1\" : \"0\") + \" | \" + description;","lastModifiedDate":"2022-11-06"},{"lineNumber":37,"author":{"gitId":"Phoebezzzi"},"content":"    }","lastModifiedDate":"2022-09-13"},{"lineNumber":38,"author":{"gitId":"Phoebezzzi"},"content":"","lastModifiedDate":"2022-09-13"},{"lineNumber":39,"author":{"gitId":"Phoebezzzi"},"content":"    public void print(){","lastModifiedDate":"2022-09-13"},{"lineNumber":40,"author":{"gitId":"Phoebezzzi"},"content":"//        System.out.println(\"print task\");","lastModifiedDate":"2022-11-06"},{"lineNumber":41,"author":{"gitId":"Phoebezzzi"},"content":"        String icon \u003d String.format(\"\\t[%s] \",this.getStatusIcon());","lastModifiedDate":"2022-09-15"},{"lineNumber":42,"author":{"gitId":"Phoebezzzi"},"content":"        System.out.println(icon + description);","lastModifiedDate":"2022-09-15"},{"lineNumber":43,"author":{"gitId":"Phoebezzzi"},"content":"    }","lastModifiedDate":"2022-09-13"},{"lineNumber":44,"author":{"gitId":"Phoebezzzi"},"content":"","lastModifiedDate":"2022-09-13"},{"lineNumber":45,"author":{"gitId":"Phoebezzzi"},"content":"","lastModifiedDate":"2022-09-13"},{"lineNumber":46,"author":{"gitId":"Phoebezzzi"},"content":"}","lastModifiedDate":"2022-09-13"}],"authorContributionMap":{"Phoebezzzi":46}},{"path":"src/main/java/Entity/Todo.java","fileType":"java","lines":[{"lineNumber":1,"author":{"gitId":"Phoebezzzi"},"content":"package Entity;","lastModifiedDate":"2022-10-03"},{"lineNumber":2,"author":{"gitId":"Phoebezzzi"},"content":"","lastModifiedDate":"2022-10-03"},{"lineNumber":3,"author":{"gitId":"Phoebezzzi"},"content":"import Entity.Task;","lastModifiedDate":"2022-10-03"},{"lineNumber":4,"author":{"gitId":"Phoebezzzi"},"content":"","lastModifiedDate":"2022-10-03"},{"lineNumber":5,"author":{"gitId":"Phoebezzzi"},"content":"public class Todo extends Task {","lastModifiedDate":"2022-10-03"},{"lineNumber":6,"author":{"gitId":"Phoebezzzi"},"content":"","lastModifiedDate":"2022-10-03"},{"lineNumber":7,"author":{"gitId":"Phoebezzzi"},"content":"    public Todo(String description){","lastModifiedDate":"2022-10-03"},{"lineNumber":8,"author":{"gitId":"Phoebezzzi"},"content":"        super(description);","lastModifiedDate":"2022-10-03"},{"lineNumber":9,"author":{"gitId":"Phoebezzzi"},"content":"        this.type \u003d \"T\";","lastModifiedDate":"2022-11-06"},{"lineNumber":10,"author":{"gitId":"Phoebezzzi"},"content":"    }","lastModifiedDate":"2022-10-03"},{"lineNumber":11,"author":{"gitId":"Phoebezzzi"},"content":"","lastModifiedDate":"2022-10-03"},{"lineNumber":12,"author":{"gitId":"Phoebezzzi"},"content":"    @Override","lastModifiedDate":"2022-10-03"},{"lineNumber":13,"author":{"gitId":"Phoebezzzi"},"content":"    public void print(){","lastModifiedDate":"2022-10-03"},{"lineNumber":14,"author":{"gitId":"Phoebezzzi"},"content":"        String icon \u003d String.format(\"\\t [T][%s] \",this.getStatusIcon());","lastModifiedDate":"2022-10-03"},{"lineNumber":15,"author":{"gitId":"Phoebezzzi"},"content":"        System.out.println(icon + description );","lastModifiedDate":"2022-10-03"},{"lineNumber":16,"author":{"gitId":"Phoebezzzi"},"content":"    }","lastModifiedDate":"2022-10-03"},{"lineNumber":17,"author":{"gitId":"Phoebezzzi"},"content":"","lastModifiedDate":"2022-10-03"},{"lineNumber":18,"author":{"gitId":"Phoebezzzi"},"content":"    @Override","lastModifiedDate":"2022-10-03"},{"lineNumber":19,"author":{"gitId":"Phoebezzzi"},"content":"    public String getDescription() {","lastModifiedDate":"2022-10-03"},{"lineNumber":20,"author":{"gitId":"Phoebezzzi"},"content":"        String description \u003d String.format(\"\\t [T][%s] %s \",this.getStatusIcon(),this.description);","lastModifiedDate":"2022-10-03"},{"lineNumber":21,"author":{"gitId":"Phoebezzzi"},"content":"        return description;","lastModifiedDate":"2022-10-03"},{"lineNumber":22,"author":{"gitId":"Phoebezzzi"},"content":"    }","lastModifiedDate":"2022-10-03"},{"lineNumber":23,"author":{"gitId":"Phoebezzzi"},"content":"}","lastModifiedDate":"2022-10-03"}],"authorContributionMap":{"Phoebezzzi":23}},{"path":"src/main/java/Parser.java","fileType":"java","lines":[{"lineNumber":1,"author":{"gitId":"Phoebezzzi"},"content":"import Command.*;","lastModifiedDate":"2022-11-06"},{"lineNumber":2,"author":{"gitId":"Phoebezzzi"},"content":"","lastModifiedDate":"2022-11-06"},{"lineNumber":3,"author":{"gitId":"Phoebezzzi"},"content":"import exception.CommandInvalidException;","lastModifiedDate":"2022-11-06"},{"lineNumber":4,"author":{"gitId":"Phoebezzzi"},"content":"import exception.LackDetailsException;","lastModifiedDate":"2022-11-06"},{"lineNumber":5,"author":{"gitId":"Phoebezzzi"},"content":"import exception.UnknownException;","lastModifiedDate":"2022-11-06"},{"lineNumber":6,"author":{"gitId":"Phoebezzzi"},"content":"","lastModifiedDate":"2022-11-06"},{"lineNumber":7,"author":{"gitId":"Phoebezzzi"},"content":"import java.util.Locale;","lastModifiedDate":"2022-11-06"},{"lineNumber":8,"author":{"gitId":"Phoebezzzi"},"content":"import java.util.regex.Matcher;","lastModifiedDate":"2022-11-06"},{"lineNumber":9,"author":{"gitId":"Phoebezzzi"},"content":"import java.util.regex.Pattern;","lastModifiedDate":"2022-11-06"},{"lineNumber":10,"author":{"gitId":"Phoebezzzi"},"content":"","lastModifiedDate":"2022-11-06"},{"lineNumber":11,"author":{"gitId":"Phoebezzzi"},"content":"public class Parser {","lastModifiedDate":"2022-11-06"},{"lineNumber":12,"author":{"gitId":"Phoebezzzi"},"content":"    private String markUnmarkPattern \u003d \"(mark|unmark)\\\\s*(\\\\d+)\";","lastModifiedDate":"2022-11-06"},{"lineNumber":13,"author":{"gitId":"Phoebezzzi"},"content":"    private String todoPattern \u003d \"(todo) ([\\\\S\\\\s]*)\";","lastModifiedDate":"2022-11-06"},{"lineNumber":14,"author":{"gitId":"Phoebezzzi"},"content":"    private String deadlinePattern \u003d \"(deadline) ([\\\\S\\\\s]*)(\\\\/by) ([\\\\S\\\\s]*)\";","lastModifiedDate":"2022-11-06"},{"lineNumber":15,"author":{"gitId":"Phoebezzzi"},"content":"    private String eventPattern \u003d \"(event) ([\\\\S\\\\s]*)(\\\\/at )([\\\\S\\\\s]*)\";","lastModifiedDate":"2022-11-06"},{"lineNumber":16,"author":{"gitId":"Phoebezzzi"},"content":"    private String deletePattern \u003d \"(delete)\\\\s*(\\\\d+)\";","lastModifiedDate":"2022-11-06"},{"lineNumber":17,"author":{"gitId":"Phoebezzzi"},"content":"","lastModifiedDate":"2022-11-06"},{"lineNumber":18,"author":{"gitId":"Phoebezzzi"},"content":"    public Command parse(String input){","lastModifiedDate":"2022-11-06"},{"lineNumber":19,"author":{"gitId":"Phoebezzzi"},"content":"        String[] arrayOfInput \u003d input.split(\" \",2);","lastModifiedDate":"2022-11-06"},{"lineNumber":20,"author":{"gitId":"Phoebezzzi"},"content":"        return parseCommand(arrayOfInput[0].toLowerCase(),input);","lastModifiedDate":"2022-11-06"},{"lineNumber":21,"author":{"gitId":"Phoebezzzi"},"content":"    }","lastModifiedDate":"2022-11-06"},{"lineNumber":22,"author":{"gitId":"Phoebezzzi"},"content":"","lastModifiedDate":"2022-11-06"},{"lineNumber":23,"author":{"gitId":"Phoebezzzi"},"content":"    private Command parseCommand(String commandName,String fullInput) {","lastModifiedDate":"2022-11-06"},{"lineNumber":24,"author":{"gitId":"Phoebezzzi"},"content":"        if (commandName.equalsIgnoreCase(\"bye\")) {","lastModifiedDate":"2022-11-06"},{"lineNumber":25,"author":{"gitId":"Phoebezzzi"},"content":"            return new byebyeCommand();","lastModifiedDate":"2022-11-06"},{"lineNumber":26,"author":{"gitId":"Phoebezzzi"},"content":"        }","lastModifiedDate":"2022-11-06"},{"lineNumber":27,"author":{"gitId":"Phoebezzzi"},"content":"","lastModifiedDate":"2022-11-06"},{"lineNumber":28,"author":{"gitId":"Phoebezzzi"},"content":"        switch (commandName) {","lastModifiedDate":"2022-11-06"},{"lineNumber":29,"author":{"gitId":"Phoebezzzi"},"content":"            case \"list\":","lastModifiedDate":"2022-11-06"},{"lineNumber":30,"author":{"gitId":"Phoebezzzi"},"content":"                return new listCommand();","lastModifiedDate":"2022-11-06"},{"lineNumber":31,"author":{"gitId":"Phoebezzzi"},"content":"","lastModifiedDate":"2022-11-06"},{"lineNumber":32,"author":{"gitId":"Phoebezzzi"},"content":"            case \"mark\":","lastModifiedDate":"2022-11-06"},{"lineNumber":33,"author":{"gitId":"Phoebezzzi"},"content":"                Pattern r \u003d Pattern.compile(markUnmarkPattern);","lastModifiedDate":"2022-11-06"},{"lineNumber":34,"author":{"gitId":"Phoebezzzi"},"content":"                Matcher m \u003d r.matcher(fullInput);","lastModifiedDate":"2022-11-06"},{"lineNumber":35,"author":{"gitId":"Phoebezzzi"},"content":"                if (m.find()) {","lastModifiedDate":"2022-11-06"},{"lineNumber":36,"author":{"gitId":"Phoebezzzi"},"content":"                    int taskNumber \u003d Integer.parseInt(m.group(2));","lastModifiedDate":"2022-11-06"},{"lineNumber":37,"author":{"gitId":"Phoebezzzi"},"content":"                    return new markCommand(taskNumber);","lastModifiedDate":"2022-11-06"},{"lineNumber":38,"author":{"gitId":"Phoebezzzi"},"content":"                } else {","lastModifiedDate":"2022-11-06"},{"lineNumber":39,"author":{"gitId":"Phoebezzzi"},"content":"                    throw new CommandInvalidException(\"Please key in a valid task number\");","lastModifiedDate":"2022-11-06"},{"lineNumber":40,"author":{"gitId":"Phoebezzzi"},"content":"                }","lastModifiedDate":"2022-11-06"},{"lineNumber":41,"author":{"gitId":"Phoebezzzi"},"content":"","lastModifiedDate":"2022-11-06"},{"lineNumber":42,"author":{"gitId":"Phoebezzzi"},"content":"            case \"unmark\":","lastModifiedDate":"2022-11-06"},{"lineNumber":43,"author":{"gitId":"Phoebezzzi"},"content":"                r \u003d Pattern.compile(markUnmarkPattern);","lastModifiedDate":"2022-11-06"},{"lineNumber":44,"author":{"gitId":"Phoebezzzi"},"content":"                m \u003d r.matcher(fullInput);","lastModifiedDate":"2022-11-06"},{"lineNumber":45,"author":{"gitId":"Phoebezzzi"},"content":"                if (m.find()) {","lastModifiedDate":"2022-11-06"},{"lineNumber":46,"author":{"gitId":"Phoebezzzi"},"content":"                    int taskNumber \u003d Integer.parseInt(m.group(2));","lastModifiedDate":"2022-11-06"},{"lineNumber":47,"author":{"gitId":"Phoebezzzi"},"content":"                    return new unmarkCommand(taskNumber);","lastModifiedDate":"2022-11-06"},{"lineNumber":48,"author":{"gitId":"Phoebezzzi"},"content":"                } else {","lastModifiedDate":"2022-11-06"},{"lineNumber":49,"author":{"gitId":"Phoebezzzi"},"content":"                    throw new CommandInvalidException(\"Please key in a valid task number\");","lastModifiedDate":"2022-11-06"},{"lineNumber":50,"author":{"gitId":"Phoebezzzi"},"content":"                }","lastModifiedDate":"2022-11-06"},{"lineNumber":51,"author":{"gitId":"Phoebezzzi"},"content":"","lastModifiedDate":"2022-11-06"},{"lineNumber":52,"author":{"gitId":"Phoebezzzi"},"content":"","lastModifiedDate":"2022-11-06"},{"lineNumber":53,"author":{"gitId":"Phoebezzzi"},"content":"            case \"todo\":","lastModifiedDate":"2022-11-06"},{"lineNumber":54,"author":{"gitId":"Phoebezzzi"},"content":"                r \u003d Pattern.compile(todoPattern);","lastModifiedDate":"2022-11-06"},{"lineNumber":55,"author":{"gitId":"Phoebezzzi"},"content":"                m \u003d r.matcher(fullInput);","lastModifiedDate":"2022-11-06"},{"lineNumber":56,"author":{"gitId":"Phoebezzzi"},"content":"                if (m.find()) {","lastModifiedDate":"2022-11-06"},{"lineNumber":57,"author":{"gitId":"Phoebezzzi"},"content":"                    return new todoCommand(m.group(2));","lastModifiedDate":"2022-11-06"},{"lineNumber":58,"author":{"gitId":"Phoebezzzi"},"content":"                }else{","lastModifiedDate":"2022-11-06"},{"lineNumber":59,"author":{"gitId":"Phoebezzzi"},"content":"                    throw new LackDetailsException(fullInput);","lastModifiedDate":"2022-11-06"},{"lineNumber":60,"author":{"gitId":"Phoebezzzi"},"content":"                }","lastModifiedDate":"2022-11-06"},{"lineNumber":61,"author":{"gitId":"Phoebezzzi"},"content":"","lastModifiedDate":"2022-11-06"},{"lineNumber":62,"author":{"gitId":"Phoebezzzi"},"content":"            case \"deadline\":","lastModifiedDate":"2022-11-06"},{"lineNumber":63,"author":{"gitId":"Phoebezzzi"},"content":"                r \u003d Pattern.compile(deadlinePattern);","lastModifiedDate":"2022-11-06"},{"lineNumber":64,"author":{"gitId":"Phoebezzzi"},"content":"                m \u003d r.matcher(fullInput);","lastModifiedDate":"2022-11-06"},{"lineNumber":65,"author":{"gitId":"Phoebezzzi"},"content":"                if (m.find()) {","lastModifiedDate":"2022-11-06"},{"lineNumber":66,"author":{"gitId":"Phoebezzzi"},"content":"                    String descrp \u003d m.group(2);","lastModifiedDate":"2022-11-06"},{"lineNumber":67,"author":{"gitId":"Phoebezzzi"},"content":"                    String by \u003d m.group(4);","lastModifiedDate":"2022-11-06"},{"lineNumber":68,"author":{"gitId":"Phoebezzzi"},"content":"                    return new deadlineCommand(descrp, by);","lastModifiedDate":"2022-11-06"},{"lineNumber":69,"author":{"gitId":"Phoebezzzi"},"content":"                }","lastModifiedDate":"2022-11-06"},{"lineNumber":70,"author":{"gitId":"Phoebezzzi"},"content":"                throw new LackDetailsException(fullInput);","lastModifiedDate":"2022-11-06"},{"lineNumber":71,"author":{"gitId":"Phoebezzzi"},"content":"","lastModifiedDate":"2022-11-06"},{"lineNumber":72,"author":{"gitId":"Phoebezzzi"},"content":"            case \"event\":","lastModifiedDate":"2022-11-06"},{"lineNumber":73,"author":{"gitId":"Phoebezzzi"},"content":"                r \u003d Pattern.compile(eventPattern);","lastModifiedDate":"2022-11-06"},{"lineNumber":74,"author":{"gitId":"Phoebezzzi"},"content":"                m \u003d r.matcher(fullInput);","lastModifiedDate":"2022-11-06"},{"lineNumber":75,"author":{"gitId":"Phoebezzzi"},"content":"                if (m.find()) {","lastModifiedDate":"2022-11-06"},{"lineNumber":76,"author":{"gitId":"Phoebezzzi"},"content":"                    String descrp \u003d m.group(2);","lastModifiedDate":"2022-11-06"},{"lineNumber":77,"author":{"gitId":"Phoebezzzi"},"content":"                    String at \u003d m.group(4);","lastModifiedDate":"2022-11-06"},{"lineNumber":78,"author":{"gitId":"Phoebezzzi"},"content":"                    return new eventCommand(descrp, at);","lastModifiedDate":"2022-11-06"},{"lineNumber":79,"author":{"gitId":"Phoebezzzi"},"content":"                }","lastModifiedDate":"2022-11-06"},{"lineNumber":80,"author":{"gitId":"Phoebezzzi"},"content":"                throw new LackDetailsException(fullInput);","lastModifiedDate":"2022-11-06"},{"lineNumber":81,"author":{"gitId":"Phoebezzzi"},"content":"","lastModifiedDate":"2022-11-06"},{"lineNumber":82,"author":{"gitId":"Phoebezzzi"},"content":"            case \"delete\":","lastModifiedDate":"2022-11-06"},{"lineNumber":83,"author":{"gitId":"Phoebezzzi"},"content":"                r \u003d Pattern.compile(deletePattern);","lastModifiedDate":"2022-11-06"},{"lineNumber":84,"author":{"gitId":"Phoebezzzi"},"content":"                m \u003d r.matcher(fullInput);","lastModifiedDate":"2022-11-06"},{"lineNumber":85,"author":{"gitId":"Phoebezzzi"},"content":"                if (m.find()) {","lastModifiedDate":"2022-11-06"},{"lineNumber":86,"author":{"gitId":"Phoebezzzi"},"content":"                    return new deleteTaskCommand(Integer.valueOf(m.group(2)));","lastModifiedDate":"2022-11-06"},{"lineNumber":87,"author":{"gitId":"Phoebezzzi"},"content":"                }","lastModifiedDate":"2022-11-06"},{"lineNumber":88,"author":{"gitId":"Phoebezzzi"},"content":"                throw new CommandInvalidException(\"Please key in a valid task number\");","lastModifiedDate":"2022-11-06"},{"lineNumber":89,"author":{"gitId":"Phoebezzzi"},"content":"","lastModifiedDate":"2022-11-06"},{"lineNumber":90,"author":{"gitId":"Phoebezzzi"},"content":"            default:","lastModifiedDate":"2022-11-06"},{"lineNumber":91,"author":{"gitId":"Phoebezzzi"},"content":"                throw new CommandInvalidException(\"Invalid Command! Please enter again\");","lastModifiedDate":"2022-11-06"},{"lineNumber":92,"author":{"gitId":"Phoebezzzi"},"content":"        }","lastModifiedDate":"2022-11-06"},{"lineNumber":93,"author":{"gitId":"Phoebezzzi"},"content":"","lastModifiedDate":"2022-11-06"},{"lineNumber":94,"author":{"gitId":"Phoebezzzi"},"content":"    }","lastModifiedDate":"2022-11-06"},{"lineNumber":95,"author":{"gitId":"Phoebezzzi"},"content":"}","lastModifiedDate":"2022-11-06"}],"authorContributionMap":{"Phoebezzzi":95}},{"path":"src/main/java/Storage/Storage.java","fileType":"java","lines":[{"lineNumber":1,"author":{"gitId":"Phoebezzzi"},"content":"package Storage;","lastModifiedDate":"2022-11-06"},{"lineNumber":2,"author":{"gitId":"Phoebezzzi"},"content":"","lastModifiedDate":"2022-11-06"},{"lineNumber":3,"author":{"gitId":"Phoebezzzi"},"content":"import Entity.Task;","lastModifiedDate":"2022-11-06"},{"lineNumber":4,"author":{"gitId":"Phoebezzzi"},"content":"import exception.UnknownException;","lastModifiedDate":"2022-11-06"},{"lineNumber":5,"author":{"gitId":"Phoebezzzi"},"content":"","lastModifiedDate":"2022-11-06"},{"lineNumber":6,"author":{"gitId":"Phoebezzzi"},"content":"import java.io.*;","lastModifiedDate":"2022-11-06"},{"lineNumber":7,"author":{"gitId":"Phoebezzzi"},"content":"import java.nio.file.Files;","lastModifiedDate":"2022-11-06"},{"lineNumber":8,"author":{"gitId":"Phoebezzzi"},"content":"import java.nio.file.Path;","lastModifiedDate":"2022-11-06"},{"lineNumber":9,"author":{"gitId":"Phoebezzzi"},"content":"import java.util.ArrayList;","lastModifiedDate":"2022-11-06"},{"lineNumber":10,"author":{"gitId":"Phoebezzzi"},"content":"import java.util.Scanner;","lastModifiedDate":"2022-11-06"},{"lineNumber":11,"author":{"gitId":"Phoebezzzi"},"content":"","lastModifiedDate":"2022-11-06"},{"lineNumber":12,"author":{"gitId":"Phoebezzzi"},"content":"","lastModifiedDate":"2022-11-06"},{"lineNumber":13,"author":{"gitId":"Phoebezzzi"},"content":"public class Storage {","lastModifiedDate":"2022-11-06"},{"lineNumber":14,"author":{"gitId":"Phoebezzzi"},"content":"","lastModifiedDate":"2022-11-06"},{"lineNumber":15,"author":{"gitId":"Phoebezzzi"},"content":"    static String projectDirectory \u003d System.getProperty(\"user.dir\");","lastModifiedDate":"2022-11-06"},{"lineNumber":16,"author":{"gitId":"Phoebezzzi"},"content":"    private static final String DIRECTORY_PATH \u003d \"/data\";","lastModifiedDate":"2022-11-06"},{"lineNumber":17,"author":{"gitId":"Phoebezzzi"},"content":"    private static final String FILE_NAME \u003d \"/duke.txt\";","lastModifiedDate":"2022-11-06"},{"lineNumber":18,"author":{"gitId":"Phoebezzzi"},"content":"    private String filePath;","lastModifiedDate":"2022-11-06"},{"lineNumber":19,"author":{"gitId":"Phoebezzzi"},"content":"","lastModifiedDate":"2022-11-06"},{"lineNumber":20,"author":{"gitId":"Phoebezzzi"},"content":"    public Storage(String filepath){","lastModifiedDate":"2022-11-06"},{"lineNumber":21,"author":{"gitId":"Phoebezzzi"},"content":"        if(filepath\u003d\u003dnull){","lastModifiedDate":"2022-11-06"},{"lineNumber":22,"author":{"gitId":"Phoebezzzi"},"content":"            this.filePath \u003dprojectDirectory + DIRECTORY_PATH + FILE_NAME;","lastModifiedDate":"2022-11-06"},{"lineNumber":23,"author":{"gitId":"Phoebezzzi"},"content":"        }else{","lastModifiedDate":"2022-11-06"},{"lineNumber":24,"author":{"gitId":"Phoebezzzi"},"content":"            this.filePath \u003d filepath;","lastModifiedDate":"2022-11-06"},{"lineNumber":25,"author":{"gitId":"Phoebezzzi"},"content":"        }","lastModifiedDate":"2022-11-06"},{"lineNumber":26,"author":{"gitId":"Phoebezzzi"},"content":"    }","lastModifiedDate":"2022-11-06"},{"lineNumber":27,"author":{"gitId":"Phoebezzzi"},"content":"","lastModifiedDate":"2022-11-06"},{"lineNumber":28,"author":{"gitId":"Phoebezzzi"},"content":"    public void writeToFile(String formattedInput) {","lastModifiedDate":"2022-11-06"},{"lineNumber":29,"author":{"gitId":"Phoebezzzi"},"content":"        File f \u003d new File(filePath);","lastModifiedDate":"2022-11-06"},{"lineNumber":30,"author":{"gitId":"Phoebezzzi"},"content":"        try {","lastModifiedDate":"2022-11-06"},{"lineNumber":31,"author":{"gitId":"Phoebezzzi"},"content":"            FileWriter fw \u003d new FileWriter(f);","lastModifiedDate":"2022-11-06"},{"lineNumber":32,"author":{"gitId":"Phoebezzzi"},"content":"            fw.write(formattedInput);","lastModifiedDate":"2022-11-06"},{"lineNumber":33,"author":{"gitId":"Phoebezzzi"},"content":"            fw.flush();","lastModifiedDate":"2022-11-06"},{"lineNumber":34,"author":{"gitId":"Phoebezzzi"},"content":"            fw.close();","lastModifiedDate":"2022-11-06"},{"lineNumber":35,"author":{"gitId":"Phoebezzzi"},"content":"        } catch (IOException e) {","lastModifiedDate":"2022-11-06"},{"lineNumber":36,"author":{"gitId":"Phoebezzzi"},"content":"            throw new UnknownException(\"error when write into file\");","lastModifiedDate":"2022-11-06"},{"lineNumber":37,"author":{"gitId":"Phoebezzzi"},"content":"        }","lastModifiedDate":"2022-11-06"},{"lineNumber":38,"author":{"gitId":"Phoebezzzi"},"content":"    }","lastModifiedDate":"2022-11-06"},{"lineNumber":39,"author":{"gitId":"Phoebezzzi"},"content":"","lastModifiedDate":"2022-11-06"},{"lineNumber":40,"author":{"gitId":"Phoebezzzi"},"content":"    public void deleteFile(){","lastModifiedDate":"2022-11-06"},{"lineNumber":41,"author":{"gitId":"Phoebezzzi"},"content":"        File f \u003d new File(filePath);","lastModifiedDate":"2022-11-06"},{"lineNumber":42,"author":{"gitId":"Phoebezzzi"},"content":"        f.delete();","lastModifiedDate":"2022-11-06"},{"lineNumber":43,"author":{"gitId":"Phoebezzzi"},"content":"    }","lastModifiedDate":"2022-11-06"},{"lineNumber":44,"author":{"gitId":"Phoebezzzi"},"content":"","lastModifiedDate":"2022-11-06"},{"lineNumber":45,"author":{"gitId":"Phoebezzzi"},"content":"","lastModifiedDate":"2022-11-06"},{"lineNumber":46,"author":{"gitId":"Phoebezzzi"},"content":"    public void persist(TaskList taskList) {","lastModifiedDate":"2022-11-06"},{"lineNumber":47,"author":{"gitId":"Phoebezzzi"},"content":"        StringBuilder temp \u003d new StringBuilder();","lastModifiedDate":"2022-11-06"},{"lineNumber":48,"author":{"gitId":"Phoebezzzi"},"content":"        for (Task t : taskList.getTaskList()) {","lastModifiedDate":"2022-11-06"},{"lineNumber":49,"author":{"gitId":"Phoebezzzi"},"content":"            temp.append(t.toDisk()).append(\"\\n\");","lastModifiedDate":"2022-11-06"},{"lineNumber":50,"author":{"gitId":"Phoebezzzi"},"content":"        }","lastModifiedDate":"2022-11-06"},{"lineNumber":51,"author":{"gitId":"Phoebezzzi"},"content":"        writeToFile(temp.toString());","lastModifiedDate":"2022-11-06"},{"lineNumber":52,"author":{"gitId":"Phoebezzzi"},"content":"    }","lastModifiedDate":"2022-11-06"},{"lineNumber":53,"author":{"gitId":"Phoebezzzi"},"content":"","lastModifiedDate":"2022-11-06"},{"lineNumber":54,"author":{"gitId":"Phoebezzzi"},"content":"    public ArrayList\u003cTask\u003e load() throws FileNotFoundException {","lastModifiedDate":"2022-11-06"},{"lineNumber":55,"author":{"gitId":"Phoebezzzi"},"content":"        ArrayList\u003cTask\u003e taskDetails \u003d new ArrayList\u003c\u003e();","lastModifiedDate":"2022-11-06"},{"lineNumber":56,"author":{"gitId":"Phoebezzzi"},"content":"        File f \u003d new File(filePath);","lastModifiedDate":"2022-11-06"},{"lineNumber":57,"author":{"gitId":"Phoebezzzi"},"content":"        Scanner s \u003d new Scanner(f);","lastModifiedDate":"2022-11-06"},{"lineNumber":58,"author":{"gitId":"Phoebezzzi"},"content":"        while (s.hasNext()) {","lastModifiedDate":"2022-11-06"},{"lineNumber":59,"author":{"gitId":"Phoebezzzi"},"content":"            //todo convert string to Task","lastModifiedDate":"2022-11-06"},{"lineNumber":60,"author":{"gitId":"Phoebezzzi"},"content":"            String[] args \u003d s.nextLine().split(\"\\\\|\");","lastModifiedDate":"2022-11-06"},{"lineNumber":61,"author":{"gitId":"Phoebezzzi"},"content":"            if (args.length \u003d\u003d 3) {","lastModifiedDate":"2022-11-06"},{"lineNumber":62,"author":{"gitId":"Phoebezzzi"},"content":"                String type \u003d args[0];","lastModifiedDate":"2022-11-06"},{"lineNumber":63,"author":{"gitId":"Phoebezzzi"},"content":"                boolean isDone \u003d Boolean.parseBoolean(args[1]);","lastModifiedDate":"2022-11-06"},{"lineNumber":64,"author":{"gitId":"Phoebezzzi"},"content":"                String description \u003d args[2];","lastModifiedDate":"2022-11-06"},{"lineNumber":65,"author":{"gitId":"Phoebezzzi"},"content":"                taskDetails.add(new Task(description, type, isDone));","lastModifiedDate":"2022-11-06"},{"lineNumber":66,"author":{"gitId":"Phoebezzzi"},"content":"            }","lastModifiedDate":"2022-11-06"},{"lineNumber":67,"author":{"gitId":"Phoebezzzi"},"content":"        }","lastModifiedDate":"2022-11-06"},{"lineNumber":68,"author":{"gitId":"Phoebezzzi"},"content":"        return taskDetails;","lastModifiedDate":"2022-11-06"},{"lineNumber":69,"author":{"gitId":"Phoebezzzi"},"content":"    }","lastModifiedDate":"2022-11-06"},{"lineNumber":70,"author":{"gitId":"Phoebezzzi"},"content":"","lastModifiedDate":"2022-11-06"},{"lineNumber":71,"author":{"gitId":"Phoebezzzi"},"content":"","lastModifiedDate":"2022-11-06"},{"lineNumber":72,"author":{"gitId":"Phoebezzzi"},"content":"","lastModifiedDate":"2022-11-06"},{"lineNumber":73,"author":{"gitId":"Phoebezzzi"},"content":"}","lastModifiedDate":"2022-11-06"}],"authorContributionMap":{"Phoebezzzi":73}},{"path":"src/main/java/Storage/TaskList.java","fileType":"java","lines":[{"lineNumber":1,"author":{"gitId":"Phoebezzzi"},"content":"package Storage;","lastModifiedDate":"2022-11-06"},{"lineNumber":2,"author":{"gitId":"Phoebezzzi"},"content":"","lastModifiedDate":"2022-11-06"},{"lineNumber":3,"author":{"gitId":"Phoebezzzi"},"content":"import Entity.Task;","lastModifiedDate":"2022-11-06"},{"lineNumber":4,"author":{"gitId":"Phoebezzzi"},"content":"","lastModifiedDate":"2022-11-06"},{"lineNumber":5,"author":{"gitId":"Phoebezzzi"},"content":"import java.util.ArrayList;","lastModifiedDate":"2022-11-06"},{"lineNumber":6,"author":{"gitId":"Phoebezzzi"},"content":"","lastModifiedDate":"2022-11-06"},{"lineNumber":7,"author":{"gitId":"Phoebezzzi"},"content":"public class TaskList {","lastModifiedDate":"2022-11-06"},{"lineNumber":8,"author":{"gitId":"Phoebezzzi"},"content":"//    private static ArrayList\u003cTask\u003e tasks;","lastModifiedDate":"2022-11-06"},{"lineNumber":9,"author":{"gitId":"Phoebezzzi"},"content":"//    private static int taskCount \u003d 0;","lastModifiedDate":"2022-11-06"},{"lineNumber":10,"author":{"gitId":"Phoebezzzi"},"content":"//    private static TaskList theOne \u003d null;","lastModifiedDate":"2022-11-06"},{"lineNumber":11,"author":{"gitId":"Phoebezzzi"},"content":"    private static ArrayList\u003cTask\u003e tasks;","lastModifiedDate":"2022-11-06"},{"lineNumber":12,"author":{"gitId":"Phoebezzzi"},"content":"//    private int taskCount \u003d 0;","lastModifiedDate":"2022-11-06"},{"lineNumber":13,"author":{"gitId":"Phoebezzzi"},"content":"","lastModifiedDate":"2022-11-06"},{"lineNumber":14,"author":{"gitId":"Phoebezzzi"},"content":"    public TaskList(ArrayList\u003cTask\u003e taskdetails) {","lastModifiedDate":"2022-11-06"},{"lineNumber":15,"author":{"gitId":"Phoebezzzi"},"content":"        tasks \u003d taskdetails;","lastModifiedDate":"2022-11-06"},{"lineNumber":16,"author":{"gitId":"Phoebezzzi"},"content":"    }","lastModifiedDate":"2022-11-06"},{"lineNumber":17,"author":{"gitId":"Phoebezzzi"},"content":"","lastModifiedDate":"2022-11-06"},{"lineNumber":18,"author":{"gitId":"Phoebezzzi"},"content":"    public TaskList(){","lastModifiedDate":"2022-11-06"},{"lineNumber":19,"author":{"gitId":"Phoebezzzi"},"content":"        tasks \u003d new ArrayList\u003cTask\u003e();","lastModifiedDate":"2022-11-06"},{"lineNumber":20,"author":{"gitId":"Phoebezzzi"},"content":"    }","lastModifiedDate":"2022-11-06"},{"lineNumber":21,"author":{"gitId":"Phoebezzzi"},"content":"//    public static TaskList getInstance() {","lastModifiedDate":"2022-11-06"},{"lineNumber":22,"author":{"gitId":"Phoebezzzi"},"content":"//        if (theOne \u003d\u003d null) {","lastModifiedDate":"2022-11-06"},{"lineNumber":23,"author":{"gitId":"Phoebezzzi"},"content":"//            theOne \u003d new TaskList();","lastModifiedDate":"2022-11-06"},{"lineNumber":24,"author":{"gitId":"Phoebezzzi"},"content":"//        }","lastModifiedDate":"2022-11-06"},{"lineNumber":25,"author":{"gitId":"Phoebezzzi"},"content":"//        return theOne;","lastModifiedDate":"2022-11-06"},{"lineNumber":26,"author":{"gitId":"Phoebezzzi"},"content":"//    }","lastModifiedDate":"2022-11-06"},{"lineNumber":27,"author":{"gitId":"Phoebezzzi"},"content":"","lastModifiedDate":"2022-11-06"},{"lineNumber":28,"author":{"gitId":"Phoebezzzi"},"content":"//    public static void init(ArrayList\u003cTask\u003e inputTask) {","lastModifiedDate":"2022-11-06"},{"lineNumber":29,"author":{"gitId":"Phoebezzzi"},"content":"//        if (tasks \u003d\u003d null) {","lastModifiedDate":"2022-11-06"},{"lineNumber":30,"author":{"gitId":"Phoebezzzi"},"content":"//            tasks \u003d new ArrayList\u003cTask\u003e();","lastModifiedDate":"2022-11-06"},{"lineNumber":31,"author":{"gitId":"Phoebezzzi"},"content":"//        } else {","lastModifiedDate":"2022-11-06"},{"lineNumber":32,"author":{"gitId":"Phoebezzzi"},"content":"//            tasks \u003d inputTask;","lastModifiedDate":"2022-11-06"},{"lineNumber":33,"author":{"gitId":"Phoebezzzi"},"content":"//        }","lastModifiedDate":"2022-11-06"},{"lineNumber":34,"author":{"gitId":"Phoebezzzi"},"content":"//    }","lastModifiedDate":"2022-11-06"},{"lineNumber":35,"author":{"gitId":"Phoebezzzi"},"content":"","lastModifiedDate":"2022-11-06"},{"lineNumber":36,"author":{"gitId":"Phoebezzzi"},"content":"    public void addTask(Task t) {","lastModifiedDate":"2022-11-06"},{"lineNumber":37,"author":{"gitId":"Phoebezzzi"},"content":"        tasks.add(t);","lastModifiedDate":"2022-11-06"},{"lineNumber":38,"author":{"gitId":"Phoebezzzi"},"content":"//        taskCount++;","lastModifiedDate":"2022-11-06"},{"lineNumber":39,"author":{"gitId":"Phoebezzzi"},"content":"        System.out.println(\"\\tGot it. I have added this task:\");","lastModifiedDate":"2022-11-06"},{"lineNumber":40,"author":{"gitId":"Phoebezzzi"},"content":"        t.print();","lastModifiedDate":"2022-11-06"},{"lineNumber":41,"author":{"gitId":"Phoebezzzi"},"content":"        System.out.println(\"\\tNow you have \" + tasks.size() + \" tasks in the list.\");","lastModifiedDate":"2022-11-06"},{"lineNumber":42,"author":{"gitId":"Phoebezzzi"},"content":"    }","lastModifiedDate":"2022-11-06"},{"lineNumber":43,"author":{"gitId":"Phoebezzzi"},"content":"","lastModifiedDate":"2022-11-06"},{"lineNumber":44,"author":{"gitId":"Phoebezzzi"},"content":"    public void deleteTask(int taskNumber) {","lastModifiedDate":"2022-11-06"},{"lineNumber":45,"author":{"gitId":"Phoebezzzi"},"content":"        if (1 \u003c\u003d taskNumber \u0026\u0026 taskNumber \u003c\u003d tasks.size()) {","lastModifiedDate":"2022-11-06"},{"lineNumber":46,"author":{"gitId":"Phoebezzzi"},"content":"            Task temp \u003d tasks.get(taskNumber - 1);","lastModifiedDate":"2022-11-06"},{"lineNumber":47,"author":{"gitId":"Phoebezzzi"},"content":"            tasks.remove(taskNumber - 1);","lastModifiedDate":"2022-11-06"},{"lineNumber":48,"author":{"gitId":"Phoebezzzi"},"content":"//            taskCount--;","lastModifiedDate":"2022-11-06"},{"lineNumber":49,"author":{"gitId":"Phoebezzzi"},"content":"            System.out.println(\"\\tNoted. I have removed this task:\");","lastModifiedDate":"2022-11-06"},{"lineNumber":50,"author":{"gitId":"Phoebezzzi"},"content":"            temp.print();","lastModifiedDate":"2022-11-06"},{"lineNumber":51,"author":{"gitId":"Phoebezzzi"},"content":"            System.out.println(\"\\tNow you have \" + tasks.size() + \" tasks in the list.\");","lastModifiedDate":"2022-11-06"},{"lineNumber":52,"author":{"gitId":"Phoebezzzi"},"content":"        } else {","lastModifiedDate":"2022-11-06"},{"lineNumber":53,"author":{"gitId":"Phoebezzzi"},"content":"            System.out.println(\"\\tPlease input a valid task number\");","lastModifiedDate":"2022-11-06"},{"lineNumber":54,"author":{"gitId":"Phoebezzzi"},"content":"        }","lastModifiedDate":"2022-11-06"},{"lineNumber":55,"author":{"gitId":"Phoebezzzi"},"content":"    }","lastModifiedDate":"2022-11-06"},{"lineNumber":56,"author":{"gitId":"Phoebezzzi"},"content":"","lastModifiedDate":"2022-11-06"},{"lineNumber":57,"author":{"gitId":"Phoebezzzi"},"content":"    public void printTasks() {","lastModifiedDate":"2022-11-06"},{"lineNumber":58,"author":{"gitId":"Phoebezzzi"},"content":"        System.out.println(\"\\t Here are the tasks in your list:\");","lastModifiedDate":"2022-11-06"},{"lineNumber":59,"author":{"gitId":"Phoebezzzi"},"content":"        ArrayList\u003cTask\u003e temp \u003d tasks;","lastModifiedDate":"2022-11-06"},{"lineNumber":60,"author":{"gitId":"Phoebezzzi"},"content":"        for (int i \u003d 0; i \u003c tasks.size(); i++) {","lastModifiedDate":"2022-11-06"},{"lineNumber":61,"author":{"gitId":"Phoebezzzi"},"content":"            System.out.print(\"\\t \" + (i + 1) + \".\");","lastModifiedDate":"2022-11-06"},{"lineNumber":62,"author":{"gitId":"Phoebezzzi"},"content":"            getTasks(i).print();","lastModifiedDate":"2022-11-06"},{"lineNumber":63,"author":{"gitId":"Phoebezzzi"},"content":"//            tasks.get(i).print();","lastModifiedDate":"2022-11-06"},{"lineNumber":64,"author":{"gitId":"Phoebezzzi"},"content":"        }","lastModifiedDate":"2022-11-06"},{"lineNumber":65,"author":{"gitId":"Phoebezzzi"},"content":"    }","lastModifiedDate":"2022-11-06"},{"lineNumber":66,"author":{"gitId":"Phoebezzzi"},"content":"","lastModifiedDate":"2022-11-06"},{"lineNumber":67,"author":{"gitId":"Phoebezzzi"},"content":"    public Task getTasks(int index) {","lastModifiedDate":"2022-11-06"},{"lineNumber":68,"author":{"gitId":"Phoebezzzi"},"content":"        return tasks.get(index);","lastModifiedDate":"2022-11-06"},{"lineNumber":69,"author":{"gitId":"Phoebezzzi"},"content":"    }","lastModifiedDate":"2022-11-06"},{"lineNumber":70,"author":{"gitId":"Phoebezzzi"},"content":"","lastModifiedDate":"2022-11-06"},{"lineNumber":71,"author":{"gitId":"Phoebezzzi"},"content":"    public ArrayList\u003cTask\u003e getTaskList() {","lastModifiedDate":"2022-11-06"},{"lineNumber":72,"author":{"gitId":"Phoebezzzi"},"content":"        return tasks;","lastModifiedDate":"2022-11-06"},{"lineNumber":73,"author":{"gitId":"Phoebezzzi"},"content":"    }","lastModifiedDate":"2022-11-06"},{"lineNumber":74,"author":{"gitId":"Phoebezzzi"},"content":"","lastModifiedDate":"2022-11-06"},{"lineNumber":75,"author":{"gitId":"Phoebezzzi"},"content":"    public int getTaskCount() {","lastModifiedDate":"2022-11-06"},{"lineNumber":76,"author":{"gitId":"Phoebezzzi"},"content":"        return tasks.size();","lastModifiedDate":"2022-11-06"},{"lineNumber":77,"author":{"gitId":"Phoebezzzi"},"content":"    }","lastModifiedDate":"2022-11-06"},{"lineNumber":78,"author":{"gitId":"Phoebezzzi"},"content":"","lastModifiedDate":"2022-11-06"},{"lineNumber":79,"author":{"gitId":"Phoebezzzi"},"content":"}","lastModifiedDate":"2022-11-06"}],"authorContributionMap":{"Phoebezzzi":79}},{"path":"src/main/java/Ui/Ui.java","fileType":"java","lines":[{"lineNumber":1,"author":{"gitId":"Phoebezzzi"},"content":"package Ui;","lastModifiedDate":"2022-11-06"},{"lineNumber":2,"author":{"gitId":"Phoebezzzi"},"content":"","lastModifiedDate":"2022-11-06"},{"lineNumber":3,"author":{"gitId":"Phoebezzzi"},"content":"import Entity.Task;","lastModifiedDate":"2022-11-06"},{"lineNumber":4,"author":{"gitId":"Phoebezzzi"},"content":"","lastModifiedDate":"2022-11-06"},{"lineNumber":5,"author":{"gitId":"Phoebezzzi"},"content":"import java.util.Scanner;","lastModifiedDate":"2022-11-06"},{"lineNumber":6,"author":{"gitId":"Phoebezzzi"},"content":"","lastModifiedDate":"2022-11-06"},{"lineNumber":7,"author":{"gitId":"Phoebezzzi"},"content":"public class Ui {","lastModifiedDate":"2022-11-06"},{"lineNumber":8,"author":{"gitId":"Phoebezzzi"},"content":"    public static String line \u003d \"\\t____________________________________________________________\";","lastModifiedDate":"2022-11-06"},{"lineNumber":9,"author":{"gitId":"Phoebezzzi"},"content":"","lastModifiedDate":"2022-11-06"},{"lineNumber":10,"author":{"gitId":"Phoebezzzi"},"content":"    public void showWelcome() {","lastModifiedDate":"2022-11-06"},{"lineNumber":11,"author":{"gitId":"Phoebezzzi"},"content":"        String greeting \u003d line + \"\\n\\tHello! I\u0027m Duke\\n\" +","lastModifiedDate":"2022-11-06"},{"lineNumber":12,"author":{"gitId":"Phoebezzzi"},"content":"                \"\\tWhat can I do for you?\\n\"","lastModifiedDate":"2022-11-06"},{"lineNumber":13,"author":{"gitId":"Phoebezzzi"},"content":"                +line;","lastModifiedDate":"2022-11-06"},{"lineNumber":14,"author":{"gitId":"Phoebezzzi"},"content":"        System.out.println(greeting);","lastModifiedDate":"2022-11-06"},{"lineNumber":15,"author":{"gitId":"Phoebezzzi"},"content":"    }","lastModifiedDate":"2022-11-06"},{"lineNumber":16,"author":{"gitId":"Phoebezzzi"},"content":"","lastModifiedDate":"2022-11-06"},{"lineNumber":17,"author":{"gitId":"Phoebezzzi"},"content":"    public void showLine() {","lastModifiedDate":"2022-11-06"},{"lineNumber":18,"author":{"gitId":"Phoebezzzi"},"content":"        System.out.println(line);","lastModifiedDate":"2022-11-06"},{"lineNumber":19,"author":{"gitId":"Phoebezzzi"},"content":"    }","lastModifiedDate":"2022-11-06"},{"lineNumber":20,"author":{"gitId":"Phoebezzzi"},"content":"","lastModifiedDate":"2022-11-06"},{"lineNumber":21,"author":{"gitId":"Phoebezzzi"},"content":"    public void marktaskAsDone(){","lastModifiedDate":"2022-11-06"},{"lineNumber":22,"author":{"gitId":"Phoebezzzi"},"content":"        System.out.println(\"\\tNice! I\u0027ve marked this task as done:\");","lastModifiedDate":"2022-11-06"},{"lineNumber":23,"author":{"gitId":"Phoebezzzi"},"content":"    }","lastModifiedDate":"2022-11-06"},{"lineNumber":24,"author":{"gitId":"Phoebezzzi"},"content":"","lastModifiedDate":"2022-11-06"},{"lineNumber":25,"author":{"gitId":"Phoebezzzi"},"content":"    public void unmarkTask(){","lastModifiedDate":"2022-11-06"},{"lineNumber":26,"author":{"gitId":"Phoebezzzi"},"content":"        System.out.println(\"\\tOK, I\u0027ve marked this task as not done yet:\");","lastModifiedDate":"2022-11-06"},{"lineNumber":27,"author":{"gitId":"Phoebezzzi"},"content":"    }","lastModifiedDate":"2022-11-06"},{"lineNumber":28,"author":{"gitId":"Phoebezzzi"},"content":"","lastModifiedDate":"2022-11-06"},{"lineNumber":29,"author":{"gitId":"Phoebezzzi"},"content":"    public void printTaskStatus(Task task){","lastModifiedDate":"2022-11-06"},{"lineNumber":30,"author":{"gitId":"Phoebezzzi"},"content":"        String icon \u003d String.format(\"\\t[%s] \",task.getStatusIcon());","lastModifiedDate":"2022-11-06"},{"lineNumber":31,"author":{"gitId":"Phoebezzzi"},"content":"        System.out.println(icon + task.getDescription());","lastModifiedDate":"2022-11-06"},{"lineNumber":32,"author":{"gitId":"Phoebezzzi"},"content":"    }","lastModifiedDate":"2022-11-06"},{"lineNumber":33,"author":{"gitId":"Phoebezzzi"},"content":"","lastModifiedDate":"2022-11-06"},{"lineNumber":34,"author":{"gitId":"Phoebezzzi"},"content":"    public void showError(String input){","lastModifiedDate":"2022-11-06"},{"lineNumber":35,"author":{"gitId":"Phoebezzzi"},"content":"        System.out.println(\"\\t\"+input);","lastModifiedDate":"2022-11-06"},{"lineNumber":36,"author":{"gitId":"Phoebezzzi"},"content":"    }","lastModifiedDate":"2022-11-06"},{"lineNumber":37,"author":{"gitId":"Phoebezzzi"},"content":"","lastModifiedDate":"2022-11-06"},{"lineNumber":38,"author":{"gitId":"Phoebezzzi"},"content":"//todo: need update here","lastModifiedDate":"2022-11-06"},{"lineNumber":39,"author":{"gitId":"Phoebezzzi"},"content":"    public void showLoadingError(){","lastModifiedDate":"2022-11-06"},{"lineNumber":40,"author":{"gitId":"Phoebezzzi"},"content":"        System.out.println(\"\\t\");","lastModifiedDate":"2022-11-06"},{"lineNumber":41,"author":{"gitId":"Phoebezzzi"},"content":"","lastModifiedDate":"2022-11-06"},{"lineNumber":42,"author":{"gitId":"Phoebezzzi"},"content":"    }","lastModifiedDate":"2022-11-06"},{"lineNumber":43,"author":{"gitId":"Phoebezzzi"},"content":"","lastModifiedDate":"2022-11-06"},{"lineNumber":44,"author":{"gitId":"Phoebezzzi"},"content":"    public String readCommand() {","lastModifiedDate":"2022-11-06"},{"lineNumber":45,"author":{"gitId":"Phoebezzzi"},"content":"        Scanner in \u003d new Scanner(System.in);","lastModifiedDate":"2022-11-06"},{"lineNumber":46,"author":{"gitId":"Phoebezzzi"},"content":"        return inputCleaner(in.nextLine());","lastModifiedDate":"2022-11-06"},{"lineNumber":47,"author":{"gitId":"Phoebezzzi"},"content":"    }","lastModifiedDate":"2022-11-06"},{"lineNumber":48,"author":{"gitId":"Phoebezzzi"},"content":"","lastModifiedDate":"2022-11-06"},{"lineNumber":49,"author":{"gitId":"Phoebezzzi"},"content":"    private String inputCleaner(String input) {","lastModifiedDate":"2022-11-06"},{"lineNumber":50,"author":{"gitId":"Phoebezzzi"},"content":"        return input.trim();","lastModifiedDate":"2022-11-06"},{"lineNumber":51,"author":{"gitId":"Phoebezzzi"},"content":"    }","lastModifiedDate":"2022-11-06"},{"lineNumber":52,"author":{"gitId":"Phoebezzzi"},"content":"}","lastModifiedDate":"2022-11-06"}],"authorContributionMap":{"Phoebezzzi":52}},{"path":"src/main/java/exception/CommandInvalidException.java","fileType":"java","lines":[{"lineNumber":1,"author":{"gitId":"Phoebezzzi"},"content":"package exception;","lastModifiedDate":"2022-11-06"},{"lineNumber":2,"author":{"gitId":"Phoebezzzi"},"content":"","lastModifiedDate":"2022-11-06"},{"lineNumber":3,"author":{"gitId":"Phoebezzzi"},"content":"public class CommandInvalidException extends DukeException{","lastModifiedDate":"2022-11-06"},{"lineNumber":4,"author":{"gitId":"Phoebezzzi"},"content":"    public CommandInvalidException(String wrongInput) {","lastModifiedDate":"2022-11-06"},{"lineNumber":5,"author":{"gitId":"Phoebezzzi"},"content":"        super(wrongInput);","lastModifiedDate":"2022-11-06"},{"lineNumber":6,"author":{"gitId":"Phoebezzzi"},"content":"    }","lastModifiedDate":"2022-11-06"},{"lineNumber":7,"author":{"gitId":"Phoebezzzi"},"content":"}","lastModifiedDate":"2022-11-06"}],"authorContributionMap":{"Phoebezzzi":7}},{"path":"src/main/java/exception/DukeException.java","fileType":"java","lines":[{"lineNumber":1,"author":{"gitId":"Phoebezzzi"},"content":"package exception;","lastModifiedDate":"2022-11-06"},{"lineNumber":2,"author":{"gitId":"Phoebezzzi"},"content":"","lastModifiedDate":"2022-11-06"},{"lineNumber":3,"author":{"gitId":"Phoebezzzi"},"content":"public class DukeException extends RuntimeException{","lastModifiedDate":"2022-11-06"},{"lineNumber":4,"author":{"gitId":"Phoebezzzi"},"content":"    public DukeException(String wrongInput){","lastModifiedDate":"2022-11-06"},{"lineNumber":5,"author":{"gitId":"Phoebezzzi"},"content":"        super(wrongInput);","lastModifiedDate":"2022-11-06"},{"lineNumber":6,"author":{"gitId":"Phoebezzzi"},"content":"    }","lastModifiedDate":"2022-11-06"},{"lineNumber":7,"author":{"gitId":"Phoebezzzi"},"content":"","lastModifiedDate":"2022-11-06"},{"lineNumber":8,"author":{"gitId":"Phoebezzzi"},"content":"    @Override","lastModifiedDate":"2022-11-06"},{"lineNumber":9,"author":{"gitId":"Phoebezzzi"},"content":"    public String getMessage() {","lastModifiedDate":"2022-11-06"},{"lineNumber":10,"author":{"gitId":"Phoebezzzi"},"content":"        return super.getMessage();","lastModifiedDate":"2022-11-06"},{"lineNumber":11,"author":{"gitId":"Phoebezzzi"},"content":"    }","lastModifiedDate":"2022-11-06"},{"lineNumber":12,"author":{"gitId":"Phoebezzzi"},"content":"}","lastModifiedDate":"2022-11-06"},{"lineNumber":13,"author":{"gitId":"Phoebezzzi"},"content":"","lastModifiedDate":"2022-11-06"},{"lineNumber":14,"author":{"gitId":"Phoebezzzi"},"content":"","lastModifiedDate":"2022-11-06"},{"lineNumber":15,"author":{"gitId":"Phoebezzzi"},"content":"//    public static void printException(String input){","lastModifiedDate":"2022-11-06"},{"lineNumber":16,"author":{"gitId":"Phoebezzzi"},"content":"//        try{","lastModifiedDate":"2022-11-06"},{"lineNumber":17,"author":{"gitId":"Phoebezzzi"},"content":"//            throw new LackDetailsException(\"☹ OOPS!!! The description of a \" + input + \" cannot be empty.\");","lastModifiedDate":"2022-11-06"},{"lineNumber":18,"author":{"gitId":"Phoebezzzi"},"content":"//        } catch (LackDetailsException e){","lastModifiedDate":"2022-11-06"},{"lineNumber":19,"author":{"gitId":"Phoebezzzi"},"content":"//            System.out.println(\"\\t\"+e.getMessage());","lastModifiedDate":"2022-11-06"},{"lineNumber":20,"author":{"gitId":"Phoebezzzi"},"content":"//        }","lastModifiedDate":"2022-11-06"},{"lineNumber":21,"author":{"gitId":"Phoebezzzi"},"content":"//    }","lastModifiedDate":"2022-11-06"}],"authorContributionMap":{"Phoebezzzi":21}},{"path":"src/main/java/exception/LackDetailsException.java","fileType":"java","lines":[{"lineNumber":1,"author":{"gitId":"Phoebezzzi"},"content":"package exception;","lastModifiedDate":"2022-11-06"},{"lineNumber":2,"author":{"gitId":"Phoebezzzi"},"content":"","lastModifiedDate":"2022-11-06"},{"lineNumber":3,"author":{"gitId":"Phoebezzzi"},"content":"public class LackDetailsException extends DukeException {","lastModifiedDate":"2022-11-06"},{"lineNumber":4,"author":{"gitId":"Phoebezzzi"},"content":"    public LackDetailsException(String wrongInput){","lastModifiedDate":"2022-11-06"},{"lineNumber":5,"author":{"gitId":"Phoebezzzi"},"content":"        super(\"☹ OOPS!!! The description of a \"+wrongInput+ \" cannot be empty.\");","lastModifiedDate":"2022-11-06"},{"lineNumber":6,"author":{"gitId":"Phoebezzzi"},"content":"    }","lastModifiedDate":"2022-11-06"},{"lineNumber":7,"author":{"gitId":"Phoebezzzi"},"content":"","lastModifiedDate":"2022-11-06"},{"lineNumber":8,"author":{"gitId":"Phoebezzzi"},"content":"    @Override","lastModifiedDate":"2022-11-06"},{"lineNumber":9,"author":{"gitId":"Phoebezzzi"},"content":"    public String getMessage() {","lastModifiedDate":"2022-11-06"},{"lineNumber":10,"author":{"gitId":"Phoebezzzi"},"content":"        return super.getMessage();","lastModifiedDate":"2022-11-06"},{"lineNumber":11,"author":{"gitId":"Phoebezzzi"},"content":"    }","lastModifiedDate":"2022-11-06"},{"lineNumber":12,"author":{"gitId":"Phoebezzzi"},"content":"","lastModifiedDate":"2022-11-06"},{"lineNumber":13,"author":{"gitId":"Phoebezzzi"},"content":"}","lastModifiedDate":"2022-11-06"},{"lineNumber":14,"author":{"gitId":"Phoebezzzi"},"content":"","lastModifiedDate":"2022-11-06"},{"lineNumber":15,"author":{"gitId":"Phoebezzzi"},"content":"","lastModifiedDate":"2022-11-06"}],"authorContributionMap":{"Phoebezzzi":15}},{"path":"src/main/java/exception/UnknownException.java","fileType":"java","lines":[{"lineNumber":1,"author":{"gitId":"Phoebezzzi"},"content":"package exception;","lastModifiedDate":"2022-11-06"},{"lineNumber":2,"author":{"gitId":"Phoebezzzi"},"content":"","lastModifiedDate":"2022-11-06"},{"lineNumber":3,"author":{"gitId":"Phoebezzzi"},"content":"public class UnknownException extends RuntimeException {","lastModifiedDate":"2022-11-06"},{"lineNumber":4,"author":{"gitId":"Phoebezzzi"},"content":"","lastModifiedDate":"2022-11-06"},{"lineNumber":5,"author":{"gitId":"Phoebezzzi"},"content":"    public UnknownException(String message) {","lastModifiedDate":"2022-11-06"},{"lineNumber":6,"author":{"gitId":"Phoebezzzi"},"content":"        super(message);","lastModifiedDate":"2022-11-06"},{"lineNumber":7,"author":{"gitId":"Phoebezzzi"},"content":"    }","lastModifiedDate":"2022-11-06"},{"lineNumber":8,"author":{"gitId":"Phoebezzzi"},"content":"","lastModifiedDate":"2022-11-06"},{"lineNumber":9,"author":{"gitId":"Phoebezzzi"},"content":"    @Override","lastModifiedDate":"2022-11-06"},{"lineNumber":10,"author":{"gitId":"Phoebezzzi"},"content":"    public String getMessage() {","lastModifiedDate":"2022-11-06"},{"lineNumber":11,"author":{"gitId":"Phoebezzzi"},"content":"        return super.getMessage();","lastModifiedDate":"2022-11-06"},{"lineNumber":12,"author":{"gitId":"Phoebezzzi"},"content":"    }","lastModifiedDate":"2022-11-06"},{"lineNumber":13,"author":{"gitId":"Phoebezzzi"},"content":"}","lastModifiedDate":"2022-11-06"},{"lineNumber":14,"author":{"gitId":"Phoebezzzi"},"content":"","lastModifiedDate":"2022-11-06"},{"lineNumber":15,"author":{"gitId":"Phoebezzzi"},"content":"","lastModifiedDate":"2022-11-06"},{"lineNumber":16,"author":{"gitId":"Phoebezzzi"},"content":"//    public static void printException(String input){","lastModifiedDate":"2022-11-06"},{"lineNumber":17,"author":{"gitId":"Phoebezzzi"},"content":"//        try{","lastModifiedDate":"2022-11-06"},{"lineNumber":18,"author":{"gitId":"Phoebezzzi"},"content":"//            throw new LackDetailsException(\"☹ OOPS!!! The description of a \" + input + \" cannot be empty.\");","lastModifiedDate":"2022-11-06"},{"lineNumber":19,"author":{"gitId":"Phoebezzzi"},"content":"//        } catch (LackDetailsException e){","lastModifiedDate":"2022-11-06"},{"lineNumber":20,"author":{"gitId":"Phoebezzzi"},"content":"//            System.out.println(\"\\t\"+e.getMessage());","lastModifiedDate":"2022-11-06"},{"lineNumber":21,"author":{"gitId":"Phoebezzzi"},"content":"//        }","lastModifiedDate":"2022-11-06"},{"lineNumber":22,"author":{"gitId":"Phoebezzzi"},"content":"//    }","lastModifiedDate":"2022-11-06"}],"authorContributionMap":{"Phoebezzzi":22}}]
