{"authorDailyContributionsMap":{"Phoebezzzi":[{"date":"2022-08-30","commitResults":[{"hash":"341f503ec4f6b46a8c2f6c49af93c6cc88336dd8","messageTitle":"testing","messageBody":"","tags":["v1.0"],"fileTypesAndContributionMap":{"java":{"insertions":1,"deletions":0}}}]},{"date":"2022-09-02","commitResults":[{"hash":"9572ff139cce50942ea45e183d4d2383bf7bbcaf","messageTitle":"level1-1:Greet,Echo,Exit","messageBody":"","fileTypesAndContributionMap":{"java":{"insertions":29,"deletions":2}}}]},{"date":"2022-09-04","commitResults":[{"hash":"6c22cd34c6c51902198bcb1c1ea2e84bac163c4a","messageTitle":"Level-2: Add, List","messageBody":"","fileTypesAndContributionMap":{"java":{"insertions":26,"deletions":13}}}]},{"date":"2022-09-13","commitResults":[{"hash":"261858f64cec9d628022995f41a37dfd59a5c514","messageTitle":"level1-3 to be updated","messageBody":"","fileTypesAndContributionMap":{"java":{"insertions":62,"deletions":14}}}]},{"date":"2022-09-15","commitResults":[{"hash":"1bddc0a912311299f4870376cd5aed3121c96bce","messageTitle":"Level-3 Mark as Done","messageBody":"","fileTypesAndContributionMap":{"java":{"insertions":46,"deletions":24}}}]},{"date":"2022-10-03","commitResults":[{"hash":"9acf98977b2800583278bf053850309733774f9b","messageTitle":"Level-4: ToDo, Event, Deadline","messageBody":"","fileTypesAndContributionMap":{"java":{"insertions":168,"deletions":23}}}]},{"date":"2022-10-23","commitResults":[{"hash":"23d162b66e1422a5a4817b6dbcf86bd084d411d0","messageTitle":"Level-5: Handle Errors","messageBody":"","fileTypesAndContributionMap":{"java":{"insertions":44,"deletions":7}}}]},{"date":"2022-10-29","commitResults":[{"hash":"def83126c4d0c6c5042465c842bf213974d763c1","messageTitle":"Level-6: Delete","messageBody":"","fileTypesAndContributionMap":{"java":{"insertions":31,"deletions":21}}}]},{"date":"2022-11-06","commitResults":[{"hash":"3327f3d08a86fcc229a91e6e8ba2d08f9b8a8370","messageTitle":"Level-7, Save, A-MoreOOP, A-Packages","messageBody":"","fileTypesAndContributionMap":{"txt":{"insertions":1,"deletions":0},"java":{"insertions":653,"deletions":193}}}]}]},"authorFileTypeContributionMap":{"Phoebezzzi":{"java":769,"md":0,"fxml":0,"sh":0,"bat":0,"gradle":0,"txt":1}},"authorContributionVariance":{"Phoebezzzi":8264.708},"authorDisplayNameMap":{"Phoebezzzi":"HU Y..YUAN"}}
