[{"path":"src/main/java/Deadline.java","fileType":"java","lines":[{"lineNumber":1,"author":{"gitId":"nleo7826"},"content":"//TODO: Add your code here","lastModifiedDate":"2022-11-08"},{"lineNumber":2,"author":{"gitId":"nleo7826"},"content":"public class Deadline extends Todo {","lastModifiedDate":"2022-11-08"},{"lineNumber":3,"author":{"gitId":"nleo7826"},"content":"    protected String by;","lastModifiedDate":"2022-11-08"},{"lineNumber":4,"author":{"gitId":"nleo7826"},"content":"","lastModifiedDate":"2022-11-08"},{"lineNumber":5,"author":{"gitId":"nleo7826"},"content":"    public void setBy(String by) {","lastModifiedDate":"2022-11-08"},{"lineNumber":6,"author":{"gitId":"nleo7826"},"content":"        this.by \u003d by;","lastModifiedDate":"2022-11-08"},{"lineNumber":7,"author":{"gitId":"nleo7826"},"content":"    }","lastModifiedDate":"2022-11-08"},{"lineNumber":8,"author":{"gitId":"nleo7826"},"content":"","lastModifiedDate":"2022-11-08"},{"lineNumber":9,"author":{"gitId":"nleo7826"},"content":"    public String getBy() {","lastModifiedDate":"2022-11-08"},{"lineNumber":10,"author":{"gitId":"nleo7826"},"content":"        return by;","lastModifiedDate":"2022-11-08"},{"lineNumber":11,"author":{"gitId":"nleo7826"},"content":"    }","lastModifiedDate":"2022-11-08"},{"lineNumber":12,"author":{"gitId":"nleo7826"},"content":"","lastModifiedDate":"2022-11-08"},{"lineNumber":13,"author":{"gitId":"nleo7826"},"content":"    public Deadline(String d) {","lastModifiedDate":"2022-11-08"},{"lineNumber":14,"author":{"gitId":"nleo7826"},"content":"        super(d);","lastModifiedDate":"2022-11-08"},{"lineNumber":15,"author":{"gitId":"nleo7826"},"content":"        int dateDiv \u003d d.indexOf(\"/\");","lastModifiedDate":"2022-11-08"},{"lineNumber":16,"author":{"gitId":"nleo7826"},"content":"        int length \u003d d.length();","lastModifiedDate":"2022-11-08"},{"lineNumber":17,"author":{"gitId":"nleo7826"},"content":"        setBy(d.substring(dateDiv + 4));","lastModifiedDate":"2022-11-08"},{"lineNumber":18,"author":{"gitId":"nleo7826"},"content":"        description.replace(dateDiv, length, \"(by: \" + by + \")\");","lastModifiedDate":"2022-11-08"},{"lineNumber":19,"author":{"gitId":"nleo7826"},"content":"        // if (d.charAt(dateDiv - 2) \u003d\u003d \u0027 \u0027) {","lastModifiedDate":"2022-11-08"},{"lineNumber":20,"author":{"gitId":"nleo7826"},"content":"        //     setBy(d.substring(dateDiv - 1));","lastModifiedDate":"2022-11-08"},{"lineNumber":21,"author":{"gitId":"nleo7826"},"content":"        //     description.replace(dateDiv-1, length, \"(by: \" + by + \")\");","lastModifiedDate":"2022-11-08"},{"lineNumber":22,"author":{"gitId":"nleo7826"},"content":"        // } else {","lastModifiedDate":"2022-11-08"},{"lineNumber":23,"author":{"gitId":"nleo7826"},"content":"        //     setBy(d.substring(dateDiv - 2));","lastModifiedDate":"2022-11-08"},{"lineNumber":24,"author":{"gitId":"nleo7826"},"content":"        //     description.replace(dateDiv-2, length, \"(by: \" + by + \")\");","lastModifiedDate":"2022-11-08"},{"lineNumber":25,"author":{"gitId":"nleo7826"},"content":"        // }","lastModifiedDate":"2022-11-08"},{"lineNumber":26,"author":{"gitId":"nleo7826"},"content":"        //this.description.append(\" (by: \" + by + \")\");","lastModifiedDate":"2022-11-08"},{"lineNumber":27,"author":{"gitId":"nleo7826"},"content":"    }","lastModifiedDate":"2022-11-08"},{"lineNumber":28,"author":{"gitId":"nleo7826"},"content":"};","lastModifiedDate":"2022-11-08"}],"authorContributionMap":{"nleo7826":28}},{"path":"src/main/java/Duke.java","fileType":"java","lines":[{"lineNumber":1,"author":{"gitId":"nleo7826"},"content":"import java.util.Scanner;","lastModifiedDate":"2022-09-13"},{"lineNumber":2,"author":{"gitId":"nleo7826"},"content":"","lastModifiedDate":"2022-09-13"},{"lineNumber":3,"author":{"gitId":"-"},"content":"public class Duke {","lastModifiedDate":"2019-07-29"},{"lineNumber":4,"author":{"gitId":"-"},"content":"    public static void main(String[] args) {","lastModifiedDate":"2019-07-29"},{"lineNumber":5,"author":{"gitId":"-"},"content":"        String logo \u003d \" ____        _        \\n\"","lastModifiedDate":"2019-07-29"},{"lineNumber":6,"author":{"gitId":"-"},"content":"                + \"|  _ \\\\ _   _| | _____ \\n\"","lastModifiedDate":"2019-07-29"},{"lineNumber":7,"author":{"gitId":"-"},"content":"                + \"| | | | | | | |/ / _ \\\\\\n\"","lastModifiedDate":"2019-07-29"},{"lineNumber":8,"author":{"gitId":"-"},"content":"                + \"| |_| | |_| |   \u003c  __/\\n\"","lastModifiedDate":"2019-07-29"},{"lineNumber":9,"author":{"gitId":"-"},"content":"                + \"|____/ \\\\__,_|_|\\\\_\\\\___|\\n\";","lastModifiedDate":"2019-07-29"},{"lineNumber":10,"author":{"gitId":"-"},"content":"        System.out.println(\"Hello from\\n\" + logo);","lastModifiedDate":"2019-07-29"},{"lineNumber":11,"author":{"gitId":"nleo7826"},"content":"        System.out.println(\"\\nHello! I\u0027m Duke\\nWhat can I do for you?\\n\");","lastModifiedDate":"2022-09-13"},{"lineNumber":12,"author":{"gitId":"nleo7826"},"content":"       ","lastModifiedDate":"2022-09-13"},{"lineNumber":13,"author":{"gitId":"nleo7826"},"content":"        Task[] list \u003d new Task[100];","lastModifiedDate":"2022-09-13"},{"lineNumber":14,"author":{"gitId":"nleo7826"},"content":"        int next \u003d 0, taskNo \u003d 0;","lastModifiedDate":"2022-09-13"},{"lineNumber":15,"author":{"gitId":"nleo7826"},"content":"        String key, new_input, x, y;","lastModifiedDate":"2022-11-08"},{"lineNumber":16,"author":{"gitId":"nleo7826"},"content":"","lastModifiedDate":"2022-09-13"},{"lineNumber":17,"author":{"gitId":"nleo7826"},"content":"        Scanner in \u003d new Scanner(System.in);","lastModifiedDate":"2022-09-13"},{"lineNumber":18,"author":{"gitId":"nleo7826"},"content":"","lastModifiedDate":"2022-09-13"},{"lineNumber":19,"author":{"gitId":"nleo7826"},"content":"        while(true) {","lastModifiedDate":"2022-09-13"},{"lineNumber":20,"author":{"gitId":"nleo7826"},"content":"            String input \u003d in.nextLine();","lastModifiedDate":"2022-09-13"},{"lineNumber":21,"author":{"gitId":"nleo7826"},"content":"            String[] tokens \u003d input.split(\" \");","lastModifiedDate":"2022-09-13"},{"lineNumber":22,"author":{"gitId":"nleo7826"},"content":"            key \u003d tokens[0];","lastModifiedDate":"2022-11-08"},{"lineNumber":23,"author":{"gitId":"nleo7826"},"content":"            if (key.equalsIgnoreCase(\"bye\")) {","lastModifiedDate":"2022-11-08"},{"lineNumber":24,"author":{"gitId":"nleo7826"},"content":"                    System.out.println(\"Bye. Hope to see you again soon!\");","lastModifiedDate":"2022-09-13"},{"lineNumber":25,"author":{"gitId":"nleo7826"},"content":"                    in.close();","lastModifiedDate":"2022-09-13"},{"lineNumber":26,"author":{"gitId":"nleo7826"},"content":"                    return;","lastModifiedDate":"2022-09-13"},{"lineNumber":27,"author":{"gitId":"nleo7826"},"content":"            }","lastModifiedDate":"2022-09-13"},{"lineNumber":28,"author":{"gitId":"nleo7826"},"content":"            else if (key.equalsIgnoreCase(\"list\")) {","lastModifiedDate":"2022-11-08"},{"lineNumber":29,"author":{"gitId":"nleo7826"},"content":"                System.out.println(\"Here are the task in your list:\\n\");","lastModifiedDate":"2022-09-13"},{"lineNumber":30,"author":{"gitId":"nleo7826"},"content":"                for (int i \u003d 0; i \u003c next; i++) {","lastModifiedDate":"2022-09-13"},{"lineNumber":31,"author":{"gitId":"nleo7826"},"content":"                    System.out.println(i+1 + \". \" + list[i].description.toString());","lastModifiedDate":"2022-11-08"},{"lineNumber":32,"author":{"gitId":"nleo7826"},"content":"                }","lastModifiedDate":"2022-09-13"},{"lineNumber":33,"author":{"gitId":"nleo7826"},"content":"            }","lastModifiedDate":"2022-09-13"},{"lineNumber":34,"author":{"gitId":"nleo7826"},"content":"            else if (key.equalsIgnoreCase(\"mark\")) {","lastModifiedDate":"2022-11-08"},{"lineNumber":35,"author":{"gitId":"nleo7826"},"content":"                taskNo \u003d Integer.parseInt(tokens[1]) - 1;","lastModifiedDate":"2022-09-13"},{"lineNumber":36,"author":{"gitId":"nleo7826"},"content":"                System.out.println(\"Nice! I\u0027ve marked this task as done:\");","lastModifiedDate":"2022-09-13"},{"lineNumber":37,"author":{"gitId":"nleo7826"},"content":"                list[taskNo].mark();","lastModifiedDate":"2022-09-13"},{"lineNumber":38,"author":{"gitId":"nleo7826"},"content":"                list[taskNo].description.replace(4, 5, \"X\");;","lastModifiedDate":"2022-11-08"},{"lineNumber":39,"author":{"gitId":"nleo7826"},"content":"                System.out.println(list[taskNo].description.toString());","lastModifiedDate":"2022-11-08"},{"lineNumber":40,"author":{"gitId":"nleo7826"},"content":"            }","lastModifiedDate":"2022-09-13"},{"lineNumber":41,"author":{"gitId":"nleo7826"},"content":"            else if (key.equalsIgnoreCase(\"unmark\")) {","lastModifiedDate":"2022-11-08"},{"lineNumber":42,"author":{"gitId":"nleo7826"},"content":"                taskNo \u003d Integer.parseInt(tokens[1]) - 1;","lastModifiedDate":"2022-09-13"},{"lineNumber":43,"author":{"gitId":"nleo7826"},"content":"                System.out.println(\"OK, I\u0027ve marked this task as not done yet:\");","lastModifiedDate":"2022-09-13"},{"lineNumber":44,"author":{"gitId":"nleo7826"},"content":"                list[taskNo].unmark();","lastModifiedDate":"2022-09-13"},{"lineNumber":45,"author":{"gitId":"nleo7826"},"content":"                list[taskNo].description.replace(4, 5, \" \");","lastModifiedDate":"2022-11-08"},{"lineNumber":46,"author":{"gitId":"nleo7826"},"content":"                System.out.println(list[taskNo].description.toString());","lastModifiedDate":"2022-11-08"},{"lineNumber":47,"author":{"gitId":"nleo7826"},"content":"            }","lastModifiedDate":"2022-11-08"},{"lineNumber":48,"author":{"gitId":"nleo7826"},"content":"            else if (key.equalsIgnoreCase(\"todo\")) {","lastModifiedDate":"2022-11-08"},{"lineNumber":49,"author":{"gitId":"nleo7826"},"content":"                new_input \u003d input.replace(key, \"[T][ ]\");","lastModifiedDate":"2022-11-08"},{"lineNumber":50,"author":{"gitId":"nleo7826"},"content":"                list[next] \u003d new Todo(new_input);","lastModifiedDate":"2022-11-08"},{"lineNumber":51,"author":{"gitId":"nleo7826"},"content":"                next++;","lastModifiedDate":"2022-11-08"},{"lineNumber":52,"author":{"gitId":"nleo7826"},"content":"            }","lastModifiedDate":"2022-11-08"},{"lineNumber":53,"author":{"gitId":"nleo7826"},"content":"            else if (key.equalsIgnoreCase(\"deadline\")) {","lastModifiedDate":"2022-11-08"},{"lineNumber":54,"author":{"gitId":"nleo7826"},"content":"                new_input \u003d input.replace(key, \"[D][ ]\");","lastModifiedDate":"2022-11-08"},{"lineNumber":55,"author":{"gitId":"nleo7826"},"content":"                list[next] \u003d new Deadline(new_input);","lastModifiedDate":"2022-11-08"},{"lineNumber":56,"author":{"gitId":"nleo7826"},"content":"                next++;","lastModifiedDate":"2022-11-08"},{"lineNumber":57,"author":{"gitId":"nleo7826"},"content":"            }","lastModifiedDate":"2022-11-08"},{"lineNumber":58,"author":{"gitId":"nleo7826"},"content":"            else if (key.equalsIgnoreCase(\"event\")) {","lastModifiedDate":"2022-11-08"},{"lineNumber":59,"author":{"gitId":"nleo7826"},"content":"                new_input \u003d input.replace(key, \"[E][ ]\");","lastModifiedDate":"2022-11-08"},{"lineNumber":60,"author":{"gitId":"nleo7826"},"content":"                list[next] \u003d new Event(new_input);","lastModifiedDate":"2022-11-08"},{"lineNumber":61,"author":{"gitId":"nleo7826"},"content":"                next++;","lastModifiedDate":"2022-11-08"},{"lineNumber":62,"author":{"gitId":"nleo7826"},"content":"            }","lastModifiedDate":"2022-09-13"},{"lineNumber":63,"author":{"gitId":"nleo7826"},"content":"            else {","lastModifiedDate":"2022-09-13"},{"lineNumber":64,"author":{"gitId":"nleo7826"},"content":"                    list[next] \u003d new Task(\"[ ][ ] \" + input);","lastModifiedDate":"2022-11-08"},{"lineNumber":65,"author":{"gitId":"nleo7826"},"content":"                    next++;","lastModifiedDate":"2022-09-13"},{"lineNumber":66,"author":{"gitId":"nleo7826"},"content":"                    System.out.println(\"added: \" + input);","lastModifiedDate":"2022-09-13"},{"lineNumber":67,"author":{"gitId":"nleo7826"},"content":"            }                ","lastModifiedDate":"2022-09-13"},{"lineNumber":68,"author":{"gitId":"nleo7826"},"content":"        }  ","lastModifiedDate":"2022-09-13"},{"lineNumber":69,"author":{"gitId":"-"},"content":"    }","lastModifiedDate":"2019-07-29"},{"lineNumber":70,"author":{"gitId":"-"},"content":"}","lastModifiedDate":"2019-07-29"}],"authorContributionMap":{"nleo7826":60,"-":10}},{"path":"src/main/java/Event.java","fileType":"java","lines":[{"lineNumber":1,"author":{"gitId":"nleo7826"},"content":"public class Event extends Deadline {","lastModifiedDate":"2022-11-08"},{"lineNumber":2,"author":{"gitId":"nleo7826"},"content":"    protected String time;","lastModifiedDate":"2022-11-08"},{"lineNumber":3,"author":{"gitId":"nleo7826"},"content":"","lastModifiedDate":"2022-11-08"},{"lineNumber":4,"author":{"gitId":"nleo7826"},"content":"    public void setTime(String time) {","lastModifiedDate":"2022-11-08"},{"lineNumber":5,"author":{"gitId":"nleo7826"},"content":"        this.time \u003d time;","lastModifiedDate":"2022-11-08"},{"lineNumber":6,"author":{"gitId":"nleo7826"},"content":"    }","lastModifiedDate":"2022-11-08"},{"lineNumber":7,"author":{"gitId":"nleo7826"},"content":"","lastModifiedDate":"2022-11-08"},{"lineNumber":8,"author":{"gitId":"nleo7826"},"content":"    public String getTime() {","lastModifiedDate":"2022-11-08"},{"lineNumber":9,"author":{"gitId":"nleo7826"},"content":"        return time;","lastModifiedDate":"2022-11-08"},{"lineNumber":10,"author":{"gitId":"nleo7826"},"content":"    }","lastModifiedDate":"2022-11-08"},{"lineNumber":11,"author":{"gitId":"nleo7826"},"content":"","lastModifiedDate":"2022-11-08"},{"lineNumber":12,"author":{"gitId":"nleo7826"},"content":"    public Event(String d) {","lastModifiedDate":"2022-11-08"},{"lineNumber":13,"author":{"gitId":"nleo7826"},"content":"        super(d);","lastModifiedDate":"2022-11-08"},{"lineNumber":14,"author":{"gitId":"nleo7826"},"content":"        int by \u003d description.lastIndexOf(\"by\");","lastModifiedDate":"2022-11-08"},{"lineNumber":15,"author":{"gitId":"nleo7826"},"content":"        description.replace(by, by+2, \"at\");","lastModifiedDate":"2022-11-08"},{"lineNumber":16,"author":{"gitId":"nleo7826"},"content":"    }","lastModifiedDate":"2022-11-08"},{"lineNumber":17,"author":{"gitId":"nleo7826"},"content":"};","lastModifiedDate":"2022-11-08"}],"authorContributionMap":{"nleo7826":17}},{"path":"src/main/java/Task.java","fileType":"java","lines":[{"lineNumber":1,"author":{"gitId":"nleo7826"},"content":"public class Task {","lastModifiedDate":"2022-09-13"},{"lineNumber":2,"author":{"gitId":"nleo7826"},"content":"    protected StringBuilder description;","lastModifiedDate":"2022-11-08"},{"lineNumber":3,"author":{"gitId":"nleo7826"},"content":"    protected boolean isDone;","lastModifiedDate":"2022-09-13"},{"lineNumber":4,"author":{"gitId":"nleo7826"},"content":"    private static int taskCount \u003d 0;","lastModifiedDate":"2022-11-08"},{"lineNumber":5,"author":{"gitId":"nleo7826"},"content":"","lastModifiedDate":"2022-09-13"},{"lineNumber":6,"author":{"gitId":"nleo7826"},"content":"    public Task(String d) {","lastModifiedDate":"2022-11-08"},{"lineNumber":7,"author":{"gitId":"nleo7826"},"content":"        this.description \u003d new StringBuilder(d);","lastModifiedDate":"2022-11-08"},{"lineNumber":8,"author":{"gitId":"nleo7826"},"content":"        this.isDone \u003d false;","lastModifiedDate":"2022-09-13"},{"lineNumber":9,"author":{"gitId":"nleo7826"},"content":"        taskCount++;","lastModifiedDate":"2022-11-08"},{"lineNumber":10,"author":{"gitId":"nleo7826"},"content":"        System.out.println(\"Got it. I\u0027ve added this task:\");","lastModifiedDate":"2022-11-08"},{"lineNumber":11,"author":{"gitId":"nleo7826"},"content":"        System.out.println(description);","lastModifiedDate":"2022-11-08"},{"lineNumber":12,"author":{"gitId":"nleo7826"},"content":"        System.out.println(\"Now you have \" + taskCount + \" in the list.\");","lastModifiedDate":"2022-11-08"},{"lineNumber":13,"author":{"gitId":"nleo7826"},"content":"    }","lastModifiedDate":"2022-09-13"},{"lineNumber":14,"author":{"gitId":"nleo7826"},"content":"    public String getStatusIcon() {","lastModifiedDate":"2022-09-13"},{"lineNumber":15,"author":{"gitId":"nleo7826"},"content":"        return (isDone ? \"X\" : \" \");","lastModifiedDate":"2022-09-13"},{"lineNumber":16,"author":{"gitId":"nleo7826"},"content":"    }","lastModifiedDate":"2022-09-13"},{"lineNumber":17,"author":{"gitId":"nleo7826"},"content":"","lastModifiedDate":"2022-09-13"},{"lineNumber":18,"author":{"gitId":"nleo7826"},"content":"    public void mark() {","lastModifiedDate":"2022-09-13"},{"lineNumber":19,"author":{"gitId":"nleo7826"},"content":"        this.isDone \u003d true;","lastModifiedDate":"2022-09-13"},{"lineNumber":20,"author":{"gitId":"nleo7826"},"content":"    }","lastModifiedDate":"2022-09-13"},{"lineNumber":21,"author":{"gitId":"nleo7826"},"content":"","lastModifiedDate":"2022-09-13"},{"lineNumber":22,"author":{"gitId":"nleo7826"},"content":"    public void unmark() {","lastModifiedDate":"2022-09-13"},{"lineNumber":23,"author":{"gitId":"nleo7826"},"content":"        this.isDone \u003d false;","lastModifiedDate":"2022-09-13"},{"lineNumber":24,"author":{"gitId":"nleo7826"},"content":"    }","lastModifiedDate":"2022-09-13"},{"lineNumber":25,"author":{"gitId":"nleo7826"},"content":"","lastModifiedDate":"2022-11-08"},{"lineNumber":26,"author":{"gitId":"nleo7826"},"content":"    public String getDescription() {","lastModifiedDate":"2022-11-08"},{"lineNumber":27,"author":{"gitId":"nleo7826"},"content":"        return description.toString();","lastModifiedDate":"2022-11-08"},{"lineNumber":28,"author":{"gitId":"nleo7826"},"content":"    }","lastModifiedDate":"2022-11-08"},{"lineNumber":29,"author":{"gitId":"nleo7826"},"content":"","lastModifiedDate":"2022-11-08"},{"lineNumber":30,"author":{"gitId":"nleo7826"},"content":"}","lastModifiedDate":"2022-09-13"}],"authorContributionMap":{"nleo7826":30}},{"path":"src/main/java/Todo.java","fileType":"java","lines":[{"lineNumber":1,"author":{"gitId":"nleo7826"},"content":"//TODO: Add your code here","lastModifiedDate":"2022-11-08"},{"lineNumber":2,"author":{"gitId":"nleo7826"},"content":"public class Todo extends Task {","lastModifiedDate":"2022-11-08"},{"lineNumber":3,"author":{"gitId":"nleo7826"},"content":"    protected boolean isDone;","lastModifiedDate":"2022-11-08"},{"lineNumber":4,"author":{"gitId":"nleo7826"},"content":"","lastModifiedDate":"2022-11-08"},{"lineNumber":5,"author":{"gitId":"nleo7826"},"content":"    public boolean isDone() {","lastModifiedDate":"2022-11-08"},{"lineNumber":6,"author":{"gitId":"nleo7826"},"content":"        return isDone;","lastModifiedDate":"2022-11-08"},{"lineNumber":7,"author":{"gitId":"nleo7826"},"content":"    }","lastModifiedDate":"2022-11-08"},{"lineNumber":8,"author":{"gitId":"nleo7826"},"content":"","lastModifiedDate":"2022-11-08"},{"lineNumber":9,"author":{"gitId":"nleo7826"},"content":"    public void setDone(boolean isDone) {","lastModifiedDate":"2022-11-08"},{"lineNumber":10,"author":{"gitId":"nleo7826"},"content":"        this.isDone \u003d isDone;","lastModifiedDate":"2022-11-08"},{"lineNumber":11,"author":{"gitId":"nleo7826"},"content":"    }","lastModifiedDate":"2022-11-08"},{"lineNumber":12,"author":{"gitId":"nleo7826"},"content":"    ","lastModifiedDate":"2022-11-08"},{"lineNumber":13,"author":{"gitId":"nleo7826"},"content":"    public Todo(String d) {","lastModifiedDate":"2022-11-08"},{"lineNumber":14,"author":{"gitId":"nleo7826"},"content":"        super(d);","lastModifiedDate":"2022-11-08"},{"lineNumber":15,"author":{"gitId":"nleo7826"},"content":"        isDone \u003d false;","lastModifiedDate":"2022-11-08"},{"lineNumber":16,"author":{"gitId":"nleo7826"},"content":"    }","lastModifiedDate":"2022-11-08"},{"lineNumber":17,"author":{"gitId":"nleo7826"},"content":"","lastModifiedDate":"2022-11-08"},{"lineNumber":18,"author":{"gitId":"nleo7826"},"content":"};","lastModifiedDate":"2022-11-08"}],"authorContributionMap":{"nleo7826":18}},{"path":"src/main/java/tempCodeRunnerFile.java","fileType":"java","lines":[{"lineNumber":1,"author":{"gitId":"nleo7826"},"content":"","lastModifiedDate":"2022-11-08"},{"lineNumber":2,"author":{"gitId":"nleo7826"},"content":"        this.by \u003d by;","lastModifiedDate":"2022-11-08"}],"authorContributionMap":{"nleo7826":2}}]
