[{"path":"src/main/java/Collections.java","fileType":"java","lines":[{"lineNumber":1,"author":{"gitId":"nleo7826"},"content":"import java.util.ArrayList;","lastModifiedDate":"2022-11-09"},{"lineNumber":2,"author":{"gitId":"nleo7826"},"content":"import java.util.List;","lastModifiedDate":"2022-11-09"},{"lineNumber":3,"author":{"gitId":"nleo7826"},"content":"","lastModifiedDate":"2022-11-09"},{"lineNumber":4,"author":{"gitId":"nleo7826"},"content":"public class Collections {","lastModifiedDate":"2022-11-09"},{"lineNumber":5,"author":{"gitId":"nleo7826"},"content":"    protected List\u003cTask\u003e taskslist;","lastModifiedDate":"2022-11-09"},{"lineNumber":6,"author":{"gitId":"nleo7826"},"content":"    protected static int taskId \u003d 1;","lastModifiedDate":"2022-11-09"},{"lineNumber":7,"author":{"gitId":"nleo7826"},"content":"","lastModifiedDate":"2022-11-09"},{"lineNumber":8,"author":{"gitId":"nleo7826"},"content":"    public Collections(){","lastModifiedDate":"2022-11-09"},{"lineNumber":9,"author":{"gitId":"nleo7826"},"content":"        taskslist \u003d new ArrayList\u003cTask\u003e();","lastModifiedDate":"2022-11-09"},{"lineNumber":10,"author":{"gitId":"nleo7826"},"content":"    }","lastModifiedDate":"2022-11-09"},{"lineNumber":11,"author":{"gitId":"nleo7826"},"content":"","lastModifiedDate":"2022-11-09"},{"lineNumber":12,"author":{"gitId":"nleo7826"},"content":"    public int getCount(){","lastModifiedDate":"2022-11-09"},{"lineNumber":13,"author":{"gitId":"nleo7826"},"content":"        return taskslist.size();","lastModifiedDate":"2022-11-09"},{"lineNumber":14,"author":{"gitId":"nleo7826"},"content":"    }","lastModifiedDate":"2022-11-09"},{"lineNumber":15,"author":{"gitId":"nleo7826"},"content":"","lastModifiedDate":"2022-11-09"},{"lineNumber":16,"author":{"gitId":"nleo7826"},"content":"    public int getTaskId(){","lastModifiedDate":"2022-11-09"},{"lineNumber":17,"author":{"gitId":"nleo7826"},"content":"        return taskId;","lastModifiedDate":"2022-11-09"},{"lineNumber":18,"author":{"gitId":"nleo7826"},"content":"    }","lastModifiedDate":"2022-11-09"},{"lineNumber":19,"author":{"gitId":"nleo7826"},"content":"","lastModifiedDate":"2022-11-09"},{"lineNumber":20,"author":{"gitId":"nleo7826"},"content":"    public List\u003cTask\u003e getTasks() {","lastModifiedDate":"2022-11-09"},{"lineNumber":21,"author":{"gitId":"nleo7826"},"content":"        return taskslist;","lastModifiedDate":"2022-11-09"},{"lineNumber":22,"author":{"gitId":"nleo7826"},"content":"    }","lastModifiedDate":"2022-11-09"},{"lineNumber":23,"author":{"gitId":"nleo7826"},"content":"","lastModifiedDate":"2022-11-09"},{"lineNumber":24,"author":{"gitId":"nleo7826"},"content":"    public void addTask(Task type) {","lastModifiedDate":"2022-11-09"},{"lineNumber":25,"author":{"gitId":"nleo7826"},"content":"        System.out.println(\"Got it. I\u0027ve added this task:\");","lastModifiedDate":"2022-11-09"},{"lineNumber":26,"author":{"gitId":"nleo7826"},"content":"        taskslist.add(type);","lastModifiedDate":"2022-11-09"},{"lineNumber":27,"author":{"gitId":"nleo7826"},"content":"        taskId++;","lastModifiedDate":"2022-11-09"},{"lineNumber":28,"author":{"gitId":"nleo7826"},"content":"        System.out.println(\"Now you have \" + getCount() + \" in the list.\");","lastModifiedDate":"2022-11-09"},{"lineNumber":29,"author":{"gitId":"nleo7826"},"content":"    }","lastModifiedDate":"2022-11-09"},{"lineNumber":30,"author":{"gitId":"nleo7826"},"content":"","lastModifiedDate":"2022-11-09"},{"lineNumber":31,"author":{"gitId":"nleo7826"},"content":"    public Task findTask(int id){","lastModifiedDate":"2022-11-09"},{"lineNumber":32,"author":{"gitId":"nleo7826"},"content":"        return taskslist.get(taskId);","lastModifiedDate":"2022-11-09"},{"lineNumber":33,"author":{"gitId":"nleo7826"},"content":"        //add exception to handle outofrange","lastModifiedDate":"2022-11-09"},{"lineNumber":34,"author":{"gitId":"nleo7826"},"content":"    }","lastModifiedDate":"2022-11-09"},{"lineNumber":35,"author":{"gitId":"nleo7826"},"content":"","lastModifiedDate":"2022-11-09"},{"lineNumber":36,"author":{"gitId":"nleo7826"},"content":"    public void markTask(int id) {","lastModifiedDate":"2022-11-09"},{"lineNumber":37,"author":{"gitId":"nleo7826"},"content":"        taskslist.get(id).mark();","lastModifiedDate":"2022-11-09"},{"lineNumber":38,"author":{"gitId":"nleo7826"},"content":"        taskslist.get(id).description.replace(4, 5, \"X\");","lastModifiedDate":"2022-11-09"},{"lineNumber":39,"author":{"gitId":"nleo7826"},"content":"        System.out.println(\"Nice! I\u0027ve marked this task as done:\");","lastModifiedDate":"2022-11-09"},{"lineNumber":40,"author":{"gitId":"nleo7826"},"content":"        System.out.println(taskslist.get(id).description.toString());        ","lastModifiedDate":"2022-11-09"},{"lineNumber":41,"author":{"gitId":"nleo7826"},"content":"    }","lastModifiedDate":"2022-11-09"},{"lineNumber":42,"author":{"gitId":"nleo7826"},"content":"","lastModifiedDate":"2022-11-09"},{"lineNumber":43,"author":{"gitId":"nleo7826"},"content":"    public void unmarkTask(int id) {","lastModifiedDate":"2022-11-09"},{"lineNumber":44,"author":{"gitId":"nleo7826"},"content":"        taskslist.get(id).unmark();","lastModifiedDate":"2022-11-09"},{"lineNumber":45,"author":{"gitId":"nleo7826"},"content":"        taskslist.get(id).description.replace(4, 5, \" \");","lastModifiedDate":"2022-11-09"},{"lineNumber":46,"author":{"gitId":"nleo7826"},"content":"        System.out.println(\"OK, I\u0027ve marked this task as not done yet:\");","lastModifiedDate":"2022-11-09"},{"lineNumber":47,"author":{"gitId":"nleo7826"},"content":"        System.out.println(taskslist.get(id).description.toString());","lastModifiedDate":"2022-11-09"},{"lineNumber":48,"author":{"gitId":"nleo7826"},"content":"    }","lastModifiedDate":"2022-11-09"},{"lineNumber":49,"author":{"gitId":"nleo7826"},"content":"","lastModifiedDate":"2022-11-09"},{"lineNumber":50,"author":{"gitId":"nleo7826"},"content":"    public void deleteTask(int id) {","lastModifiedDate":"2022-11-09"},{"lineNumber":51,"author":{"gitId":"nleo7826"},"content":"        StringBuilder selection \u003d new StringBuilder(taskslist.get(id-1).description);","lastModifiedDate":"2022-11-09"},{"lineNumber":52,"author":{"gitId":"nleo7826"},"content":"        System.out.println(\"Noted. I\u0027ve removed this task: \");","lastModifiedDate":"2022-11-09"},{"lineNumber":53,"author":{"gitId":"nleo7826"},"content":"        System.out.println(selection.toString());","lastModifiedDate":"2022-11-09"},{"lineNumber":54,"author":{"gitId":"nleo7826"},"content":"        taskslist.remove(id-1);","lastModifiedDate":"2022-11-09"},{"lineNumber":55,"author":{"gitId":"nleo7826"},"content":"        System.out.println(\"Now you have \" + getCount() + \" tasks in the list.\");","lastModifiedDate":"2022-11-09"},{"lineNumber":56,"author":{"gitId":"nleo7826"},"content":"    }","lastModifiedDate":"2022-11-09"},{"lineNumber":57,"author":{"gitId":"nleo7826"},"content":"}","lastModifiedDate":"2022-11-09"}],"authorContributionMap":{"nleo7826":57}},{"path":"src/main/java/Deadline.java","fileType":"java","lines":[{"lineNumber":1,"author":{"gitId":"nleo7826"},"content":"//TODO: Add your code here","lastModifiedDate":"2022-11-08"},{"lineNumber":2,"author":{"gitId":"nleo7826"},"content":"public class Deadline extends Todo {","lastModifiedDate":"2022-11-08"},{"lineNumber":3,"author":{"gitId":"nleo7826"},"content":"    protected String by;","lastModifiedDate":"2022-11-08"},{"lineNumber":4,"author":{"gitId":"nleo7826"},"content":"","lastModifiedDate":"2022-11-08"},{"lineNumber":5,"author":{"gitId":"nleo7826"},"content":"    public void setBy(String by) {","lastModifiedDate":"2022-11-08"},{"lineNumber":6,"author":{"gitId":"nleo7826"},"content":"        this.by \u003d by;","lastModifiedDate":"2022-11-08"},{"lineNumber":7,"author":{"gitId":"nleo7826"},"content":"    }","lastModifiedDate":"2022-11-08"},{"lineNumber":8,"author":{"gitId":"nleo7826"},"content":"","lastModifiedDate":"2022-11-08"},{"lineNumber":9,"author":{"gitId":"nleo7826"},"content":"    public String getBy() {","lastModifiedDate":"2022-11-08"},{"lineNumber":10,"author":{"gitId":"nleo7826"},"content":"        return by;","lastModifiedDate":"2022-11-08"},{"lineNumber":11,"author":{"gitId":"nleo7826"},"content":"    }","lastModifiedDate":"2022-11-08"},{"lineNumber":12,"author":{"gitId":"nleo7826"},"content":"","lastModifiedDate":"2022-11-08"},{"lineNumber":13,"author":{"gitId":"nleo7826"},"content":"    public Deadline(String d) {","lastModifiedDate":"2022-11-08"},{"lineNumber":14,"author":{"gitId":"nleo7826"},"content":"        super(d);","lastModifiedDate":"2022-11-08"},{"lineNumber":15,"author":{"gitId":"nleo7826"},"content":"        int dateDiv \u003d d.indexOf(\"/\");","lastModifiedDate":"2022-11-08"},{"lineNumber":16,"author":{"gitId":"nleo7826"},"content":"        int length \u003d d.length();","lastModifiedDate":"2022-11-08"},{"lineNumber":17,"author":{"gitId":"nleo7826"},"content":"        setBy(d.substring(dateDiv + 4));","lastModifiedDate":"2022-11-08"},{"lineNumber":18,"author":{"gitId":"nleo7826"},"content":"        description.replace(dateDiv, length, \"(by: \" + by + \")\");","lastModifiedDate":"2022-11-08"},{"lineNumber":19,"author":{"gitId":"nleo7826"},"content":"        // if (d.charAt(dateDiv - 2) \u003d\u003d \u0027 \u0027) {","lastModifiedDate":"2022-11-08"},{"lineNumber":20,"author":{"gitId":"nleo7826"},"content":"        //     setBy(d.substring(dateDiv - 1));","lastModifiedDate":"2022-11-08"},{"lineNumber":21,"author":{"gitId":"nleo7826"},"content":"        //     description.replace(dateDiv-1, length, \"(by: \" + by + \")\");","lastModifiedDate":"2022-11-08"},{"lineNumber":22,"author":{"gitId":"nleo7826"},"content":"        // } else {","lastModifiedDate":"2022-11-08"},{"lineNumber":23,"author":{"gitId":"nleo7826"},"content":"        //     setBy(d.substring(dateDiv - 2));","lastModifiedDate":"2022-11-08"},{"lineNumber":24,"author":{"gitId":"nleo7826"},"content":"        //     description.replace(dateDiv-2, length, \"(by: \" + by + \")\");","lastModifiedDate":"2022-11-08"},{"lineNumber":25,"author":{"gitId":"nleo7826"},"content":"        // }","lastModifiedDate":"2022-11-08"},{"lineNumber":26,"author":{"gitId":"nleo7826"},"content":"        //this.description.append(\" (by: \" + by + \")\");","lastModifiedDate":"2022-11-08"},{"lineNumber":27,"author":{"gitId":"nleo7826"},"content":"    }","lastModifiedDate":"2022-11-08"},{"lineNumber":28,"author":{"gitId":"nleo7826"},"content":"};","lastModifiedDate":"2022-11-08"}],"authorContributionMap":{"nleo7826":28}},{"path":"src/main/java/Duke.java","fileType":"java","lines":[{"lineNumber":1,"author":{"gitId":"nleo7826"},"content":"import java.util.Scanner;","lastModifiedDate":"2022-09-13"},{"lineNumber":2,"author":{"gitId":"nleo7826"},"content":"","lastModifiedDate":"2022-09-13"},{"lineNumber":3,"author":{"gitId":"-"},"content":"public class Duke {","lastModifiedDate":"2019-07-29"},{"lineNumber":4,"author":{"gitId":"nleo7826"},"content":"    public static void main(String[] args) throws Exception {","lastModifiedDate":"2022-11-08"},{"lineNumber":5,"author":{"gitId":"-"},"content":"        String logo \u003d \" ____        _        \\n\"","lastModifiedDate":"2019-07-29"},{"lineNumber":6,"author":{"gitId":"-"},"content":"                + \"|  _ \\\\ _   _| | _____ \\n\"","lastModifiedDate":"2019-07-29"},{"lineNumber":7,"author":{"gitId":"-"},"content":"                + \"| | | | | | | |/ / _ \\\\\\n\"","lastModifiedDate":"2019-07-29"},{"lineNumber":8,"author":{"gitId":"-"},"content":"                + \"| |_| | |_| |   \u003c  __/\\n\"","lastModifiedDate":"2019-07-29"},{"lineNumber":9,"author":{"gitId":"-"},"content":"                + \"|____/ \\\\__,_|_|\\\\_\\\\___|\\n\";","lastModifiedDate":"2019-07-29"},{"lineNumber":10,"author":{"gitId":"-"},"content":"        System.out.println(\"Hello from\\n\" + logo);","lastModifiedDate":"2019-07-29"},{"lineNumber":11,"author":{"gitId":"nleo7826"},"content":"        System.out.println(\"\\nHello! I\u0027m Duke\\nWhat can I do for you?\\n\");","lastModifiedDate":"2022-09-13"},{"lineNumber":12,"author":{"gitId":"nleo7826"},"content":"       ","lastModifiedDate":"2022-09-13"},{"lineNumber":13,"author":{"gitId":"nleo7826"},"content":"        Collections list \u003d new Collections();","lastModifiedDate":"2022-11-09"},{"lineNumber":14,"author":{"gitId":"nleo7826"},"content":"        //Task[] list \u003d new Task[100];","lastModifiedDate":"2022-11-09"},{"lineNumber":15,"author":{"gitId":"nleo7826"},"content":"        int next \u003d 0;","lastModifiedDate":"2022-11-09"},{"lineNumber":16,"author":{"gitId":"nleo7826"},"content":"        String key, new_input;","lastModifiedDate":"2022-11-08"},{"lineNumber":17,"author":{"gitId":"nleo7826"},"content":"","lastModifiedDate":"2022-09-13"},{"lineNumber":18,"author":{"gitId":"nleo7826"},"content":"        Scanner in \u003d new Scanner(System.in);","lastModifiedDate":"2022-09-13"},{"lineNumber":19,"author":{"gitId":"nleo7826"},"content":"","lastModifiedDate":"2022-09-13"},{"lineNumber":20,"author":{"gitId":"nleo7826"},"content":"        while(true) {","lastModifiedDate":"2022-09-13"},{"lineNumber":21,"author":{"gitId":"nleo7826"},"content":"            String input \u003d in.nextLine();","lastModifiedDate":"2022-09-13"},{"lineNumber":22,"author":{"gitId":"nleo7826"},"content":"            String[] tokens \u003d input.split(\" \");","lastModifiedDate":"2022-09-13"},{"lineNumber":23,"author":{"gitId":"nleo7826"},"content":"            key \u003d tokens[0];","lastModifiedDate":"2022-11-08"},{"lineNumber":24,"author":{"gitId":"nleo7826"},"content":"            if (key.equalsIgnoreCase(\"bye\")) {","lastModifiedDate":"2022-11-08"},{"lineNumber":25,"author":{"gitId":"nleo7826"},"content":"                    System.out.println(\"Bye. Hope to see you again soon!\");","lastModifiedDate":"2022-09-13"},{"lineNumber":26,"author":{"gitId":"nleo7826"},"content":"                    in.close();","lastModifiedDate":"2022-09-13"},{"lineNumber":27,"author":{"gitId":"nleo7826"},"content":"                    return;","lastModifiedDate":"2022-09-13"},{"lineNumber":28,"author":{"gitId":"nleo7826"},"content":"            }","lastModifiedDate":"2022-09-13"},{"lineNumber":29,"author":{"gitId":"nleo7826"},"content":"            else if (key.equalsIgnoreCase(\"list\")) {","lastModifiedDate":"2022-11-08"},{"lineNumber":30,"author":{"gitId":"nleo7826"},"content":"                if (list.getCount() \u003d\u003d 0) {","lastModifiedDate":"2022-11-09"},{"lineNumber":31,"author":{"gitId":"nleo7826"},"content":"                    System.out.println(\"List is empty!\");","lastModifiedDate":"2022-11-09"},{"lineNumber":32,"author":{"gitId":"nleo7826"},"content":"                    continue;","lastModifiedDate":"2022-11-09"},{"lineNumber":33,"author":{"gitId":"nleo7826"},"content":"                }   else {","lastModifiedDate":"2022-11-09"},{"lineNumber":34,"author":{"gitId":"nleo7826"},"content":"                        System.out.println(\"Here are the task in your list:\\n\");","lastModifiedDate":"2022-09-13"},{"lineNumber":35,"author":{"gitId":"nleo7826"},"content":"                    for (int i \u003d 1; i \u003c\u003d list.getCount(); i++) {","lastModifiedDate":"2022-11-09"},{"lineNumber":36,"author":{"gitId":"nleo7826"},"content":"                        System.out.println(i + \". \" + list.getTasks().get(i-1).getDescription());","lastModifiedDate":"2022-11-09"},{"lineNumber":37,"author":{"gitId":"nleo7826"},"content":"                    }","lastModifiedDate":"2022-11-09"},{"lineNumber":38,"author":{"gitId":"nleo7826"},"content":"                }","lastModifiedDate":"2022-09-13"},{"lineNumber":39,"author":{"gitId":"nleo7826"},"content":"            }","lastModifiedDate":"2022-09-13"},{"lineNumber":40,"author":{"gitId":"nleo7826"},"content":"            else if (key.equalsIgnoreCase(\"delete\")) {","lastModifiedDate":"2022-11-08"},{"lineNumber":41,"author":{"gitId":"nleo7826"},"content":"                if (tokens[1].isEmpty() || Integer.parseInt(tokens[1]) \u003e next) {","lastModifiedDate":"2022-11-08"},{"lineNumber":42,"author":{"gitId":"nleo7826"},"content":"                    throw new ArrayIndexOutOfBoundsException(\"Selected task does not exist\");","lastModifiedDate":"2022-11-08"},{"lineNumber":43,"author":{"gitId":"nleo7826"},"content":"                } else {","lastModifiedDate":"2022-11-09"},{"lineNumber":44,"author":{"gitId":"nleo7826"},"content":"                    list.deleteTask(Integer.valueOf(tokens[1]));","lastModifiedDate":"2022-11-09"},{"lineNumber":45,"author":{"gitId":"nleo7826"},"content":"                }","lastModifiedDate":"2022-11-08"},{"lineNumber":46,"author":{"gitId":"nleo7826"},"content":"            }","lastModifiedDate":"2022-11-08"},{"lineNumber":47,"author":{"gitId":"nleo7826"},"content":"            else if (key.equalsIgnoreCase(\"mark\")) {","lastModifiedDate":"2022-11-08"},{"lineNumber":48,"author":{"gitId":"nleo7826"},"content":"                list.markTask(Integer.valueOf(tokens[1]) - 1);","lastModifiedDate":"2022-11-09"},{"lineNumber":49,"author":{"gitId":"nleo7826"},"content":"            }","lastModifiedDate":"2022-09-13"},{"lineNumber":50,"author":{"gitId":"nleo7826"},"content":"            else if (key.equalsIgnoreCase(\"unmark\")) {","lastModifiedDate":"2022-11-08"},{"lineNumber":51,"author":{"gitId":"nleo7826"},"content":"                    int j \u003d Integer.valueOf(tokens[1]) - 1;","lastModifiedDate":"2022-11-09"},{"lineNumber":52,"author":{"gitId":"nleo7826"},"content":"                    list.unmarkTask(Integer.valueOf(tokens[1]) - 1);","lastModifiedDate":"2022-11-09"},{"lineNumber":53,"author":{"gitId":"nleo7826"},"content":"            }","lastModifiedDate":"2022-11-08"},{"lineNumber":54,"author":{"gitId":"nleo7826"},"content":"            else if (key.equalsIgnoreCase(\"todo\")) {","lastModifiedDate":"2022-11-08"},{"lineNumber":55,"author":{"gitId":"nleo7826"},"content":"                if (tokens[1].isEmpty()) {","lastModifiedDate":"2022-11-08"},{"lineNumber":56,"author":{"gitId":"nleo7826"},"content":"                    throw new DukeException(\"OOPS!!! The description of a todo cannot be empty.\");","lastModifiedDate":"2022-11-08"},{"lineNumber":57,"author":{"gitId":"nleo7826"},"content":"                }","lastModifiedDate":"2022-11-08"},{"lineNumber":58,"author":{"gitId":"nleo7826"},"content":"                new_input \u003d input.replace(key, \"[T][ ]\");","lastModifiedDate":"2022-11-08"},{"lineNumber":59,"author":{"gitId":"nleo7826"},"content":"                Task temp \u003d new Todo(new_input);","lastModifiedDate":"2022-11-09"},{"lineNumber":60,"author":{"gitId":"nleo7826"},"content":"                list.addTask(temp);","lastModifiedDate":"2022-11-09"},{"lineNumber":61,"author":{"gitId":"nleo7826"},"content":"                next++;","lastModifiedDate":"2022-11-08"},{"lineNumber":62,"author":{"gitId":"nleo7826"},"content":"            }","lastModifiedDate":"2022-11-08"},{"lineNumber":63,"author":{"gitId":"nleo7826"},"content":"            else if (key.equalsIgnoreCase(\"deadline\")) {","lastModifiedDate":"2022-11-08"},{"lineNumber":64,"author":{"gitId":"nleo7826"},"content":"                if (tokens[1].isEmpty()) {","lastModifiedDate":"2022-11-08"},{"lineNumber":65,"author":{"gitId":"nleo7826"},"content":"                    throw new DukeException(\"OOPS!!! The description of a deadline cannot be empty.\");","lastModifiedDate":"2022-11-08"},{"lineNumber":66,"author":{"gitId":"nleo7826"},"content":"                }","lastModifiedDate":"2022-11-08"},{"lineNumber":67,"author":{"gitId":"nleo7826"},"content":"                new_input \u003d input.replace(key, \"[D][ ]\");","lastModifiedDate":"2022-11-08"},{"lineNumber":68,"author":{"gitId":"nleo7826"},"content":"                Task temp \u003d new Deadline(new_input);","lastModifiedDate":"2022-11-09"},{"lineNumber":69,"author":{"gitId":"nleo7826"},"content":"                list.addTask(temp);","lastModifiedDate":"2022-11-09"},{"lineNumber":70,"author":{"gitId":"nleo7826"},"content":"                next++;","lastModifiedDate":"2022-11-08"},{"lineNumber":71,"author":{"gitId":"nleo7826"},"content":"            }","lastModifiedDate":"2022-11-08"},{"lineNumber":72,"author":{"gitId":"nleo7826"},"content":"            else if (key.equalsIgnoreCase(\"event\")) {","lastModifiedDate":"2022-11-08"},{"lineNumber":73,"author":{"gitId":"nleo7826"},"content":"                if (tokens[1].isEmpty()) {","lastModifiedDate":"2022-11-08"},{"lineNumber":74,"author":{"gitId":"nleo7826"},"content":"                    throw new DukeException(\"OOPS!!! The description of a event cannot be empty.\");","lastModifiedDate":"2022-11-08"},{"lineNumber":75,"author":{"gitId":"nleo7826"},"content":"                }","lastModifiedDate":"2022-11-08"},{"lineNumber":76,"author":{"gitId":"nleo7826"},"content":"                new_input \u003d input.replace(key, \"[E][ ]\");","lastModifiedDate":"2022-11-08"},{"lineNumber":77,"author":{"gitId":"nleo7826"},"content":"                Task temp \u003d new Event(new_input);","lastModifiedDate":"2022-11-09"},{"lineNumber":78,"author":{"gitId":"nleo7826"},"content":"                list.addTask(temp);","lastModifiedDate":"2022-11-09"},{"lineNumber":79,"author":{"gitId":"nleo7826"},"content":"                next++;","lastModifiedDate":"2022-11-08"},{"lineNumber":80,"author":{"gitId":"nleo7826"},"content":"            }","lastModifiedDate":"2022-09-13"},{"lineNumber":81,"author":{"gitId":"nleo7826"},"content":"            else {","lastModifiedDate":"2022-09-13"},{"lineNumber":82,"author":{"gitId":"nleo7826"},"content":"                    throw new DukeException(\"OOPS!!! I\u0027m sorry, but I don\u0027t know what that means :-(\");","lastModifiedDate":"2022-11-08"},{"lineNumber":83,"author":{"gitId":"nleo7826"},"content":"            }                ","lastModifiedDate":"2022-09-13"},{"lineNumber":84,"author":{"gitId":"nleo7826"},"content":"        }  ","lastModifiedDate":"2022-09-13"},{"lineNumber":85,"author":{"gitId":"-"},"content":"    }","lastModifiedDate":"2019-07-29"},{"lineNumber":86,"author":{"gitId":"-"},"content":"}","lastModifiedDate":"2019-07-29"}],"authorContributionMap":{"nleo7826":77,"-":9}},{"path":"src/main/java/DukeException.java","fileType":"java","lines":[{"lineNumber":1,"author":{"gitId":"nleo7826"},"content":"public class DukeException extends Exception {","lastModifiedDate":"2022-11-08"},{"lineNumber":2,"author":{"gitId":"nleo7826"},"content":"    public DukeException(String m) {","lastModifiedDate":"2022-11-08"},{"lineNumber":3,"author":{"gitId":"nleo7826"},"content":"        super(m);","lastModifiedDate":"2022-11-08"},{"lineNumber":4,"author":{"gitId":"nleo7826"},"content":"    }","lastModifiedDate":"2022-11-08"},{"lineNumber":5,"author":{"gitId":"nleo7826"},"content":"}","lastModifiedDate":"2022-11-08"}],"authorContributionMap":{"nleo7826":5}},{"path":"src/main/java/Event.java","fileType":"java","lines":[{"lineNumber":1,"author":{"gitId":"nleo7826"},"content":"public class Event extends Deadline {","lastModifiedDate":"2022-11-08"},{"lineNumber":2,"author":{"gitId":"nleo7826"},"content":"    protected String time;","lastModifiedDate":"2022-11-08"},{"lineNumber":3,"author":{"gitId":"nleo7826"},"content":"","lastModifiedDate":"2022-11-08"},{"lineNumber":4,"author":{"gitId":"nleo7826"},"content":"    public void setTime(String time) {","lastModifiedDate":"2022-11-08"},{"lineNumber":5,"author":{"gitId":"nleo7826"},"content":"        this.time \u003d time;","lastModifiedDate":"2022-11-08"},{"lineNumber":6,"author":{"gitId":"nleo7826"},"content":"    }","lastModifiedDate":"2022-11-08"},{"lineNumber":7,"author":{"gitId":"nleo7826"},"content":"","lastModifiedDate":"2022-11-08"},{"lineNumber":8,"author":{"gitId":"nleo7826"},"content":"    public String getTime() {","lastModifiedDate":"2022-11-08"},{"lineNumber":9,"author":{"gitId":"nleo7826"},"content":"        return time;","lastModifiedDate":"2022-11-08"},{"lineNumber":10,"author":{"gitId":"nleo7826"},"content":"    }","lastModifiedDate":"2022-11-08"},{"lineNumber":11,"author":{"gitId":"nleo7826"},"content":"","lastModifiedDate":"2022-11-08"},{"lineNumber":12,"author":{"gitId":"nleo7826"},"content":"    public Event(String d) {","lastModifiedDate":"2022-11-08"},{"lineNumber":13,"author":{"gitId":"nleo7826"},"content":"        super(d);","lastModifiedDate":"2022-11-08"},{"lineNumber":14,"author":{"gitId":"nleo7826"},"content":"        int by \u003d description.lastIndexOf(\"by\");","lastModifiedDate":"2022-11-08"},{"lineNumber":15,"author":{"gitId":"nleo7826"},"content":"        description.replace(by, by+2, \"at\");","lastModifiedDate":"2022-11-08"},{"lineNumber":16,"author":{"gitId":"nleo7826"},"content":"    }","lastModifiedDate":"2022-11-08"},{"lineNumber":17,"author":{"gitId":"nleo7826"},"content":"};","lastModifiedDate":"2022-11-08"}],"authorContributionMap":{"nleo7826":17}},{"path":"src/main/java/Task.java","fileType":"java","lines":[{"lineNumber":1,"author":{"gitId":"nleo7826"},"content":"public class Task {","lastModifiedDate":"2022-09-13"},{"lineNumber":2,"author":{"gitId":"nleo7826"},"content":"    protected StringBuilder description;","lastModifiedDate":"2022-11-08"},{"lineNumber":3,"author":{"gitId":"nleo7826"},"content":"    protected boolean isDone;","lastModifiedDate":"2022-09-13"},{"lineNumber":4,"author":{"gitId":"nleo7826"},"content":"","lastModifiedDate":"2022-09-13"},{"lineNumber":5,"author":{"gitId":"nleo7826"},"content":"    public Task(String d) {","lastModifiedDate":"2022-11-08"},{"lineNumber":6,"author":{"gitId":"nleo7826"},"content":"        this.description \u003d new StringBuilder(d);","lastModifiedDate":"2022-11-08"},{"lineNumber":7,"author":{"gitId":"nleo7826"},"content":"        this.isDone \u003d false;","lastModifiedDate":"2022-09-13"},{"lineNumber":8,"author":{"gitId":"nleo7826"},"content":"        System.out.println(description);","lastModifiedDate":"2022-11-08"},{"lineNumber":9,"author":{"gitId":"nleo7826"},"content":"    }","lastModifiedDate":"2022-09-13"},{"lineNumber":10,"author":{"gitId":"nleo7826"},"content":"    public String getStatusIcon() {","lastModifiedDate":"2022-09-13"},{"lineNumber":11,"author":{"gitId":"nleo7826"},"content":"        return (isDone ? \"X\" : \" \");","lastModifiedDate":"2022-09-13"},{"lineNumber":12,"author":{"gitId":"nleo7826"},"content":"    }","lastModifiedDate":"2022-09-13"},{"lineNumber":13,"author":{"gitId":"nleo7826"},"content":"","lastModifiedDate":"2022-09-13"},{"lineNumber":14,"author":{"gitId":"nleo7826"},"content":"    public void mark() {","lastModifiedDate":"2022-09-13"},{"lineNumber":15,"author":{"gitId":"nleo7826"},"content":"        this.isDone \u003d true;","lastModifiedDate":"2022-09-13"},{"lineNumber":16,"author":{"gitId":"nleo7826"},"content":"    }","lastModifiedDate":"2022-09-13"},{"lineNumber":17,"author":{"gitId":"nleo7826"},"content":"","lastModifiedDate":"2022-09-13"},{"lineNumber":18,"author":{"gitId":"nleo7826"},"content":"    public void unmark() {","lastModifiedDate":"2022-09-13"},{"lineNumber":19,"author":{"gitId":"nleo7826"},"content":"        this.isDone \u003d false;","lastModifiedDate":"2022-09-13"},{"lineNumber":20,"author":{"gitId":"nleo7826"},"content":"    }","lastModifiedDate":"2022-09-13"},{"lineNumber":21,"author":{"gitId":"nleo7826"},"content":"","lastModifiedDate":"2022-11-08"},{"lineNumber":22,"author":{"gitId":"nleo7826"},"content":"    public String getDescription() {","lastModifiedDate":"2022-11-08"},{"lineNumber":23,"author":{"gitId":"nleo7826"},"content":"        return description.toString();","lastModifiedDate":"2022-11-08"},{"lineNumber":24,"author":{"gitId":"nleo7826"},"content":"    }","lastModifiedDate":"2022-11-08"},{"lineNumber":25,"author":{"gitId":"nleo7826"},"content":"}","lastModifiedDate":"2022-09-13"}],"authorContributionMap":{"nleo7826":25}},{"path":"src/main/java/Todo.java","fileType":"java","lines":[{"lineNumber":1,"author":{"gitId":"nleo7826"},"content":"//TODO: Add your code here","lastModifiedDate":"2022-11-08"},{"lineNumber":2,"author":{"gitId":"nleo7826"},"content":"public class Todo extends Task {","lastModifiedDate":"2022-11-08"},{"lineNumber":3,"author":{"gitId":"nleo7826"},"content":"    protected boolean isDone;","lastModifiedDate":"2022-11-08"},{"lineNumber":4,"author":{"gitId":"nleo7826"},"content":"","lastModifiedDate":"2022-11-08"},{"lineNumber":5,"author":{"gitId":"nleo7826"},"content":"    public boolean isDone() {","lastModifiedDate":"2022-11-08"},{"lineNumber":6,"author":{"gitId":"nleo7826"},"content":"        return isDone;","lastModifiedDate":"2022-11-08"},{"lineNumber":7,"author":{"gitId":"nleo7826"},"content":"    }","lastModifiedDate":"2022-11-08"},{"lineNumber":8,"author":{"gitId":"nleo7826"},"content":"","lastModifiedDate":"2022-11-08"},{"lineNumber":9,"author":{"gitId":"nleo7826"},"content":"    public void setDone(boolean isDone) {","lastModifiedDate":"2022-11-08"},{"lineNumber":10,"author":{"gitId":"nleo7826"},"content":"        this.isDone \u003d isDone;","lastModifiedDate":"2022-11-08"},{"lineNumber":11,"author":{"gitId":"nleo7826"},"content":"    }","lastModifiedDate":"2022-11-08"},{"lineNumber":12,"author":{"gitId":"nleo7826"},"content":"    ","lastModifiedDate":"2022-11-08"},{"lineNumber":13,"author":{"gitId":"nleo7826"},"content":"    public Todo(String d) {","lastModifiedDate":"2022-11-08"},{"lineNumber":14,"author":{"gitId":"nleo7826"},"content":"        super(d);","lastModifiedDate":"2022-11-08"},{"lineNumber":15,"author":{"gitId":"nleo7826"},"content":"        isDone \u003d false;","lastModifiedDate":"2022-11-08"},{"lineNumber":16,"author":{"gitId":"nleo7826"},"content":"    }","lastModifiedDate":"2022-11-08"},{"lineNumber":17,"author":{"gitId":"nleo7826"},"content":"","lastModifiedDate":"2022-11-08"},{"lineNumber":18,"author":{"gitId":"nleo7826"},"content":"};","lastModifiedDate":"2022-11-08"}],"authorContributionMap":{"nleo7826":18}},{"path":"src/main/java/tempCodeRunnerFile.java","fileType":"java","lines":[{"lineNumber":1,"author":{"gitId":"nleo7826"},"content":"                // if (tokens[1].isEmpty() || Integer.parseInt(tokens[1]) \u003e next) {","lastModifiedDate":"2022-11-09"},{"lineNumber":2,"author":{"gitId":"nleo7826"},"content":"                //     throw new ArrayIndexOutOfBoundsException(\"Selected task does not exist\");","lastModifiedDate":"2022-11-09"},{"lineNumber":3,"author":{"gitId":"nleo7826"},"content":"                // } else {","lastModifiedDate":"2022-11-09"}],"authorContributionMap":{"nleo7826":3}}]
