{"authorDailyContributionsMap":{"nleo7826":[{"date":"2022-09-13","commitResults":[{"hash":"061eac0bd4d6aefeb942c55a2d58beadfefa6d07","messageTitle":"Level-3","messageBody":"","fileTypesAndContributionMap":{"java":{"insertions":66,"deletions":0}}},{"hash":"4ec145dbcf8e493c0c31a790eab2e0a32d1602c0","messageTitle":"Level-3","messageBody":"","fileTypesAndContributionMap":{"java":{"insertions":1,"deletions":1}}},{"hash":"af8a26fbe001cdd9ab70f3f4356c96bf223311f6","messageTitle":"Level-3 update","messageBody":"","tags":["v1.3"],"fileTypesAndContributionMap":{"java":{"insertions":2,"deletions":2}}},{"hash":"4d99888f6164ea054d98d658c092f2b4c184a889","messageTitle":"Level-3 update","messageBody":"","fileTypesAndContributionMap":{"java":{"insertions":8,"deletions":6}}}]},{"date":"2022-11-08","commitResults":[{"hash":"adfd3d7135c348efcbd6204ea1a0d4897ab2512d","messageTitle":"Level-4","messageBody":"","fileTypesAndContributionMap":{"java":{"insertions":105,"deletions":18}}}]}]},"authorFileTypeContributionMap":{"nleo7826":{"java":155,"md":0,"fxml":0,"sh":0,"bat":0,"gradle":0,"txt":0}},"authorContributionVariance":{"nleo7826":237.15381},"authorDisplayNameMap":{"nleo7826":"NG J..NARD"}}
