{"authorDailyContributionsMap":{"nleo7826":[{"date":"2022-09-13","commitResults":[{"hash":"061eac0bd4d6aefeb942c55a2d58beadfefa6d07","messageTitle":"Level-3","messageBody":"","fileTypesAndContributionMap":{"java":{"insertions":66,"deletions":0}}},{"hash":"4ec145dbcf8e493c0c31a790eab2e0a32d1602c0","messageTitle":"Level-3","messageBody":"","fileTypesAndContributionMap":{"java":{"insertions":1,"deletions":1}}},{"hash":"af8a26fbe001cdd9ab70f3f4356c96bf223311f6","messageTitle":"Level-3 update","messageBody":"","tags":["v1.3"],"fileTypesAndContributionMap":{"java":{"insertions":2,"deletions":2}}},{"hash":"4d99888f6164ea054d98d658c092f2b4c184a889","messageTitle":"Level-3 update","messageBody":"","fileTypesAndContributionMap":{"java":{"insertions":8,"deletions":6}}}]},{"date":"2022-11-08","commitResults":[{"hash":"adfd3d7135c348efcbd6204ea1a0d4897ab2512d","messageTitle":"Level-4","messageBody":"","tags":["v1.4"],"fileTypesAndContributionMap":{"java":{"insertions":105,"deletions":18}}},{"hash":"e3f67dc15c839e7386560cff0e58ef8f8fb04cc9","messageTitle":"Level-5","messageBody":"","tags":["v1.5"],"fileTypesAndContributionMap":{"java":{"insertions":18,"deletions":5}}},{"hash":"bf2db919b794a62f07b3c76c146c051336570b70","messageTitle":"Level-5","messageBody":"","fileTypesAndContributionMap":{"java":{"insertions":5,"deletions":0}}}]},{"date":"2022-11-09","commitResults":[{"hash":"80540ee04ad97be9499e38469d70b0404ced8209","messageTitle":"Level-6 added collections","messageBody":"","fileTypesAndContributionMap":{"java":{"insertions":0,"deletions":2}}},{"hash":"5e535ba5bd1a6011e40ad87f24cbe884849057e0","messageTitle":"Level-6 added collections","messageBody":"","tags":["v1.6"],"fileTypesAndContributionMap":{"java":{"insertions":82,"deletions":18}}},{"hash":"0dd2c8f1fc018e4bc0987311fd34a8de313352e1","messageTitle":"refactor and handling of collections","messageBody":"","fileTypesAndContributionMap":{"java":{"insertions":10,"deletions":16}}}]}]},"authorFileTypeContributionMap":{"nleo7826":{"java":230,"md":0,"fxml":0,"sh":0,"bat":0,"gradle":0,"txt":0}},"authorContributionVariance":{"nleo7826":480.4651},"authorDisplayNameMap":{"nleo7826":"NG J..NARD"}}
