[{"path":"src/main/java/Deadline.java","fileType":"java","lines":[{"lineNumber":1,"author":{"gitId":"lihuii"},"content":"public class Deadline extends Task {","lastModifiedDate":"2022-10-14"},{"lineNumber":2,"author":{"gitId":"lihuii"},"content":"    protected String by;","lastModifiedDate":"2022-10-14"},{"lineNumber":3,"author":{"gitId":"lihuii"},"content":"","lastModifiedDate":"2022-10-14"},{"lineNumber":4,"author":{"gitId":"lihuii"},"content":"    public Deadline(String description, String by) {","lastModifiedDate":"2022-10-14"},{"lineNumber":5,"author":{"gitId":"lihuii"},"content":"        super(description);","lastModifiedDate":"2022-10-14"},{"lineNumber":6,"author":{"gitId":"lihuii"},"content":"        this.by \u003d by;","lastModifiedDate":"2022-10-14"},{"lineNumber":7,"author":{"gitId":"lihuii"},"content":"    }","lastModifiedDate":"2022-10-14"},{"lineNumber":8,"author":{"gitId":"lihuii"},"content":"","lastModifiedDate":"2022-10-14"},{"lineNumber":9,"author":{"gitId":"lihuii"},"content":"    @Override","lastModifiedDate":"2022-10-14"},{"lineNumber":10,"author":{"gitId":"lihuii"},"content":"    public String toString() {","lastModifiedDate":"2022-10-14"},{"lineNumber":11,"author":{"gitId":"lihuii"},"content":"        return \"[D]\" + super.toString() + \" (by: \" + by + \")\";","lastModifiedDate":"2022-10-14"},{"lineNumber":12,"author":{"gitId":"lihuii"},"content":"    }","lastModifiedDate":"2022-10-14"},{"lineNumber":13,"author":{"gitId":"lihuii"},"content":"}","lastModifiedDate":"2022-10-14"},{"lineNumber":14,"author":{"gitId":"lihuii"},"content":"","lastModifiedDate":"2022-10-14"}],"authorContributionMap":{"lihuii":14}},{"path":"src/main/java/Duke.java","fileType":"java","lines":[{"lineNumber":1,"author":{"gitId":"lihuii"},"content":"import com.sun.source.util.TaskListener;","lastModifiedDate":"2022-10-04"},{"lineNumber":2,"author":{"gitId":"lihuii"},"content":"","lastModifiedDate":"2022-10-04"},{"lineNumber":3,"author":{"gitId":"lihuii"},"content":"import java.io.IOException;","lastModifiedDate":"2022-10-14"},{"lineNumber":4,"author":{"gitId":"lihuii"},"content":"import java.util.ArrayList;","lastModifiedDate":"2022-09-18"},{"lineNumber":5,"author":{"gitId":"lihuii"},"content":"import java.util.Arrays;","lastModifiedDate":"2022-09-18"},{"lineNumber":6,"author":{"gitId":"lihuii"},"content":"import java.util.List;","lastModifiedDate":"2022-09-18"},{"lineNumber":7,"author":{"gitId":"lihuii"},"content":"import java.util.Scanner;","lastModifiedDate":"2022-09-18"},{"lineNumber":8,"author":{"gitId":"lihuii"},"content":"","lastModifiedDate":"2022-09-19"},{"lineNumber":9,"author":{"gitId":"-"},"content":"public class Duke {","lastModifiedDate":"2019-07-29"},{"lineNumber":10,"author":{"gitId":"lihuii"},"content":"    public static List\u003cTask\u003e taskList \u003d new ArrayList\u003c\u003e();","lastModifiedDate":"2022-10-14"},{"lineNumber":11,"author":{"gitId":"lihuii"},"content":"","lastModifiedDate":"2022-10-14"},{"lineNumber":12,"author":{"gitId":"lihuii"},"content":"    public static void listTask() {","lastModifiedDate":"2022-10-14"},{"lineNumber":13,"author":{"gitId":"lihuii"},"content":"        int taskCount \u003d 0;","lastModifiedDate":"2022-10-14"},{"lineNumber":14,"author":{"gitId":"lihuii"},"content":"        System.out.println(\"____________________________________________________________\\n\" +","lastModifiedDate":"2022-10-14"},{"lineNumber":15,"author":{"gitId":"lihuii"},"content":"                \"Here are the tasks in your list:\");","lastModifiedDate":"2022-10-14"},{"lineNumber":16,"author":{"gitId":"lihuii"},"content":"        for (Task task : taskList) {","lastModifiedDate":"2022-10-14"},{"lineNumber":17,"author":{"gitId":"lihuii"},"content":"            System.out.println(taskCount + 1 + \". \" + task);","lastModifiedDate":"2022-10-14"},{"lineNumber":18,"author":{"gitId":"lihuii"},"content":"            taskCount++;","lastModifiedDate":"2022-10-14"},{"lineNumber":19,"author":{"gitId":"lihuii"},"content":"        }","lastModifiedDate":"2022-10-14"},{"lineNumber":20,"author":{"gitId":"lihuii"},"content":"        System.out.println(\"____________________________________________________________\");","lastModifiedDate":"2022-10-14"},{"lineNumber":21,"author":{"gitId":"lihuii"},"content":"    }","lastModifiedDate":"2022-10-14"},{"lineNumber":22,"author":{"gitId":"lihuii"},"content":"","lastModifiedDate":"2022-10-14"},{"lineNumber":23,"author":{"gitId":"lihuii"},"content":"    public static void markTask(String[] lineSpaceSplit) {","lastModifiedDate":"2022-10-14"},{"lineNumber":24,"author":{"gitId":"lihuii"},"content":"        int markedIndex \u003d Integer.parseInt(lineSpaceSplit[1]);","lastModifiedDate":"2022-10-14"},{"lineNumber":25,"author":{"gitId":"lihuii"},"content":"        try {","lastModifiedDate":"2022-10-14"},{"lineNumber":26,"author":{"gitId":"lihuii"},"content":"            Task markedTask \u003d taskList.get(markedIndex - 1);","lastModifiedDate":"2022-10-14"},{"lineNumber":27,"author":{"gitId":"lihuii"},"content":"            markedTask.markAsDone();","lastModifiedDate":"2022-10-14"},{"lineNumber":28,"author":{"gitId":"lihuii"},"content":"        } catch (IndexOutOfBoundsException e) {","lastModifiedDate":"2022-10-14"},{"lineNumber":29,"author":{"gitId":"lihuii"},"content":"            System.out.println(\"____________________________________________________________\" +","lastModifiedDate":"2022-10-14"},{"lineNumber":30,"author":{"gitId":"lihuii"},"content":"                    \"Task Number out of range. Please enter a valid input (Task Number: 1 \" + \"-\" + taskList.size() + \")\" +","lastModifiedDate":"2022-10-14"},{"lineNumber":31,"author":{"gitId":"lihuii"},"content":"                    \"____________________________________________________________\");","lastModifiedDate":"2022-10-14"},{"lineNumber":32,"author":{"gitId":"lihuii"},"content":"        }","lastModifiedDate":"2022-10-14"},{"lineNumber":33,"author":{"gitId":"lihuii"},"content":"    }","lastModifiedDate":"2022-10-14"},{"lineNumber":34,"author":{"gitId":"lihuii"},"content":"","lastModifiedDate":"2022-10-14"},{"lineNumber":35,"author":{"gitId":"lihuii"},"content":"    public static void unmarkTask(String[] lineSpaceSplit) {","lastModifiedDate":"2022-10-14"},{"lineNumber":36,"author":{"gitId":"lihuii"},"content":"        int unmarkedIndex \u003d Integer.parseInt(lineSpaceSplit[1]);","lastModifiedDate":"2022-10-14"},{"lineNumber":37,"author":{"gitId":"lihuii"},"content":"        try {","lastModifiedDate":"2022-10-14"},{"lineNumber":38,"author":{"gitId":"lihuii"},"content":"            Task unmarkedTask \u003d taskList.get(unmarkedIndex - 1);","lastModifiedDate":"2022-10-14"},{"lineNumber":39,"author":{"gitId":"lihuii"},"content":"            unmarkedTask.markAsUndone();","lastModifiedDate":"2022-10-14"},{"lineNumber":40,"author":{"gitId":"lihuii"},"content":"        } catch (IndexOutOfBoundsException e) {","lastModifiedDate":"2022-10-14"},{"lineNumber":41,"author":{"gitId":"lihuii"},"content":"            System.out.println(\"____________________________________________________________\" +","lastModifiedDate":"2022-10-14"},{"lineNumber":42,"author":{"gitId":"lihuii"},"content":"                    \"Task Number out of range. Please enter a valid input (Current Range: 1 \" + \"to \" + taskList.size() + \")\" +","lastModifiedDate":"2022-10-14"},{"lineNumber":43,"author":{"gitId":"lihuii"},"content":"                    \"____________________________________________________________\");","lastModifiedDate":"2022-10-14"},{"lineNumber":44,"author":{"gitId":"lihuii"},"content":"        }","lastModifiedDate":"2022-10-14"},{"lineNumber":45,"author":{"gitId":"lihuii"},"content":"    }","lastModifiedDate":"2022-10-14"},{"lineNumber":46,"author":{"gitId":"lihuii"},"content":"","lastModifiedDate":"2022-10-14"},{"lineNumber":47,"author":{"gitId":"lihuii"},"content":"    public static void todoTask(String line) {","lastModifiedDate":"2022-10-14"},{"lineNumber":48,"author":{"gitId":"lihuii"},"content":"        System.out.println(\"____________________________________________________________\");","lastModifiedDate":"2022-10-14"},{"lineNumber":49,"author":{"gitId":"lihuii"},"content":"        try {","lastModifiedDate":"2022-10-14"},{"lineNumber":50,"author":{"gitId":"lihuii"},"content":"            String todoTask \u003d line.substring(5);","lastModifiedDate":"2022-10-14"},{"lineNumber":51,"author":{"gitId":"lihuii"},"content":"            Todo newTodoTask \u003d new Todo(todoTask);","lastModifiedDate":"2022-10-14"},{"lineNumber":52,"author":{"gitId":"lihuii"},"content":"            taskList.add(newTodoTask);","lastModifiedDate":"2022-10-14"},{"lineNumber":53,"author":{"gitId":"lihuii"},"content":"            System.out.println(\"Got it. I\u0027ve added this task:\");","lastModifiedDate":"2022-10-14"},{"lineNumber":54,"author":{"gitId":"lihuii"},"content":"            System.out.println(newTodoTask);","lastModifiedDate":"2022-10-14"},{"lineNumber":55,"author":{"gitId":"lihuii"},"content":"            System.out.println(\"\\nNow you have \" + taskList.size() + \" tasks in the list.\");","lastModifiedDate":"2022-10-14"},{"lineNumber":56,"author":{"gitId":"lihuii"},"content":"        } catch (ArrayIndexOutOfBoundsException | StringIndexOutOfBoundsException e) {","lastModifiedDate":"2022-10-14"},{"lineNumber":57,"author":{"gitId":"lihuii"},"content":"            System.out.println(\"Todo description cannot be empty.\\nPlease enter a valid input (E.g. todo borrow book).\");","lastModifiedDate":"2022-10-14"},{"lineNumber":58,"author":{"gitId":"lihuii"},"content":"        }","lastModifiedDate":"2022-10-14"},{"lineNumber":59,"author":{"gitId":"lihuii"},"content":"        System.out.println(\"____________________________________________________________\");","lastModifiedDate":"2022-10-14"},{"lineNumber":60,"author":{"gitId":"lihuii"},"content":"    }","lastModifiedDate":"2022-10-14"},{"lineNumber":61,"author":{"gitId":"lihuii"},"content":"","lastModifiedDate":"2022-10-14"},{"lineNumber":62,"author":{"gitId":"lihuii"},"content":"    public static void deadlineTask(String line) {","lastModifiedDate":"2022-10-14"},{"lineNumber":63,"author":{"gitId":"lihuii"},"content":"","lastModifiedDate":"2022-10-14"},{"lineNumber":64,"author":{"gitId":"lihuii"},"content":"        System.out.println(\"____________________________________________________________\");","lastModifiedDate":"2022-10-14"},{"lineNumber":65,"author":{"gitId":"lihuii"},"content":"        try {","lastModifiedDate":"2022-10-14"},{"lineNumber":66,"author":{"gitId":"lihuii"},"content":"            String[] deadlineItemSplit \u003d (line.substring(9)).split(\" /by \");","lastModifiedDate":"2022-10-14"},{"lineNumber":67,"author":{"gitId":"lihuii"},"content":"            String deadlineTask \u003d deadlineItemSplit[0];","lastModifiedDate":"2022-10-14"},{"lineNumber":68,"author":{"gitId":"lihuii"},"content":"            String deadlineBy \u003d deadlineItemSplit[1];","lastModifiedDate":"2022-10-14"},{"lineNumber":69,"author":{"gitId":"lihuii"},"content":"            Deadline task \u003d new Deadline(deadlineTask, deadlineBy);","lastModifiedDate":"2022-10-14"},{"lineNumber":70,"author":{"gitId":"lihuii"},"content":"            taskList.add(task);","lastModifiedDate":"2022-10-14"},{"lineNumber":71,"author":{"gitId":"lihuii"},"content":"            System.out.println(\"Got it. I\u0027ve added this task:\");","lastModifiedDate":"2022-10-14"},{"lineNumber":72,"author":{"gitId":"lihuii"},"content":"            System.out.println(task);","lastModifiedDate":"2022-10-14"},{"lineNumber":73,"author":{"gitId":"lihuii"},"content":"            System.out.println(\"\\nNow you have \" + taskList.size() + \" tasks in the list.\");","lastModifiedDate":"2022-10-14"},{"lineNumber":74,"author":{"gitId":"lihuii"},"content":"        } catch (ArrayIndexOutOfBoundsException | StringIndexOutOfBoundsException e) {","lastModifiedDate":"2022-10-14"},{"lineNumber":75,"author":{"gitId":"lihuii"},"content":"            System.out.println(\"Invalid Deadline input.\\nPlease enter a valid input (E.g. deadline return book /by Sunday).\");","lastModifiedDate":"2022-10-14"},{"lineNumber":76,"author":{"gitId":"lihuii"},"content":"        }","lastModifiedDate":"2022-10-14"},{"lineNumber":77,"author":{"gitId":"lihuii"},"content":"        System.out.println(\"____________________________________________________________\");","lastModifiedDate":"2022-10-14"},{"lineNumber":78,"author":{"gitId":"lihuii"},"content":"    }","lastModifiedDate":"2022-10-14"},{"lineNumber":79,"author":{"gitId":"lihuii"},"content":"","lastModifiedDate":"2022-10-14"},{"lineNumber":80,"author":{"gitId":"lihuii"},"content":"    public static void eventTask(String line) {","lastModifiedDate":"2022-10-14"},{"lineNumber":81,"author":{"gitId":"lihuii"},"content":"        System.out.println(\"____________________________________________________________\");","lastModifiedDate":"2022-10-14"},{"lineNumber":82,"author":{"gitId":"lihuii"},"content":"        try {","lastModifiedDate":"2022-10-14"},{"lineNumber":83,"author":{"gitId":"lihuii"},"content":"            String[] eventItemSplit \u003d (line.substring(6)).split(\" /at \");","lastModifiedDate":"2022-10-14"},{"lineNumber":84,"author":{"gitId":"lihuii"},"content":"            String eventTask \u003d eventItemSplit[0];","lastModifiedDate":"2022-10-14"},{"lineNumber":85,"author":{"gitId":"lihuii"},"content":"            String eventAt \u003d eventItemSplit[1];","lastModifiedDate":"2022-10-14"},{"lineNumber":86,"author":{"gitId":"lihuii"},"content":"            Event task \u003d new Event(eventTask, eventAt);","lastModifiedDate":"2022-10-14"},{"lineNumber":87,"author":{"gitId":"lihuii"},"content":"            taskList.add(task);","lastModifiedDate":"2022-10-14"},{"lineNumber":88,"author":{"gitId":"lihuii"},"content":"            System.out.println(\"Got it. I\u0027ve added this task:\");","lastModifiedDate":"2022-10-14"},{"lineNumber":89,"author":{"gitId":"lihuii"},"content":"            System.out.println(task);","lastModifiedDate":"2022-10-14"},{"lineNumber":90,"author":{"gitId":"lihuii"},"content":"            System.out.println(\"\\nNow you have \" + taskList.size() + \" tasks in the list.\");","lastModifiedDate":"2022-10-14"},{"lineNumber":91,"author":{"gitId":"lihuii"},"content":"        } catch (ArrayIndexOutOfBoundsException | StringIndexOutOfBoundsException e) {","lastModifiedDate":"2022-10-14"},{"lineNumber":92,"author":{"gitId":"lihuii"},"content":"            System.out.println(\"Invalid Event input.\\nPlease enter a valid input (E.g. event project meeting /at Mon 2-4pm).\");","lastModifiedDate":"2022-10-14"},{"lineNumber":93,"author":{"gitId":"lihuii"},"content":"        }","lastModifiedDate":"2022-10-14"},{"lineNumber":94,"author":{"gitId":"lihuii"},"content":"        System.out.println(\"____________________________________________________________\");","lastModifiedDate":"2022-10-14"},{"lineNumber":95,"author":{"gitId":"lihuii"},"content":"    }","lastModifiedDate":"2022-10-14"},{"lineNumber":96,"author":{"gitId":"lihuii"},"content":"","lastModifiedDate":"2022-10-14"},{"lineNumber":97,"author":{"gitId":"lihuii"},"content":"    public static void deleteTask(String[] lineSpaceSplit) {","lastModifiedDate":"2022-10-14"},{"lineNumber":98,"author":{"gitId":"lihuii"},"content":"        System.out.println(\"____________________________________________________________\");","lastModifiedDate":"2022-10-14"},{"lineNumber":99,"author":{"gitId":"lihuii"},"content":"        int deleteIndex \u003d Integer.parseInt(lineSpaceSplit[1]);","lastModifiedDate":"2022-10-14"},{"lineNumber":100,"author":{"gitId":"lihuii"},"content":"        try {","lastModifiedDate":"2022-10-14"},{"lineNumber":101,"author":{"gitId":"lihuii"},"content":"            Task task \u003d taskList.get(deleteIndex - 1);","lastModifiedDate":"2022-10-14"},{"lineNumber":102,"author":{"gitId":"lihuii"},"content":"            taskList.remove(task);","lastModifiedDate":"2022-10-14"},{"lineNumber":103,"author":{"gitId":"lihuii"},"content":"            System.out.println(\"Noted. I\u0027ve removed this task:\\n\");","lastModifiedDate":"2022-10-14"},{"lineNumber":104,"author":{"gitId":"lihuii"},"content":"            System.out.println(task);","lastModifiedDate":"2022-10-14"},{"lineNumber":105,"author":{"gitId":"lihuii"},"content":"            System.out.println(\"\\nNow you have \" + taskList.size() + \" tasks in the list.\");","lastModifiedDate":"2022-10-14"},{"lineNumber":106,"author":{"gitId":"lihuii"},"content":"        } catch (IndexOutOfBoundsException e) {","lastModifiedDate":"2022-10-14"},{"lineNumber":107,"author":{"gitId":"lihuii"},"content":"            System.out.println(\"____________________________________________________________\" +","lastModifiedDate":"2022-10-14"},{"lineNumber":108,"author":{"gitId":"lihuii"},"content":"                    \"Task Number out of range. Please enter a valid input (Current Range: 1 \" + \"to \" + taskList.size() + \")\" +","lastModifiedDate":"2022-10-14"},{"lineNumber":109,"author":{"gitId":"lihuii"},"content":"                    \"____________________________________________________________\");","lastModifiedDate":"2022-10-14"},{"lineNumber":110,"author":{"gitId":"lihuii"},"content":"        }","lastModifiedDate":"2022-10-14"},{"lineNumber":111,"author":{"gitId":"lihuii"},"content":"    }","lastModifiedDate":"2022-10-14"},{"lineNumber":112,"author":{"gitId":"lihuii"},"content":"","lastModifiedDate":"2022-10-14"},{"lineNumber":113,"author":{"gitId":"lihuii"},"content":"    public static void main(String[] args) throws DukeException {","lastModifiedDate":"2022-10-14"},{"lineNumber":114,"author":{"gitId":"-"},"content":"        String logo \u003d \" ____        _        \\n\"","lastModifiedDate":"2019-07-29"},{"lineNumber":115,"author":{"gitId":"-"},"content":"                + \"|  _ \\\\ _   _| | _____ \\n\"","lastModifiedDate":"2019-07-29"},{"lineNumber":116,"author":{"gitId":"-"},"content":"                + \"| | | | | | | |/ / _ \\\\\\n\"","lastModifiedDate":"2019-07-29"},{"lineNumber":117,"author":{"gitId":"-"},"content":"                + \"| |_| | |_| |   \u003c  __/\\n\"","lastModifiedDate":"2019-07-29"},{"lineNumber":118,"author":{"gitId":"-"},"content":"                + \"|____/ \\\\__,_|_|\\\\_\\\\___|\\n\";","lastModifiedDate":"2019-07-29"},{"lineNumber":119,"author":{"gitId":"-"},"content":"        System.out.println(\"Hello from\\n\" + logo);","lastModifiedDate":"2019-07-29"},{"lineNumber":120,"author":{"gitId":"lihuii"},"content":"        System.out.println(\"Hello there! I\u0027m Duke\\nWhat can I do for you?\");","lastModifiedDate":"2022-09-18"},{"lineNumber":121,"author":{"gitId":"lihuii"},"content":"","lastModifiedDate":"2022-09-18"},{"lineNumber":122,"author":{"gitId":"lihuii"},"content":"","lastModifiedDate":"2022-09-18"},{"lineNumber":123,"author":{"gitId":"lihuii"},"content":"        String line;","lastModifiedDate":"2022-09-18"},{"lineNumber":124,"author":{"gitId":"lihuii"},"content":"        Scanner in \u003d new Scanner(System.in);","lastModifiedDate":"2022-09-18"},{"lineNumber":125,"author":{"gitId":"lihuii"},"content":"","lastModifiedDate":"2022-09-18"},{"lineNumber":126,"author":{"gitId":"lihuii"},"content":"        while (true) {","lastModifiedDate":"2022-09-18"},{"lineNumber":127,"author":{"gitId":"lihuii"},"content":"            line \u003d in.nextLine();","lastModifiedDate":"2022-09-18"},{"lineNumber":128,"author":{"gitId":"lihuii"},"content":"            String[] lineSpaceSplit \u003d line.split(\" \");","lastModifiedDate":"2022-10-14"},{"lineNumber":129,"author":{"gitId":"lihuii"},"content":"            String taskTitle \u003d lineSpaceSplit[0];","lastModifiedDate":"2022-10-14"},{"lineNumber":130,"author":{"gitId":"lihuii"},"content":"","lastModifiedDate":"2022-09-18"},{"lineNumber":131,"author":{"gitId":"lihuii"},"content":"            switch (taskTitle) {","lastModifiedDate":"2022-10-14"},{"lineNumber":132,"author":{"gitId":"lihuii"},"content":"                // enter bye to end chat","lastModifiedDate":"2022-09-18"},{"lineNumber":133,"author":{"gitId":"lihuii"},"content":"                case (\"bye\"):","lastModifiedDate":"2022-10-14"},{"lineNumber":134,"author":{"gitId":"lihuii"},"content":"                    System.out.println(\"Bye. Hope to see you again soon!\");","lastModifiedDate":"2022-09-18"},{"lineNumber":135,"author":{"gitId":"lihuii"},"content":"                    break;","lastModifiedDate":"2022-09-18"},{"lineNumber":136,"author":{"gitId":"lihuii"},"content":"","lastModifiedDate":"2022-09-18"},{"lineNumber":137,"author":{"gitId":"lihuii"},"content":"                // to list all items","lastModifiedDate":"2022-09-18"},{"lineNumber":138,"author":{"gitId":"lihuii"},"content":"                case (\"list\"):","lastModifiedDate":"2022-10-14"},{"lineNumber":139,"author":{"gitId":"lihuii"},"content":"                    listTask();","lastModifiedDate":"2022-10-14"},{"lineNumber":140,"author":{"gitId":"lihuii"},"content":"                    break;","lastModifiedDate":"2022-10-14"},{"lineNumber":141,"author":{"gitId":"lihuii"},"content":"","lastModifiedDate":"2022-09-19"},{"lineNumber":142,"author":{"gitId":"lihuii"},"content":"                // mark items","lastModifiedDate":"2022-09-19"},{"lineNumber":143,"author":{"gitId":"lihuii"},"content":"                case (\"mark\"):","lastModifiedDate":"2022-10-14"},{"lineNumber":144,"author":{"gitId":"lihuii"},"content":"                    if (taskList.isEmpty()) {","lastModifiedDate":"2022-10-14"},{"lineNumber":145,"author":{"gitId":"lihuii"},"content":"                        System.out.println(\"____________________________________________________________\\n\" +","lastModifiedDate":"2022-10-14"},{"lineNumber":146,"author":{"gitId":"lihuii"},"content":"                                \"No Task is found. Please create a task.\" +","lastModifiedDate":"2022-10-14"},{"lineNumber":147,"author":{"gitId":"lihuii"},"content":"                                \"\\n____________________________________________________________\");","lastModifiedDate":"2022-10-14"},{"lineNumber":148,"author":{"gitId":"lihuii"},"content":"                    } else {","lastModifiedDate":"2022-10-14"},{"lineNumber":149,"author":{"gitId":"lihuii"},"content":"                        try {","lastModifiedDate":"2022-10-14"},{"lineNumber":150,"author":{"gitId":"lihuii"},"content":"                            markTask(lineSpaceSplit);","lastModifiedDate":"2022-10-14"},{"lineNumber":151,"author":{"gitId":"lihuii"},"content":"                        } catch (ArrayIndexOutOfBoundsException e) {","lastModifiedDate":"2022-10-14"},{"lineNumber":152,"author":{"gitId":"lihuii"},"content":"                            System.out.println(\"____________________________________________________________\\n\" +","lastModifiedDate":"2022-09-19"},{"lineNumber":153,"author":{"gitId":"lihuii"},"content":"                                    \"Task number not detected. Please enter a valid input (E.g. mark 1)\" +","lastModifiedDate":"2022-10-14"},{"lineNumber":154,"author":{"gitId":"lihuii"},"content":"                                    \"\\n____________________________________________________________\");","lastModifiedDate":"2022-09-27"},{"lineNumber":155,"author":{"gitId":"lihuii"},"content":"                        }","lastModifiedDate":"2022-09-19"},{"lineNumber":156,"author":{"gitId":"lihuii"},"content":"                    }","lastModifiedDate":"2022-10-14"},{"lineNumber":157,"author":{"gitId":"lihuii"},"content":"                    break;","lastModifiedDate":"2022-10-14"},{"lineNumber":158,"author":{"gitId":"lihuii"},"content":"","lastModifiedDate":"2022-09-19"},{"lineNumber":159,"author":{"gitId":"lihuii"},"content":"                // unmarked items","lastModifiedDate":"2022-09-19"},{"lineNumber":160,"author":{"gitId":"lihuii"},"content":"                case (\"unmark\"):","lastModifiedDate":"2022-10-14"},{"lineNumber":161,"author":{"gitId":"lihuii"},"content":"                    if (taskList.isEmpty()) {","lastModifiedDate":"2022-10-14"},{"lineNumber":162,"author":{"gitId":"lihuii"},"content":"                        System.out.println(\"____________________________________________________________\\n\" +","lastModifiedDate":"2022-10-14"},{"lineNumber":163,"author":{"gitId":"lihuii"},"content":"                                \"No Task is found. Please create a task.\" +","lastModifiedDate":"2022-10-14"},{"lineNumber":164,"author":{"gitId":"lihuii"},"content":"                                \"\\n____________________________________________________________\");","lastModifiedDate":"2022-10-14"},{"lineNumber":165,"author":{"gitId":"lihuii"},"content":"                    } else {","lastModifiedDate":"2022-10-14"},{"lineNumber":166,"author":{"gitId":"lihuii"},"content":"                        try {","lastModifiedDate":"2022-10-14"},{"lineNumber":167,"author":{"gitId":"lihuii"},"content":"                            unmarkTask(lineSpaceSplit);","lastModifiedDate":"2022-10-14"},{"lineNumber":168,"author":{"gitId":"lihuii"},"content":"                        } catch (ArrayIndexOutOfBoundsException e) {","lastModifiedDate":"2022-10-14"},{"lineNumber":169,"author":{"gitId":"lihuii"},"content":"                            System.out.println(\"____________________________________________________________\\n\" +","lastModifiedDate":"2022-09-19"},{"lineNumber":170,"author":{"gitId":"lihuii"},"content":"                                    \"Task number not detected. Please enter a valid input (E.g. unmark 1)\" +","lastModifiedDate":"2022-10-14"},{"lineNumber":171,"author":{"gitId":"lihuii"},"content":"                                    \"\\n____________________________________________________________\");","lastModifiedDate":"2022-10-14"},{"lineNumber":172,"author":{"gitId":"lihuii"},"content":"                        }","lastModifiedDate":"2022-10-14"},{"lineNumber":173,"author":{"gitId":"lihuii"},"content":"                    }","lastModifiedDate":"2022-10-14"},{"lineNumber":174,"author":{"gitId":"lihuii"},"content":"                    break;","lastModifiedDate":"2022-10-14"},{"lineNumber":175,"author":{"gitId":"lihuii"},"content":"","lastModifiedDate":"2022-09-19"},{"lineNumber":176,"author":{"gitId":"lihuii"},"content":"                // to do task","lastModifiedDate":"2022-10-14"},{"lineNumber":177,"author":{"gitId":"lihuii"},"content":"                case (\"todo\"):","lastModifiedDate":"2022-10-14"},{"lineNumber":178,"author":{"gitId":"lihuii"},"content":"                    todoTask(line);","lastModifiedDate":"2022-10-14"},{"lineNumber":179,"author":{"gitId":"lihuii"},"content":"                    break;","lastModifiedDate":"2022-10-14"},{"lineNumber":180,"author":{"gitId":"lihuii"},"content":"","lastModifiedDate":"2022-10-04"},{"lineNumber":181,"author":{"gitId":"lihuii"},"content":"                // deadline task","lastModifiedDate":"2022-10-14"},{"lineNumber":182,"author":{"gitId":"lihuii"},"content":"                case (\"deadline\"):","lastModifiedDate":"2022-10-14"},{"lineNumber":183,"author":{"gitId":"lihuii"},"content":"                    deadlineTask(line);","lastModifiedDate":"2022-10-14"},{"lineNumber":184,"author":{"gitId":"lihuii"},"content":"                    break;","lastModifiedDate":"2022-10-14"},{"lineNumber":185,"author":{"gitId":"lihuii"},"content":"","lastModifiedDate":"2022-10-14"},{"lineNumber":186,"author":{"gitId":"lihuii"},"content":"                // event task","lastModifiedDate":"2022-10-14"},{"lineNumber":187,"author":{"gitId":"lihuii"},"content":"                case (\"event\"):","lastModifiedDate":"2022-10-14"},{"lineNumber":188,"author":{"gitId":"lihuii"},"content":"                    eventTask(line);","lastModifiedDate":"2022-10-14"},{"lineNumber":189,"author":{"gitId":"lihuii"},"content":"                    break;","lastModifiedDate":"2022-10-14"},{"lineNumber":190,"author":{"gitId":"lihuii"},"content":"","lastModifiedDate":"2022-10-14"},{"lineNumber":191,"author":{"gitId":"lihuii"},"content":"                // delete task","lastModifiedDate":"2022-10-14"},{"lineNumber":192,"author":{"gitId":"lihuii"},"content":"                case (\"delete\"):","lastModifiedDate":"2022-10-14"},{"lineNumber":193,"author":{"gitId":"lihuii"},"content":"                    if (taskList.isEmpty()) {","lastModifiedDate":"2022-10-14"},{"lineNumber":194,"author":{"gitId":"lihuii"},"content":"                        System.out.println(\"____________________________________________________________\\n\" +","lastModifiedDate":"2022-10-14"},{"lineNumber":195,"author":{"gitId":"lihuii"},"content":"                                \"No Task is found. Please create a task.\" +","lastModifiedDate":"2022-10-14"},{"lineNumber":196,"author":{"gitId":"lihuii"},"content":"                                \"\\n____________________________________________________________\");","lastModifiedDate":"2022-10-14"},{"lineNumber":197,"author":{"gitId":"lihuii"},"content":"                    } else {","lastModifiedDate":"2022-10-14"},{"lineNumber":198,"author":{"gitId":"lihuii"},"content":"                        try {","lastModifiedDate":"2022-10-14"},{"lineNumber":199,"author":{"gitId":"lihuii"},"content":"                            deleteTask(lineSpaceSplit);","lastModifiedDate":"2022-10-14"},{"lineNumber":200,"author":{"gitId":"lihuii"},"content":"                        } catch (ArrayIndexOutOfBoundsException e) {","lastModifiedDate":"2022-10-14"},{"lineNumber":201,"author":{"gitId":"lihuii"},"content":"                            System.out.println(\"____________________________________________________________\\n\" +","lastModifiedDate":"2022-10-14"},{"lineNumber":202,"author":{"gitId":"lihuii"},"content":"                                    \"Task number not detected. Please enter a valid input (E.g. delete 1)\" +","lastModifiedDate":"2022-10-14"},{"lineNumber":203,"author":{"gitId":"lihuii"},"content":"                                    \"\\n____________________________________________________________\");","lastModifiedDate":"2022-10-14"},{"lineNumber":204,"author":{"gitId":"lihuii"},"content":"                        }","lastModifiedDate":"2022-10-14"},{"lineNumber":205,"author":{"gitId":"lihuii"},"content":"                    }","lastModifiedDate":"2022-09-19"},{"lineNumber":206,"author":{"gitId":"lihuii"},"content":"                    break;","lastModifiedDate":"2022-10-14"},{"lineNumber":207,"author":{"gitId":"lihuii"},"content":"","lastModifiedDate":"2022-09-18"},{"lineNumber":208,"author":{"gitId":"lihuii"},"content":"                // prompt user to enter valid input","lastModifiedDate":"2022-10-04"},{"lineNumber":209,"author":{"gitId":"lihuii"},"content":"                default:","lastModifiedDate":"2022-10-14"},{"lineNumber":210,"author":{"gitId":"lihuii"},"content":"                    System.out.println(\"____________________________________________________________\\n\" +","lastModifiedDate":"2022-10-14"},{"lineNumber":211,"author":{"gitId":"lihuii"},"content":"                            \"Please enter a valid input (E.g. todo Task 1)\" + \"\" +","lastModifiedDate":"2022-10-14"},{"lineNumber":212,"author":{"gitId":"lihuii"},"content":"                            \"\\n____________________________________________________________\");","lastModifiedDate":"2022-10-14"},{"lineNumber":213,"author":{"gitId":"lihuii"},"content":"                    break;","lastModifiedDate":"2022-10-14"},{"lineNumber":214,"author":{"gitId":"lihuii"},"content":"            }","lastModifiedDate":"2022-09-18"},{"lineNumber":215,"author":{"gitId":"lihuii"},"content":"        }","lastModifiedDate":"2022-09-18"},{"lineNumber":216,"author":{"gitId":"-"},"content":"    }","lastModifiedDate":"2019-07-29"},{"lineNumber":217,"author":{"gitId":"-"},"content":"}","lastModifiedDate":"2019-07-29"}],"authorContributionMap":{"-":9,"lihuii":208}},{"path":"src/main/java/DukeException.java","fileType":"java","lines":[{"lineNumber":1,"author":{"gitId":"lihuii"},"content":"","lastModifiedDate":"2022-10-14"},{"lineNumber":2,"author":{"gitId":"lihuii"},"content":"public class DukeException extends Exception{","lastModifiedDate":"2022-10-14"},{"lineNumber":3,"author":{"gitId":"lihuii"},"content":"    public DukeException() {super(\"Error.\");}","lastModifiedDate":"2022-10-14"},{"lineNumber":4,"author":{"gitId":"lihuii"},"content":"}","lastModifiedDate":"2022-10-14"}],"authorContributionMap":{"lihuii":4}},{"path":"src/main/java/Event.java","fileType":"java","lines":[{"lineNumber":1,"author":{"gitId":"lihuii"},"content":"public class Event extends Task {","lastModifiedDate":"2022-10-14"},{"lineNumber":2,"author":{"gitId":"lihuii"},"content":"    protected String at;","lastModifiedDate":"2022-10-14"},{"lineNumber":3,"author":{"gitId":"lihuii"},"content":"","lastModifiedDate":"2022-10-14"},{"lineNumber":4,"author":{"gitId":"lihuii"},"content":"    public Event(String description, String at) {","lastModifiedDate":"2022-10-14"},{"lineNumber":5,"author":{"gitId":"lihuii"},"content":"        super(description);","lastModifiedDate":"2022-10-14"},{"lineNumber":6,"author":{"gitId":"lihuii"},"content":"        this.at \u003d at;","lastModifiedDate":"2022-10-14"},{"lineNumber":7,"author":{"gitId":"lihuii"},"content":"    }","lastModifiedDate":"2022-10-14"},{"lineNumber":8,"author":{"gitId":"lihuii"},"content":"","lastModifiedDate":"2022-10-14"},{"lineNumber":9,"author":{"gitId":"lihuii"},"content":"    @Override","lastModifiedDate":"2022-10-14"},{"lineNumber":10,"author":{"gitId":"lihuii"},"content":"    public String toString() {","lastModifiedDate":"2022-10-14"},{"lineNumber":11,"author":{"gitId":"lihuii"},"content":"        return \"[E]\" + super.toString() + \" (at: \" + at + \")\";","lastModifiedDate":"2022-10-14"},{"lineNumber":12,"author":{"gitId":"lihuii"},"content":"    }","lastModifiedDate":"2022-10-14"},{"lineNumber":13,"author":{"gitId":"lihuii"},"content":"}","lastModifiedDate":"2022-10-14"}],"authorContributionMap":{"lihuii":13}},{"path":"src/main/java/Task.java","fileType":"java","lines":[{"lineNumber":1,"author":{"gitId":"lihuii"},"content":"public class Task {","lastModifiedDate":"2022-09-18"},{"lineNumber":2,"author":{"gitId":"lihuii"},"content":"    protected String description;","lastModifiedDate":"2022-09-18"},{"lineNumber":3,"author":{"gitId":"lihuii"},"content":"    protected boolean isDone;","lastModifiedDate":"2022-09-18"},{"lineNumber":4,"author":{"gitId":"lihuii"},"content":"","lastModifiedDate":"2022-09-18"},{"lineNumber":5,"author":{"gitId":"lihuii"},"content":"    public Task(String description) {","lastModifiedDate":"2022-09-18"},{"lineNumber":6,"author":{"gitId":"lihuii"},"content":"        this.description \u003d description;","lastModifiedDate":"2022-09-18"},{"lineNumber":7,"author":{"gitId":"lihuii"},"content":"        this.isDone \u003d false;","lastModifiedDate":"2022-09-18"},{"lineNumber":8,"author":{"gitId":"lihuii"},"content":"    }","lastModifiedDate":"2022-09-18"},{"lineNumber":9,"author":{"gitId":"lihuii"},"content":"    public String getDescription(){","lastModifiedDate":"2022-09-18"},{"lineNumber":10,"author":{"gitId":"lihuii"},"content":"        return this.description;","lastModifiedDate":"2022-09-18"},{"lineNumber":11,"author":{"gitId":"lihuii"},"content":"    }","lastModifiedDate":"2022-09-18"},{"lineNumber":12,"author":{"gitId":"lihuii"},"content":"    public String getStatusIcon() {","lastModifiedDate":"2022-09-18"},{"lineNumber":13,"author":{"gitId":"lihuii"},"content":"        return (isDone ? \"X\" : \" \"); // mark done task with X","lastModifiedDate":"2022-09-18"},{"lineNumber":14,"author":{"gitId":"lihuii"},"content":"    }","lastModifiedDate":"2022-09-18"},{"lineNumber":15,"author":{"gitId":"lihuii"},"content":"","lastModifiedDate":"2022-10-04"},{"lineNumber":16,"author":{"gitId":"lihuii"},"content":"    public void markAsDone(){","lastModifiedDate":"2022-09-18"},{"lineNumber":17,"author":{"gitId":"lihuii"},"content":"        this.isDone\u003dtrue;","lastModifiedDate":"2022-09-18"},{"lineNumber":18,"author":{"gitId":"lihuii"},"content":"        System.out.println(\"____________________________________________________________\\n\" +","lastModifiedDate":"2022-10-14"},{"lineNumber":19,"author":{"gitId":"lihuii"},"content":"                \"Nice! I\u0027ve marked this task as done: \\n \"+this.getDescription()+","lastModifiedDate":"2022-10-14"},{"lineNumber":20,"author":{"gitId":"lihuii"},"content":"                \"\\n____________________________________________________________\" );","lastModifiedDate":"2022-10-14"},{"lineNumber":21,"author":{"gitId":"lihuii"},"content":"    }","lastModifiedDate":"2022-09-18"},{"lineNumber":22,"author":{"gitId":"lihuii"},"content":"","lastModifiedDate":"2022-09-18"},{"lineNumber":23,"author":{"gitId":"lihuii"},"content":"    public void markAsUndone(){","lastModifiedDate":"2022-09-18"},{"lineNumber":24,"author":{"gitId":"lihuii"},"content":"        this.isDone\u003dfalse;","lastModifiedDate":"2022-09-18"},{"lineNumber":25,"author":{"gitId":"lihuii"},"content":"        System.out.println(\"____________________________________________________________\\n\" +","lastModifiedDate":"2022-10-14"},{"lineNumber":26,"author":{"gitId":"lihuii"},"content":"                \"OK, I\u0027ve marked this task as not done yet: \\n\" + this.getDescription()","lastModifiedDate":"2022-10-14"},{"lineNumber":27,"author":{"gitId":"lihuii"},"content":"                + \"\\n____________________________________________________________\");","lastModifiedDate":"2022-10-14"},{"lineNumber":28,"author":{"gitId":"lihuii"},"content":"    }","lastModifiedDate":"2022-09-18"},{"lineNumber":29,"author":{"gitId":"lihuii"},"content":"","lastModifiedDate":"2022-10-04"},{"lineNumber":30,"author":{"gitId":"lihuii"},"content":"    public String toString() {","lastModifiedDate":"2022-10-04"},{"lineNumber":31,"author":{"gitId":"lihuii"},"content":"        return \"[\" + this.getStatusIcon() + \"]   \" + this.getDescription();","lastModifiedDate":"2022-10-04"},{"lineNumber":32,"author":{"gitId":"lihuii"},"content":"    }","lastModifiedDate":"2022-10-04"},{"lineNumber":33,"author":{"gitId":"lihuii"},"content":"}","lastModifiedDate":"2022-09-18"}],"authorContributionMap":{"lihuii":33}},{"path":"src/main/java/Todo.java","fileType":"java","lines":[{"lineNumber":1,"author":{"gitId":"lihuii"},"content":"public class Todo extends Task {","lastModifiedDate":"2022-10-04"},{"lineNumber":2,"author":{"gitId":"lihuii"},"content":"    public Todo(String description){","lastModifiedDate":"2022-10-04"},{"lineNumber":3,"author":{"gitId":"lihuii"},"content":"        super(description);","lastModifiedDate":"2022-10-04"},{"lineNumber":4,"author":{"gitId":"lihuii"},"content":"    }","lastModifiedDate":"2022-10-04"},{"lineNumber":5,"author":{"gitId":"lihuii"},"content":"","lastModifiedDate":"2022-10-04"},{"lineNumber":6,"author":{"gitId":"lihuii"},"content":"    @Override","lastModifiedDate":"2022-10-04"},{"lineNumber":7,"author":{"gitId":"lihuii"},"content":"    public String toString() {","lastModifiedDate":"2022-10-04"},{"lineNumber":8,"author":{"gitId":"lihuii"},"content":"        return \"[T]\" + super.toString();","lastModifiedDate":"2022-10-04"},{"lineNumber":9,"author":{"gitId":"lihuii"},"content":"    }","lastModifiedDate":"2022-10-04"},{"lineNumber":10,"author":{"gitId":"lihuii"},"content":"}","lastModifiedDate":"2022-10-04"}],"authorContributionMap":{"lihuii":10}},{"path":"text-ui-test/input.txt","fileType":"txt","lines":[{"lineNumber":1,"author":{"gitId":"lihuii"},"content":"read book","lastModifiedDate":"2022-09-27"},{"lineNumber":2,"author":{"gitId":"lihuii"},"content":"return book","lastModifiedDate":"2022-09-27"},{"lineNumber":3,"author":{"gitId":"lihuii"},"content":"buy bread","lastModifiedDate":"2022-09-27"},{"lineNumber":4,"author":{"gitId":"lihuii"},"content":"list","lastModifiedDate":"2022-09-27"},{"lineNumber":5,"author":{"gitId":"lihuii"},"content":"mark 1","lastModifiedDate":"2022-09-27"},{"lineNumber":6,"author":{"gitId":"lihuii"},"content":"list","lastModifiedDate":"2022-09-27"},{"lineNumber":7,"author":{"gitId":"lihuii"},"content":"mark 2","lastModifiedDate":"2022-09-27"},{"lineNumber":8,"author":{"gitId":"lihuii"},"content":"list","lastModifiedDate":"2022-09-27"},{"lineNumber":9,"author":{"gitId":"lihuii"},"content":"unmark 1","lastModifiedDate":"2022-09-27"},{"lineNumber":10,"author":{"gitId":"lihuii"},"content":"list","lastModifiedDate":"2022-09-27"},{"lineNumber":11,"author":{"gitId":"lihuii"},"content":"bye","lastModifiedDate":"2022-09-27"}],"authorContributionMap":{"lihuii":11}}]
