[{"path":"src/main/java/Duke.java","fileType":"java","lines":[{"lineNumber":1,"author":{"gitId":"lihuii"},"content":"import java.util.ArrayList;","lastModifiedDate":"2022-09-18"},{"lineNumber":2,"author":{"gitId":"lihuii"},"content":"import java.util.Arrays;","lastModifiedDate":"2022-09-18"},{"lineNumber":3,"author":{"gitId":"lihuii"},"content":"import java.util.List;","lastModifiedDate":"2022-09-18"},{"lineNumber":4,"author":{"gitId":"lihuii"},"content":"import java.util.Scanner;","lastModifiedDate":"2022-09-18"},{"lineNumber":5,"author":{"gitId":"-"},"content":"public class Duke {","lastModifiedDate":"2019-07-29"},{"lineNumber":6,"author":{"gitId":"-"},"content":"    public static void main(String[] args) {","lastModifiedDate":"2019-07-29"},{"lineNumber":7,"author":{"gitId":"-"},"content":"        String logo \u003d \" ____        _        \\n\"","lastModifiedDate":"2019-07-29"},{"lineNumber":8,"author":{"gitId":"-"},"content":"                + \"|  _ \\\\ _   _| | _____ \\n\"","lastModifiedDate":"2019-07-29"},{"lineNumber":9,"author":{"gitId":"-"},"content":"                + \"| | | | | | | |/ / _ \\\\\\n\"","lastModifiedDate":"2019-07-29"},{"lineNumber":10,"author":{"gitId":"-"},"content":"                + \"| |_| | |_| |   \u003c  __/\\n\"","lastModifiedDate":"2019-07-29"},{"lineNumber":11,"author":{"gitId":"-"},"content":"                + \"|____/ \\\\__,_|_|\\\\_\\\\___|\\n\";","lastModifiedDate":"2019-07-29"},{"lineNumber":12,"author":{"gitId":"-"},"content":"        System.out.println(\"Hello from\\n\" + logo);","lastModifiedDate":"2019-07-29"},{"lineNumber":13,"author":{"gitId":"lihuii"},"content":"","lastModifiedDate":"2022-09-18"},{"lineNumber":14,"author":{"gitId":"lihuii"},"content":"        System.out.println(\"Hello there! I\u0027m Duke\\nWhat can I do for you?\");","lastModifiedDate":"2022-09-18"},{"lineNumber":15,"author":{"gitId":"lihuii"},"content":"","lastModifiedDate":"2022-09-18"},{"lineNumber":16,"author":{"gitId":"lihuii"},"content":"        List\u003cTask\u003e taskList \u003d new ArrayList\u003c\u003e();","lastModifiedDate":"2022-09-18"},{"lineNumber":17,"author":{"gitId":"lihuii"},"content":"        int count \u003d 0;","lastModifiedDate":"2022-09-18"},{"lineNumber":18,"author":{"gitId":"lihuii"},"content":"","lastModifiedDate":"2022-09-18"},{"lineNumber":19,"author":{"gitId":"lihuii"},"content":"        String line;","lastModifiedDate":"2022-09-18"},{"lineNumber":20,"author":{"gitId":"lihuii"},"content":"        Scanner in \u003d new Scanner(System.in);","lastModifiedDate":"2022-09-18"},{"lineNumber":21,"author":{"gitId":"lihuii"},"content":"","lastModifiedDate":"2022-09-18"},{"lineNumber":22,"author":{"gitId":"lihuii"},"content":"        while (true){","lastModifiedDate":"2022-09-18"},{"lineNumber":23,"author":{"gitId":"lihuii"},"content":"            line \u003d in.nextLine();","lastModifiedDate":"2022-09-18"},{"lineNumber":24,"author":{"gitId":"lihuii"},"content":"","lastModifiedDate":"2022-09-18"},{"lineNumber":25,"author":{"gitId":"lihuii"},"content":"            // enter bye to end chat","lastModifiedDate":"2022-09-18"},{"lineNumber":26,"author":{"gitId":"lihuii"},"content":"            if (line.equals(\"bye\")){","lastModifiedDate":"2022-09-18"},{"lineNumber":27,"author":{"gitId":"lihuii"},"content":"                System.out.println(\"Bye. Hope to see you again soon!\");","lastModifiedDate":"2022-09-18"},{"lineNumber":28,"author":{"gitId":"lihuii"},"content":"                break;","lastModifiedDate":"2022-09-18"},{"lineNumber":29,"author":{"gitId":"lihuii"},"content":"            }","lastModifiedDate":"2022-09-18"},{"lineNumber":30,"author":{"gitId":"lihuii"},"content":"","lastModifiedDate":"2022-09-18"},{"lineNumber":31,"author":{"gitId":"lihuii"},"content":"            // to list all items","lastModifiedDate":"2022-09-18"},{"lineNumber":32,"author":{"gitId":"lihuii"},"content":"            else if (line.equals(\"list\"))  {","lastModifiedDate":"2022-09-18"},{"lineNumber":33,"author":{"gitId":"lihuii"},"content":"                int taskCount \u003d 0;","lastModifiedDate":"2022-09-18"},{"lineNumber":34,"author":{"gitId":"lihuii"},"content":"                System.out.println(\"____________________________________________________________\\n\" +","lastModifiedDate":"2022-09-18"},{"lineNumber":35,"author":{"gitId":"lihuii"},"content":"                        \"Here are the tasks in your list:\");","lastModifiedDate":"2022-09-18"},{"lineNumber":36,"author":{"gitId":"lihuii"},"content":"                for (Task task : taskList){","lastModifiedDate":"2022-09-19"},{"lineNumber":37,"author":{"gitId":"lihuii"},"content":"                    System.out.println(taskCount+1 + \". [\" + task.getStatusIcon() + \"]   \" + task.getDescription());","lastModifiedDate":"2022-09-19"},{"lineNumber":38,"author":{"gitId":"lihuii"},"content":"                    taskCount++;","lastModifiedDate":"2022-09-18"},{"lineNumber":39,"author":{"gitId":"lihuii"},"content":"                }","lastModifiedDate":"2022-09-18"},{"lineNumber":40,"author":{"gitId":"lihuii"},"content":"                System.out.println(\"____________________________________________________________\");","lastModifiedDate":"2022-09-18"},{"lineNumber":41,"author":{"gitId":"lihuii"},"content":"            }","lastModifiedDate":"2022-09-18"},{"lineNumber":42,"author":{"gitId":"lihuii"},"content":"","lastModifiedDate":"2022-09-19"},{"lineNumber":43,"author":{"gitId":"lihuii"},"content":"            // mark items","lastModifiedDate":"2022-09-19"},{"lineNumber":44,"author":{"gitId":"lihuii"},"content":"            else if (line.startsWith(\"mark \")){","lastModifiedDate":"2022-09-19"},{"lineNumber":45,"author":{"gitId":"lihuii"},"content":"                String markedItem \u003d line;","lastModifiedDate":"2022-09-19"},{"lineNumber":46,"author":{"gitId":"lihuii"},"content":"                if (line.length()\u003e5) {","lastModifiedDate":"2022-09-19"},{"lineNumber":47,"author":{"gitId":"lihuii"},"content":"                    int markIndex \u003d Integer.parseInt(markedItem.substring(5));","lastModifiedDate":"2022-09-19"},{"lineNumber":48,"author":{"gitId":"lihuii"},"content":"                    Task markedTask \u003d taskList.get(markIndex - 1);","lastModifiedDate":"2022-09-19"},{"lineNumber":49,"author":{"gitId":"lihuii"},"content":"                    markedTask.markAsDone();","lastModifiedDate":"2022-09-19"},{"lineNumber":50,"author":{"gitId":"lihuii"},"content":"                    System.out.println(\"____________________________________________________________\\n\" +","lastModifiedDate":"2022-09-19"},{"lineNumber":51,"author":{"gitId":"lihuii"},"content":"                            \"Nice! I\u0027ve marked this task as done: \\n[\" + markedTask.getStatusIcon()+\"]   \"+markedTask.getDescription());","lastModifiedDate":"2022-09-19"},{"lineNumber":52,"author":{"gitId":"lihuii"},"content":"                }","lastModifiedDate":"2022-09-19"},{"lineNumber":53,"author":{"gitId":"lihuii"},"content":"                else","lastModifiedDate":"2022-09-19"},{"lineNumber":54,"author":{"gitId":"lihuii"},"content":"                    System.out.println(\"Please enter a Task Number.(E.g. mark 1)\\n____________________________________________________________\");","lastModifiedDate":"2022-09-19"},{"lineNumber":55,"author":{"gitId":"lihuii"},"content":"            }","lastModifiedDate":"2022-09-19"},{"lineNumber":56,"author":{"gitId":"lihuii"},"content":"","lastModifiedDate":"2022-09-19"},{"lineNumber":57,"author":{"gitId":"lihuii"},"content":"            // unmarked items","lastModifiedDate":"2022-09-19"},{"lineNumber":58,"author":{"gitId":"lihuii"},"content":"            else if (line.startsWith(\"unmark \")){","lastModifiedDate":"2022-09-19"},{"lineNumber":59,"author":{"gitId":"lihuii"},"content":"                String markString \u003d line;","lastModifiedDate":"2022-09-19"},{"lineNumber":60,"author":{"gitId":"lihuii"},"content":"                if (line.length()\u003e7) {","lastModifiedDate":"2022-09-19"},{"lineNumber":61,"author":{"gitId":"lihuii"},"content":"                    int markIndex \u003d Integer.parseInt(markString.substring(7));","lastModifiedDate":"2022-09-19"},{"lineNumber":62,"author":{"gitId":"lihuii"},"content":"                    Task markedTask \u003d taskList.get(markIndex - 1);","lastModifiedDate":"2022-09-19"},{"lineNumber":63,"author":{"gitId":"lihuii"},"content":"                    markedTask.markAsUndone();","lastModifiedDate":"2022-09-19"},{"lineNumber":64,"author":{"gitId":"lihuii"},"content":"                    System.out.println(\"____________________________________________________________\\n\" +","lastModifiedDate":"2022-09-19"},{"lineNumber":65,"author":{"gitId":"lihuii"},"content":"                            \"OK, I\u0027ve marked this task as not done yet: \\n[\" + markedTask.getStatusIcon()+\"]   \"+markedTask.getDescription());","lastModifiedDate":"2022-09-19"},{"lineNumber":66,"author":{"gitId":"lihuii"},"content":"","lastModifiedDate":"2022-09-19"},{"lineNumber":67,"author":{"gitId":"lihuii"},"content":"                }","lastModifiedDate":"2022-09-19"},{"lineNumber":68,"author":{"gitId":"lihuii"},"content":"            }","lastModifiedDate":"2022-09-19"},{"lineNumber":69,"author":{"gitId":"lihuii"},"content":"","lastModifiedDate":"2022-09-18"},{"lineNumber":70,"author":{"gitId":"lihuii"},"content":"            // add to list","lastModifiedDate":"2022-09-18"},{"lineNumber":71,"author":{"gitId":"lihuii"},"content":"            else {","lastModifiedDate":"2022-09-18"},{"lineNumber":72,"author":{"gitId":"lihuii"},"content":"                Task newTask \u003d new Task(line);","lastModifiedDate":"2022-09-18"},{"lineNumber":73,"author":{"gitId":"lihuii"},"content":"                taskList.add(newTask);","lastModifiedDate":"2022-09-18"},{"lineNumber":74,"author":{"gitId":"lihuii"},"content":"","lastModifiedDate":"2022-09-18"},{"lineNumber":75,"author":{"gitId":"lihuii"},"content":"                System.out.println(\"____________________________________________________________\\nadded: \" + line +\"\\n____________________________________________________________\\n\");","lastModifiedDate":"2022-09-19"},{"lineNumber":76,"author":{"gitId":"lihuii"},"content":"            }","lastModifiedDate":"2022-09-18"},{"lineNumber":77,"author":{"gitId":"lihuii"},"content":"","lastModifiedDate":"2022-09-18"},{"lineNumber":78,"author":{"gitId":"lihuii"},"content":"        }","lastModifiedDate":"2022-09-18"},{"lineNumber":79,"author":{"gitId":"-"},"content":"    }","lastModifiedDate":"2019-07-29"},{"lineNumber":80,"author":{"gitId":"-"},"content":"}","lastModifiedDate":"2019-07-29"},{"lineNumber":81,"author":{"gitId":"lihuii"},"content":"// print hello","lastModifiedDate":"2022-09-18"},{"lineNumber":82,"author":{"gitId":"lihuii"},"content":"// prompt command, store in list","lastModifiedDate":"2022-09-18"},{"lineNumber":83,"author":{"gitId":"lihuii"},"content":"// return what user types","lastModifiedDate":"2022-09-18"},{"lineNumber":84,"author":{"gitId":"lihuii"},"content":"// when bye , terminate with message","lastModifiedDate":"2022-09-18"},{"lineNumber":85,"author":{"gitId":"lihuii"},"content":"// push at every level","lastModifiedDate":"2022-09-18"}],"authorContributionMap":{"-":10,"lihuii":75}},{"path":"src/main/java/Task.java","fileType":"java","lines":[{"lineNumber":1,"author":{"gitId":"lihuii"},"content":"public class Task {","lastModifiedDate":"2022-09-18"},{"lineNumber":2,"author":{"gitId":"lihuii"},"content":"    protected String description;","lastModifiedDate":"2022-09-18"},{"lineNumber":3,"author":{"gitId":"lihuii"},"content":"    protected boolean isDone;","lastModifiedDate":"2022-09-18"},{"lineNumber":4,"author":{"gitId":"lihuii"},"content":"","lastModifiedDate":"2022-09-18"},{"lineNumber":5,"author":{"gitId":"lihuii"},"content":"    public Task(String description) {","lastModifiedDate":"2022-09-18"},{"lineNumber":6,"author":{"gitId":"lihuii"},"content":"        this.description \u003d description;","lastModifiedDate":"2022-09-18"},{"lineNumber":7,"author":{"gitId":"lihuii"},"content":"        this.isDone \u003d false;","lastModifiedDate":"2022-09-18"},{"lineNumber":8,"author":{"gitId":"lihuii"},"content":"    }","lastModifiedDate":"2022-09-18"},{"lineNumber":9,"author":{"gitId":"lihuii"},"content":"    public String getDescription(){","lastModifiedDate":"2022-09-18"},{"lineNumber":10,"author":{"gitId":"lihuii"},"content":"        return this.description;","lastModifiedDate":"2022-09-18"},{"lineNumber":11,"author":{"gitId":"lihuii"},"content":"    }","lastModifiedDate":"2022-09-18"},{"lineNumber":12,"author":{"gitId":"lihuii"},"content":"    public String getStatusIcon() {","lastModifiedDate":"2022-09-18"},{"lineNumber":13,"author":{"gitId":"lihuii"},"content":"        return (isDone ? \"X\" : \" \"); // mark done task with X","lastModifiedDate":"2022-09-18"},{"lineNumber":14,"author":{"gitId":"lihuii"},"content":"    }","lastModifiedDate":"2022-09-18"},{"lineNumber":15,"author":{"gitId":"lihuii"},"content":"    public void markAsDone(){","lastModifiedDate":"2022-09-18"},{"lineNumber":16,"author":{"gitId":"lihuii"},"content":"        this.isDone\u003dtrue;","lastModifiedDate":"2022-09-18"},{"lineNumber":17,"author":{"gitId":"lihuii"},"content":"    }","lastModifiedDate":"2022-09-18"},{"lineNumber":18,"author":{"gitId":"lihuii"},"content":"","lastModifiedDate":"2022-09-18"},{"lineNumber":19,"author":{"gitId":"lihuii"},"content":"    public void markAsUndone(){","lastModifiedDate":"2022-09-18"},{"lineNumber":20,"author":{"gitId":"lihuii"},"content":"        this.isDone\u003dfalse;","lastModifiedDate":"2022-09-18"},{"lineNumber":21,"author":{"gitId":"lihuii"},"content":"    }","lastModifiedDate":"2022-09-18"},{"lineNumber":22,"author":{"gitId":"lihuii"},"content":"    //...","lastModifiedDate":"2022-09-18"},{"lineNumber":23,"author":{"gitId":"lihuii"},"content":"}","lastModifiedDate":"2022-09-18"}],"authorContributionMap":{"lihuii":23}}]
