{"authorDailyContributionsMap":{"lihuii":[{"date":"2022-09-17","commitResults":[{"hash":"88b14d787d38a3edb7fbdafe266506f5f41ac707","messageTitle":"Duke.java: test","messageBody":"","fileTypesAndContributionMap":{"java":{"insertions":1,"deletions":0}}}]},{"date":"2022-09-18","commitResults":[{"hash":"790bcbabf5bcf570f81a561df08a62f9269446ae","messageTitle":"add level-1, level-2 and level-3","messageBody":"","tags":["level-2","level-1"],"fileTypesAndContributionMap":{"java":{"insertions":91,"deletions":1}}},{"hash":"bef2999865ada0ef688fa2a6cd97f8d3ec98a4e3","messageTitle":"Duke.java: updated to task list to array","messageBody":"","fileTypesAndContributionMap":{"java":{"insertions":32,"deletions":30}}}]},{"date":"2022-09-19","commitResults":[{"hash":"58403bcaf5e34a6195fd3d42dae6a9f84292db0e","messageTitle":"Duke.java: updated mark as done","messageBody":"","fileTypesAndContributionMap":{"java":{"insertions":22,"deletions":25}}},{"hash":"c71b0c1ba3c9dba29e624806311d5c59dc34ccc9","messageTitle":"Duke.java: updated unmark done","messageBody":"","tags":["level-3"],"fileTypesAndContributionMap":{"java":{"insertions":20,"deletions":12}}},{"hash":"b779a117004861fd49ebb349346d6c7bd95e5b50","messageTitle":"Duke.java: reformat file","messageBody":"","fileTypesAndContributionMap":{"java":{"insertions":15,"deletions":20}}}]},{"date":"2022-09-27","commitResults":[{"hash":"5a7b0d4ece888013d6e21e71c808b8e90fb94911","messageTitle":"text-ui-test: updated ui testing file","messageBody":"","fileTypesAndContributionMap":{"txt":{"insertions":11,"deletions":0},"java":{"insertions":4,"deletions":2},"sh":{"insertions":0,"deletions":0}}}]},{"date":"2022-10-04","commitResults":[{"hash":"e59f6b3aab193039c46091bf3d9e54e587ca6ed7","messageTitle":"Todo.java: Added Todo file","messageBody":"","fileTypesAndContributionMap":{"java":{"insertions":11,"deletions":0}}},{"hash":"cdb854235dd819d8d4a739cdc86d8f64426d8bcd","messageTitle":"Task.java: updated toString function to simplify string output","messageBody":"","fileTypesAndContributionMap":{"java":{"insertions":5,"deletions":1}}},{"hash":"9da18d64575a296b7c41a2f661725e4b2a8723a8","messageTitle":"Duke.java: added todo actions","messageBody":"","fileTypesAndContributionMap":{"java":{"insertions":36,"deletions":25}}}]},{"date":"2022-10-14","commitResults":[{"hash":"24baf373a2db17a66fdc67bf2c01e708ed4fb362","messageTitle":"added Deadline.java","messageBody":"","fileTypesAndContributionMap":{"java":{"insertions":15,"deletions":0}}},{"hash":"c32e01e1e0e9d6e310c702677d337949dce4f2d9","messageTitle":"Todo.java: updated spacing in toString","messageBody":"","fileTypesAndContributionMap":{"java":{"insertions":1,"deletions":1}}},{"hash":"9435439f186693ca5d8c4d1c6167589f8ff5a161","messageTitle":"added Event.java","messageBody":"","fileTypesAndContributionMap":{"java":{"insertions":13,"deletions":0}}},{"hash":"9aa44a7ccabd4ca01586371f428bf4cd0965ddf4","messageTitle":"Duke.java: added Deadline and Event tasks","messageBody":"","tags":["level-4"],"fileTypesAndContributionMap":{"java":{"insertions":26,"deletions":5}}},{"hash":"4883d5f79dc5c3ae9c95d6ec4aa249c867cbfc27","messageTitle":"formatted Deadline.java, Task.java and Todo.java","messageBody":"","fileTypesAndContributionMap":{"java":{"insertions":6,"deletions":2}}},{"hash":"3ccf6556d7409f8112bd7313d3db835fa125c6ac","messageTitle":"added DukeException.java","messageBody":"","fileTypesAndContributionMap":{"java":{"insertions":4,"deletions":0}}},{"hash":"ad22608d97b07313c4be99bf18cf7ead4e71c6e5","messageTitle":"Duke.java: added exception handling","messageBody":"","tags":["level-5"],"fileTypesAndContributionMap":{"java":{"insertions":127,"deletions":55}}},{"hash":"1a6ea8bb19e66a6aa0a21cb0da000a8eb2570327","messageTitle":"Duke.java: added delete task","messageBody":"","tags":["level-6"],"fileTypesAndContributionMap":{"java":{"insertions":97,"deletions":66}}}]},{"date":"2022-10-30","commitResults":[{"hash":"c11e6ed93c148801875cf4d6df21cc4f078db741","messageTitle":"updated text-ui-test","messageBody":"","fileTypesAndContributionMap":{"txt":{"insertions":12,"deletions":3}}},{"hash":"2ebd6bb43aadc6c825112e8fd38f3acb1d7ed565","messageTitle":"added StorageFile.java","messageBody":"","fileTypesAndContributionMap":{"java":{"insertions":48,"deletions":0}}},{"hash":"f2b8695590229d3faf8f6d8e5d5b9b5b674cba15","messageTitle":"duke.java: added storagefile.java mainCaller() to save file in every change","messageBody":"","fileTypesAndContributionMap":{"java":{"insertions":1,"deletions":0}}},{"hash":"335507de0ec9b694debe41e969d110607718d36a","messageTitle":"duke.txt: test data/duke.txt file","messageBody":"","tags":["level-7"],"fileTypesAndContributionMap":{"txt":{"insertions":3,"deletions":0}}},{"hash":"96f9cf1ab7e8456a4b721e7fe8d295a7ad3d3413","messageTitle":"added taskList","messageBody":"","fileTypesAndContributionMap":{"java":{"insertions":84,"deletions":0}}},{"hash":"66af7a0b922538e54abe5f986094b17c1e382478","messageTitle":"added exceptions","messageBody":"","fileTypesAndContributionMap":{"java":{"insertions":7,"deletions":0}}}]},{"date":"2022-11-01","commitResults":[{"hash":"70ba219a46ebd04d44abae1e5897d2dd90556b75","messageTitle":"updated Invalid File Path Exception","messageBody":"","fileTypesAndContributionMap":{"txt":{"insertions":0,"deletions":3},"java":{"insertions":24,"deletions":17}}}]},{"date":"2022-11-02","commitResults":[{"hash":"812dc2758f16cd40676e1f7f74747fe5e97dd215","messageTitle":"UI.java: updated print statements","messageBody":"","fileTypesAndContributionMap":{"java":{"insertions":36,"deletions":0}}},{"hash":"6a60b23a6ff21cc76da30618292c77b8c33953d8","messageTitle":"Deadline.java: updated format","messageBody":"","fileTypesAndContributionMap":{"java":{"insertions":1,"deletions":0}}},{"hash":"73dd924602aeec0250978340972c14c1863fa734","messageTitle":"created Main.java","messageBody":"","fileTypesAndContributionMap":{"java":{"insertions":7,"deletions":0}}},{"hash":"24d76503e860aa9c983717d6af975e845125f324","messageTitle":"created a list of Error Messages","messageBody":"","fileTypesAndContributionMap":{"java":{"insertions":11,"deletions":0}}},{"hash":"199354ef63db3b1a4f8c71f624b1c56db38999cb","messageTitle":"Storage.java: shifted Storage.java for storage","messageBody":"","fileTypesAndContributionMap":{"java":{"insertions":47,"deletions":0}}},{"hash":"f30916bc84a74ba057436ead4daf661e9967f580","messageTitle":"moved InvalidStorageFilePathException into exceptions folder","messageBody":"","fileTypesAndContributionMap":{"java":{"insertions":8,"deletions":5}}},{"hash":"8423118d4ee86b4478e8673aac078c71d658c486","messageTitle":"added TaskList.java","messageBody":"","fileTypesAndContributionMap":{"java":{"insertions":122,"deletions":0}}},{"hash":"ad339cca7e1d482dafe2915991cc82a0bce8fc56","messageTitle":"updated to exceptions.InvalidStorageFilePathException for import","messageBody":"","fileTypesAndContributionMap":{"java":{"insertions":2,"deletions":4}}},{"hash":"9c46844c18ba9bbd88ec95c75cd96a71d54676e7","messageTitle":"added CommandResults.java","messageBody":"","fileTypesAndContributionMap":{"java":{"insertions":25,"deletions":0}}},{"hash":"647dc11c9eba3a17a46c84e3406e5c11e1bea027","messageTitle":"added ExitCommand.java","messageBody":"","fileTypesAndContributionMap":{"java":{"insertions":12,"deletions":0}}},{"hash":"b9584e70d9d433f0fd4de0d4b2fa3780416f0676","messageTitle":"ErrorMessages.java: updated loading error message","messageBody":"","fileTypesAndContributionMap":{"java":{"insertions":2,"deletions":0}}},{"hash":"d36d0879e674003da83edb6a4587a6b4212aa6f0","messageTitle":"TaskList.java: updated TaskList to simplify messages","messageBody":"","fileTypesAndContributionMap":{"java":{"insertions":25,"deletions":40}}},{"hash":"285ea83d12e2d289746435c5ab1637d37fcd59ba","messageTitle":"added TaskMessages.java","messageBody":"","tags":["working","level-8"],"fileTypesAndContributionMap":{"java":{"insertions":9,"deletions":0}}},{"hash":"39f345c791055adac4715d14043a074e524f7f70","messageTitle":"added Parser.java","messageBody":"","fileTypesAndContributionMap":{"java":{"insertions":7,"deletions":0}}},{"hash":"f293fe31be83538e6fe7d5f8c046de2780639e9a","messageTitle":"added TodoCommand.java","messageBody":"","fileTypesAndContributionMap":{"java":{"insertions":23,"deletions":0}}}]},{"date":"2022-11-04","commitResults":[{"hash":"9ea742a7ef778891d653a4ee9206c3d31e9c6051","messageTitle":"removed older unused files","messageBody":"","fileTypesAndContributionMap":{"java":{"insertions":0,"deletions":126}}},{"hash":"a908e2982c70d0b1959a471f35c5dee0e79fc7ee","messageTitle":"Duke.java: Formatted print statements and check for empty list","messageBody":"","fileTypesAndContributionMap":{"java":{"insertions":305,"deletions":164}}},{"hash":"1926991d91485bca6ebb6378838e63216b3f9400","messageTitle":"UI.java: added printMessage and printArray OOB + updated printTask and printBye","messageBody":"","fileTypesAndContributionMap":{"java":{"insertions":24,"deletions":4}}},{"hash":"ec3854973b08cee8415d0c9d20db3519e7da0d93","messageTitle":"TaskList.java: updated markTask split string format","messageBody":"","fileTypesAndContributionMap":{"java":{"insertions":2,"deletions":2}}},{"hash":"77ee1f695070fab1d34a8b0435ed0f0dae1e4f91","messageTitle":"ErrorMessages: added additional error messages","messageBody":"","fileTypesAndContributionMap":{"java":{"insertions":8,"deletions":6}}},{"hash":"b9931692f3ccc688efe769415773dfbb356e83c8","messageTitle":"[not working] Commands.java: removed static to test","messageBody":"","fileTypesAndContributionMap":{"java":{"insertions":6,"deletions":3}}},{"hash":"63eff22b8332c381cb9215ded1035b283b811043","messageTitle":"[not working] Duke.java: removed static to test","messageBody":"","fileTypesAndContributionMap":{"java":{"insertions":108,"deletions":109}}},{"hash":"a53fe56e20fee9666b5b5a0e76b9fd87162e07c4","messageTitle":"[not working] ExitCommand.java: removed static to test","messageBody":"","fileTypesAndContributionMap":{"java":{"insertions":7,"deletions":4}}},{"hash":"1c2156aa3dc7cbb35d3f3da443fade87200a22d6","messageTitle":"[not working] Todo.java","messageBody":"","fileTypesAndContributionMap":{"java":{"insertions":11,"deletions":1}}},{"hash":"d98a3a82aed804a65724f929e6b211f7809f55a3","messageTitle":"[not working] buggy code in progress","messageBody":"","fileTypesAndContributionMap":{"txt":{"insertions":0,"deletions":0},"java":{"insertions":169,"deletions":17}}},{"hash":"6d8de54aa9ad1ade36257c22a9fb40709f0f283f","messageTitle":"Revert \"[not working] buggy code in progress\"","messageBody":"This reverts commit d98a3a82aed804a65724f929e6b211f7809f55a3.\n","fileTypesAndContributionMap":{"txt":{"insertions":0,"deletions":0},"java":{"insertions":17,"deletions":169}}}]},{"date":"2022-11-05","commitResults":[{"hash":"a2725f853d79342907d6183d1a9561226119ed83","messageTitle":"working MoreOOP","messageBody":"","fileTypesAndContributionMap":{"txt":{"insertions":1,"deletions":0},"java":{"insertions":477,"deletions":409}}}]},{"date":"2022-11-06","commitResults":[{"hash":"d1ca3003b0118f1b8f26b1bab044333717d489aa","messageTitle":"updated delete in working More OOP","messageBody":"","fileTypesAndContributionMap":{"txt":{"insertions":1,"deletions":1},"java":{"insertions":31,"deletions":39}}},{"hash":"0def301bc51cdc9ff1534b89334fd4ff91fb77a9","messageTitle":"working MoreOOP","messageBody":"","fileTypesAndContributionMap":{"txt":{"insertions":1,"deletions":1},"java":{"insertions":51,"deletions":52}}}]},{"date":"2022-11-07","commitResults":[{"hash":"21b7f825cafaefcad32f5bf2280b8219b76a70ca","messageTitle":"parseTodoInput","messageBody":"","fileTypesAndContributionMap":{"java":{"insertions":60,"deletions":12}}},{"hash":"e16b66fce1c3bb177cd4bdc329450e09612b4d7d","messageTitle":"updated moreOOP","messageBody":"","fileTypesAndContributionMap":{"java":{"insertions":75,"deletions":92}}},{"hash":"4a98c952b80dd905a91e7a3fc1cedd033f8a25b3","messageTitle":"update moreOOP","messageBody":"","fileTypesAndContributionMap":{"java":{"insertions":18,"deletions":11}}},{"hash":"1b279f1ab1550687178b7492374af149fb9f1788","messageTitle":"datetime attempt","messageBody":"","fileTypesAndContributionMap":{"java":{"insertions":25,"deletions":4}}},{"hash":"6dcff0f6c6a16d055188e8232cafc1d9975e54f0","messageTitle":"check validity of input string","messageBody":"","fileTypesAndContributionMap":{"java":{"insertions":43,"deletions":8}}}]},{"date":"2022-11-08","commitResults":[{"hash":"b24b044e35383f12a70108c48740b4933f9d5193","messageTitle":"updated Dates and Times","messageBody":"","fileTypesAndContributionMap":{"txt":{"insertions":1,"deletions":1},"java":{"insertions":146,"deletions":67}}}]},{"date":"2022-11-09","commitResults":[{"hash":"ea450d91e2be70f33efcfa4b9221e365768cb8cc","messageTitle":"updated datetime exceptions","messageBody":"","fileTypesAndContributionMap":{"txt":{"insertions":0,"deletions":1},"java":{"insertions":46,"deletions":12}}},{"hash":"2061c927a8259a72a4b344485ccb75cbe9a21ca7","messageTitle":"build.gradle: update mainClassName to run Gradle","messageBody":"","fileTypesAndContributionMap":{"gradle":{"insertions":1,"deletions":1}}},{"hash":"3747ee2da5da46bec7828ea0a56885e9379cc5e4","messageTitle":"TaskList.java: update validateDateFormat","messageBody":"","fileTypesAndContributionMap":{"txt":{"insertions":1,"deletions":0},"java":{"insertions":1,"deletions":1}}},{"hash":"906362dd43f7db60c7d633f40a72840be07f1fba","messageTitle":"test: add testfiles for Todo and Deadline","messageBody":"","fileTypesAndContributionMap":{"java":{"insertions":21,"deletions":0}}},{"hash":"2bac0809c8091ab080851b2b6c66675bd32f4c3b","messageTitle":"build.gradle: updated gradle dependencies","messageBody":"","fileTypesAndContributionMap":{"gradle":{"insertions":3,"deletions":0}}},{"hash":"cadbe66a619e4f832b491ccfac55052e053decd2","messageTitle":"test: updated test files","messageBody":"","fileTypesAndContributionMap":{"java":{"insertions":21,"deletions":3}}}]}]},"authorFileTypeContributionMap":{"lihuii":{"java":1184,"md":0,"fxml":0,"sh":0,"bat":0,"gradle":4,"txt":21}},"authorContributionVariance":{"lihuii":29585.846},"authorDisplayNameMap":{"lihuii":"NG L.. HUI"}}
