{"authorDailyContributionsMap":{"lihuii":[{"date":"2022-09-17","commitResults":[{"hash":"88b14d787d38a3edb7fbdafe266506f5f41ac707","messageTitle":"Duke.java: test","messageBody":"","fileTypesAndContributionMap":{"java":{"insertions":1,"deletions":0}}}]},{"date":"2022-09-18","commitResults":[{"hash":"790bcbabf5bcf570f81a561df08a62f9269446ae","messageTitle":"add level-1, level-2 and level-3","messageBody":"","tags":["level-2","level-1"],"fileTypesAndContributionMap":{"java":{"insertions":91,"deletions":1}}},{"hash":"bef2999865ada0ef688fa2a6cd97f8d3ec98a4e3","messageTitle":"Duke.java: updated to task list to array","messageBody":"","fileTypesAndContributionMap":{"java":{"insertions":32,"deletions":30}}}]},{"date":"2022-09-19","commitResults":[{"hash":"58403bcaf5e34a6195fd3d42dae6a9f84292db0e","messageTitle":"Duke.java: updated mark as done","messageBody":"","fileTypesAndContributionMap":{"java":{"insertions":22,"deletions":25}}},{"hash":"c71b0c1ba3c9dba29e624806311d5c59dc34ccc9","messageTitle":"Duke.java: updated unmark done","messageBody":"","tags":["level-3"],"fileTypesAndContributionMap":{"java":{"insertions":20,"deletions":12}}}]}]},"authorFileTypeContributionMap":{"lihuii":{"java":98,"md":0,"fxml":0,"sh":0,"bat":0,"gradle":0,"txt":0}},"authorContributionVariance":{"lihuii":667.0838},"authorDisplayNameMap":{"lihuii":"NG L.. HUI"}}
