{"authorDailyContributionsMap":{"lihuii":[{"date":"2022-09-17","commitResults":[{"hash":"88b14d787d38a3edb7fbdafe266506f5f41ac707","messageTitle":"Duke.java: test","messageBody":"","fileTypesAndContributionMap":{"java":{"insertions":1,"deletions":0}}}]},{"date":"2022-09-18","commitResults":[{"hash":"790bcbabf5bcf570f81a561df08a62f9269446ae","messageTitle":"add level-1, level-2 and level-3","messageBody":"","tags":["level-2","level-1"],"fileTypesAndContributionMap":{"java":{"insertions":91,"deletions":1}}},{"hash":"bef2999865ada0ef688fa2a6cd97f8d3ec98a4e3","messageTitle":"Duke.java: updated to task list to array","messageBody":"","fileTypesAndContributionMap":{"java":{"insertions":32,"deletions":30}}}]},{"date":"2022-09-19","commitResults":[{"hash":"58403bcaf5e34a6195fd3d42dae6a9f84292db0e","messageTitle":"Duke.java: updated mark as done","messageBody":"","fileTypesAndContributionMap":{"java":{"insertions":22,"deletions":25}}},{"hash":"c71b0c1ba3c9dba29e624806311d5c59dc34ccc9","messageTitle":"Duke.java: updated unmark done","messageBody":"","tags":["level-3"],"fileTypesAndContributionMap":{"java":{"insertions":20,"deletions":12}}},{"hash":"b779a117004861fd49ebb349346d6c7bd95e5b50","messageTitle":"Duke.java: reformat file","messageBody":"","fileTypesAndContributionMap":{"java":{"insertions":15,"deletions":20}}}]},{"date":"2022-09-27","commitResults":[{"hash":"5a7b0d4ece888013d6e21e71c808b8e90fb94911","messageTitle":"text-ui-test: updated ui testing file","messageBody":"","fileTypesAndContributionMap":{"txt":{"insertions":11,"deletions":0},"java":{"insertions":4,"deletions":2},"sh":{"insertions":0,"deletions":0}}}]},{"date":"2022-10-04","commitResults":[{"hash":"e59f6b3aab193039c46091bf3d9e54e587ca6ed7","messageTitle":"Todo.java: Added Todo file","messageBody":"","fileTypesAndContributionMap":{"java":{"insertions":11,"deletions":0}}},{"hash":"cdb854235dd819d8d4a739cdc86d8f64426d8bcd","messageTitle":"Task.java: updated toString function to simplify string output","messageBody":"","fileTypesAndContributionMap":{"java":{"insertions":5,"deletions":1}}},{"hash":"9da18d64575a296b7c41a2f661725e4b2a8723a8","messageTitle":"Duke.java: added todo actions","messageBody":"","fileTypesAndContributionMap":{"java":{"insertions":36,"deletions":25}}}]},{"date":"2022-10-14","commitResults":[{"hash":"24baf373a2db17a66fdc67bf2c01e708ed4fb362","messageTitle":"added Deadline.java","messageBody":"","fileTypesAndContributionMap":{"java":{"insertions":15,"deletions":0}}},{"hash":"c32e01e1e0e9d6e310c702677d337949dce4f2d9","messageTitle":"Todo.java: updated spacing in toString","messageBody":"","fileTypesAndContributionMap":{"java":{"insertions":1,"deletions":1}}},{"hash":"9435439f186693ca5d8c4d1c6167589f8ff5a161","messageTitle":"added Event.java","messageBody":"","fileTypesAndContributionMap":{"java":{"insertions":13,"deletions":0}}},{"hash":"9aa44a7ccabd4ca01586371f428bf4cd0965ddf4","messageTitle":"Duke.java: added Deadline and Event tasks","messageBody":"","tags":["level-4"],"fileTypesAndContributionMap":{"java":{"insertions":26,"deletions":5}}},{"hash":"4883d5f79dc5c3ae9c95d6ec4aa249c867cbfc27","messageTitle":"formatted Deadline.java, Task.java and Todo.java","messageBody":"","fileTypesAndContributionMap":{"java":{"insertions":6,"deletions":2}}},{"hash":"3ccf6556d7409f8112bd7313d3db835fa125c6ac","messageTitle":"added DukeException.java","messageBody":"","fileTypesAndContributionMap":{"java":{"insertions":4,"deletions":0}}},{"hash":"ad22608d97b07313c4be99bf18cf7ead4e71c6e5","messageTitle":"Duke.java: added exception handling","messageBody":"","tags":["level-5"],"fileTypesAndContributionMap":{"java":{"insertions":127,"deletions":55}}},{"hash":"1a6ea8bb19e66a6aa0a21cb0da000a8eb2570327","messageTitle":"Duke.java: added delete task","messageBody":"","tags":["level-6"],"fileTypesAndContributionMap":{"java":{"insertions":97,"deletions":66}}}]},{"date":"2022-10-30","commitResults":[{"hash":"c11e6ed93c148801875cf4d6df21cc4f078db741","messageTitle":"updated text-ui-test","messageBody":"","fileTypesAndContributionMap":{"txt":{"insertions":12,"deletions":3}}},{"hash":"2ebd6bb43aadc6c825112e8fd38f3acb1d7ed565","messageTitle":"added StorageFile.java","messageBody":"","fileTypesAndContributionMap":{"java":{"insertions":48,"deletions":0}}},{"hash":"f2b8695590229d3faf8f6d8e5d5b9b5b674cba15","messageTitle":"duke.java: added storagefile.java mainCaller() to save file in every change","messageBody":"","fileTypesAndContributionMap":{"java":{"insertions":1,"deletions":0}}},{"hash":"335507de0ec9b694debe41e969d110607718d36a","messageTitle":"duke.txt: test data/duke.txt file","messageBody":"","tags":["level-7"],"fileTypesAndContributionMap":{"txt":{"insertions":3,"deletions":0}}}]}]},"authorFileTypeContributionMap":{"lihuii":{"java":331,"md":0,"fxml":0,"sh":0,"bat":0,"gradle":0,"txt":23}},"authorContributionVariance":{"lihuii":2544.2632},"authorDisplayNameMap":{"lihuii":"NG L.. HUI"}}
