[{"path":"CONTRIBUTORS.md","fileType":"md","lines":[{"lineNumber":1,"author":{"gitId":"-"},"content":"# Contributors","lastModifiedDate":"2019-07-29"},{"lineNumber":2,"author":{"gitId":"-"},"content":"","lastModifiedDate":"2019-07-29"},{"lineNumber":3,"author":{"gitId":"-"},"content":"Display | Name | Github Profile | Homepage","lastModifiedDate":"2019-07-29"},{"lineNumber":4,"author":{"gitId":"-"},"content":"---|:---:|:---:|:---:","lastModifiedDate":"2019-07-29"},{"lineNumber":5,"author":{"gitId":"-"},"content":"![](https://avatars0.githubusercontent.com/u/22460123?s\u003d100) | Jeffry Lum | [Github](https://github.com/j-lum/) | [Homepage](https://se.kasugano.moe)","lastModifiedDate":"2019-08-06"},{"lineNumber":6,"author":{"gitId":"fatston"},"content":"![](https://avatars0.githubusercontent.com/u/1673303?s\u003d100) | Duke C. Rajapakse | [Github](https://github.com/damithc/) | [Homepage](https://www.comp.nus.edu.sg/~damithch/)","lastModifiedDate":"2022-09-17"},{"lineNumber":7,"author":{"gitId":"-"},"content":"# I would like to join this list. How can I help the project","lastModifiedDate":"2019-07-29"},{"lineNumber":8,"author":{"gitId":"-"},"content":"","lastModifiedDate":"2019-07-29"},{"lineNumber":9,"author":{"gitId":"-"},"content":"For more information, please refer to our [contributor\u0027s guide](https://oss-generic.github.io/process/).","lastModifiedDate":"2019-07-29"}],"authorContributionMap":{"fatston":1,"-":8}},{"path":"src/main/java/Duke.java","fileType":"java","lines":[{"lineNumber":1,"author":{"gitId":"fatston"},"content":"import domain.task.Task;","lastModifiedDate":"2022-09-05"},{"lineNumber":2,"author":{"gitId":"fatston"},"content":"import processor.TaskProcessor;","lastModifiedDate":"2022-09-05"},{"lineNumber":3,"author":{"gitId":"fatston"},"content":"import processor.impl.TaskProcessorImpl;","lastModifiedDate":"2022-09-05"},{"lineNumber":4,"author":{"gitId":"fatston"},"content":"","lastModifiedDate":"2022-09-05"},{"lineNumber":5,"author":{"gitId":"fatston"},"content":"import java.util.ArrayList;","lastModifiedDate":"2022-09-05"},{"lineNumber":6,"author":{"gitId":"fatston"},"content":"import java.util.List;","lastModifiedDate":"2022-09-05"},{"lineNumber":7,"author":{"gitId":"fatston"},"content":"import java.util.Scanner;","lastModifiedDate":"2022-09-05"},{"lineNumber":8,"author":{"gitId":"fatston"},"content":"","lastModifiedDate":"2022-09-05"},{"lineNumber":9,"author":{"gitId":"fatston"},"content":"import static utils.CommonStrings.GOODBYE;","lastModifiedDate":"2022-09-05"},{"lineNumber":10,"author":{"gitId":"fatston"},"content":"import static utils.CommonStrings.GREETING;","lastModifiedDate":"2022-09-05"},{"lineNumber":11,"author":{"gitId":"fatston"},"content":"import static utils.CommonStrings.HELP;","lastModifiedDate":"2022-09-05"},{"lineNumber":12,"author":{"gitId":"fatston"},"content":"import static utils.CommonStrings.LOGO;","lastModifiedDate":"2022-09-05"},{"lineNumber":13,"author":{"gitId":"fatston"},"content":"import static utils.ErrorMessages.whatAreYouDoingErrMsg;","lastModifiedDate":"2022-09-10"},{"lineNumber":14,"author":{"gitId":"fatston"},"content":"import static utils.Mouth.speak;","lastModifiedDate":"2022-09-05"},{"lineNumber":15,"author":{"gitId":"fatston"},"content":"import static utils.TaskUtil.getFirstWord;","lastModifiedDate":"2022-09-05"},{"lineNumber":16,"author":{"gitId":"fatston"},"content":"","lastModifiedDate":"2022-09-05"},{"lineNumber":17,"author":{"gitId":"-"},"content":"public class Duke {","lastModifiedDate":"2022-09-17"},{"lineNumber":18,"author":{"gitId":"-"},"content":"    public static void main(String[] args) {","lastModifiedDate":"2022-09-05"},{"lineNumber":19,"author":{"gitId":"fatston"},"content":"","lastModifiedDate":"2022-09-05"},{"lineNumber":20,"author":{"gitId":"fatston"},"content":"        Scanner scanner \u003d new Scanner(System.in);","lastModifiedDate":"2022-09-05"},{"lineNumber":21,"author":{"gitId":"fatston"},"content":"        List\u003cTask\u003e taskList \u003d new ArrayList\u003c\u003e();","lastModifiedDate":"2022-09-05"},{"lineNumber":22,"author":{"gitId":"fatston"},"content":"        TaskProcessor taskProcessor \u003d new TaskProcessorImpl();","lastModifiedDate":"2022-09-05"},{"lineNumber":23,"author":{"gitId":"fatston"},"content":"","lastModifiedDate":"2022-09-05"},{"lineNumber":24,"author":{"gitId":"fatston"},"content":"        System.out.println(LOGO);","lastModifiedDate":"2022-09-05"},{"lineNumber":25,"author":{"gitId":"fatston"},"content":"        speak(GREETING);","lastModifiedDate":"2022-09-05"},{"lineNumber":26,"author":{"gitId":"fatston"},"content":"","lastModifiedDate":"2022-09-05"},{"lineNumber":27,"author":{"gitId":"fatston"},"content":"        while (!scanner.hasNext(\"bye\")) {","lastModifiedDate":"2022-09-05"},{"lineNumber":28,"author":{"gitId":"fatston"},"content":"            String userInput \u003d scanner.nextLine();","lastModifiedDate":"2022-09-05"},{"lineNumber":29,"author":{"gitId":"fatston"},"content":"            // edge case where many blank \\n are input by user","lastModifiedDate":"2022-09-05"},{"lineNumber":30,"author":{"gitId":"fatston"},"content":"            if (userInput.isBlank())","lastModifiedDate":"2022-09-05"},{"lineNumber":31,"author":{"gitId":"fatston"},"content":"                continue;","lastModifiedDate":"2022-09-05"},{"lineNumber":32,"author":{"gitId":"fatston"},"content":"            String command \u003d getFirstWord(userInput);","lastModifiedDate":"2022-09-05"},{"lineNumber":33,"author":{"gitId":"fatston"},"content":"            switch (command) {","lastModifiedDate":"2022-09-05"},{"lineNumber":34,"author":{"gitId":"fatston"},"content":"                case \"list\":","lastModifiedDate":"2022-09-10"},{"lineNumber":35,"author":{"gitId":"fatston"},"content":"                    speak(taskList);","lastModifiedDate":"2022-09-10"},{"lineNumber":36,"author":{"gitId":"fatston"},"content":"                    break;","lastModifiedDate":"2022-09-10"},{"lineNumber":37,"author":{"gitId":"fatston"},"content":"                case \"unmark\":","lastModifiedDate":"2022-09-05"},{"lineNumber":38,"author":{"gitId":"fatston"},"content":"                    taskProcessor.unmarkTask(userInput, taskList);","lastModifiedDate":"2022-09-05"},{"lineNumber":39,"author":{"gitId":"fatston"},"content":"                    break;","lastModifiedDate":"2022-09-05"},{"lineNumber":40,"author":{"gitId":"fatston"},"content":"                case \"mark\":","lastModifiedDate":"2022-09-05"},{"lineNumber":41,"author":{"gitId":"fatston"},"content":"                    taskProcessor.markTask(userInput, taskList);","lastModifiedDate":"2022-09-05"},{"lineNumber":42,"author":{"gitId":"fatston"},"content":"                    break;","lastModifiedDate":"2022-09-05"},{"lineNumber":43,"author":{"gitId":"fatston"},"content":"                case \"todo\":","lastModifiedDate":"2022-09-05"},{"lineNumber":44,"author":{"gitId":"fatston"},"content":"                    taskProcessor.addTodo(userInput, taskList);","lastModifiedDate":"2022-09-05"},{"lineNumber":45,"author":{"gitId":"fatston"},"content":"                    break;","lastModifiedDate":"2022-09-05"},{"lineNumber":46,"author":{"gitId":"fatston"},"content":"                case \"deadline\":","lastModifiedDate":"2022-09-05"},{"lineNumber":47,"author":{"gitId":"fatston"},"content":"                    taskProcessor.addDeadline(userInput, taskList);","lastModifiedDate":"2022-09-05"},{"lineNumber":48,"author":{"gitId":"fatston"},"content":"                    break;","lastModifiedDate":"2022-09-05"},{"lineNumber":49,"author":{"gitId":"fatston"},"content":"                case \"event\":","lastModifiedDate":"2022-09-05"},{"lineNumber":50,"author":{"gitId":"fatston"},"content":"                    taskProcessor.addEvent(userInput, taskList);","lastModifiedDate":"2022-09-05"},{"lineNumber":51,"author":{"gitId":"fatston"},"content":"                    break;","lastModifiedDate":"2022-09-05"},{"lineNumber":52,"author":{"gitId":"fatston"},"content":"                case \"delete\":","lastModifiedDate":"2022-09-17"},{"lineNumber":53,"author":{"gitId":"fatston"},"content":"                    taskProcessor.deleteEvent(userInput, taskList);","lastModifiedDate":"2022-09-17"},{"lineNumber":54,"author":{"gitId":"fatston"},"content":"                    break;","lastModifiedDate":"2022-09-17"},{"lineNumber":55,"author":{"gitId":"fatston"},"content":"                case \"help\":","lastModifiedDate":"2022-09-05"},{"lineNumber":56,"author":{"gitId":"fatston"},"content":"                    speak(HELP);","lastModifiedDate":"2022-09-05"},{"lineNumber":57,"author":{"gitId":"fatston"},"content":"                    break;","lastModifiedDate":"2022-09-05"},{"lineNumber":58,"author":{"gitId":"fatston"},"content":"                default:","lastModifiedDate":"2022-09-05"},{"lineNumber":59,"author":{"gitId":"fatston"},"content":"                    speak(whatAreYouDoingErrMsg(userInput));","lastModifiedDate":"2022-09-10"},{"lineNumber":60,"author":{"gitId":"fatston"},"content":"            }","lastModifiedDate":"2022-09-05"},{"lineNumber":61,"author":{"gitId":"fatston"},"content":"        }","lastModifiedDate":"2022-09-05"},{"lineNumber":62,"author":{"gitId":"fatston"},"content":"        speak(GOODBYE);","lastModifiedDate":"2022-09-05"},{"lineNumber":63,"author":{"gitId":"fatston"},"content":"","lastModifiedDate":"2022-09-05"},{"lineNumber":64,"author":{"gitId":"-"},"content":"    }","lastModifiedDate":"2022-09-05"},{"lineNumber":65,"author":{"gitId":"-"},"content":"}","lastModifiedDate":"2022-09-05"}],"authorContributionMap":{"fatston":61,"-":4}},{"path":"src/main/java/domain/task/Deadline.java","fileType":"java","lines":[{"lineNumber":1,"author":{"gitId":"fatston"},"content":"package domain.task;","lastModifiedDate":"2022-09-03"},{"lineNumber":2,"author":{"gitId":"fatston"},"content":"","lastModifiedDate":"2022-09-03"},{"lineNumber":3,"author":{"gitId":"fatston"},"content":"import exceptions.EmptyDescriptionException;","lastModifiedDate":"2022-09-10"},{"lineNumber":4,"author":{"gitId":"fatston"},"content":"","lastModifiedDate":"2022-09-10"},{"lineNumber":5,"author":{"gitId":"fatston"},"content":"public class Deadline extends Task {","lastModifiedDate":"2022-09-03"},{"lineNumber":6,"author":{"gitId":"fatston"},"content":"","lastModifiedDate":"2022-09-03"},{"lineNumber":7,"author":{"gitId":"fatston"},"content":"    protected String by;","lastModifiedDate":"2022-09-03"},{"lineNumber":8,"author":{"gitId":"fatston"},"content":"","lastModifiedDate":"2022-09-03"},{"lineNumber":9,"author":{"gitId":"fatston"},"content":"    public Deadline(String description, String by) throws EmptyDescriptionException {","lastModifiedDate":"2022-09-10"},{"lineNumber":10,"author":{"gitId":"fatston"},"content":"        super(description);","lastModifiedDate":"2022-09-03"},{"lineNumber":11,"author":{"gitId":"fatston"},"content":"        this.by \u003d by;","lastModifiedDate":"2022-09-03"},{"lineNumber":12,"author":{"gitId":"fatston"},"content":"    }","lastModifiedDate":"2022-09-03"},{"lineNumber":13,"author":{"gitId":"fatston"},"content":"","lastModifiedDate":"2022-09-03"},{"lineNumber":14,"author":{"gitId":"fatston"},"content":"    @Override","lastModifiedDate":"2022-09-03"},{"lineNumber":15,"author":{"gitId":"fatston"},"content":"    public String toString() {","lastModifiedDate":"2022-09-03"},{"lineNumber":16,"author":{"gitId":"fatston"},"content":"        return \"[D]\" + super.toString() + \" (by: \" + by + \")\";","lastModifiedDate":"2022-09-03"},{"lineNumber":17,"author":{"gitId":"fatston"},"content":"    }","lastModifiedDate":"2022-09-03"},{"lineNumber":18,"author":{"gitId":"fatston"},"content":"}","lastModifiedDate":"2022-09-03"}],"authorContributionMap":{"fatston":18}},{"path":"src/main/java/domain/task/Event.java","fileType":"java","lines":[{"lineNumber":1,"author":{"gitId":"fatston"},"content":"package domain.task;","lastModifiedDate":"2022-09-03"},{"lineNumber":2,"author":{"gitId":"fatston"},"content":"","lastModifiedDate":"2022-09-03"},{"lineNumber":3,"author":{"gitId":"fatston"},"content":"import exceptions.EmptyDescriptionException;","lastModifiedDate":"2022-09-10"},{"lineNumber":4,"author":{"gitId":"fatston"},"content":"","lastModifiedDate":"2022-09-10"},{"lineNumber":5,"author":{"gitId":"fatston"},"content":"public class Event extends Task{","lastModifiedDate":"2022-09-03"},{"lineNumber":6,"author":{"gitId":"fatston"},"content":"","lastModifiedDate":"2022-09-03"},{"lineNumber":7,"author":{"gitId":"fatston"},"content":"    protected String at;","lastModifiedDate":"2022-09-03"},{"lineNumber":8,"author":{"gitId":"fatston"},"content":"","lastModifiedDate":"2022-09-03"},{"lineNumber":9,"author":{"gitId":"fatston"},"content":"    public Event(String description, String at) throws EmptyDescriptionException {","lastModifiedDate":"2022-09-10"},{"lineNumber":10,"author":{"gitId":"fatston"},"content":"        super(description);","lastModifiedDate":"2022-09-03"},{"lineNumber":11,"author":{"gitId":"fatston"},"content":"        this.at \u003d at;","lastModifiedDate":"2022-09-03"},{"lineNumber":12,"author":{"gitId":"fatston"},"content":"    }","lastModifiedDate":"2022-09-03"},{"lineNumber":13,"author":{"gitId":"fatston"},"content":"","lastModifiedDate":"2022-09-03"},{"lineNumber":14,"author":{"gitId":"fatston"},"content":"    @Override","lastModifiedDate":"2022-09-03"},{"lineNumber":15,"author":{"gitId":"fatston"},"content":"    public String toString() {","lastModifiedDate":"2022-09-03"},{"lineNumber":16,"author":{"gitId":"fatston"},"content":"        return \"[E]\" + super.toString() + \" (at: \" + at + \")\";","lastModifiedDate":"2022-09-03"},{"lineNumber":17,"author":{"gitId":"fatston"},"content":"    }","lastModifiedDate":"2022-09-03"},{"lineNumber":18,"author":{"gitId":"fatston"},"content":"}","lastModifiedDate":"2022-09-03"}],"authorContributionMap":{"fatston":18}},{"path":"src/main/java/domain/task/Task.java","fileType":"java","lines":[{"lineNumber":1,"author":{"gitId":"fatston"},"content":"package domain.task;","lastModifiedDate":"2022-09-03"},{"lineNumber":2,"author":{"gitId":"fatston"},"content":"","lastModifiedDate":"2022-09-03"},{"lineNumber":3,"author":{"gitId":"fatston"},"content":"public class Task {","lastModifiedDate":"2022-09-03"},{"lineNumber":4,"author":{"gitId":"fatston"},"content":"    private static int count \u003d 0;","lastModifiedDate":"2022-09-03"},{"lineNumber":5,"author":{"gitId":"fatston"},"content":"    protected int index;","lastModifiedDate":"2022-09-03"},{"lineNumber":6,"author":{"gitId":"fatston"},"content":"    protected String description;","lastModifiedDate":"2022-09-03"},{"lineNumber":7,"author":{"gitId":"fatston"},"content":"    protected boolean isDone;","lastModifiedDate":"2022-09-03"},{"lineNumber":8,"author":{"gitId":"fatston"},"content":"","lastModifiedDate":"2022-09-03"},{"lineNumber":9,"author":{"gitId":"fatston"},"content":"    public Task(String description) {","lastModifiedDate":"2022-09-10"},{"lineNumber":10,"author":{"gitId":"fatston"},"content":"        this.description \u003d description;","lastModifiedDate":"2022-09-03"},{"lineNumber":11,"author":{"gitId":"fatston"},"content":"        this.isDone \u003d false;","lastModifiedDate":"2022-09-03"},{"lineNumber":12,"author":{"gitId":"fatston"},"content":"        count++;","lastModifiedDate":"2022-09-03"},{"lineNumber":13,"author":{"gitId":"fatston"},"content":"        index \u003d count;","lastModifiedDate":"2022-09-03"},{"lineNumber":14,"author":{"gitId":"fatston"},"content":"    }","lastModifiedDate":"2022-09-03"},{"lineNumber":15,"author":{"gitId":"fatston"},"content":"","lastModifiedDate":"2022-09-03"},{"lineNumber":16,"author":{"gitId":"fatston"},"content":"    public static int getCount() {","lastModifiedDate":"2022-09-03"},{"lineNumber":17,"author":{"gitId":"fatston"},"content":"        return count;","lastModifiedDate":"2022-09-03"},{"lineNumber":18,"author":{"gitId":"fatston"},"content":"    }","lastModifiedDate":"2022-09-03"},{"lineNumber":19,"author":{"gitId":"fatston"},"content":"","lastModifiedDate":"2022-09-03"},{"lineNumber":20,"author":{"gitId":"fatston"},"content":"    public boolean isDone() {","lastModifiedDate":"2022-09-03"},{"lineNumber":21,"author":{"gitId":"fatston"},"content":"        return isDone;","lastModifiedDate":"2022-09-03"},{"lineNumber":22,"author":{"gitId":"fatston"},"content":"    }","lastModifiedDate":"2022-09-03"},{"lineNumber":23,"author":{"gitId":"fatston"},"content":"","lastModifiedDate":"2022-09-03"},{"lineNumber":24,"author":{"gitId":"fatston"},"content":"    public String getStatusIcon() {","lastModifiedDate":"2022-09-03"},{"lineNumber":25,"author":{"gitId":"fatston"},"content":"        return (isDone ? \"X\" : \" \"); // mark done task with X","lastModifiedDate":"2022-09-03"},{"lineNumber":26,"author":{"gitId":"fatston"},"content":"    }","lastModifiedDate":"2022-09-03"},{"lineNumber":27,"author":{"gitId":"fatston"},"content":"","lastModifiedDate":"2022-09-03"},{"lineNumber":28,"author":{"gitId":"fatston"},"content":"    public void markDone() {","lastModifiedDate":"2022-09-03"},{"lineNumber":29,"author":{"gitId":"fatston"},"content":"        isDone \u003d true;","lastModifiedDate":"2022-09-03"},{"lineNumber":30,"author":{"gitId":"fatston"},"content":"    }","lastModifiedDate":"2022-09-03"},{"lineNumber":31,"author":{"gitId":"fatston"},"content":"","lastModifiedDate":"2022-09-03"},{"lineNumber":32,"author":{"gitId":"fatston"},"content":"    public void markNotDone() {","lastModifiedDate":"2022-09-03"},{"lineNumber":33,"author":{"gitId":"fatston"},"content":"        isDone \u003d false;","lastModifiedDate":"2022-09-03"},{"lineNumber":34,"author":{"gitId":"fatston"},"content":"    }","lastModifiedDate":"2022-09-03"},{"lineNumber":35,"author":{"gitId":"fatston"},"content":"","lastModifiedDate":"2022-09-03"},{"lineNumber":36,"author":{"gitId":"fatston"},"content":"    @Override","lastModifiedDate":"2022-09-03"},{"lineNumber":37,"author":{"gitId":"fatston"},"content":"    public String toString() {","lastModifiedDate":"2022-09-03"},{"lineNumber":38,"author":{"gitId":"fatston"},"content":"        return \"[\" + getStatusIcon() + \"] \" + description;","lastModifiedDate":"2022-09-03"},{"lineNumber":39,"author":{"gitId":"fatston"},"content":"    }","lastModifiedDate":"2022-09-03"},{"lineNumber":40,"author":{"gitId":"fatston"},"content":"}","lastModifiedDate":"2022-09-03"}],"authorContributionMap":{"fatston":40}},{"path":"src/main/java/domain/task/Todo.java","fileType":"java","lines":[{"lineNumber":1,"author":{"gitId":"fatston"},"content":"package domain.task;","lastModifiedDate":"2022-09-03"},{"lineNumber":2,"author":{"gitId":"fatston"},"content":"","lastModifiedDate":"2022-09-03"},{"lineNumber":3,"author":{"gitId":"fatston"},"content":"import exceptions.EmptyDescriptionException;","lastModifiedDate":"2022-09-10"},{"lineNumber":4,"author":{"gitId":"fatston"},"content":"","lastModifiedDate":"2022-09-10"},{"lineNumber":5,"author":{"gitId":"fatston"},"content":"public class Todo extends Task{","lastModifiedDate":"2022-09-03"},{"lineNumber":6,"author":{"gitId":"fatston"},"content":"    public Todo(String description) throws EmptyDescriptionException {","lastModifiedDate":"2022-09-10"},{"lineNumber":7,"author":{"gitId":"fatston"},"content":"        super(description);","lastModifiedDate":"2022-09-03"},{"lineNumber":8,"author":{"gitId":"fatston"},"content":"    }","lastModifiedDate":"2022-09-03"},{"lineNumber":9,"author":{"gitId":"fatston"},"content":"","lastModifiedDate":"2022-09-03"},{"lineNumber":10,"author":{"gitId":"fatston"},"content":"    @Override","lastModifiedDate":"2022-09-03"},{"lineNumber":11,"author":{"gitId":"fatston"},"content":"    public String toString() {","lastModifiedDate":"2022-09-03"},{"lineNumber":12,"author":{"gitId":"fatston"},"content":"        return \"[T]\" + super.toString();","lastModifiedDate":"2022-09-03"},{"lineNumber":13,"author":{"gitId":"fatston"},"content":"    }","lastModifiedDate":"2022-09-03"},{"lineNumber":14,"author":{"gitId":"fatston"},"content":"}","lastModifiedDate":"2022-09-03"}],"authorContributionMap":{"fatston":14}},{"path":"src/main/java/exceptions/EmptyDescriptionException.java","fileType":"java","lines":[{"lineNumber":1,"author":{"gitId":"fatston"},"content":"package exceptions;","lastModifiedDate":"2022-09-10"},{"lineNumber":2,"author":{"gitId":"fatston"},"content":"","lastModifiedDate":"2022-09-10"},{"lineNumber":3,"author":{"gitId":"fatston"},"content":"public class EmptyDescriptionException extends Exception {","lastModifiedDate":"2022-09-10"},{"lineNumber":4,"author":{"gitId":"fatston"},"content":"}","lastModifiedDate":"2022-09-10"}],"authorContributionMap":{"fatston":4}},{"path":"src/main/java/exceptions/InvalidIntegerException.java","fileType":"java","lines":[{"lineNumber":1,"author":{"gitId":"fatston"},"content":"package exceptions;","lastModifiedDate":"2022-09-17"},{"lineNumber":2,"author":{"gitId":"fatston"},"content":"","lastModifiedDate":"2022-09-17"},{"lineNumber":3,"author":{"gitId":"fatston"},"content":"public class InvalidIntegerException extends Exception {","lastModifiedDate":"2022-09-17"},{"lineNumber":4,"author":{"gitId":"fatston"},"content":"}","lastModifiedDate":"2022-09-17"}],"authorContributionMap":{"fatston":4}},{"path":"src/main/java/exceptions/MissingSlashCommandDetailsException.java","fileType":"java","lines":[{"lineNumber":1,"author":{"gitId":"fatston"},"content":"package exceptions;","lastModifiedDate":"2022-09-10"},{"lineNumber":2,"author":{"gitId":"fatston"},"content":"","lastModifiedDate":"2022-09-10"},{"lineNumber":3,"author":{"gitId":"fatston"},"content":"public class MissingSlashCommandDetailsException extends Exception {","lastModifiedDate":"2022-09-10"},{"lineNumber":4,"author":{"gitId":"fatston"},"content":"}","lastModifiedDate":"2022-09-10"}],"authorContributionMap":{"fatston":4}},{"path":"src/main/java/exceptions/MissingSlashCommandException.java","fileType":"java","lines":[{"lineNumber":1,"author":{"gitId":"fatston"},"content":"package exceptions;","lastModifiedDate":"2022-09-10"},{"lineNumber":2,"author":{"gitId":"fatston"},"content":"","lastModifiedDate":"2022-09-10"},{"lineNumber":3,"author":{"gitId":"fatston"},"content":"public class MissingSlashCommandException extends Exception {","lastModifiedDate":"2022-09-10"},{"lineNumber":4,"author":{"gitId":"fatston"},"content":"}","lastModifiedDate":"2022-09-10"}],"authorContributionMap":{"fatston":4}},{"path":"src/main/java/exceptions/MoreThanOneSlashCommandException.java","fileType":"java","lines":[{"lineNumber":1,"author":{"gitId":"fatston"},"content":"package exceptions;","lastModifiedDate":"2022-09-10"},{"lineNumber":2,"author":{"gitId":"fatston"},"content":"","lastModifiedDate":"2022-09-10"},{"lineNumber":3,"author":{"gitId":"fatston"},"content":"public class MoreThanOneSlashCommandException extends Exception {","lastModifiedDate":"2022-09-10"},{"lineNumber":4,"author":{"gitId":"fatston"},"content":"}","lastModifiedDate":"2022-09-10"}],"authorContributionMap":{"fatston":4}},{"path":"src/main/java/processor/TaskProcessor.java","fileType":"java","lines":[{"lineNumber":1,"author":{"gitId":"fatston"},"content":"package processor;","lastModifiedDate":"2022-09-03"},{"lineNumber":2,"author":{"gitId":"fatston"},"content":"","lastModifiedDate":"2022-09-03"},{"lineNumber":3,"author":{"gitId":"fatston"},"content":"import domain.task.Task;","lastModifiedDate":"2022-09-05"},{"lineNumber":4,"author":{"gitId":"fatston"},"content":"","lastModifiedDate":"2022-09-05"},{"lineNumber":5,"author":{"gitId":"fatston"},"content":"import java.util.List;","lastModifiedDate":"2022-09-05"},{"lineNumber":6,"author":{"gitId":"fatston"},"content":"","lastModifiedDate":"2022-09-05"},{"lineNumber":7,"author":{"gitId":"fatston"},"content":"public interface TaskProcessor {","lastModifiedDate":"2022-09-03"},{"lineNumber":8,"author":{"gitId":"fatston"},"content":"    void markTask(String userInput, List\u003cTask\u003e taskList);","lastModifiedDate":"2022-09-05"},{"lineNumber":9,"author":{"gitId":"fatston"},"content":"","lastModifiedDate":"2022-09-05"},{"lineNumber":10,"author":{"gitId":"fatston"},"content":"    void unmarkTask(String userInput, List\u003cTask\u003e taskList);","lastModifiedDate":"2022-09-05"},{"lineNumber":11,"author":{"gitId":"fatston"},"content":"","lastModifiedDate":"2022-09-05"},{"lineNumber":12,"author":{"gitId":"fatston"},"content":"    void addTodo(String userInput, List\u003cTask\u003e taskList);","lastModifiedDate":"2022-09-05"},{"lineNumber":13,"author":{"gitId":"fatston"},"content":"","lastModifiedDate":"2022-09-05"},{"lineNumber":14,"author":{"gitId":"fatston"},"content":"    void addDeadline(String userInput, List\u003cTask\u003e taskList);","lastModifiedDate":"2022-09-05"},{"lineNumber":15,"author":{"gitId":"fatston"},"content":"","lastModifiedDate":"2022-09-05"},{"lineNumber":16,"author":{"gitId":"fatston"},"content":"    void addEvent(String userInput, List\u003cTask\u003e taskList);","lastModifiedDate":"2022-09-05"},{"lineNumber":17,"author":{"gitId":"fatston"},"content":"","lastModifiedDate":"2022-09-17"},{"lineNumber":18,"author":{"gitId":"fatston"},"content":"    void deleteEvent(String userInput, List\u003cTask\u003e taskList);","lastModifiedDate":"2022-09-17"},{"lineNumber":19,"author":{"gitId":"fatston"},"content":"}","lastModifiedDate":"2022-09-03"}],"authorContributionMap":{"fatston":19}},{"path":"src/main/java/processor/impl/TaskProcessorImpl.java","fileType":"java","lines":[{"lineNumber":1,"author":{"gitId":"fatston"},"content":"package processor.impl;","lastModifiedDate":"2022-09-03"},{"lineNumber":2,"author":{"gitId":"fatston"},"content":"","lastModifiedDate":"2022-09-03"},{"lineNumber":3,"author":{"gitId":"fatston"},"content":"import domain.task.Task;","lastModifiedDate":"2022-09-03"},{"lineNumber":4,"author":{"gitId":"fatston"},"content":"import exceptions.InvalidIntegerException;","lastModifiedDate":"2022-09-17"},{"lineNumber":5,"author":{"gitId":"fatston"},"content":"import processor.TaskProcessor;","lastModifiedDate":"2022-09-03"},{"lineNumber":6,"author":{"gitId":"fatston"},"content":"","lastModifiedDate":"2022-09-03"},{"lineNumber":7,"author":{"gitId":"fatston"},"content":"import java.util.List;","lastModifiedDate":"2022-09-03"},{"lineNumber":8,"author":{"gitId":"fatston"},"content":"","lastModifiedDate":"2022-09-03"},{"lineNumber":9,"author":{"gitId":"fatston"},"content":"import static utils.Converter.getDeadlineFromUserInput;","lastModifiedDate":"2022-09-03"},{"lineNumber":10,"author":{"gitId":"fatston"},"content":"import static utils.Converter.getEventFromUserInput;","lastModifiedDate":"2022-09-03"},{"lineNumber":11,"author":{"gitId":"fatston"},"content":"import static utils.Converter.getTodoFromUserInput;","lastModifiedDate":"2022-09-03"},{"lineNumber":12,"author":{"gitId":"fatston"},"content":"import static utils.ErrorMessages.INVALID_INTEGER_ERR_MSG;","lastModifiedDate":"2022-09-17"},{"lineNumber":13,"author":{"gitId":"fatston"},"content":"import static utils.ErrorMessages.NUMBER_OUT_OF_RANGE_ERR_MSG;","lastModifiedDate":"2022-09-17"},{"lineNumber":14,"author":{"gitId":"fatston"},"content":"import static utils.ErrorMessages.UNKNOWN_ERR_MSG;","lastModifiedDate":"2022-09-17"},{"lineNumber":15,"author":{"gitId":"fatston"},"content":"import static utils.Messages.addedTaskMsg;","lastModifiedDate":"2022-09-03"},{"lineNumber":16,"author":{"gitId":"fatston"},"content":"import static utils.Messages.alreadyDoneMsg;","lastModifiedDate":"2022-09-03"},{"lineNumber":17,"author":{"gitId":"fatston"},"content":"import static utils.Messages.alreadyNotDoneMsg;","lastModifiedDate":"2022-09-03"},{"lineNumber":18,"author":{"gitId":"fatston"},"content":"import static utils.Messages.markDoneMsg;","lastModifiedDate":"2022-09-03"},{"lineNumber":19,"author":{"gitId":"fatston"},"content":"import static utils.Messages.markUndoneMsg;","lastModifiedDate":"2022-09-03"},{"lineNumber":20,"author":{"gitId":"fatston"},"content":"import static utils.Messages.taskRemovedMsg;","lastModifiedDate":"2022-09-17"},{"lineNumber":21,"author":{"gitId":"fatston"},"content":"import static utils.Mouth.speak;","lastModifiedDate":"2022-09-05"},{"lineNumber":22,"author":{"gitId":"fatston"},"content":"import static utils.TaskUtil.getTaskFromTaskList;","lastModifiedDate":"2022-09-03"},{"lineNumber":23,"author":{"gitId":"fatston"},"content":"import static utils.TaskUtil.getTaskIndexFromUserInput;","lastModifiedDate":"2022-09-17"},{"lineNumber":24,"author":{"gitId":"fatston"},"content":"","lastModifiedDate":"2022-09-03"},{"lineNumber":25,"author":{"gitId":"fatston"},"content":"public class TaskProcessorImpl implements TaskProcessor {","lastModifiedDate":"2022-09-03"},{"lineNumber":26,"author":{"gitId":"fatston"},"content":"","lastModifiedDate":"2022-09-03"},{"lineNumber":27,"author":{"gitId":"fatston"},"content":"    public void markTask(String userInput, List\u003cTask\u003e taskList) {","lastModifiedDate":"2022-09-05"},{"lineNumber":28,"author":{"gitId":"fatston"},"content":"        getTaskFromTaskList(taskList, userInput).ifPresent(task -\u003e {","lastModifiedDate":"2022-09-03"},{"lineNumber":29,"author":{"gitId":"fatston"},"content":"            if (task.isDone()) {","lastModifiedDate":"2022-09-03"},{"lineNumber":30,"author":{"gitId":"fatston"},"content":"                // if task is already done, scold the user","lastModifiedDate":"2022-09-03"},{"lineNumber":31,"author":{"gitId":"fatston"},"content":"                speak(alreadyDoneMsg(task));","lastModifiedDate":"2022-09-03"},{"lineNumber":32,"author":{"gitId":"fatston"},"content":"            } else {","lastModifiedDate":"2022-09-03"},{"lineNumber":33,"author":{"gitId":"fatston"},"content":"                task.markDone();","lastModifiedDate":"2022-09-03"},{"lineNumber":34,"author":{"gitId":"fatston"},"content":"                speak(markDoneMsg(task));","lastModifiedDate":"2022-09-03"},{"lineNumber":35,"author":{"gitId":"fatston"},"content":"            }","lastModifiedDate":"2022-09-03"},{"lineNumber":36,"author":{"gitId":"fatston"},"content":"        });","lastModifiedDate":"2022-09-03"},{"lineNumber":37,"author":{"gitId":"fatston"},"content":"    }","lastModifiedDate":"2022-09-03"},{"lineNumber":38,"author":{"gitId":"fatston"},"content":"","lastModifiedDate":"2022-09-03"},{"lineNumber":39,"author":{"gitId":"fatston"},"content":"    public void unmarkTask(String userInput, List\u003cTask\u003e taskList) {","lastModifiedDate":"2022-09-05"},{"lineNumber":40,"author":{"gitId":"fatston"},"content":"        getTaskFromTaskList(taskList, userInput).ifPresent(task -\u003e {","lastModifiedDate":"2022-09-03"},{"lineNumber":41,"author":{"gitId":"fatston"},"content":"            if (!task.isDone()) {","lastModifiedDate":"2022-09-03"},{"lineNumber":42,"author":{"gitId":"fatston"},"content":"                // if task is already not done, scold the user","lastModifiedDate":"2022-09-03"},{"lineNumber":43,"author":{"gitId":"fatston"},"content":"                speak(alreadyNotDoneMsg(task));","lastModifiedDate":"2022-09-03"},{"lineNumber":44,"author":{"gitId":"fatston"},"content":"            } else {","lastModifiedDate":"2022-09-03"},{"lineNumber":45,"author":{"gitId":"fatston"},"content":"                task.markNotDone();","lastModifiedDate":"2022-09-03"},{"lineNumber":46,"author":{"gitId":"fatston"},"content":"                speak(markUndoneMsg(task));","lastModifiedDate":"2022-09-03"},{"lineNumber":47,"author":{"gitId":"fatston"},"content":"            }","lastModifiedDate":"2022-09-03"},{"lineNumber":48,"author":{"gitId":"fatston"},"content":"        });","lastModifiedDate":"2022-09-03"},{"lineNumber":49,"author":{"gitId":"fatston"},"content":"    }","lastModifiedDate":"2022-09-03"},{"lineNumber":50,"author":{"gitId":"fatston"},"content":"","lastModifiedDate":"2022-09-03"},{"lineNumber":51,"author":{"gitId":"fatston"},"content":"","lastModifiedDate":"2022-09-03"},{"lineNumber":52,"author":{"gitId":"fatston"},"content":"    public void addTodo(String userInput, List\u003cTask\u003e taskList) {","lastModifiedDate":"2022-09-05"},{"lineNumber":53,"author":{"gitId":"fatston"},"content":"        getTodoFromUserInput(userInput).ifPresent(todo -\u003e addTask(todo, taskList));","lastModifiedDate":"2022-09-10"},{"lineNumber":54,"author":{"gitId":"fatston"},"content":"    }","lastModifiedDate":"2022-09-03"},{"lineNumber":55,"author":{"gitId":"fatston"},"content":"","lastModifiedDate":"2022-09-03"},{"lineNumber":56,"author":{"gitId":"fatston"},"content":"    public void addDeadline(String userInput, List\u003cTask\u003e taskList) {","lastModifiedDate":"2022-09-05"},{"lineNumber":57,"author":{"gitId":"fatston"},"content":"        getDeadlineFromUserInput(userInput).ifPresent(deadline -\u003e addTask(deadline, taskList));","lastModifiedDate":"2022-09-10"},{"lineNumber":58,"author":{"gitId":"fatston"},"content":"    }","lastModifiedDate":"2022-09-03"},{"lineNumber":59,"author":{"gitId":"fatston"},"content":"","lastModifiedDate":"2022-09-03"},{"lineNumber":60,"author":{"gitId":"fatston"},"content":"    public void addEvent(String userInput, List\u003cTask\u003e taskList) {","lastModifiedDate":"2022-09-05"},{"lineNumber":61,"author":{"gitId":"fatston"},"content":"        getEventFromUserInput(userInput).ifPresent(event -\u003e addTask(event, taskList));","lastModifiedDate":"2022-09-10"},{"lineNumber":62,"author":{"gitId":"fatston"},"content":"    }","lastModifiedDate":"2022-09-10"},{"lineNumber":63,"author":{"gitId":"fatston"},"content":"","lastModifiedDate":"2022-09-10"},{"lineNumber":64,"author":{"gitId":"fatston"},"content":"    public void deleteEvent(String userInput, List\u003cTask\u003e taskList) {","lastModifiedDate":"2022-09-17"},{"lineNumber":65,"author":{"gitId":"fatston"},"content":"        try {","lastModifiedDate":"2022-09-17"},{"lineNumber":66,"author":{"gitId":"fatston"},"content":"            int index \u003d getTaskIndexFromUserInput(userInput);","lastModifiedDate":"2022-09-17"},{"lineNumber":67,"author":{"gitId":"fatston"},"content":"            Task task \u003d taskList.get(index);","lastModifiedDate":"2022-09-17"},{"lineNumber":68,"author":{"gitId":"fatston"},"content":"            taskList.remove(index);","lastModifiedDate":"2022-09-17"},{"lineNumber":69,"author":{"gitId":"fatston"},"content":"            speak(taskRemovedMsg(task));","lastModifiedDate":"2022-09-17"},{"lineNumber":70,"author":{"gitId":"fatston"},"content":"        } catch (IndexOutOfBoundsException e) {","lastModifiedDate":"2022-09-17"},{"lineNumber":71,"author":{"gitId":"fatston"},"content":"            speak(NUMBER_OUT_OF_RANGE_ERR_MSG);","lastModifiedDate":"2022-09-17"},{"lineNumber":72,"author":{"gitId":"fatston"},"content":"        } catch (InvalidIntegerException e) {","lastModifiedDate":"2022-09-17"},{"lineNumber":73,"author":{"gitId":"fatston"},"content":"            speak(INVALID_INTEGER_ERR_MSG);","lastModifiedDate":"2022-09-17"},{"lineNumber":74,"author":{"gitId":"fatston"},"content":"        } catch (Exception e) {","lastModifiedDate":"2022-09-17"},{"lineNumber":75,"author":{"gitId":"fatston"},"content":"            speak(UNKNOWN_ERR_MSG);","lastModifiedDate":"2022-09-17"},{"lineNumber":76,"author":{"gitId":"fatston"},"content":"        }","lastModifiedDate":"2022-09-17"},{"lineNumber":77,"author":{"gitId":"fatston"},"content":"    }","lastModifiedDate":"2022-09-17"},{"lineNumber":78,"author":{"gitId":"fatston"},"content":"","lastModifiedDate":"2022-09-17"},{"lineNumber":79,"author":{"gitId":"fatston"},"content":"    private void addTask(Task task, List\u003cTask\u003e taskList) {","lastModifiedDate":"2022-09-10"},{"lineNumber":80,"author":{"gitId":"fatston"},"content":"        taskList.add(task);","lastModifiedDate":"2022-09-10"},{"lineNumber":81,"author":{"gitId":"fatston"},"content":"        speak(addedTaskMsg(task));","lastModifiedDate":"2022-09-10"},{"lineNumber":82,"author":{"gitId":"fatston"},"content":"    }","lastModifiedDate":"2022-09-03"},{"lineNumber":83,"author":{"gitId":"fatston"},"content":"}","lastModifiedDate":"2022-09-03"}],"authorContributionMap":{"fatston":83}},{"path":"src/main/java/utils/CommonStrings.java","fileType":"java","lines":[{"lineNumber":1,"author":{"gitId":"fatston"},"content":"package utils;","lastModifiedDate":"2022-08-28"},{"lineNumber":2,"author":{"gitId":"fatston"},"content":"","lastModifiedDate":"2022-08-28"},{"lineNumber":3,"author":{"gitId":"fatston"},"content":"public class CommonStrings {","lastModifiedDate":"2022-08-28"},{"lineNumber":4,"author":{"gitId":"fatston"},"content":"    public static final String UNDERSCORES \u003d \"    _____________________________________________________________\";","lastModifiedDate":"2022-08-28"},{"lineNumber":5,"author":{"gitId":"fatston"},"content":"    public static final String FOUR_SPACE \u003d \"    \";","lastModifiedDate":"2022-09-03"},{"lineNumber":6,"author":{"gitId":"fatston"},"content":"    public static final String FIVE_SPACE \u003d \"     \";","lastModifiedDate":"2022-09-03"},{"lineNumber":7,"author":{"gitId":"fatston"},"content":"    public static final String LOGO \u003d","lastModifiedDate":"2022-09-05"},{"lineNumber":8,"author":{"gitId":"fatston"},"content":"            \"________                 .__  __  .__     \\n\" +","lastModifiedDate":"2022-09-05"},{"lineNumber":9,"author":{"gitId":"fatston"},"content":"            \"\\\\______ \\\\ _____    _____ |__|/  |_|  |__  \\n\" +","lastModifiedDate":"2022-09-03"},{"lineNumber":10,"author":{"gitId":"fatston"},"content":"            \" |    |  \\\\\\\\__  \\\\  /     \\\\|  \\\\   __\\\\  |  \\\\ \\n\" +","lastModifiedDate":"2022-09-03"},{"lineNumber":11,"author":{"gitId":"fatston"},"content":"            \" |    `   \\\\/ __ \\\\|  Y Y  \\\\  ||  | |   Y  \\\\\\n\" +","lastModifiedDate":"2022-09-03"},{"lineNumber":12,"author":{"gitId":"fatston"},"content":"            \"/_______  (____  /__|_|  /__||__| |___|  /\\n\" +","lastModifiedDate":"2022-09-03"},{"lineNumber":13,"author":{"gitId":"fatston"},"content":"            \"        \\\\/     \\\\/      \\\\/              \\\\/ \";","lastModifiedDate":"2022-09-03"},{"lineNumber":14,"author":{"gitId":"fatston"},"content":"    public static final String GREETING \u003d \"Damith here.\\nWhat\u0027s your problem?\";","lastModifiedDate":"2022-09-03"},{"lineNumber":15,"author":{"gitId":"fatston"},"content":"    public static final String GOODBYE \u003d \"zzz stop wasting my time\";","lastModifiedDate":"2022-09-03"},{"lineNumber":16,"author":{"gitId":"fatston"},"content":"","lastModifiedDate":"2022-09-05"},{"lineNumber":17,"author":{"gitId":"fatston"},"content":"    public static final String HELP \u003d \"commands:\\n\" +","lastModifiedDate":"2022-09-05"},{"lineNumber":18,"author":{"gitId":"fatston"},"content":"            \"help: ask and you shall receive\\n\" +","lastModifiedDate":"2022-09-05"},{"lineNumber":19,"author":{"gitId":"fatston"},"content":"            \"list: list all tasks\\n\" +","lastModifiedDate":"2022-09-05"},{"lineNumber":20,"author":{"gitId":"fatston"},"content":"            \"todo \u003ctask\u003e: create a new todo\\n\" +","lastModifiedDate":"2022-09-05"},{"lineNumber":21,"author":{"gitId":"fatston"},"content":"            \"deadline \u003ctask\u003e /by \u003cdeadline\u003e: create a task with a deadline\\n\" +","lastModifiedDate":"2022-09-05"},{"lineNumber":22,"author":{"gitId":"fatston"},"content":"            \"event \u003ctask\u003e /at \u003cdatetime\u003e: create an event happening at some date and time\\n\" +","lastModifiedDate":"2022-09-10"},{"lineNumber":23,"author":{"gitId":"fatston"},"content":"            \"mark \u003cnumber\u003e: mark task \u003cnumber\u003e as completed\\n\" +","lastModifiedDate":"2022-09-10"},{"lineNumber":24,"author":{"gitId":"fatston"},"content":"            \"unmark \u003cnumber\u003e: mark task \u003cnumber\u003e as not completed\\n\" +","lastModifiedDate":"2022-09-17"},{"lineNumber":25,"author":{"gitId":"fatston"},"content":"            \"delete \u003cnumber\u003e: delete task \u003cnumber\u003e\";","lastModifiedDate":"2022-09-17"},{"lineNumber":26,"author":{"gitId":"fatston"},"content":"","lastModifiedDate":"2022-09-10"},{"lineNumber":27,"author":{"gitId":"fatston"},"content":"    public static final String AT \u003d \"/at\";","lastModifiedDate":"2022-09-10"},{"lineNumber":28,"author":{"gitId":"fatston"},"content":"    public static final String BY \u003d \"/by\";","lastModifiedDate":"2022-09-10"},{"lineNumber":29,"author":{"gitId":"fatston"},"content":"}","lastModifiedDate":"2022-08-28"}],"authorContributionMap":{"fatston":29}},{"path":"src/main/java/utils/Converter.java","fileType":"java","lines":[{"lineNumber":1,"author":{"gitId":"fatston"},"content":"package utils;","lastModifiedDate":"2022-09-03"},{"lineNumber":2,"author":{"gitId":"fatston"},"content":"","lastModifiedDate":"2022-09-03"},{"lineNumber":3,"author":{"gitId":"fatston"},"content":"import domain.task.Deadline;","lastModifiedDate":"2022-09-03"},{"lineNumber":4,"author":{"gitId":"fatston"},"content":"import domain.task.Event;","lastModifiedDate":"2022-09-03"},{"lineNumber":5,"author":{"gitId":"fatston"},"content":"import domain.task.Todo;","lastModifiedDate":"2022-09-03"},{"lineNumber":6,"author":{"gitId":"fatston"},"content":"import exceptions.EmptyDescriptionException;","lastModifiedDate":"2022-09-10"},{"lineNumber":7,"author":{"gitId":"fatston"},"content":"import exceptions.MissingSlashCommandDetailsException;","lastModifiedDate":"2022-09-10"},{"lineNumber":8,"author":{"gitId":"fatston"},"content":"import exceptions.MissingSlashCommandException;","lastModifiedDate":"2022-09-10"},{"lineNumber":9,"author":{"gitId":"fatston"},"content":"import exceptions.MoreThanOneSlashCommandException;","lastModifiedDate":"2022-09-10"},{"lineNumber":10,"author":{"gitId":"fatston"},"content":"","lastModifiedDate":"2022-09-03"},{"lineNumber":11,"author":{"gitId":"fatston"},"content":"import java.util.Optional;","lastModifiedDate":"2022-09-03"},{"lineNumber":12,"author":{"gitId":"fatston"},"content":"","lastModifiedDate":"2022-09-03"},{"lineNumber":13,"author":{"gitId":"fatston"},"content":"import static utils.CommonStrings.AT;","lastModifiedDate":"2022-09-10"},{"lineNumber":14,"author":{"gitId":"fatston"},"content":"import static utils.CommonStrings.BY;","lastModifiedDate":"2022-09-10"},{"lineNumber":15,"author":{"gitId":"fatston"},"content":"import static utils.ErrorMessages.CREATE_DEADLINE_ERR_MSG;","lastModifiedDate":"2022-09-03"},{"lineNumber":16,"author":{"gitId":"fatston"},"content":"import static utils.ErrorMessages.CREATE_DEADLINE_MORE_THAN_ONE_BY_ERR_MSG;","lastModifiedDate":"2022-09-10"},{"lineNumber":17,"author":{"gitId":"fatston"},"content":"import static utils.ErrorMessages.CREATE_DEADLINE_NO_BY_DETAILS_ERR_MSG;","lastModifiedDate":"2022-09-10"},{"lineNumber":18,"author":{"gitId":"fatston"},"content":"import static utils.ErrorMessages.CREATE_DEADLINE_NO_BY_ERR_MSG;","lastModifiedDate":"2022-09-03"},{"lineNumber":19,"author":{"gitId":"fatston"},"content":"import static utils.ErrorMessages.CREATE_EVENT_ERR_MSG;","lastModifiedDate":"2022-09-03"},{"lineNumber":20,"author":{"gitId":"fatston"},"content":"import static utils.ErrorMessages.CREATE_EVENT_MORE_THAN_ONE_AT_ERR_MSG;","lastModifiedDate":"2022-09-10"},{"lineNumber":21,"author":{"gitId":"fatston"},"content":"import static utils.ErrorMessages.CREATE_EVENT_NO_AT_DETAILS_ERR_MSG;","lastModifiedDate":"2022-09-10"},{"lineNumber":22,"author":{"gitId":"fatston"},"content":"import static utils.ErrorMessages.CREATE_EVENT_NO_AT_ERR_MSG;","lastModifiedDate":"2022-09-03"},{"lineNumber":23,"author":{"gitId":"fatston"},"content":"import static utils.ErrorMessages.CREATE_TODO_ERR_MSG;","lastModifiedDate":"2022-09-03"},{"lineNumber":24,"author":{"gitId":"fatston"},"content":"import static utils.ErrorMessages.CREATE_TODO_NO_DESCRIPTION_ERR_MSG;","lastModifiedDate":"2022-09-10"},{"lineNumber":25,"author":{"gitId":"fatston"},"content":"import static utils.Mouth.speak;","lastModifiedDate":"2022-09-10"},{"lineNumber":26,"author":{"gitId":"fatston"},"content":"import static utils.TaskUtil.isNullOrEmpty;","lastModifiedDate":"2022-09-10"},{"lineNumber":27,"author":{"gitId":"fatston"},"content":"import static utils.TaskUtil.removeFirstWord;","lastModifiedDate":"2022-09-03"},{"lineNumber":28,"author":{"gitId":"fatston"},"content":"","lastModifiedDate":"2022-09-03"},{"lineNumber":29,"author":{"gitId":"fatston"},"content":"","lastModifiedDate":"2022-09-03"},{"lineNumber":30,"author":{"gitId":"fatston"},"content":"public class Converter {","lastModifiedDate":"2022-09-10"},{"lineNumber":31,"author":{"gitId":"fatston"},"content":"","lastModifiedDate":"2022-09-03"},{"lineNumber":32,"author":{"gitId":"fatston"},"content":"    public static Optional\u003cTodo\u003e getTodoFromUserInput(String userInput) {","lastModifiedDate":"2022-09-03"},{"lineNumber":33,"author":{"gitId":"fatston"},"content":"        String description \u003d removeFirstWord(userInput);","lastModifiedDate":"2022-09-03"},{"lineNumber":34,"author":{"gitId":"fatston"},"content":"        try {","lastModifiedDate":"2022-09-03"},{"lineNumber":35,"author":{"gitId":"fatston"},"content":"            if (isNullOrEmpty(description)) throw new EmptyDescriptionException();","lastModifiedDate":"2022-09-10"},{"lineNumber":36,"author":{"gitId":"fatston"},"content":"            return Optional.of(new Todo(description));","lastModifiedDate":"2022-09-03"},{"lineNumber":37,"author":{"gitId":"fatston"},"content":"        } catch (EmptyDescriptionException e) {","lastModifiedDate":"2022-09-10"},{"lineNumber":38,"author":{"gitId":"fatston"},"content":"            speak(CREATE_TODO_NO_DESCRIPTION_ERR_MSG);","lastModifiedDate":"2022-09-10"},{"lineNumber":39,"author":{"gitId":"fatston"},"content":"        } catch (Exception e) {","lastModifiedDate":"2022-09-03"},{"lineNumber":40,"author":{"gitId":"fatston"},"content":"            speak(CREATE_TODO_ERR_MSG);","lastModifiedDate":"2022-09-03"},{"lineNumber":41,"author":{"gitId":"fatston"},"content":"        }","lastModifiedDate":"2022-09-03"},{"lineNumber":42,"author":{"gitId":"fatston"},"content":"        return Optional.empty();","lastModifiedDate":"2022-09-10"},{"lineNumber":43,"author":{"gitId":"fatston"},"content":"","lastModifiedDate":"2022-09-03"},{"lineNumber":44,"author":{"gitId":"fatston"},"content":"    }","lastModifiedDate":"2022-09-03"},{"lineNumber":45,"author":{"gitId":"fatston"},"content":"","lastModifiedDate":"2022-09-03"},{"lineNumber":46,"author":{"gitId":"fatston"},"content":"    public static Optional\u003cDeadline\u003e getDeadlineFromUserInput(String userInput) {","lastModifiedDate":"2022-09-03"},{"lineNumber":47,"author":{"gitId":"fatston"},"content":"        userInput \u003d removeFirstWord(userInput);","lastModifiedDate":"2022-09-03"},{"lineNumber":48,"author":{"gitId":"fatston"},"content":"        try {","lastModifiedDate":"2022-09-03"},{"lineNumber":49,"author":{"gitId":"fatston"},"content":"            String[] deadlineInputs \u003d splitStrings(userInput, BY);","lastModifiedDate":"2022-09-10"},{"lineNumber":50,"author":{"gitId":"fatston"},"content":"            return Optional.of(new Deadline(deadlineInputs[0], deadlineInputs[1]));","lastModifiedDate":"2022-09-03"},{"lineNumber":51,"author":{"gitId":"fatston"},"content":"        } catch (MissingSlashCommandException e) {","lastModifiedDate":"2022-09-10"},{"lineNumber":52,"author":{"gitId":"fatston"},"content":"            speak(CREATE_DEADLINE_NO_BY_ERR_MSG);","lastModifiedDate":"2022-09-10"},{"lineNumber":53,"author":{"gitId":"fatston"},"content":"        } catch (MoreThanOneSlashCommandException e) {","lastModifiedDate":"2022-09-10"},{"lineNumber":54,"author":{"gitId":"fatston"},"content":"            speak(CREATE_DEADLINE_MORE_THAN_ONE_BY_ERR_MSG);","lastModifiedDate":"2022-09-10"},{"lineNumber":55,"author":{"gitId":"fatston"},"content":"        } catch (MissingSlashCommandDetailsException | ArrayIndexOutOfBoundsException e) {","lastModifiedDate":"2022-09-10"},{"lineNumber":56,"author":{"gitId":"fatston"},"content":"            speak(CREATE_DEADLINE_NO_BY_DETAILS_ERR_MSG);","lastModifiedDate":"2022-09-10"},{"lineNumber":57,"author":{"gitId":"fatston"},"content":"        } catch (Exception e) {","lastModifiedDate":"2022-09-03"},{"lineNumber":58,"author":{"gitId":"fatston"},"content":"            speak(CREATE_DEADLINE_ERR_MSG);","lastModifiedDate":"2022-09-03"},{"lineNumber":59,"author":{"gitId":"fatston"},"content":"        }","lastModifiedDate":"2022-09-03"},{"lineNumber":60,"author":{"gitId":"fatston"},"content":"        return Optional.empty();","lastModifiedDate":"2022-09-10"},{"lineNumber":61,"author":{"gitId":"fatston"},"content":"    }","lastModifiedDate":"2022-09-03"},{"lineNumber":62,"author":{"gitId":"fatston"},"content":"","lastModifiedDate":"2022-09-03"},{"lineNumber":63,"author":{"gitId":"fatston"},"content":"    public static Optional\u003cEvent\u003e getEventFromUserInput(String userInput) {","lastModifiedDate":"2022-09-03"},{"lineNumber":64,"author":{"gitId":"fatston"},"content":"        userInput \u003d removeFirstWord(userInput);","lastModifiedDate":"2022-09-03"},{"lineNumber":65,"author":{"gitId":"fatston"},"content":"        try {","lastModifiedDate":"2022-09-03"},{"lineNumber":66,"author":{"gitId":"fatston"},"content":"            String[] deadlineInputs \u003d splitStrings(userInput, AT);","lastModifiedDate":"2022-09-10"},{"lineNumber":67,"author":{"gitId":"fatston"},"content":"            return Optional.of(new Event(deadlineInputs[0], deadlineInputs[1]));","lastModifiedDate":"2022-09-03"},{"lineNumber":68,"author":{"gitId":"fatston"},"content":"        } catch (MissingSlashCommandException e) {","lastModifiedDate":"2022-09-10"},{"lineNumber":69,"author":{"gitId":"fatston"},"content":"            speak(CREATE_EVENT_NO_AT_ERR_MSG);","lastModifiedDate":"2022-09-10"},{"lineNumber":70,"author":{"gitId":"fatston"},"content":"        } catch (MoreThanOneSlashCommandException e) {","lastModifiedDate":"2022-09-10"},{"lineNumber":71,"author":{"gitId":"fatston"},"content":"            speak(CREATE_EVENT_MORE_THAN_ONE_AT_ERR_MSG);","lastModifiedDate":"2022-09-10"},{"lineNumber":72,"author":{"gitId":"fatston"},"content":"        } catch (MissingSlashCommandDetailsException | ArrayIndexOutOfBoundsException e) {","lastModifiedDate":"2022-09-10"},{"lineNumber":73,"author":{"gitId":"fatston"},"content":"            speak(CREATE_EVENT_NO_AT_DETAILS_ERR_MSG);","lastModifiedDate":"2022-09-10"},{"lineNumber":74,"author":{"gitId":"fatston"},"content":"        } catch (Exception e) {","lastModifiedDate":"2022-09-03"},{"lineNumber":75,"author":{"gitId":"fatston"},"content":"            speak(CREATE_EVENT_ERR_MSG);","lastModifiedDate":"2022-09-03"},{"lineNumber":76,"author":{"gitId":"fatston"},"content":"        }","lastModifiedDate":"2022-09-10"},{"lineNumber":77,"author":{"gitId":"fatston"},"content":"        return Optional.empty();","lastModifiedDate":"2022-09-03"},{"lineNumber":78,"author":{"gitId":"fatston"},"content":"    }","lastModifiedDate":"2022-09-03"},{"lineNumber":79,"author":{"gitId":"fatston"},"content":"","lastModifiedDate":"2022-09-10"},{"lineNumber":80,"author":{"gitId":"fatston"},"content":"    private static String[] splitStrings(String sentence, String splitter)","lastModifiedDate":"2022-09-10"},{"lineNumber":81,"author":{"gitId":"fatston"},"content":"            throws MissingSlashCommandException, MoreThanOneSlashCommandException, MissingSlashCommandDetailsException {","lastModifiedDate":"2022-09-10"},{"lineNumber":82,"author":{"gitId":"fatston"},"content":"","lastModifiedDate":"2022-09-10"},{"lineNumber":83,"author":{"gitId":"fatston"},"content":"        if (!sentence.contains(splitter)) throw new MissingSlashCommandException();","lastModifiedDate":"2022-09-10"},{"lineNumber":84,"author":{"gitId":"fatston"},"content":"        try {","lastModifiedDate":"2022-09-10"},{"lineNumber":85,"author":{"gitId":"fatston"},"content":"            String[] op \u003d sentence.split(\" \" + splitter + \" \");","lastModifiedDate":"2022-09-10"},{"lineNumber":86,"author":{"gitId":"fatston"},"content":"            if (op.length \u003e 2) throw new MoreThanOneSlashCommandException();","lastModifiedDate":"2022-09-10"},{"lineNumber":87,"author":{"gitId":"fatston"},"content":"            if (isNullOrEmpty(op[0]) || isNullOrEmpty(op[1])) throw new MissingSlashCommandDetailsException();","lastModifiedDate":"2022-09-10"},{"lineNumber":88,"author":{"gitId":"fatston"},"content":"            return op;","lastModifiedDate":"2022-09-10"},{"lineNumber":89,"author":{"gitId":"fatston"},"content":"        } catch (ArrayIndexOutOfBoundsException e) {","lastModifiedDate":"2022-09-10"},{"lineNumber":90,"author":{"gitId":"fatston"},"content":"            throw new MissingSlashCommandDetailsException();","lastModifiedDate":"2022-09-10"},{"lineNumber":91,"author":{"gitId":"fatston"},"content":"        }","lastModifiedDate":"2022-09-10"},{"lineNumber":92,"author":{"gitId":"fatston"},"content":"    }","lastModifiedDate":"2022-09-03"},{"lineNumber":93,"author":{"gitId":"fatston"},"content":"}","lastModifiedDate":"2022-09-03"}],"authorContributionMap":{"fatston":93}},{"path":"src/main/java/utils/ErrorMessages.java","fileType":"java","lines":[{"lineNumber":1,"author":{"gitId":"fatston"},"content":"package utils;","lastModifiedDate":"2022-09-03"},{"lineNumber":2,"author":{"gitId":"fatston"},"content":"","lastModifiedDate":"2022-09-03"},{"lineNumber":3,"author":{"gitId":"fatston"},"content":"public class ErrorMessages {","lastModifiedDate":"2022-09-03"},{"lineNumber":4,"author":{"gitId":"fatston"},"content":"    public static final String MARK_UNMARK_TASK_ERR_MSG \u003d","lastModifiedDate":"2022-09-03"},{"lineNumber":5,"author":{"gitId":"fatston"},"content":"            \"Please use a number to mark/unmark a task\\n\" +","lastModifiedDate":"2022-09-03"},{"lineNumber":6,"author":{"gitId":"fatston"},"content":"            \"e.g.: \\\"mark 2\\\"\";","lastModifiedDate":"2022-09-03"},{"lineNumber":7,"author":{"gitId":"fatston"},"content":"    public static final String NUMBER_OUT_OF_RANGE_ERR_MSG \u003d","lastModifiedDate":"2022-09-17"},{"lineNumber":8,"author":{"gitId":"fatston"},"content":"            \"Please input a number that is within the range of tasks\";","lastModifiedDate":"2022-09-03"},{"lineNumber":9,"author":{"gitId":"fatston"},"content":"    public static final String CREATE_TODO_ERR_MSG \u003d","lastModifiedDate":"2022-09-03"},{"lineNumber":10,"author":{"gitId":"fatston"},"content":"            \"TODO was NOT created successfully\";","lastModifiedDate":"2022-09-10"},{"lineNumber":11,"author":{"gitId":"fatston"},"content":"    public static final String CREATE_TODO_NO_DESCRIPTION_ERR_MSG \u003d","lastModifiedDate":"2022-09-10"},{"lineNumber":12,"author":{"gitId":"fatston"},"content":"            CREATE_TODO_ERR_MSG + \"\\n\" +","lastModifiedDate":"2022-09-10"},{"lineNumber":13,"author":{"gitId":"fatston"},"content":"                    \"TODO must have a description\";","lastModifiedDate":"2022-09-10"},{"lineNumber":14,"author":{"gitId":"fatston"},"content":"    public static final String CREATE_DEADLINE_ERR_MSG \u003d","lastModifiedDate":"2022-09-03"},{"lineNumber":15,"author":{"gitId":"fatston"},"content":"            \"DEADLINE was NOT created successfully\";","lastModifiedDate":"2022-09-10"},{"lineNumber":16,"author":{"gitId":"fatston"},"content":"    public static final String CREATE_DEADLINE_NO_BY_ERR_MSG \u003d","lastModifiedDate":"2022-09-03"},{"lineNumber":17,"author":{"gitId":"fatston"},"content":"            CREATE_DEADLINE_ERR_MSG + \"\\nDEADLINE must have \\\"/by\\\"\";","lastModifiedDate":"2022-09-03"},{"lineNumber":18,"author":{"gitId":"fatston"},"content":"    public static final String CREATE_DEADLINE_MORE_THAN_ONE_BY_ERR_MSG \u003d","lastModifiedDate":"2022-09-10"},{"lineNumber":19,"author":{"gitId":"fatston"},"content":"            CREATE_DEADLINE_ERR_MSG + \"\\nDEADLINE must have ONLY ONE \\\"/by\\\"\";","lastModifiedDate":"2022-09-10"},{"lineNumber":20,"author":{"gitId":"fatston"},"content":"    public static final String CREATE_DEADLINE_NO_BY_DETAILS_ERR_MSG \u003d","lastModifiedDate":"2022-09-10"},{"lineNumber":21,"author":{"gitId":"fatston"},"content":"            CREATE_DEADLINE_ERR_MSG + \"\\n\" +","lastModifiedDate":"2022-09-10"},{"lineNumber":22,"author":{"gitId":"fatston"},"content":"                    \"DEADLINE must have description before \\\"/by\\\"\\n\" +","lastModifiedDate":"2022-09-10"},{"lineNumber":23,"author":{"gitId":"fatston"},"content":"                    \"DEADLINE must have due date after \\\"/by\\\"\";","lastModifiedDate":"2022-09-10"},{"lineNumber":24,"author":{"gitId":"fatston"},"content":"    public static final String CREATE_EVENT_ERR_MSG \u003d","lastModifiedDate":"2022-09-03"},{"lineNumber":25,"author":{"gitId":"fatston"},"content":"            \"EVENT was NOT created successfully\";","lastModifiedDate":"2022-09-10"},{"lineNumber":26,"author":{"gitId":"fatston"},"content":"    public static final String CREATE_EVENT_NO_AT_ERR_MSG \u003d","lastModifiedDate":"2022-09-03"},{"lineNumber":27,"author":{"gitId":"fatston"},"content":"            CREATE_EVENT_ERR_MSG + \"\\nEVENT must have \\\"/at\\\"\";","lastModifiedDate":"2022-09-03"},{"lineNumber":28,"author":{"gitId":"fatston"},"content":"    public static final String CREATE_EVENT_MORE_THAN_ONE_AT_ERR_MSG \u003d","lastModifiedDate":"2022-09-10"},{"lineNumber":29,"author":{"gitId":"fatston"},"content":"            CREATE_EVENT_ERR_MSG + \"\\nEVENT must have ONLY ONE \\\"/at\\\"\";","lastModifiedDate":"2022-09-10"},{"lineNumber":30,"author":{"gitId":"fatston"},"content":"    public static final String CREATE_EVENT_NO_AT_DETAILS_ERR_MSG \u003d","lastModifiedDate":"2022-09-10"},{"lineNumber":31,"author":{"gitId":"fatston"},"content":"            CREATE_DEADLINE_ERR_MSG + \"\\n\" +","lastModifiedDate":"2022-09-10"},{"lineNumber":32,"author":{"gitId":"fatston"},"content":"                    \"EVENT must have description before \\\"/at\\\"\\n\" +","lastModifiedDate":"2022-09-10"},{"lineNumber":33,"author":{"gitId":"fatston"},"content":"                    \"EVENT must have duration after \\\"/at\\\"\";","lastModifiedDate":"2022-09-10"},{"lineNumber":34,"author":{"gitId":"fatston"},"content":"    public static final String INVALID_INTEGER_ERR_MSG \u003d \"Please input a valid integer.\";","lastModifiedDate":"2022-09-17"},{"lineNumber":35,"author":{"gitId":"fatston"},"content":"    public static final String UNKNOWN_ERR_MSG \u003d \"Something went wrong.\";","lastModifiedDate":"2022-09-17"},{"lineNumber":36,"author":{"gitId":"fatston"},"content":"","lastModifiedDate":"2022-09-17"},{"lineNumber":37,"author":{"gitId":"fatston"},"content":"","lastModifiedDate":"2022-09-17"},{"lineNumber":38,"author":{"gitId":"fatston"},"content":"","lastModifiedDate":"2022-09-17"},{"lineNumber":39,"author":{"gitId":"fatston"},"content":"    public static String whatAreYouDoingErrMsg(String input) {","lastModifiedDate":"2022-09-10"},{"lineNumber":40,"author":{"gitId":"fatston"},"content":"        return \"Everybody needs help sometimes. Just enter \\\"help\\\" :D\\n\" +","lastModifiedDate":"2022-09-10"},{"lineNumber":41,"author":{"gitId":"fatston"},"content":"                \"This is what you entered:\\n\" + input;","lastModifiedDate":"2022-09-10"},{"lineNumber":42,"author":{"gitId":"fatston"},"content":"    }","lastModifiedDate":"2022-09-10"},{"lineNumber":43,"author":{"gitId":"fatston"},"content":"","lastModifiedDate":"2022-09-03"},{"lineNumber":44,"author":{"gitId":"fatston"},"content":"}","lastModifiedDate":"2022-09-03"}],"authorContributionMap":{"fatston":44}},{"path":"src/main/java/utils/Messages.java","fileType":"java","lines":[{"lineNumber":1,"author":{"gitId":"fatston"},"content":"package utils;","lastModifiedDate":"2022-09-03"},{"lineNumber":2,"author":{"gitId":"fatston"},"content":"","lastModifiedDate":"2022-09-03"},{"lineNumber":3,"author":{"gitId":"fatston"},"content":"import domain.task.Task;","lastModifiedDate":"2022-09-03"},{"lineNumber":4,"author":{"gitId":"fatston"},"content":"","lastModifiedDate":"2022-09-03"},{"lineNumber":5,"author":{"gitId":"fatston"},"content":"public class Messages {","lastModifiedDate":"2022-09-03"},{"lineNumber":6,"author":{"gitId":"fatston"},"content":"    public static String alreadyDoneMsg(Task task) {","lastModifiedDate":"2022-09-03"},{"lineNumber":7,"author":{"gitId":"fatston"},"content":"        return \"??? Hello??\\n\" + task + \"\\nAlready marked as done la... zzz...\";","lastModifiedDate":"2022-09-03"},{"lineNumber":8,"author":{"gitId":"fatston"},"content":"    }","lastModifiedDate":"2022-09-03"},{"lineNumber":9,"author":{"gitId":"fatston"},"content":"","lastModifiedDate":"2022-09-03"},{"lineNumber":10,"author":{"gitId":"fatston"},"content":"    public static String markDoneMsg(Task task) {","lastModifiedDate":"2022-09-03"},{"lineNumber":11,"author":{"gitId":"fatston"},"content":"        return \"OK, I\u0027ve marked this task as done:\\n\" + task;","lastModifiedDate":"2022-09-03"},{"lineNumber":12,"author":{"gitId":"fatston"},"content":"    }","lastModifiedDate":"2022-09-03"},{"lineNumber":13,"author":{"gitId":"fatston"},"content":"","lastModifiedDate":"2022-09-03"},{"lineNumber":14,"author":{"gitId":"fatston"},"content":"    public static String alreadyNotDoneMsg(Task task) {","lastModifiedDate":"2022-09-03"},{"lineNumber":15,"author":{"gitId":"fatston"},"content":"        return \"??? Hello??\\n\" + task + \"\\nAlready marked as not done la... zzz...\";","lastModifiedDate":"2022-09-03"},{"lineNumber":16,"author":{"gitId":"fatston"},"content":"    }","lastModifiedDate":"2022-09-03"},{"lineNumber":17,"author":{"gitId":"fatston"},"content":"","lastModifiedDate":"2022-09-03"},{"lineNumber":18,"author":{"gitId":"fatston"},"content":"    public static String markUndoneMsg(Task task) {","lastModifiedDate":"2022-09-03"},{"lineNumber":19,"author":{"gitId":"fatston"},"content":"        return \"Nice! I\u0027ve marked this task as not done yet:\\n\" + task;","lastModifiedDate":"2022-09-03"},{"lineNumber":20,"author":{"gitId":"fatston"},"content":"    }","lastModifiedDate":"2022-09-03"},{"lineNumber":21,"author":{"gitId":"fatston"},"content":"","lastModifiedDate":"2022-09-03"},{"lineNumber":22,"author":{"gitId":"fatston"},"content":"    public static String addedTaskMsg(Task task) {","lastModifiedDate":"2022-09-03"},{"lineNumber":23,"author":{"gitId":"fatston"},"content":"        return \"Got it. I\u0027ve added this task:\\n\" + task + \"\\nNow you have \" + (Task.getCount()) + \" tasks in the list.\";","lastModifiedDate":"2022-09-03"},{"lineNumber":24,"author":{"gitId":"fatston"},"content":"    }","lastModifiedDate":"2022-09-03"},{"lineNumber":25,"author":{"gitId":"fatston"},"content":"","lastModifiedDate":"2022-09-03"},{"lineNumber":26,"author":{"gitId":"fatston"},"content":"    public static String taskRemovedMsg(Task task) {","lastModifiedDate":"2022-09-17"},{"lineNumber":27,"author":{"gitId":"fatston"},"content":"        return \"The following task has been removed:\\n\" + task;","lastModifiedDate":"2022-09-17"},{"lineNumber":28,"author":{"gitId":"fatston"},"content":"    }","lastModifiedDate":"2022-09-17"},{"lineNumber":29,"author":{"gitId":"fatston"},"content":"","lastModifiedDate":"2022-09-17"},{"lineNumber":30,"author":{"gitId":"fatston"},"content":"}","lastModifiedDate":"2022-09-03"}],"authorContributionMap":{"fatston":30}},{"path":"src/main/java/utils/Mouth.java","fileType":"java","lines":[{"lineNumber":1,"author":{"gitId":"fatston"},"content":"package utils;","lastModifiedDate":"2022-09-05"},{"lineNumber":2,"author":{"gitId":"fatston"},"content":"","lastModifiedDate":"2022-09-03"},{"lineNumber":3,"author":{"gitId":"fatston"},"content":"import domain.task.Task;","lastModifiedDate":"2022-09-03"},{"lineNumber":4,"author":{"gitId":"fatston"},"content":"","lastModifiedDate":"2022-09-03"},{"lineNumber":5,"author":{"gitId":"fatston"},"content":"import java.util.List;","lastModifiedDate":"2022-09-03"},{"lineNumber":6,"author":{"gitId":"fatston"},"content":"","lastModifiedDate":"2022-09-03"},{"lineNumber":7,"author":{"gitId":"fatston"},"content":"import static utils.CommonStrings.FIVE_SPACE;","lastModifiedDate":"2022-09-03"},{"lineNumber":8,"author":{"gitId":"fatston"},"content":"import static utils.CommonStrings.UNDERSCORES;","lastModifiedDate":"2022-09-03"},{"lineNumber":9,"author":{"gitId":"fatston"},"content":"","lastModifiedDate":"2022-09-03"},{"lineNumber":10,"author":{"gitId":"fatston"},"content":"public class Mouth {","lastModifiedDate":"2022-09-03"},{"lineNumber":11,"author":{"gitId":"fatston"},"content":"    public static void speak(String sentence) {","lastModifiedDate":"2022-09-03"},{"lineNumber":12,"author":{"gitId":"fatston"},"content":"        System.out.println(UNDERSCORES);","lastModifiedDate":"2022-09-03"},{"lineNumber":13,"author":{"gitId":"fatston"},"content":"        sentence \u003d sentence.replace(\"\\n\", \"\\n     \");","lastModifiedDate":"2022-09-03"},{"lineNumber":14,"author":{"gitId":"fatston"},"content":"        System.out.println(FIVE_SPACE + sentence);","lastModifiedDate":"2022-09-03"},{"lineNumber":15,"author":{"gitId":"fatston"},"content":"        System.out.println(UNDERSCORES);","lastModifiedDate":"2022-09-03"},{"lineNumber":16,"author":{"gitId":"fatston"},"content":"    }","lastModifiedDate":"2022-09-03"},{"lineNumber":17,"author":{"gitId":"fatston"},"content":"","lastModifiedDate":"2022-09-03"},{"lineNumber":18,"author":{"gitId":"fatston"},"content":"    public static void speak(List\u003cTask\u003e tasks) {","lastModifiedDate":"2022-09-03"},{"lineNumber":19,"author":{"gitId":"fatston"},"content":"        System.out.println(UNDERSCORES);","lastModifiedDate":"2022-09-03"},{"lineNumber":20,"author":{"gitId":"fatston"},"content":"        if (tasks.isEmpty())","lastModifiedDate":"2022-09-03"},{"lineNumber":21,"author":{"gitId":"fatston"},"content":"            System.out.println(FIVE_SPACE + \"Task List is Empty\");","lastModifiedDate":"2022-09-10"},{"lineNumber":22,"author":{"gitId":"fatston"},"content":"        for (int i \u003d 0; i \u003c tasks.size(); i++) {","lastModifiedDate":"2022-09-03"},{"lineNumber":23,"author":{"gitId":"fatston"},"content":"            Task t \u003d tasks.get(i);","lastModifiedDate":"2022-09-03"},{"lineNumber":24,"author":{"gitId":"fatston"},"content":"            System.out.println(FIVE_SPACE + (i+1) + \": \" + t);","lastModifiedDate":"2022-09-03"},{"lineNumber":25,"author":{"gitId":"fatston"},"content":"        }","lastModifiedDate":"2022-09-03"},{"lineNumber":26,"author":{"gitId":"fatston"},"content":"        System.out.println(UNDERSCORES);","lastModifiedDate":"2022-09-03"},{"lineNumber":27,"author":{"gitId":"fatston"},"content":"    }","lastModifiedDate":"2022-09-03"},{"lineNumber":28,"author":{"gitId":"fatston"},"content":"}","lastModifiedDate":"2022-09-03"}],"authorContributionMap":{"fatston":28}},{"path":"src/main/java/utils/TaskUtil.java","fileType":"java","lines":[{"lineNumber":1,"author":{"gitId":"fatston"},"content":"package utils;","lastModifiedDate":"2022-09-03"},{"lineNumber":2,"author":{"gitId":"fatston"},"content":"","lastModifiedDate":"2022-09-03"},{"lineNumber":3,"author":{"gitId":"fatston"},"content":"import domain.task.Task;","lastModifiedDate":"2022-09-03"},{"lineNumber":4,"author":{"gitId":"fatston"},"content":"import exceptions.InvalidIntegerException;","lastModifiedDate":"2022-09-17"},{"lineNumber":5,"author":{"gitId":"fatston"},"content":"","lastModifiedDate":"2022-09-03"},{"lineNumber":6,"author":{"gitId":"fatston"},"content":"import java.util.List;","lastModifiedDate":"2022-09-03"},{"lineNumber":7,"author":{"gitId":"fatston"},"content":"import java.util.Optional;","lastModifiedDate":"2022-09-03"},{"lineNumber":8,"author":{"gitId":"fatston"},"content":"","lastModifiedDate":"2022-09-03"},{"lineNumber":9,"author":{"gitId":"fatston"},"content":"import static utils.ErrorMessages.INVALID_INTEGER_ERR_MSG;","lastModifiedDate":"2022-09-17"},{"lineNumber":10,"author":{"gitId":"fatston"},"content":"import static utils.Mouth.speak;","lastModifiedDate":"2022-09-05"},{"lineNumber":11,"author":{"gitId":"fatston"},"content":"import static utils.ErrorMessages.NUMBER_OUT_OF_RANGE_ERR_MSG;","lastModifiedDate":"2022-09-17"},{"lineNumber":12,"author":{"gitId":"fatston"},"content":"import static utils.ErrorMessages.MARK_UNMARK_TASK_ERR_MSG;","lastModifiedDate":"2022-09-03"},{"lineNumber":13,"author":{"gitId":"fatston"},"content":"","lastModifiedDate":"2022-09-03"},{"lineNumber":14,"author":{"gitId":"fatston"},"content":"public class TaskUtil {","lastModifiedDate":"2022-09-03"},{"lineNumber":15,"author":{"gitId":"fatston"},"content":"    public static Optional\u003cTask\u003e getTaskFromTaskList(List\u003cTask\u003e taskList, String userInput) {","lastModifiedDate":"2022-09-03"},{"lineNumber":16,"author":{"gitId":"fatston"},"content":"        try {","lastModifiedDate":"2022-09-03"},{"lineNumber":17,"author":{"gitId":"fatston"},"content":"            int num \u003d getTaskIndexFromUserInput(userInput);","lastModifiedDate":"2022-09-17"},{"lineNumber":18,"author":{"gitId":"fatston"},"content":"            return Optional.of(taskList.get(num));","lastModifiedDate":"2022-09-03"},{"lineNumber":19,"author":{"gitId":"fatston"},"content":"        } catch (IndexOutOfBoundsException i) {","lastModifiedDate":"2022-09-03"},{"lineNumber":20,"author":{"gitId":"fatston"},"content":"            speak(NUMBER_OUT_OF_RANGE_ERR_MSG);","lastModifiedDate":"2022-09-17"},{"lineNumber":21,"author":{"gitId":"fatston"},"content":"        } catch (InvalidIntegerException e) {","lastModifiedDate":"2022-09-17"},{"lineNumber":22,"author":{"gitId":"fatston"},"content":"            speak(INVALID_INTEGER_ERR_MSG);","lastModifiedDate":"2022-09-17"},{"lineNumber":23,"author":{"gitId":"fatston"},"content":"        } catch (Exception e) {","lastModifiedDate":"2022-09-03"},{"lineNumber":24,"author":{"gitId":"fatston"},"content":"            speak(MARK_UNMARK_TASK_ERR_MSG);","lastModifiedDate":"2022-09-03"},{"lineNumber":25,"author":{"gitId":"fatston"},"content":"        }","lastModifiedDate":"2022-09-03"},{"lineNumber":26,"author":{"gitId":"fatston"},"content":"        return Optional.empty();","lastModifiedDate":"2022-09-10"},{"lineNumber":27,"author":{"gitId":"fatston"},"content":"    }","lastModifiedDate":"2022-09-03"},{"lineNumber":28,"author":{"gitId":"fatston"},"content":"","lastModifiedDate":"2022-09-03"},{"lineNumber":29,"author":{"gitId":"fatston"},"content":"    public static int getTaskIndexFromUserInput(String userInput) throws InvalidIntegerException {","lastModifiedDate":"2022-09-17"},{"lineNumber":30,"author":{"gitId":"fatston"},"content":"        try {","lastModifiedDate":"2022-09-17"},{"lineNumber":31,"author":{"gitId":"fatston"},"content":"            return Integer.parseInt(userInput.replaceAll(\"[^0-9]\", \"\"))-1;","lastModifiedDate":"2022-09-17"},{"lineNumber":32,"author":{"gitId":"fatston"},"content":"        } catch (Exception e) {","lastModifiedDate":"2022-09-17"},{"lineNumber":33,"author":{"gitId":"fatston"},"content":"            throw new InvalidIntegerException();","lastModifiedDate":"2022-09-17"},{"lineNumber":34,"author":{"gitId":"fatston"},"content":"        }","lastModifiedDate":"2022-09-17"},{"lineNumber":35,"author":{"gitId":"fatston"},"content":"    }","lastModifiedDate":"2022-09-17"},{"lineNumber":36,"author":{"gitId":"fatston"},"content":"","lastModifiedDate":"2022-09-17"},{"lineNumber":37,"author":{"gitId":"fatston"},"content":"    public static String getFirstWord(String sentence) {","lastModifiedDate":"2022-09-03"},{"lineNumber":38,"author":{"gitId":"fatston"},"content":"        try {","lastModifiedDate":"2022-09-03"},{"lineNumber":39,"author":{"gitId":"fatston"},"content":"            String[] arr \u003d sentence.split(\" \", 2);","lastModifiedDate":"2022-09-03"},{"lineNumber":40,"author":{"gitId":"fatston"},"content":"            return arr[0];","lastModifiedDate":"2022-09-03"},{"lineNumber":41,"author":{"gitId":"fatston"},"content":"        } catch (Exception e) {","lastModifiedDate":"2022-09-03"},{"lineNumber":42,"author":{"gitId":"fatston"},"content":"            return \"\";","lastModifiedDate":"2022-09-03"},{"lineNumber":43,"author":{"gitId":"fatston"},"content":"        }","lastModifiedDate":"2022-09-03"},{"lineNumber":44,"author":{"gitId":"fatston"},"content":"    }","lastModifiedDate":"2022-09-03"},{"lineNumber":45,"author":{"gitId":"fatston"},"content":"","lastModifiedDate":"2022-09-03"},{"lineNumber":46,"author":{"gitId":"fatston"},"content":"    public static String removeFirstWord(String sentence) {","lastModifiedDate":"2022-09-03"},{"lineNumber":47,"author":{"gitId":"fatston"},"content":"        try {","lastModifiedDate":"2022-09-03"},{"lineNumber":48,"author":{"gitId":"fatston"},"content":"            String[] arr \u003d sentence.split(\" \", 2);","lastModifiedDate":"2022-09-03"},{"lineNumber":49,"author":{"gitId":"fatston"},"content":"            return arr[1];","lastModifiedDate":"2022-09-03"},{"lineNumber":50,"author":{"gitId":"fatston"},"content":"        } catch (Exception e) {","lastModifiedDate":"2022-09-03"},{"lineNumber":51,"author":{"gitId":"fatston"},"content":"            return \"\";","lastModifiedDate":"2022-09-03"},{"lineNumber":52,"author":{"gitId":"fatston"},"content":"        }","lastModifiedDate":"2022-09-03"},{"lineNumber":53,"author":{"gitId":"fatston"},"content":"    }","lastModifiedDate":"2022-09-03"},{"lineNumber":54,"author":{"gitId":"fatston"},"content":"","lastModifiedDate":"2022-09-03"},{"lineNumber":55,"author":{"gitId":"fatston"},"content":"    public static boolean isNullOrEmpty(String s) {","lastModifiedDate":"2022-09-03"},{"lineNumber":56,"author":{"gitId":"fatston"},"content":"        return s \u003d\u003d null || s.isBlank();","lastModifiedDate":"2022-09-03"},{"lineNumber":57,"author":{"gitId":"fatston"},"content":"    }","lastModifiedDate":"2022-09-03"},{"lineNumber":58,"author":{"gitId":"fatston"},"content":"}","lastModifiedDate":"2022-09-03"}],"authorContributionMap":{"fatston":58}},{"path":"text-ui-test/input.txt","fileType":"txt","lines":[{"lineNumber":1,"author":{"gitId":"fatston"},"content":"\u003d\u003d\u003d\u003d\u003d\u003d\u003d\u003d happy path \u003d\u003d\u003d\u003d\u003d\u003d\u003d\u003d","lastModifiedDate":"2022-09-10"},{"lineNumber":2,"author":{"gitId":"fatston"},"content":"help","lastModifiedDate":"2022-09-10"},{"lineNumber":3,"author":{"gitId":"fatston"},"content":"list","lastModifiedDate":"2022-09-10"},{"lineNumber":4,"author":{"gitId":"fatston"},"content":"todo read book","lastModifiedDate":"2022-09-10"},{"lineNumber":5,"author":{"gitId":"fatston"},"content":"mark 1","lastModifiedDate":"2022-09-10"},{"lineNumber":6,"author":{"gitId":"fatston"},"content":"deadline return book /by June 6th","lastModifiedDate":"2022-09-10"},{"lineNumber":7,"author":{"gitId":"fatston"},"content":"event project meeting /at Aug 6th 2-4pm","lastModifiedDate":"2022-09-10"},{"lineNumber":8,"author":{"gitId":"fatston"},"content":"todo join sports club","lastModifiedDate":"2022-09-10"},{"lineNumber":9,"author":{"gitId":"fatston"},"content":"mark 4","lastModifiedDate":"2022-09-10"},{"lineNumber":10,"author":{"gitId":"fatston"},"content":"todo borrow book","lastModifiedDate":"2022-09-10"},{"lineNumber":11,"author":{"gitId":"fatston"},"content":"mark 5","lastModifiedDate":"2022-09-17"},{"lineNumber":12,"author":{"gitId":"fatston"},"content":"unmark 4","lastModifiedDate":"2022-09-17"},{"lineNumber":13,"author":{"gitId":"fatston"},"content":"unmark 5","lastModifiedDate":"2022-09-17"},{"lineNumber":14,"author":{"gitId":"fatston"},"content":"mark 4","lastModifiedDate":"2022-09-17"},{"lineNumber":15,"author":{"gitId":"fatston"},"content":"deadline return book /by Sunday","lastModifiedDate":"2022-09-10"},{"lineNumber":16,"author":{"gitId":"fatston"},"content":"event project meeting /at Mon 2-4pm","lastModifiedDate":"2022-09-10"},{"lineNumber":17,"author":{"gitId":"fatston"},"content":"list","lastModifiedDate":"2022-09-10"},{"lineNumber":18,"author":{"gitId":"fatston"},"content":"delete 5","lastModifiedDate":"2022-09-17"},{"lineNumber":19,"author":{"gitId":"fatston"},"content":"delete 5","lastModifiedDate":"2022-09-17"},{"lineNumber":20,"author":{"gitId":"fatston"},"content":"list","lastModifiedDate":"2022-09-17"},{"lineNumber":21,"author":{"gitId":"fatston"},"content":"","lastModifiedDate":"2022-09-10"},{"lineNumber":22,"author":{"gitId":"fatston"},"content":"\u003d\u003d\u003d\u003d\u003d\u003d\u003d\u003d unhappy path todo \u003d\u003d\u003d\u003d\u003d\u003d\u003d\u003d","lastModifiedDate":"2022-09-10"},{"lineNumber":23,"author":{"gitId":"fatston"},"content":"todo","lastModifiedDate":"2022-09-10"},{"lineNumber":24,"author":{"gitId":"fatston"},"content":"todo","lastModifiedDate":"2022-09-10"},{"lineNumber":25,"author":{"gitId":"fatston"},"content":"","lastModifiedDate":"2022-09-10"},{"lineNumber":26,"author":{"gitId":"fatston"},"content":"\u003d\u003d\u003d\u003d\u003d\u003d\u003d\u003d unhappy path deadline \u003d\u003d\u003d\u003d\u003d\u003d\u003d\u003d","lastModifiedDate":"2022-09-10"},{"lineNumber":27,"author":{"gitId":"fatston"},"content":"deadline","lastModifiedDate":"2022-09-10"},{"lineNumber":28,"author":{"gitId":"fatston"},"content":"deadline /by","lastModifiedDate":"2022-09-10"},{"lineNumber":29,"author":{"gitId":"fatston"},"content":"deadline      /by","lastModifiedDate":"2022-09-10"},{"lineNumber":30,"author":{"gitId":"fatston"},"content":"deadline asdf /by","lastModifiedDate":"2022-09-10"},{"lineNumber":31,"author":{"gitId":"fatston"},"content":"deadline /by asdfsdf","lastModifiedDate":"2022-09-10"},{"lineNumber":32,"author":{"gitId":"fatston"},"content":"deadline     /by asdfsdfdsf","lastModifiedDate":"2022-09-10"},{"lineNumber":33,"author":{"gitId":"fatston"},"content":"deadline asdf /by asdf /by asdf","lastModifiedDate":"2022-09-10"},{"lineNumber":34,"author":{"gitId":"fatston"},"content":"","lastModifiedDate":"2022-09-10"},{"lineNumber":35,"author":{"gitId":"fatston"},"content":"\u003d\u003d\u003d\u003d\u003d\u003d\u003d\u003d unhappy path event \u003d\u003d\u003d\u003d\u003d\u003d\u003d\u003d","lastModifiedDate":"2022-09-10"},{"lineNumber":36,"author":{"gitId":"fatston"},"content":"event","lastModifiedDate":"2022-09-10"},{"lineNumber":37,"author":{"gitId":"fatston"},"content":"event /at","lastModifiedDate":"2022-09-10"},{"lineNumber":38,"author":{"gitId":"fatston"},"content":"event      /at","lastModifiedDate":"2022-09-10"},{"lineNumber":39,"author":{"gitId":"fatston"},"content":"event asdf /at","lastModifiedDate":"2022-09-10"},{"lineNumber":40,"author":{"gitId":"fatston"},"content":"event /at asdfsdf","lastModifiedDate":"2022-09-10"},{"lineNumber":41,"author":{"gitId":"fatston"},"content":"event     /at asdfsdfdsf","lastModifiedDate":"2022-09-10"},{"lineNumber":42,"author":{"gitId":"fatston"},"content":"event asdf /at asdf /at asdf","lastModifiedDate":"2022-09-10"},{"lineNumber":43,"author":{"gitId":"fatston"},"content":"","lastModifiedDate":"2022-09-10"},{"lineNumber":44,"author":{"gitId":"fatston"},"content":"\u003d\u003d\u003d\u003d\u003d\u003d\u003d\u003d unhappy path mark \u003d\u003d\u003d\u003d\u003d\u003d\u003d\u003d","lastModifiedDate":"2022-09-17"},{"lineNumber":45,"author":{"gitId":"fatston"},"content":"mark read book","lastModifiedDate":"2022-09-17"},{"lineNumber":46,"author":{"gitId":"fatston"},"content":"mark 200","lastModifiedDate":"2022-09-17"},{"lineNumber":47,"author":{"gitId":"fatston"},"content":"mark 99999999","lastModifiedDate":"2022-09-17"},{"lineNumber":48,"author":{"gitId":"fatston"},"content":"mark 4","lastModifiedDate":"2022-09-17"},{"lineNumber":49,"author":{"gitId":"fatston"},"content":"mark 1","lastModifiedDate":"2022-09-17"},{"lineNumber":50,"author":{"gitId":"fatston"},"content":"","lastModifiedDate":"2022-09-10"},{"lineNumber":51,"author":{"gitId":"fatston"},"content":"\u003d\u003d\u003d\u003d\u003d\u003d\u003d\u003d unhappy path unmark \u003d\u003d\u003d\u003d\u003d\u003d\u003d\u003d","lastModifiedDate":"2022-09-17"},{"lineNumber":52,"author":{"gitId":"fatston"},"content":"unmark read book","lastModifiedDate":"2022-09-17"},{"lineNumber":53,"author":{"gitId":"fatston"},"content":"unmark 200","lastModifiedDate":"2022-09-17"},{"lineNumber":54,"author":{"gitId":"fatston"},"content":"unmark 99999999","lastModifiedDate":"2022-09-17"},{"lineNumber":55,"author":{"gitId":"fatston"},"content":"unmark 2","lastModifiedDate":"2022-09-17"},{"lineNumber":56,"author":{"gitId":"fatston"},"content":"unmark 5","lastModifiedDate":"2022-09-17"},{"lineNumber":57,"author":{"gitId":"fatston"},"content":"","lastModifiedDate":"2022-09-10"},{"lineNumber":58,"author":{"gitId":"fatston"},"content":"\u003d\u003d\u003d\u003d\u003d\u003d\u003d\u003d unhappy path delete \u003d\u003d\u003d\u003d\u003d\u003d\u003d\u003d","lastModifiedDate":"2022-09-17"},{"lineNumber":59,"author":{"gitId":"fatston"},"content":"delete read book","lastModifiedDate":"2022-09-17"},{"lineNumber":60,"author":{"gitId":"fatston"},"content":"delete 200","lastModifiedDate":"2022-09-17"},{"lineNumber":61,"author":{"gitId":"fatston"},"content":"delete 99999999","lastModifiedDate":"2022-09-17"},{"lineNumber":62,"author":{"gitId":"fatston"},"content":"","lastModifiedDate":"2022-09-10"},{"lineNumber":63,"author":{"gitId":"fatston"},"content":"","lastModifiedDate":"2022-09-10"},{"lineNumber":64,"author":{"gitId":"fatston"},"content":"","lastModifiedDate":"2022-09-10"},{"lineNumber":65,"author":{"gitId":"fatston"},"content":"bye","lastModifiedDate":"2022-09-10"}],"authorContributionMap":{"fatston":65}}]
