{"authorDailyContributionsMap":{"fatston":[{"date":"2022-08-28","commitResults":[{"hash":"2c1b73921dd7c8a4c396941213a6b25c8620fe16","messageTitle":"Level-1","messageBody":"","fileTypesAndContributionMap":{"java":{"insertions":37,"deletions":10},"bat":{"insertions":1,"deletions":1},"md":{"insertions":2,"deletions":2}}},{"hash":"f3d095b382740ca6d06f9a4f725d1bdab044df6f","messageTitle":"Level-2","messageBody":"","fileTypesAndContributionMap":{"java":{"insertions":46,"deletions":2}}}]},{"date":"2022-09-03","commitResults":[{"hash":"c97aa202b737d8f4e289adf5a703b32c88bcd168","messageTitle":"Level-3","messageBody":"","fileTypesAndContributionMap":{"java":{"insertions":51,"deletions":36}}},{"hash":"3a65b8a49e55e790035284a90ca82d1946bc7a75","messageTitle":"refactoring","messageBody":"","fileTypesAndContributionMap":{"java":{"insertions":156,"deletions":37}}},{"hash":"c01719bfdbe8b674aea173beda2a12b6265243d5","messageTitle":"Level-4","messageBody":"","fileTypesAndContributionMap":{"java":{"insertions":261,"deletions":26}}}]},{"date":"2022-09-05","commitResults":[{"hash":"befab4d07ed220573319e28cfc26f42edf0f5599","messageTitle":"refactoring","messageBody":"","fileTypesAndContributionMap":{"java":{"insertions":100,"deletions":68},"bat":{"insertions":1,"deletions":1},"md":{"insertions":3,"deletions":3}}}]},{"date":"2022-09-10","commitResults":[{"hash":"73a2e95118e2bcd05e5611f58a5756c97061ec61","messageTitle":"Added empty description exception","messageBody":"","fileTypesAndContributionMap":{"java":{"insertions":34,"deletions":18}}},{"hash":"287b139160d81fed82f767920ca72d4f5b41048d","messageTitle":"Added exceptions","messageBody":"","fileTypesAndContributionMap":{"txt":{"insertions":1,"deletions":0},"java":{"insertions":92,"deletions":79}}},{"hash":"cd511db28d396de56d505bdc246778fe6f5c235d","messageTitle":"Removed exception from constructor","messageBody":"","fileTypesAndContributionMap":{"java":{"insertions":5,"deletions":10}}},{"hash":"60fb7e3b8e9c06b21a4dbdbdd9e9348acc479322","messageTitle":"Added tests","messageBody":"","fileTypesAndContributionMap":{"txt":{"insertions":44,"deletions":1},"java":{"insertions":9,"deletions":8}}}]}]},"authorFileTypeContributionMap":{"fatston":{"java":507,"md":3,"fxml":0,"sh":0,"bat":1,"gradle":0,"txt":44}},"authorContributionVariance":{"fatston":12197.277},"authorDisplayNameMap":{"fatston":"CLIF..FENG"}}
