[{"path":"src/main/java/Deadline.java","fileType":"java","lines":[{"lineNumber":1,"author":{"gitId":"Hidhid8"},"content":"public class Deadline extends Task {","lastModifiedDate":"2022-09-26"},{"lineNumber":2,"author":{"gitId":"Hidhid8"},"content":"    protected String due;","lastModifiedDate":"2022-09-26"},{"lineNumber":3,"author":{"gitId":"Hidhid8"},"content":"","lastModifiedDate":"2022-09-26"},{"lineNumber":4,"author":{"gitId":"Hidhid8"},"content":"    public Deadline(String name, String due) {","lastModifiedDate":"2022-09-26"},{"lineNumber":5,"author":{"gitId":"Hidhid8"},"content":"        super(name);","lastModifiedDate":"2022-09-26"},{"lineNumber":6,"author":{"gitId":"Hidhid8"},"content":"        this.due \u003d due;","lastModifiedDate":"2022-09-26"},{"lineNumber":7,"author":{"gitId":"Hidhid8"},"content":"    }","lastModifiedDate":"2022-09-26"},{"lineNumber":8,"author":{"gitId":"Hidhid8"},"content":"","lastModifiedDate":"2022-09-26"},{"lineNumber":9,"author":{"gitId":"Hidhid8"},"content":"    @Override","lastModifiedDate":"2022-09-26"},{"lineNumber":10,"author":{"gitId":"Hidhid8"},"content":"    public String getTask() {","lastModifiedDate":"2022-09-26"},{"lineNumber":11,"author":{"gitId":"Hidhid8"},"content":"        if(status) {","lastModifiedDate":"2022-09-26"},{"lineNumber":12,"author":{"gitId":"Hidhid8"},"content":"            return \"[D][X] \" + name + \"(by: \" + due + \")\";","lastModifiedDate":"2022-09-26"},{"lineNumber":13,"author":{"gitId":"Hidhid8"},"content":"        }","lastModifiedDate":"2022-09-26"},{"lineNumber":14,"author":{"gitId":"Hidhid8"},"content":"        else {","lastModifiedDate":"2022-09-26"},{"lineNumber":15,"author":{"gitId":"Hidhid8"},"content":"            return \"[D][ ] \" + name  + \"(by: \" + due + \")\";","lastModifiedDate":"2022-09-26"},{"lineNumber":16,"author":{"gitId":"Hidhid8"},"content":"        }","lastModifiedDate":"2022-09-26"},{"lineNumber":17,"author":{"gitId":"Hidhid8"},"content":"    }","lastModifiedDate":"2022-09-26"},{"lineNumber":18,"author":{"gitId":"Hidhid8"},"content":"}","lastModifiedDate":"2022-09-26"}],"authorContributionMap":{"Hidhid8":18}},{"path":"src/main/java/Duke.java","fileType":"java","lines":[{"lineNumber":1,"author":{"gitId":"Hidhid8"},"content":"import java.util.Scanner;","lastModifiedDate":"2022-09-09"},{"lineNumber":2,"author":{"gitId":"Hidhid8"},"content":"import java.util.ArrayList;","lastModifiedDate":"2022-10-26"},{"lineNumber":3,"author":{"gitId":"Hidhid8"},"content":"","lastModifiedDate":"2022-09-09"},{"lineNumber":4,"author":{"gitId":"-"},"content":"public class Duke {","lastModifiedDate":"2019-07-29"},{"lineNumber":5,"author":{"gitId":"Hidhid8"},"content":"    public static void printBox(String words) {","lastModifiedDate":"2022-10-17"},{"lineNumber":6,"author":{"gitId":"Hidhid8"},"content":"        System.out.println(\"_____________________________________________\");","lastModifiedDate":"2022-09-09"},{"lineNumber":7,"author":{"gitId":"Hidhid8"},"content":"        System.out.println(words);","lastModifiedDate":"2022-09-09"},{"lineNumber":8,"author":{"gitId":"Hidhid8"},"content":"        System.out.println(\"_____________________________________________\");","lastModifiedDate":"2022-09-09"},{"lineNumber":9,"author":{"gitId":"Hidhid8"},"content":"    }","lastModifiedDate":"2022-09-09"},{"lineNumber":10,"author":{"gitId":"Hidhid8"},"content":"","lastModifiedDate":"2022-09-09"},{"lineNumber":11,"author":{"gitId":"-"},"content":"    public static void main(String[] args) {","lastModifiedDate":"2019-07-29"},{"lineNumber":12,"author":{"gitId":"Hidhid8"},"content":"        String logo \u003d \" _______ ______ ___  ___ ______\\n\"","lastModifiedDate":"2022-09-06"},{"lineNumber":13,"author":{"gitId":"Hidhid8"},"content":"                    + \"|_______|  __  |   \\\\/   |  __  |\\n\"","lastModifiedDate":"2022-09-06"},{"lineNumber":14,"author":{"gitId":"Hidhid8"},"content":"                    + \"   | |  | |  | |  |\\\\/|  | |  | |\\n\"","lastModifiedDate":"2022-09-06"},{"lineNumber":15,"author":{"gitId":"Hidhid8"},"content":"                    + \"   | |  | |__| |  |  |  | |__| |\\n\"","lastModifiedDate":"2022-09-06"},{"lineNumber":16,"author":{"gitId":"Hidhid8"},"content":"                    + \"   |_|  |______|__|  |__|______|\\n\";","lastModifiedDate":"2022-09-06"},{"lineNumber":17,"author":{"gitId":"Hidhid8"},"content":"        ArrayList\u003cTask\u003e list \u003d new ArrayList\u003cTask\u003e ();","lastModifiedDate":"2022-10-26"},{"lineNumber":18,"author":{"gitId":"Hidhid8"},"content":"        int listCount \u003d 0; //to count number of items added to checklist","lastModifiedDate":"2022-09-09"},{"lineNumber":19,"author":{"gitId":"Hidhid8"},"content":"        System.out.println(logo);","lastModifiedDate":"2022-09-06"},{"lineNumber":20,"author":{"gitId":"Hidhid8"},"content":"        printBox(\"Hello! Tomo here.\\nWhat\u0027s up? ^_^\");","lastModifiedDate":"2022-10-17"},{"lineNumber":21,"author":{"gitId":"Hidhid8"},"content":"","lastModifiedDate":"2022-09-09"},{"lineNumber":22,"author":{"gitId":"Hidhid8"},"content":"        while(true) {","lastModifiedDate":"2022-09-09"},{"lineNumber":23,"author":{"gitId":"Hidhid8"},"content":"            Scanner in \u003d new Scanner(System.in);","lastModifiedDate":"2022-09-09"},{"lineNumber":24,"author":{"gitId":"Hidhid8"},"content":"            String input \u003d in.nextLine();","lastModifiedDate":"2022-09-09"},{"lineNumber":25,"author":{"gitId":"Hidhid8"},"content":"            String[] arrInput \u003d input.split(\" \", 2);","lastModifiedDate":"2022-10-17"},{"lineNumber":26,"author":{"gitId":"Hidhid8"},"content":"            try {","lastModifiedDate":"2022-10-17"},{"lineNumber":27,"author":{"gitId":"Hidhid8"},"content":"                if (arrInput[0].equals(\"bye\")) {","lastModifiedDate":"2022-10-17"},{"lineNumber":28,"author":{"gitId":"Hidhid8"},"content":"                    break;","lastModifiedDate":"2022-09-09"},{"lineNumber":29,"author":{"gitId":"Hidhid8"},"content":"                } else if (arrInput[0].equals(\"list\")) {","lastModifiedDate":"2022-10-17"},{"lineNumber":30,"author":{"gitId":"Hidhid8"},"content":"                    String toPrint \u003d \"Checklist:\";","lastModifiedDate":"2022-10-17"},{"lineNumber":31,"author":{"gitId":"Hidhid8"},"content":"                    for (int i \u003d 0; i \u003c listCount; i++) {","lastModifiedDate":"2022-10-17"},{"lineNumber":32,"author":{"gitId":"Hidhid8"},"content":"                        toPrint \u003d toPrint + \"\\n\" + (i + 1) + \") \" + list.get(i).getTask();","lastModifiedDate":"2022-10-26"},{"lineNumber":33,"author":{"gitId":"Hidhid8"},"content":"                    }","lastModifiedDate":"2022-09-09"},{"lineNumber":34,"author":{"gitId":"Hidhid8"},"content":"                    printBox(toPrint);","lastModifiedDate":"2022-10-17"},{"lineNumber":35,"author":{"gitId":"Hidhid8"},"content":"                } else if (arrInput[0].equals(\"mark\")) {","lastModifiedDate":"2022-10-17"},{"lineNumber":36,"author":{"gitId":"Hidhid8"},"content":"                    int i \u003d Integer.parseInt(arrInput[1]);","lastModifiedDate":"2022-10-17"},{"lineNumber":37,"author":{"gitId":"Hidhid8"},"content":"                    list.get(i-1).setStatus(true);","lastModifiedDate":"2022-10-26"},{"lineNumber":38,"author":{"gitId":"Hidhid8"},"content":"                    printBox(\"Task completed: \" + list.get(i - 1).getTask());","lastModifiedDate":"2022-10-26"},{"lineNumber":39,"author":{"gitId":"Hidhid8"},"content":"                } else if (arrInput[0].equals(\"unmark\")) {","lastModifiedDate":"2022-10-17"},{"lineNumber":40,"author":{"gitId":"Hidhid8"},"content":"                    int i \u003d Integer.parseInt(arrInput[1]);","lastModifiedDate":"2022-10-17"},{"lineNumber":41,"author":{"gitId":"Hidhid8"},"content":"                    list.get(i-1).setStatus(false);","lastModifiedDate":"2022-10-26"},{"lineNumber":42,"author":{"gitId":"Hidhid8"},"content":"                    printBox(\"Task not completed: \" + list.get(i - 1).getTask());","lastModifiedDate":"2022-10-26"},{"lineNumber":43,"author":{"gitId":"Hidhid8"},"content":"                } else if (arrInput[0].equals(\"delete\")) {","lastModifiedDate":"2022-10-26"},{"lineNumber":44,"author":{"gitId":"Hidhid8"},"content":"                    int i \u003d Integer.parseInt(arrInput[1]);","lastModifiedDate":"2022-10-26"},{"lineNumber":45,"author":{"gitId":"Hidhid8"},"content":"                    printBox(\"Task \" + list.get(i - 1).getTask() + \" is deleted.\");","lastModifiedDate":"2022-10-26"},{"lineNumber":46,"author":{"gitId":"Hidhid8"},"content":"                    list.remove(i-1);","lastModifiedDate":"2022-10-26"},{"lineNumber":47,"author":{"gitId":"Hidhid8"},"content":"                    listCount--;","lastModifiedDate":"2022-10-26"},{"lineNumber":48,"author":{"gitId":"Hidhid8"},"content":"                }","lastModifiedDate":"2022-10-26"},{"lineNumber":49,"author":{"gitId":"Hidhid8"},"content":"                else if (arrInput[0].equals(\"todo\")) {","lastModifiedDate":"2022-10-26"},{"lineNumber":50,"author":{"gitId":"Hidhid8"},"content":"                    try {","lastModifiedDate":"2022-10-17"},{"lineNumber":51,"author":{"gitId":"Hidhid8"},"content":"                        list.add(listCount, new Todo(arrInput[1]));","lastModifiedDate":"2022-10-26"},{"lineNumber":52,"author":{"gitId":"Hidhid8"},"content":"                        listCount++;","lastModifiedDate":"2022-10-17"},{"lineNumber":53,"author":{"gitId":"Hidhid8"},"content":"                        printBox(\"Added \u0027\" + list.get(listCount - 1).getTask() + \"\u0027 into the list.\");","lastModifiedDate":"2022-10-26"},{"lineNumber":54,"author":{"gitId":"Hidhid8"},"content":"                    } catch (ArrayIndexOutOfBoundsException e) {","lastModifiedDate":"2022-10-17"},{"lineNumber":55,"author":{"gitId":"Hidhid8"},"content":"                        printBox(\"O_o Error. The description of Todo cannot be empty. Try again. \");","lastModifiedDate":"2022-10-17"},{"lineNumber":56,"author":{"gitId":"Hidhid8"},"content":"                    }","lastModifiedDate":"2022-09-14"},{"lineNumber":57,"author":{"gitId":"Hidhid8"},"content":"                } else if (arrInput[0].equals(\"deadline\")) {","lastModifiedDate":"2022-10-17"},{"lineNumber":58,"author":{"gitId":"Hidhid8"},"content":"                    try {","lastModifiedDate":"2022-10-17"},{"lineNumber":59,"author":{"gitId":"Hidhid8"},"content":"                        String[] dInput \u003d arrInput[1].split(\"/by \");","lastModifiedDate":"2022-10-17"},{"lineNumber":60,"author":{"gitId":"Hidhid8"},"content":"                        list.add(listCount, new Deadline(dInput[0], dInput[1]));","lastModifiedDate":"2022-10-26"},{"lineNumber":61,"author":{"gitId":"Hidhid8"},"content":"                        listCount++;","lastModifiedDate":"2022-10-17"},{"lineNumber":62,"author":{"gitId":"Hidhid8"},"content":"                        printBox(\"Added \u0027\" + list.get(listCount - 1).getTask() + \"\u0027 into the list.\");","lastModifiedDate":"2022-10-26"},{"lineNumber":63,"author":{"gitId":"Hidhid8"},"content":"                    } catch (ArrayIndexOutOfBoundsException e) {","lastModifiedDate":"2022-10-17"},{"lineNumber":64,"author":{"gitId":"Hidhid8"},"content":"                        printBox(\"O_o Error. The description of Deadline cannot be empty. Try again. \");","lastModifiedDate":"2022-10-17"},{"lineNumber":65,"author":{"gitId":"Hidhid8"},"content":"                    }","lastModifiedDate":"2022-09-09"},{"lineNumber":66,"author":{"gitId":"Hidhid8"},"content":"                } else if (arrInput[0].equals(\"event\")) {","lastModifiedDate":"2022-10-17"},{"lineNumber":67,"author":{"gitId":"Hidhid8"},"content":"                    try {","lastModifiedDate":"2022-10-17"},{"lineNumber":68,"author":{"gitId":"Hidhid8"},"content":"                        String[] eInput \u003d arrInput[1].split(\"/at \");","lastModifiedDate":"2022-10-17"},{"lineNumber":69,"author":{"gitId":"Hidhid8"},"content":"                        list.add(listCount, new Event(eInput[0], eInput[1]));","lastModifiedDate":"2022-10-26"},{"lineNumber":70,"author":{"gitId":"Hidhid8"},"content":"                        listCount++;","lastModifiedDate":"2022-09-09"},{"lineNumber":71,"author":{"gitId":"Hidhid8"},"content":"                        printBox(\"Added \u0027\" + list.get(listCount - 1).getTask() + \"\u0027 into the list.\");","lastModifiedDate":"2022-10-26"},{"lineNumber":72,"author":{"gitId":"Hidhid8"},"content":"                    } catch (ArrayIndexOutOfBoundsException e) {","lastModifiedDate":"2022-10-17"},{"lineNumber":73,"author":{"gitId":"Hidhid8"},"content":"                        printBox(\"O_o Error. The description of Event cannot be empty. Try again. \");","lastModifiedDate":"2022-10-17"},{"lineNumber":74,"author":{"gitId":"Hidhid8"},"content":"                    }","lastModifiedDate":"2022-09-09"},{"lineNumber":75,"author":{"gitId":"Hidhid8"},"content":"                } else {","lastModifiedDate":"2022-10-17"},{"lineNumber":76,"author":{"gitId":"Hidhid8"},"content":"                    throw new DukeException();","lastModifiedDate":"2022-10-17"},{"lineNumber":77,"author":{"gitId":"Hidhid8"},"content":"                }","lastModifiedDate":"2022-09-09"},{"lineNumber":78,"author":{"gitId":"Hidhid8"},"content":"            } catch(DukeException e) {","lastModifiedDate":"2022-10-17"},{"lineNumber":79,"author":{"gitId":"Hidhid8"},"content":"                printBox(\"O_o Error. I don\u0027t understand what that means. Try again.\");","lastModifiedDate":"2022-10-17"},{"lineNumber":80,"author":{"gitId":"Hidhid8"},"content":"            }","lastModifiedDate":"2022-10-17"},{"lineNumber":81,"author":{"gitId":"Hidhid8"},"content":"        }","lastModifiedDate":"2022-10-17"},{"lineNumber":82,"author":{"gitId":"Hidhid8"},"content":"        printBox(\"See you ^_^\");","lastModifiedDate":"2022-10-17"},{"lineNumber":83,"author":{"gitId":"-"},"content":"    }","lastModifiedDate":"2019-07-29"},{"lineNumber":84,"author":{"gitId":"-"},"content":"}","lastModifiedDate":"2019-07-29"}],"authorContributionMap":{"-":4,"Hidhid8":80}},{"path":"src/main/java/DukeException.java","fileType":"java","lines":[{"lineNumber":1,"author":{"gitId":"Hidhid8"},"content":"public class DukeException extends Exception {","lastModifiedDate":"2022-10-17"},{"lineNumber":2,"author":{"gitId":"Hidhid8"},"content":"}","lastModifiedDate":"2022-10-17"}],"authorContributionMap":{"Hidhid8":2}},{"path":"src/main/java/Event.java","fileType":"java","lines":[{"lineNumber":1,"author":{"gitId":"Hidhid8"},"content":"public class Event extends Task {","lastModifiedDate":"2022-09-26"},{"lineNumber":2,"author":{"gitId":"Hidhid8"},"content":"    protected String time;","lastModifiedDate":"2022-09-26"},{"lineNumber":3,"author":{"gitId":"Hidhid8"},"content":"","lastModifiedDate":"2022-09-26"},{"lineNumber":4,"author":{"gitId":"Hidhid8"},"content":"    public Event(String name, String time) {","lastModifiedDate":"2022-09-26"},{"lineNumber":5,"author":{"gitId":"Hidhid8"},"content":"        super(name);","lastModifiedDate":"2022-09-26"},{"lineNumber":6,"author":{"gitId":"Hidhid8"},"content":"        this.time \u003d time;","lastModifiedDate":"2022-09-26"},{"lineNumber":7,"author":{"gitId":"Hidhid8"},"content":"    }","lastModifiedDate":"2022-09-26"},{"lineNumber":8,"author":{"gitId":"Hidhid8"},"content":"","lastModifiedDate":"2022-09-26"},{"lineNumber":9,"author":{"gitId":"Hidhid8"},"content":"    @Override","lastModifiedDate":"2022-09-26"},{"lineNumber":10,"author":{"gitId":"Hidhid8"},"content":"    public String getTask() {","lastModifiedDate":"2022-09-26"},{"lineNumber":11,"author":{"gitId":"Hidhid8"},"content":"        if(status) {","lastModifiedDate":"2022-09-26"},{"lineNumber":12,"author":{"gitId":"Hidhid8"},"content":"            return \"[E][X] \" + name + \"(at: \" + time + \")\";","lastModifiedDate":"2022-09-26"},{"lineNumber":13,"author":{"gitId":"Hidhid8"},"content":"        }","lastModifiedDate":"2022-09-26"},{"lineNumber":14,"author":{"gitId":"Hidhid8"},"content":"        else {","lastModifiedDate":"2022-09-26"},{"lineNumber":15,"author":{"gitId":"Hidhid8"},"content":"            return \"[E][ ] \" + name  + \"(at: \" + time + \")\";","lastModifiedDate":"2022-09-26"},{"lineNumber":16,"author":{"gitId":"Hidhid8"},"content":"        }","lastModifiedDate":"2022-09-26"},{"lineNumber":17,"author":{"gitId":"Hidhid8"},"content":"    }","lastModifiedDate":"2022-09-26"},{"lineNumber":18,"author":{"gitId":"Hidhid8"},"content":"}","lastModifiedDate":"2022-09-26"}],"authorContributionMap":{"Hidhid8":18}},{"path":"src/main/java/Task.java","fileType":"java","lines":[{"lineNumber":1,"author":{"gitId":"Hidhid8"},"content":"public class Task {","lastModifiedDate":"2022-09-26"},{"lineNumber":2,"author":{"gitId":"Hidhid8"},"content":"    protected String name;","lastModifiedDate":"2022-09-26"},{"lineNumber":3,"author":{"gitId":"Hidhid8"},"content":"    protected boolean status \u003d false;","lastModifiedDate":"2022-09-26"},{"lineNumber":4,"author":{"gitId":"Hidhid8"},"content":"","lastModifiedDate":"2022-09-26"},{"lineNumber":5,"author":{"gitId":"Hidhid8"},"content":"    public Task(String name) {","lastModifiedDate":"2022-09-26"},{"lineNumber":6,"author":{"gitId":"Hidhid8"},"content":"        this.name \u003d name;","lastModifiedDate":"2022-09-26"},{"lineNumber":7,"author":{"gitId":"Hidhid8"},"content":"    }","lastModifiedDate":"2022-09-26"},{"lineNumber":8,"author":{"gitId":"Hidhid8"},"content":"","lastModifiedDate":"2022-09-26"},{"lineNumber":9,"author":{"gitId":"Hidhid8"},"content":"    public void setStatus (boolean status) {","lastModifiedDate":"2022-09-26"},{"lineNumber":10,"author":{"gitId":"Hidhid8"},"content":"        this.status \u003d status;","lastModifiedDate":"2022-09-26"},{"lineNumber":11,"author":{"gitId":"Hidhid8"},"content":"    }","lastModifiedDate":"2022-09-26"},{"lineNumber":12,"author":{"gitId":"Hidhid8"},"content":"","lastModifiedDate":"2022-09-26"},{"lineNumber":13,"author":{"gitId":"Hidhid8"},"content":"    public String getTask() {","lastModifiedDate":"2022-09-26"},{"lineNumber":14,"author":{"gitId":"Hidhid8"},"content":"        if(status) {","lastModifiedDate":"2022-09-26"},{"lineNumber":15,"author":{"gitId":"Hidhid8"},"content":"            return \"[X] \" + name;","lastModifiedDate":"2022-09-26"},{"lineNumber":16,"author":{"gitId":"Hidhid8"},"content":"        }","lastModifiedDate":"2022-09-26"},{"lineNumber":17,"author":{"gitId":"Hidhid8"},"content":"        else {","lastModifiedDate":"2022-09-26"},{"lineNumber":18,"author":{"gitId":"Hidhid8"},"content":"            return \"[ ] \" + name;","lastModifiedDate":"2022-09-26"},{"lineNumber":19,"author":{"gitId":"Hidhid8"},"content":"        }","lastModifiedDate":"2022-09-26"},{"lineNumber":20,"author":{"gitId":"Hidhid8"},"content":"    }","lastModifiedDate":"2022-09-26"},{"lineNumber":21,"author":{"gitId":"Hidhid8"},"content":"}","lastModifiedDate":"2022-09-26"}],"authorContributionMap":{"Hidhid8":21}},{"path":"src/main/java/Todo.java","fileType":"java","lines":[{"lineNumber":1,"author":{"gitId":"Hidhid8"},"content":"public class Todo extends Task {","lastModifiedDate":"2022-09-26"},{"lineNumber":2,"author":{"gitId":"Hidhid8"},"content":"","lastModifiedDate":"2022-09-26"},{"lineNumber":3,"author":{"gitId":"Hidhid8"},"content":"    public Todo(String name) {","lastModifiedDate":"2022-09-26"},{"lineNumber":4,"author":{"gitId":"Hidhid8"},"content":"        super(name);","lastModifiedDate":"2022-09-26"},{"lineNumber":5,"author":{"gitId":"Hidhid8"},"content":"    }","lastModifiedDate":"2022-09-26"},{"lineNumber":6,"author":{"gitId":"Hidhid8"},"content":"","lastModifiedDate":"2022-09-26"},{"lineNumber":7,"author":{"gitId":"Hidhid8"},"content":"    @Override","lastModifiedDate":"2022-09-26"},{"lineNumber":8,"author":{"gitId":"Hidhid8"},"content":"    public String getTask() {","lastModifiedDate":"2022-09-26"},{"lineNumber":9,"author":{"gitId":"Hidhid8"},"content":"        if(status) {","lastModifiedDate":"2022-09-26"},{"lineNumber":10,"author":{"gitId":"Hidhid8"},"content":"            return \"[T][X] \" + name;","lastModifiedDate":"2022-09-26"},{"lineNumber":11,"author":{"gitId":"Hidhid8"},"content":"        }","lastModifiedDate":"2022-09-26"},{"lineNumber":12,"author":{"gitId":"Hidhid8"},"content":"        else {","lastModifiedDate":"2022-09-26"},{"lineNumber":13,"author":{"gitId":"Hidhid8"},"content":"            return \"[T][ ] \" + name;","lastModifiedDate":"2022-09-26"},{"lineNumber":14,"author":{"gitId":"Hidhid8"},"content":"        }","lastModifiedDate":"2022-09-26"},{"lineNumber":15,"author":{"gitId":"Hidhid8"},"content":"    }","lastModifiedDate":"2022-09-26"},{"lineNumber":16,"author":{"gitId":"Hidhid8"},"content":"}","lastModifiedDate":"2022-09-26"}],"authorContributionMap":{"Hidhid8":16}}]
