[{"path":"data/duke.txt","fileType":"txt","lines":[{"lineNumber":1,"author":{"gitId":"Hidhid8"},"content":"T|0|homework","lastModifiedDate":"2022-11-07"},{"lineNumber":2,"author":{"gitId":"Hidhid8"},"content":"D|0|report|by tmr|","lastModifiedDate":"2022-11-07"},{"lineNumber":3,"author":{"gitId":"Hidhid8"},"content":"E|1|presentation|at 11 Nov|","lastModifiedDate":"2022-11-07"},{"lineNumber":4,"author":{"gitId":"Hidhid8"},"content":"T|0|smile","lastModifiedDate":"2022-11-07"},{"lineNumber":5,"author":{"gitId":"Hidhid8"},"content":"D|0|:)|by today|","lastModifiedDate":"2022-11-07"},{"lineNumber":6,"author":{"gitId":"Hidhid8"},"content":"E|0|:(|at tomorrow|","lastModifiedDate":"2022-11-07"},{"lineNumber":7,"author":{"gitId":"Hidhid8"},"content":"T|0|this","lastModifiedDate":"2022-11-07"}],"authorContributionMap":{"Hidhid8":7}},{"path":"src/main/java/Deadline.java","fileType":"java","lines":[{"lineNumber":1,"author":{"gitId":"Hidhid8"},"content":"public class Deadline extends Task {","lastModifiedDate":"2022-09-26"},{"lineNumber":2,"author":{"gitId":"Hidhid8"},"content":"    protected String due;","lastModifiedDate":"2022-09-26"},{"lineNumber":3,"author":{"gitId":"Hidhid8"},"content":"","lastModifiedDate":"2022-09-26"},{"lineNumber":4,"author":{"gitId":"Hidhid8"},"content":"    public Deadline(String name, String due) {","lastModifiedDate":"2022-09-26"},{"lineNumber":5,"author":{"gitId":"Hidhid8"},"content":"        super(name);","lastModifiedDate":"2022-09-26"},{"lineNumber":6,"author":{"gitId":"Hidhid8"},"content":"        this.due \u003d due;","lastModifiedDate":"2022-09-26"},{"lineNumber":7,"author":{"gitId":"Hidhid8"},"content":"    }","lastModifiedDate":"2022-09-26"},{"lineNumber":8,"author":{"gitId":"Hidhid8"},"content":"","lastModifiedDate":"2022-09-26"},{"lineNumber":9,"author":{"gitId":"Hidhid8"},"content":"    @Override","lastModifiedDate":"2022-09-26"},{"lineNumber":10,"author":{"gitId":"Hidhid8"},"content":"    public String getTask() {","lastModifiedDate":"2022-09-26"},{"lineNumber":11,"author":{"gitId":"Hidhid8"},"content":"        if(isDone) {","lastModifiedDate":"2022-11-02"},{"lineNumber":12,"author":{"gitId":"Hidhid8"},"content":"            return \"D|1|\" + name + \"|\" + due + \"|\";","lastModifiedDate":"2022-11-07"},{"lineNumber":13,"author":{"gitId":"Hidhid8"},"content":"        } else {","lastModifiedDate":"2022-11-02"},{"lineNumber":14,"author":{"gitId":"Hidhid8"},"content":"            return \"D|0|\" + name  + \"|\" + due + \"|\";","lastModifiedDate":"2022-11-07"},{"lineNumber":15,"author":{"gitId":"Hidhid8"},"content":"        }","lastModifiedDate":"2022-09-26"},{"lineNumber":16,"author":{"gitId":"Hidhid8"},"content":"    }","lastModifiedDate":"2022-09-26"},{"lineNumber":17,"author":{"gitId":"Hidhid8"},"content":"}","lastModifiedDate":"2022-09-26"}],"authorContributionMap":{"Hidhid8":17}},{"path":"src/main/java/Duke.java","fileType":"java","lines":[{"lineNumber":1,"author":{"gitId":"Hidhid8"},"content":"import java.io.FileNotFoundException;","lastModifiedDate":"2022-11-02"},{"lineNumber":2,"author":{"gitId":"Hidhid8"},"content":"import java.io.IOException;","lastModifiedDate":"2022-11-02"},{"lineNumber":3,"author":{"gitId":"Hidhid8"},"content":"import java.util.Scanner;","lastModifiedDate":"2022-09-09"},{"lineNumber":4,"author":{"gitId":"Hidhid8"},"content":"","lastModifiedDate":"2022-09-09"},{"lineNumber":5,"author":{"gitId":"-"},"content":"public class Duke {","lastModifiedDate":"2019-07-29"},{"lineNumber":6,"author":{"gitId":"Hidhid8"},"content":"    private Ui ui;","lastModifiedDate":"2022-11-07"},{"lineNumber":7,"author":{"gitId":"Hidhid8"},"content":"    private Storage storage;","lastModifiedDate":"2022-11-07"},{"lineNumber":8,"author":{"gitId":"Hidhid8"},"content":"    private TaskList tasks;","lastModifiedDate":"2022-11-07"},{"lineNumber":9,"author":{"gitId":"Hidhid8"},"content":"","lastModifiedDate":"2022-09-09"},{"lineNumber":10,"author":{"gitId":"Hidhid8"},"content":"    public Duke(String filePath) {","lastModifiedDate":"2022-11-07"},{"lineNumber":11,"author":{"gitId":"Hidhid8"},"content":"        ui \u003d new Ui();","lastModifiedDate":"2022-11-07"},{"lineNumber":12,"author":{"gitId":"Hidhid8"},"content":"        storage \u003d new Storage(filePath);","lastModifiedDate":"2022-11-07"},{"lineNumber":13,"author":{"gitId":"Hidhid8"},"content":"        try {","lastModifiedDate":"2022-11-02"},{"lineNumber":14,"author":{"gitId":"Hidhid8"},"content":"            tasks \u003d new TaskList(storage.loadFile());","lastModifiedDate":"2022-11-07"},{"lineNumber":15,"author":{"gitId":"Hidhid8"},"content":"        } catch (FileNotFoundException e) {","lastModifiedDate":"2022-11-02"},{"lineNumber":16,"author":{"gitId":"Hidhid8"},"content":"            ui.printBox(\"Existing file not found. New file created.\");","lastModifiedDate":"2022-11-07"},{"lineNumber":17,"author":{"gitId":"Hidhid8"},"content":"            tasks \u003d new TaskList();","lastModifiedDate":"2022-11-07"},{"lineNumber":18,"author":{"gitId":"Hidhid8"},"content":"        }","lastModifiedDate":"2022-11-02"},{"lineNumber":19,"author":{"gitId":"Hidhid8"},"content":"    }","lastModifiedDate":"2022-11-02"},{"lineNumber":20,"author":{"gitId":"Hidhid8"},"content":"","lastModifiedDate":"2022-11-02"},{"lineNumber":21,"author":{"gitId":"Hidhid8"},"content":"    public void run() {","lastModifiedDate":"2022-11-07"},{"lineNumber":22,"author":{"gitId":"Hidhid8"},"content":"        ui.welcome();","lastModifiedDate":"2022-11-07"},{"lineNumber":23,"author":{"gitId":"Hidhid8"},"content":"        //boolean isExit \u003d false;","lastModifiedDate":"2022-11-07"},{"lineNumber":24,"author":{"gitId":"Hidhid8"},"content":"        // Duke","lastModifiedDate":"2022-11-02"},{"lineNumber":25,"author":{"gitId":"Hidhid8"},"content":"        while(true) {","lastModifiedDate":"2022-11-07"},{"lineNumber":26,"author":{"gitId":"Hidhid8"},"content":"            // UI","lastModifiedDate":"2022-11-02"},{"lineNumber":27,"author":{"gitId":"Hidhid8"},"content":"            String input \u003d ui.userInput();","lastModifiedDate":"2022-11-07"},{"lineNumber":28,"author":{"gitId":"Hidhid8"},"content":"","lastModifiedDate":"2022-09-09"},{"lineNumber":29,"author":{"gitId":"Hidhid8"},"content":"            // Parser","lastModifiedDate":"2022-11-07"},{"lineNumber":30,"author":{"gitId":"Hidhid8"},"content":"            String[] arrInput \u003d input.split(\" \", 2);","lastModifiedDate":"2022-10-17"},{"lineNumber":31,"author":{"gitId":"Hidhid8"},"content":"","lastModifiedDate":"2022-11-02"},{"lineNumber":32,"author":{"gitId":"Hidhid8"},"content":"            // Commands + Exceptions + UI + Parser","lastModifiedDate":"2022-11-02"},{"lineNumber":33,"author":{"gitId":"Hidhid8"},"content":"            try {","lastModifiedDate":"2022-10-17"},{"lineNumber":34,"author":{"gitId":"Hidhid8"},"content":"                // exit","lastModifiedDate":"2022-11-02"},{"lineNumber":35,"author":{"gitId":"Hidhid8"},"content":"                if (arrInput[0].equals(\"bye\")) {","lastModifiedDate":"2022-10-17"},{"lineNumber":36,"author":{"gitId":"Hidhid8"},"content":"                    break;","lastModifiedDate":"2022-09-09"},{"lineNumber":37,"author":{"gitId":"Hidhid8"},"content":"                }","lastModifiedDate":"2022-09-09"},{"lineNumber":38,"author":{"gitId":"Hidhid8"},"content":"                // list all tasks","lastModifiedDate":"2022-11-02"},{"lineNumber":39,"author":{"gitId":"Hidhid8"},"content":"                else if (arrInput[0].equals(\"list\")) {","lastModifiedDate":"2022-11-02"},{"lineNumber":40,"author":{"gitId":"Hidhid8"},"content":"                    ui.printArray(tasks.getList(), tasks.size());","lastModifiedDate":"2022-11-07"},{"lineNumber":41,"author":{"gitId":"Hidhid8"},"content":"                }","lastModifiedDate":"2022-11-02"},{"lineNumber":42,"author":{"gitId":"Hidhid8"},"content":"                // mark completed tasks","lastModifiedDate":"2022-11-02"},{"lineNumber":43,"author":{"gitId":"Hidhid8"},"content":"                else if (arrInput[0].equals(\"mark\")) {","lastModifiedDate":"2022-11-02"},{"lineNumber":44,"author":{"gitId":"Hidhid8"},"content":"                    int i \u003d Integer.parseInt(arrInput[1]);","lastModifiedDate":"2022-10-17"},{"lineNumber":45,"author":{"gitId":"Hidhid8"},"content":"                    tasks.done(i-1);","lastModifiedDate":"2022-11-07"},{"lineNumber":46,"author":{"gitId":"Hidhid8"},"content":"                    ui.printBox(\"Task completed: \" + tasks.getTask(i-1));","lastModifiedDate":"2022-11-07"},{"lineNumber":47,"author":{"gitId":"Hidhid8"},"content":"                }","lastModifiedDate":"2022-11-02"},{"lineNumber":48,"author":{"gitId":"Hidhid8"},"content":"                // unmark incomplete tasks","lastModifiedDate":"2022-11-02"},{"lineNumber":49,"author":{"gitId":"Hidhid8"},"content":"                else if (arrInput[0].equals(\"unmark\")) {","lastModifiedDate":"2022-11-02"},{"lineNumber":50,"author":{"gitId":"Hidhid8"},"content":"                    int i \u003d Integer.parseInt(arrInput[1]);","lastModifiedDate":"2022-10-17"},{"lineNumber":51,"author":{"gitId":"Hidhid8"},"content":"                    tasks.undone(i-1);","lastModifiedDate":"2022-11-07"},{"lineNumber":52,"author":{"gitId":"Hidhid8"},"content":"                    ui.printBox(\"Task not completed: \" + tasks.getTask(i-1));","lastModifiedDate":"2022-11-07"},{"lineNumber":53,"author":{"gitId":"Hidhid8"},"content":"                }","lastModifiedDate":"2022-11-02"},{"lineNumber":54,"author":{"gitId":"Hidhid8"},"content":"                // delete task","lastModifiedDate":"2022-11-02"},{"lineNumber":55,"author":{"gitId":"Hidhid8"},"content":"                else if (arrInput[0].equals(\"delete\")) {","lastModifiedDate":"2022-11-02"},{"lineNumber":56,"author":{"gitId":"Hidhid8"},"content":"                    int i \u003d Integer.parseInt(arrInput[1]);","lastModifiedDate":"2022-10-26"},{"lineNumber":57,"author":{"gitId":"Hidhid8"},"content":"                    ui.printBox(\"Task \" + tasks.getTask(i-1) + \" is deleted.\");","lastModifiedDate":"2022-11-07"},{"lineNumber":58,"author":{"gitId":"Hidhid8"},"content":"                    tasks.delete(i);","lastModifiedDate":"2022-11-07"},{"lineNumber":59,"author":{"gitId":"Hidhid8"},"content":"                }","lastModifiedDate":"2022-10-26"},{"lineNumber":60,"author":{"gitId":"Hidhid8"},"content":"                // add tasks (todo, deadline, event)","lastModifiedDate":"2022-11-02"},{"lineNumber":61,"author":{"gitId":"Hidhid8"},"content":"                else if (arrInput[0].equals(\"todo\")) {","lastModifiedDate":"2022-10-26"},{"lineNumber":62,"author":{"gitId":"Hidhid8"},"content":"                    try {","lastModifiedDate":"2022-10-17"},{"lineNumber":63,"author":{"gitId":"Hidhid8"},"content":"                        tasks.addTodo(arrInput[1]);","lastModifiedDate":"2022-11-07"},{"lineNumber":64,"author":{"gitId":"Hidhid8"},"content":"                        ui.printBox(\"Added \u0027\" + tasks.getTask(tasks.size()-1) + \"\u0027 into the list.\");","lastModifiedDate":"2022-11-07"},{"lineNumber":65,"author":{"gitId":"Hidhid8"},"content":"                    } catch (ArrayIndexOutOfBoundsException e) {","lastModifiedDate":"2022-10-17"},{"lineNumber":66,"author":{"gitId":"Hidhid8"},"content":"                        ui.printBox(\"O_o Error. The description of Todo cannot be empty. Try again. \");","lastModifiedDate":"2022-11-07"},{"lineNumber":67,"author":{"gitId":"Hidhid8"},"content":"                    }","lastModifiedDate":"2022-09-14"},{"lineNumber":68,"author":{"gitId":"Hidhid8"},"content":"                } else if (arrInput[0].equals(\"deadline\")) {","lastModifiedDate":"2022-10-17"},{"lineNumber":69,"author":{"gitId":"Hidhid8"},"content":"                    try {","lastModifiedDate":"2022-10-17"},{"lineNumber":70,"author":{"gitId":"Hidhid8"},"content":"                        String[] dInput \u003d arrInput[1].split(\" /\");","lastModifiedDate":"2022-11-07"},{"lineNumber":71,"author":{"gitId":"Hidhid8"},"content":"                        tasks.addDeadline(dInput[0], dInput[1]);","lastModifiedDate":"2022-11-07"},{"lineNumber":72,"author":{"gitId":"Hidhid8"},"content":"                        ui.printBox(\"Added \u0027\" + tasks.getTask(tasks.size()-1) + \"\u0027 into the list.\");","lastModifiedDate":"2022-11-07"},{"lineNumber":73,"author":{"gitId":"Hidhid8"},"content":"                    } catch (ArrayIndexOutOfBoundsException e) {","lastModifiedDate":"2022-10-17"},{"lineNumber":74,"author":{"gitId":"Hidhid8"},"content":"                        ui.printBox(\"O_o Error. The description of Deadline cannot be empty. Try again. \");","lastModifiedDate":"2022-11-07"},{"lineNumber":75,"author":{"gitId":"Hidhid8"},"content":"                    }","lastModifiedDate":"2022-09-09"},{"lineNumber":76,"author":{"gitId":"Hidhid8"},"content":"                } else if (arrInput[0].equals(\"event\")) {","lastModifiedDate":"2022-10-17"},{"lineNumber":77,"author":{"gitId":"Hidhid8"},"content":"                    try {","lastModifiedDate":"2022-10-17"},{"lineNumber":78,"author":{"gitId":"Hidhid8"},"content":"                        String[] eInput \u003d arrInput[1].split(\" /\");","lastModifiedDate":"2022-11-07"},{"lineNumber":79,"author":{"gitId":"Hidhid8"},"content":"                        tasks.addEvent(eInput[0], eInput[1]);","lastModifiedDate":"2022-11-07"},{"lineNumber":80,"author":{"gitId":"Hidhid8"},"content":"                        ui.printBox(\"Added \u0027\" + tasks.getTask(tasks.size()-1) + \"\u0027 into the list.\");","lastModifiedDate":"2022-11-07"},{"lineNumber":81,"author":{"gitId":"Hidhid8"},"content":"                    } catch (ArrayIndexOutOfBoundsException e) {","lastModifiedDate":"2022-10-17"},{"lineNumber":82,"author":{"gitId":"Hidhid8"},"content":"                        ui.printBox(\"O_o Error. The description of Event cannot be empty. Try again. \");","lastModifiedDate":"2022-11-07"},{"lineNumber":83,"author":{"gitId":"Hidhid8"},"content":"                    }","lastModifiedDate":"2022-09-09"},{"lineNumber":84,"author":{"gitId":"Hidhid8"},"content":"                }","lastModifiedDate":"2022-11-02"},{"lineNumber":85,"author":{"gitId":"Hidhid8"},"content":"                // user input is invalid","lastModifiedDate":"2022-11-02"},{"lineNumber":86,"author":{"gitId":"Hidhid8"},"content":"                else {","lastModifiedDate":"2022-11-02"},{"lineNumber":87,"author":{"gitId":"Hidhid8"},"content":"                    throw new DukeException();","lastModifiedDate":"2022-10-17"},{"lineNumber":88,"author":{"gitId":"Hidhid8"},"content":"                }","lastModifiedDate":"2022-09-09"},{"lineNumber":89,"author":{"gitId":"Hidhid8"},"content":"            } catch(DukeException e) {","lastModifiedDate":"2022-10-17"},{"lineNumber":90,"author":{"gitId":"Hidhid8"},"content":"                ui.printBox(\"O_o Error. I don\u0027t understand what that means. Try again.\");","lastModifiedDate":"2022-11-07"},{"lineNumber":91,"author":{"gitId":"Hidhid8"},"content":"            }","lastModifiedDate":"2022-10-17"},{"lineNumber":92,"author":{"gitId":"Hidhid8"},"content":"        }","lastModifiedDate":"2022-10-17"},{"lineNumber":93,"author":{"gitId":"Hidhid8"},"content":"        try {","lastModifiedDate":"2022-11-02"},{"lineNumber":94,"author":{"gitId":"Hidhid8"},"content":"            storage.saveFile(tasks.getList());","lastModifiedDate":"2022-11-07"},{"lineNumber":95,"author":{"gitId":"Hidhid8"},"content":"        } catch (IOException e) {","lastModifiedDate":"2022-11-02"},{"lineNumber":96,"author":{"gitId":"Hidhid8"},"content":"            ui.printBox(\"O_o Error. File could not be found. Try again.\");","lastModifiedDate":"2022-11-07"},{"lineNumber":97,"author":{"gitId":"Hidhid8"},"content":"        }","lastModifiedDate":"2022-11-02"},{"lineNumber":98,"author":{"gitId":"Hidhid8"},"content":"        ui.printBox(\"See you ^_^\");","lastModifiedDate":"2022-11-07"},{"lineNumber":99,"author":{"gitId":"Hidhid8"},"content":"    }","lastModifiedDate":"2022-11-07"},{"lineNumber":100,"author":{"gitId":"Hidhid8"},"content":"","lastModifiedDate":"2022-11-07"},{"lineNumber":101,"author":{"gitId":"-"},"content":"    public static void main(String[] args) {","lastModifiedDate":"2022-11-07"},{"lineNumber":102,"author":{"gitId":"Hidhid8"},"content":"        new Duke(\"data/duke.txt\").run();","lastModifiedDate":"2022-11-07"},{"lineNumber":103,"author":{"gitId":"-"},"content":"    }","lastModifiedDate":"2019-07-29"},{"lineNumber":104,"author":{"gitId":"-"},"content":"}","lastModifiedDate":"2019-07-29"}],"authorContributionMap":{"-":4,"Hidhid8":100}},{"path":"src/main/java/DukeException.java","fileType":"java","lines":[{"lineNumber":1,"author":{"gitId":"Hidhid8"},"content":"public class DukeException extends Exception {","lastModifiedDate":"2022-10-17"},{"lineNumber":2,"author":{"gitId":"Hidhid8"},"content":"}","lastModifiedDate":"2022-10-17"}],"authorContributionMap":{"Hidhid8":2}},{"path":"src/main/java/Event.java","fileType":"java","lines":[{"lineNumber":1,"author":{"gitId":"Hidhid8"},"content":"public class Event extends Task {","lastModifiedDate":"2022-09-26"},{"lineNumber":2,"author":{"gitId":"Hidhid8"},"content":"    protected String time;","lastModifiedDate":"2022-09-26"},{"lineNumber":3,"author":{"gitId":"Hidhid8"},"content":"","lastModifiedDate":"2022-09-26"},{"lineNumber":4,"author":{"gitId":"Hidhid8"},"content":"    public Event(String name, String time) {","lastModifiedDate":"2022-09-26"},{"lineNumber":5,"author":{"gitId":"Hidhid8"},"content":"        super(name);","lastModifiedDate":"2022-09-26"},{"lineNumber":6,"author":{"gitId":"Hidhid8"},"content":"        this.time \u003d time;","lastModifiedDate":"2022-09-26"},{"lineNumber":7,"author":{"gitId":"Hidhid8"},"content":"    }","lastModifiedDate":"2022-09-26"},{"lineNumber":8,"author":{"gitId":"Hidhid8"},"content":"","lastModifiedDate":"2022-09-26"},{"lineNumber":9,"author":{"gitId":"Hidhid8"},"content":"    @Override","lastModifiedDate":"2022-09-26"},{"lineNumber":10,"author":{"gitId":"Hidhid8"},"content":"    public String getTask() {","lastModifiedDate":"2022-09-26"},{"lineNumber":11,"author":{"gitId":"Hidhid8"},"content":"        if(isDone) {","lastModifiedDate":"2022-11-02"},{"lineNumber":12,"author":{"gitId":"Hidhid8"},"content":"            return \"E|1|\" + name + \"|\" + time + \"|\";","lastModifiedDate":"2022-11-07"},{"lineNumber":13,"author":{"gitId":"Hidhid8"},"content":"        } else {","lastModifiedDate":"2022-11-02"},{"lineNumber":14,"author":{"gitId":"Hidhid8"},"content":"            return \"E|0|\" + name  + \"|\" + time + \"|\";","lastModifiedDate":"2022-11-07"},{"lineNumber":15,"author":{"gitId":"Hidhid8"},"content":"        }","lastModifiedDate":"2022-09-26"},{"lineNumber":16,"author":{"gitId":"Hidhid8"},"content":"    }","lastModifiedDate":"2022-09-26"},{"lineNumber":17,"author":{"gitId":"Hidhid8"},"content":"}","lastModifiedDate":"2022-09-26"}],"authorContributionMap":{"Hidhid8":17}},{"path":"src/main/java/Storage.java","fileType":"java","lines":[{"lineNumber":1,"author":{"gitId":"Hidhid8"},"content":"import java.io.File;","lastModifiedDate":"2022-11-07"},{"lineNumber":2,"author":{"gitId":"Hidhid8"},"content":"import java.io.FileNotFoundException;","lastModifiedDate":"2022-11-07"},{"lineNumber":3,"author":{"gitId":"Hidhid8"},"content":"import java.io.FileWriter;","lastModifiedDate":"2022-11-07"},{"lineNumber":4,"author":{"gitId":"Hidhid8"},"content":"import java.io.IOException;","lastModifiedDate":"2022-11-07"},{"lineNumber":5,"author":{"gitId":"Hidhid8"},"content":"import java.util.ArrayList;","lastModifiedDate":"2022-11-07"},{"lineNumber":6,"author":{"gitId":"Hidhid8"},"content":"import java.util.Scanner;","lastModifiedDate":"2022-11-07"},{"lineNumber":7,"author":{"gitId":"Hidhid8"},"content":"","lastModifiedDate":"2022-11-07"},{"lineNumber":8,"author":{"gitId":"Hidhid8"},"content":"// load tasks from file and save tasks in file","lastModifiedDate":"2022-11-07"},{"lineNumber":9,"author":{"gitId":"Hidhid8"},"content":"public class Storage {","lastModifiedDate":"2022-11-07"},{"lineNumber":10,"author":{"gitId":"Hidhid8"},"content":"    private static File f;","lastModifiedDate":"2022-11-07"},{"lineNumber":11,"author":{"gitId":"Hidhid8"},"content":"    private static String filePath;","lastModifiedDate":"2022-11-07"},{"lineNumber":12,"author":{"gitId":"Hidhid8"},"content":"    private static FileWriter fw;","lastModifiedDate":"2022-11-07"},{"lineNumber":13,"author":{"gitId":"Hidhid8"},"content":"","lastModifiedDate":"2022-11-07"},{"lineNumber":14,"author":{"gitId":"Hidhid8"},"content":"    public Storage(String filePath) {","lastModifiedDate":"2022-11-07"},{"lineNumber":15,"author":{"gitId":"Hidhid8"},"content":"        this.filePath \u003d filePath;","lastModifiedDate":"2022-11-07"},{"lineNumber":16,"author":{"gitId":"Hidhid8"},"content":"        f \u003d new File(filePath);","lastModifiedDate":"2022-11-07"},{"lineNumber":17,"author":{"gitId":"Hidhid8"},"content":"    }","lastModifiedDate":"2022-11-07"},{"lineNumber":18,"author":{"gitId":"Hidhid8"},"content":"","lastModifiedDate":"2022-11-07"},{"lineNumber":19,"author":{"gitId":"Hidhid8"},"content":"    public static void checkDir(File f) {","lastModifiedDate":"2022-11-07"},{"lineNumber":20,"author":{"gitId":"Hidhid8"},"content":"        if(!f.exists()) {","lastModifiedDate":"2022-11-07"},{"lineNumber":21,"author":{"gitId":"Hidhid8"},"content":"            File dir \u003d new File(\"data\");","lastModifiedDate":"2022-11-07"},{"lineNumber":22,"author":{"gitId":"Hidhid8"},"content":"            dir.mkdir();","lastModifiedDate":"2022-11-07"},{"lineNumber":23,"author":{"gitId":"Hidhid8"},"content":"        }","lastModifiedDate":"2022-11-07"},{"lineNumber":24,"author":{"gitId":"Hidhid8"},"content":"    }","lastModifiedDate":"2022-11-07"},{"lineNumber":25,"author":{"gitId":"Hidhid8"},"content":"","lastModifiedDate":"2022-11-07"},{"lineNumber":26,"author":{"gitId":"Hidhid8"},"content":"    public static void saveFile(ArrayList\u003cTask\u003e list) throws IOException {","lastModifiedDate":"2022-11-07"},{"lineNumber":27,"author":{"gitId":"Hidhid8"},"content":"        fw \u003d new FileWriter(filePath);","lastModifiedDate":"2022-11-07"},{"lineNumber":28,"author":{"gitId":"Hidhid8"},"content":"        String toPrint \u003d \"\";","lastModifiedDate":"2022-11-07"},{"lineNumber":29,"author":{"gitId":"Hidhid8"},"content":"        for (int i \u003d 0; i \u003c list.size(); i++) {","lastModifiedDate":"2022-11-07"},{"lineNumber":30,"author":{"gitId":"Hidhid8"},"content":"            if(i!\u003d0) {","lastModifiedDate":"2022-11-07"},{"lineNumber":31,"author":{"gitId":"Hidhid8"},"content":"                toPrint \u003d toPrint + \"\\n\";","lastModifiedDate":"2022-11-07"},{"lineNumber":32,"author":{"gitId":"Hidhid8"},"content":"            }","lastModifiedDate":"2022-11-07"},{"lineNumber":33,"author":{"gitId":"Hidhid8"},"content":"            toPrint \u003d toPrint + list.get(i).getTask();","lastModifiedDate":"2022-11-07"},{"lineNumber":34,"author":{"gitId":"Hidhid8"},"content":"        }","lastModifiedDate":"2022-11-07"},{"lineNumber":35,"author":{"gitId":"Hidhid8"},"content":"        fw.write(toPrint);","lastModifiedDate":"2022-11-07"},{"lineNumber":36,"author":{"gitId":"Hidhid8"},"content":"        fw.close();","lastModifiedDate":"2022-11-07"},{"lineNumber":37,"author":{"gitId":"Hidhid8"},"content":"    }","lastModifiedDate":"2022-11-07"},{"lineNumber":38,"author":{"gitId":"Hidhid8"},"content":"","lastModifiedDate":"2022-11-07"},{"lineNumber":39,"author":{"gitId":"Hidhid8"},"content":"    public static ArrayList\u003cTask\u003e loadFile() throws FileNotFoundException {","lastModifiedDate":"2022-11-07"},{"lineNumber":40,"author":{"gitId":"Hidhid8"},"content":"        checkDir(f);","lastModifiedDate":"2022-11-07"},{"lineNumber":41,"author":{"gitId":"Hidhid8"},"content":"        int count \u003d 0;","lastModifiedDate":"2022-11-07"},{"lineNumber":42,"author":{"gitId":"Hidhid8"},"content":"        ArrayList\u003cTask\u003e list \u003d new ArrayList\u003cTask\u003e();","lastModifiedDate":"2022-11-07"},{"lineNumber":43,"author":{"gitId":"Hidhid8"},"content":"        Scanner sc \u003d new Scanner(f);","lastModifiedDate":"2022-11-07"},{"lineNumber":44,"author":{"gitId":"Hidhid8"},"content":"        while (sc.hasNextLine()) {","lastModifiedDate":"2022-11-07"},{"lineNumber":45,"author":{"gitId":"Hidhid8"},"content":"            String s \u003d sc.nextLine(); // taking string line by line","lastModifiedDate":"2022-11-07"},{"lineNumber":46,"author":{"gitId":"Hidhid8"},"content":"            String[] arr \u003d s.split(\"\\\\Q|\\\\E\"); // splitting string into arrays (using | as delimiter)","lastModifiedDate":"2022-11-07"},{"lineNumber":47,"author":{"gitId":"Hidhid8"},"content":"            if(arr[0].equals(\"T\")) {","lastModifiedDate":"2022-11-07"},{"lineNumber":48,"author":{"gitId":"Hidhid8"},"content":"                list.add(count, new Todo(arr[2]));","lastModifiedDate":"2022-11-07"},{"lineNumber":49,"author":{"gitId":"Hidhid8"},"content":"                if(arr[1].equals(\"1\")){","lastModifiedDate":"2022-11-07"},{"lineNumber":50,"author":{"gitId":"Hidhid8"},"content":"                    list.get(count).setStatus(true);","lastModifiedDate":"2022-11-07"},{"lineNumber":51,"author":{"gitId":"Hidhid8"},"content":"                }","lastModifiedDate":"2022-11-07"},{"lineNumber":52,"author":{"gitId":"Hidhid8"},"content":"                count++;","lastModifiedDate":"2022-11-07"},{"lineNumber":53,"author":{"gitId":"Hidhid8"},"content":"            } else if (arr[0].equals(\"D\")) {","lastModifiedDate":"2022-11-07"},{"lineNumber":54,"author":{"gitId":"Hidhid8"},"content":"                list.add(count, new Deadline(arr[2], arr[3]));","lastModifiedDate":"2022-11-07"},{"lineNumber":55,"author":{"gitId":"Hidhid8"},"content":"                if(arr[1].equals(\"1\")){","lastModifiedDate":"2022-11-07"},{"lineNumber":56,"author":{"gitId":"Hidhid8"},"content":"                    list.get(count).setStatus(true);","lastModifiedDate":"2022-11-07"},{"lineNumber":57,"author":{"gitId":"Hidhid8"},"content":"                }","lastModifiedDate":"2022-11-07"},{"lineNumber":58,"author":{"gitId":"Hidhid8"},"content":"                count++;","lastModifiedDate":"2022-11-07"},{"lineNumber":59,"author":{"gitId":"Hidhid8"},"content":"            } else if (arr[0].equals(\"E\")) {","lastModifiedDate":"2022-11-07"},{"lineNumber":60,"author":{"gitId":"Hidhid8"},"content":"                list.add(count, new Event(arr[2], arr[3]));","lastModifiedDate":"2022-11-07"},{"lineNumber":61,"author":{"gitId":"Hidhid8"},"content":"                if(arr[1].equals(\"1\")){","lastModifiedDate":"2022-11-07"},{"lineNumber":62,"author":{"gitId":"Hidhid8"},"content":"                    list.get(count).setStatus(true);","lastModifiedDate":"2022-11-07"},{"lineNumber":63,"author":{"gitId":"Hidhid8"},"content":"                }","lastModifiedDate":"2022-11-07"},{"lineNumber":64,"author":{"gitId":"Hidhid8"},"content":"                count++;","lastModifiedDate":"2022-11-07"},{"lineNumber":65,"author":{"gitId":"Hidhid8"},"content":"            }","lastModifiedDate":"2022-11-07"},{"lineNumber":66,"author":{"gitId":"Hidhid8"},"content":"        }","lastModifiedDate":"2022-11-07"},{"lineNumber":67,"author":{"gitId":"Hidhid8"},"content":"        return list;","lastModifiedDate":"2022-11-07"},{"lineNumber":68,"author":{"gitId":"Hidhid8"},"content":"    }","lastModifiedDate":"2022-11-07"},{"lineNumber":69,"author":{"gitId":"Hidhid8"},"content":"}","lastModifiedDate":"2022-11-07"}],"authorContributionMap":{"Hidhid8":69}},{"path":"src/main/java/Task.java","fileType":"java","lines":[{"lineNumber":1,"author":{"gitId":"Hidhid8"},"content":"public abstract class Task {","lastModifiedDate":"2022-11-02"},{"lineNumber":2,"author":{"gitId":"Hidhid8"},"content":"    protected String name;","lastModifiedDate":"2022-09-26"},{"lineNumber":3,"author":{"gitId":"Hidhid8"},"content":"    protected boolean isDone \u003d false;","lastModifiedDate":"2022-11-02"},{"lineNumber":4,"author":{"gitId":"Hidhid8"},"content":"","lastModifiedDate":"2022-09-26"},{"lineNumber":5,"author":{"gitId":"Hidhid8"},"content":"    public Task(String name) {","lastModifiedDate":"2022-09-26"},{"lineNumber":6,"author":{"gitId":"Hidhid8"},"content":"        this.name \u003d name;","lastModifiedDate":"2022-09-26"},{"lineNumber":7,"author":{"gitId":"Hidhid8"},"content":"    }","lastModifiedDate":"2022-09-26"},{"lineNumber":8,"author":{"gitId":"Hidhid8"},"content":"","lastModifiedDate":"2022-09-26"},{"lineNumber":9,"author":{"gitId":"Hidhid8"},"content":"    public void setStatus (boolean isDone) {","lastModifiedDate":"2022-11-02"},{"lineNumber":10,"author":{"gitId":"Hidhid8"},"content":"        this.isDone \u003d isDone;","lastModifiedDate":"2022-11-02"},{"lineNumber":11,"author":{"gitId":"Hidhid8"},"content":"    }","lastModifiedDate":"2022-09-26"},{"lineNumber":12,"author":{"gitId":"Hidhid8"},"content":"","lastModifiedDate":"2022-09-26"},{"lineNumber":13,"author":{"gitId":"Hidhid8"},"content":"    public abstract String getTask();","lastModifiedDate":"2022-11-02"},{"lineNumber":14,"author":{"gitId":"Hidhid8"},"content":"}","lastModifiedDate":"2022-09-26"}],"authorContributionMap":{"Hidhid8":14}},{"path":"src/main/java/TaskList.java","fileType":"java","lines":[{"lineNumber":1,"author":{"gitId":"Hidhid8"},"content":"import java.util.ArrayList;","lastModifiedDate":"2022-11-07"},{"lineNumber":2,"author":{"gitId":"Hidhid8"},"content":"","lastModifiedDate":"2022-11-07"},{"lineNumber":3,"author":{"gitId":"Hidhid8"},"content":"public class TaskList {","lastModifiedDate":"2022-11-07"},{"lineNumber":4,"author":{"gitId":"Hidhid8"},"content":"    private static ArrayList\u003cTask\u003e list;","lastModifiedDate":"2022-11-07"},{"lineNumber":5,"author":{"gitId":"Hidhid8"},"content":"    //private static int count;","lastModifiedDate":"2022-11-07"},{"lineNumber":6,"author":{"gitId":"Hidhid8"},"content":"","lastModifiedDate":"2022-11-07"},{"lineNumber":7,"author":{"gitId":"Hidhid8"},"content":"    public TaskList(ArrayList\u003cTask\u003e list) {","lastModifiedDate":"2022-11-07"},{"lineNumber":8,"author":{"gitId":"Hidhid8"},"content":"        this.list \u003d list;","lastModifiedDate":"2022-11-07"},{"lineNumber":9,"author":{"gitId":"Hidhid8"},"content":"    }","lastModifiedDate":"2022-11-07"},{"lineNumber":10,"author":{"gitId":"Hidhid8"},"content":"","lastModifiedDate":"2022-11-07"},{"lineNumber":11,"author":{"gitId":"Hidhid8"},"content":"    public TaskList() {","lastModifiedDate":"2022-11-07"},{"lineNumber":12,"author":{"gitId":"Hidhid8"},"content":"        list \u003d new ArrayList\u003cTask\u003e ();","lastModifiedDate":"2022-11-07"},{"lineNumber":13,"author":{"gitId":"Hidhid8"},"content":"    }","lastModifiedDate":"2022-11-07"},{"lineNumber":14,"author":{"gitId":"Hidhid8"},"content":"","lastModifiedDate":"2022-11-07"},{"lineNumber":15,"author":{"gitId":"Hidhid8"},"content":"    public ArrayList\u003cTask\u003e getList() {","lastModifiedDate":"2022-11-07"},{"lineNumber":16,"author":{"gitId":"Hidhid8"},"content":"        return list;","lastModifiedDate":"2022-11-07"},{"lineNumber":17,"author":{"gitId":"Hidhid8"},"content":"    }","lastModifiedDate":"2022-11-07"},{"lineNumber":18,"author":{"gitId":"Hidhid8"},"content":"","lastModifiedDate":"2022-11-07"},{"lineNumber":19,"author":{"gitId":"Hidhid8"},"content":"    public String getTask(int i) {","lastModifiedDate":"2022-11-07"},{"lineNumber":20,"author":{"gitId":"Hidhid8"},"content":"        return list.get(i).getTask();","lastModifiedDate":"2022-11-07"},{"lineNumber":21,"author":{"gitId":"Hidhid8"},"content":"    }","lastModifiedDate":"2022-11-07"},{"lineNumber":22,"author":{"gitId":"Hidhid8"},"content":"","lastModifiedDate":"2022-11-07"},{"lineNumber":23,"author":{"gitId":"Hidhid8"},"content":"    public int size() {","lastModifiedDate":"2022-11-07"},{"lineNumber":24,"author":{"gitId":"Hidhid8"},"content":"       return list.size();","lastModifiedDate":"2022-11-07"},{"lineNumber":25,"author":{"gitId":"Hidhid8"},"content":"    }","lastModifiedDate":"2022-11-07"},{"lineNumber":26,"author":{"gitId":"Hidhid8"},"content":"","lastModifiedDate":"2022-11-07"},{"lineNumber":27,"author":{"gitId":"Hidhid8"},"content":"    public void addTodo(String description) {","lastModifiedDate":"2022-11-07"},{"lineNumber":28,"author":{"gitId":"Hidhid8"},"content":"        list.add(new Todo(description));","lastModifiedDate":"2022-11-07"},{"lineNumber":29,"author":{"gitId":"Hidhid8"},"content":"    }","lastModifiedDate":"2022-11-07"},{"lineNumber":30,"author":{"gitId":"Hidhid8"},"content":"","lastModifiedDate":"2022-11-07"},{"lineNumber":31,"author":{"gitId":"Hidhid8"},"content":"    public void addDeadline(String description, String due) {","lastModifiedDate":"2022-11-07"},{"lineNumber":32,"author":{"gitId":"Hidhid8"},"content":"        list.add(new Deadline(description, due));","lastModifiedDate":"2022-11-07"},{"lineNumber":33,"author":{"gitId":"Hidhid8"},"content":"    }","lastModifiedDate":"2022-11-07"},{"lineNumber":34,"author":{"gitId":"Hidhid8"},"content":"","lastModifiedDate":"2022-11-07"},{"lineNumber":35,"author":{"gitId":"Hidhid8"},"content":"    public void addEvent(String description, String due) {","lastModifiedDate":"2022-11-07"},{"lineNumber":36,"author":{"gitId":"Hidhid8"},"content":"        list.add(new Event(description, due));","lastModifiedDate":"2022-11-07"},{"lineNumber":37,"author":{"gitId":"Hidhid8"},"content":"    }","lastModifiedDate":"2022-11-07"},{"lineNumber":38,"author":{"gitId":"Hidhid8"},"content":"","lastModifiedDate":"2022-11-07"},{"lineNumber":39,"author":{"gitId":"Hidhid8"},"content":"    public void delete(int i) {","lastModifiedDate":"2022-11-07"},{"lineNumber":40,"author":{"gitId":"Hidhid8"},"content":"        list.remove(i-1);","lastModifiedDate":"2022-11-07"},{"lineNumber":41,"author":{"gitId":"Hidhid8"},"content":"    }","lastModifiedDate":"2022-11-07"},{"lineNumber":42,"author":{"gitId":"Hidhid8"},"content":"","lastModifiedDate":"2022-11-07"},{"lineNumber":43,"author":{"gitId":"Hidhid8"},"content":"    public void create(int i) {","lastModifiedDate":"2022-11-07"},{"lineNumber":44,"author":{"gitId":"Hidhid8"},"content":"        list.remove(i-1);","lastModifiedDate":"2022-11-07"},{"lineNumber":45,"author":{"gitId":"Hidhid8"},"content":"    }","lastModifiedDate":"2022-11-07"},{"lineNumber":46,"author":{"gitId":"Hidhid8"},"content":"","lastModifiedDate":"2022-11-07"},{"lineNumber":47,"author":{"gitId":"Hidhid8"},"content":"    public void done(int i) {","lastModifiedDate":"2022-11-07"},{"lineNumber":48,"author":{"gitId":"Hidhid8"},"content":"        list.get(i).setStatus(true);","lastModifiedDate":"2022-11-07"},{"lineNumber":49,"author":{"gitId":"Hidhid8"},"content":"    }","lastModifiedDate":"2022-11-07"},{"lineNumber":50,"author":{"gitId":"Hidhid8"},"content":"","lastModifiedDate":"2022-11-07"},{"lineNumber":51,"author":{"gitId":"Hidhid8"},"content":"    public void undone(int i) {","lastModifiedDate":"2022-11-07"},{"lineNumber":52,"author":{"gitId":"Hidhid8"},"content":"        list.get(i).setStatus(false);","lastModifiedDate":"2022-11-07"},{"lineNumber":53,"author":{"gitId":"Hidhid8"},"content":"    }","lastModifiedDate":"2022-11-07"},{"lineNumber":54,"author":{"gitId":"Hidhid8"},"content":"}","lastModifiedDate":"2022-11-07"}],"authorContributionMap":{"Hidhid8":54}},{"path":"src/main/java/Todo.java","fileType":"java","lines":[{"lineNumber":1,"author":{"gitId":"Hidhid8"},"content":"public class Todo extends Task {","lastModifiedDate":"2022-09-26"},{"lineNumber":2,"author":{"gitId":"Hidhid8"},"content":"","lastModifiedDate":"2022-09-26"},{"lineNumber":3,"author":{"gitId":"Hidhid8"},"content":"    public Todo(String name) {","lastModifiedDate":"2022-09-26"},{"lineNumber":4,"author":{"gitId":"Hidhid8"},"content":"        super(name);","lastModifiedDate":"2022-09-26"},{"lineNumber":5,"author":{"gitId":"Hidhid8"},"content":"    }","lastModifiedDate":"2022-09-26"},{"lineNumber":6,"author":{"gitId":"Hidhid8"},"content":"","lastModifiedDate":"2022-09-26"},{"lineNumber":7,"author":{"gitId":"Hidhid8"},"content":"    @Override","lastModifiedDate":"2022-09-26"},{"lineNumber":8,"author":{"gitId":"Hidhid8"},"content":"    public String getTask() {","lastModifiedDate":"2022-09-26"},{"lineNumber":9,"author":{"gitId":"Hidhid8"},"content":"        if(isDone) {","lastModifiedDate":"2022-11-02"},{"lineNumber":10,"author":{"gitId":"Hidhid8"},"content":"            return \"T|1|\" + name;","lastModifiedDate":"2022-11-02"},{"lineNumber":11,"author":{"gitId":"Hidhid8"},"content":"        } else {","lastModifiedDate":"2022-11-02"},{"lineNumber":12,"author":{"gitId":"Hidhid8"},"content":"            return \"T|0|\" + name;","lastModifiedDate":"2022-11-02"},{"lineNumber":13,"author":{"gitId":"Hidhid8"},"content":"        }","lastModifiedDate":"2022-09-26"},{"lineNumber":14,"author":{"gitId":"Hidhid8"},"content":"    }","lastModifiedDate":"2022-09-26"},{"lineNumber":15,"author":{"gitId":"Hidhid8"},"content":"}","lastModifiedDate":"2022-09-26"}],"authorContributionMap":{"Hidhid8":15}},{"path":"src/main/java/Ui.java","fileType":"java","lines":[{"lineNumber":1,"author":{"gitId":"Hidhid8"},"content":"import java.util.ArrayList;","lastModifiedDate":"2022-11-07"},{"lineNumber":2,"author":{"gitId":"Hidhid8"},"content":"import java.util.Scanner;","lastModifiedDate":"2022-11-07"},{"lineNumber":3,"author":{"gitId":"Hidhid8"},"content":"","lastModifiedDate":"2022-11-07"},{"lineNumber":4,"author":{"gitId":"Hidhid8"},"content":"public class Ui {","lastModifiedDate":"2022-11-07"},{"lineNumber":5,"author":{"gitId":"Hidhid8"},"content":"    private static String logo \u003d \" _______ ______ ___  ___ ______\\n\"","lastModifiedDate":"2022-11-07"},{"lineNumber":6,"author":{"gitId":"Hidhid8"},"content":"            + \"|_______|  __  |   \\\\/   |  __  |\\n\"","lastModifiedDate":"2022-11-07"},{"lineNumber":7,"author":{"gitId":"Hidhid8"},"content":"            + \"   | |  | |  | |  |\\\\/|  | |  | |\\n\"","lastModifiedDate":"2022-11-07"},{"lineNumber":8,"author":{"gitId":"Hidhid8"},"content":"            + \"   | |  | |__| |  |  |  | |__| |\\n\"","lastModifiedDate":"2022-11-07"},{"lineNumber":9,"author":{"gitId":"Hidhid8"},"content":"            + \"   |_|  |______|__|  |__|______|\\n\";","lastModifiedDate":"2022-11-07"},{"lineNumber":10,"author":{"gitId":"Hidhid8"},"content":"    private static String greet \u003d \"Hello! Tomo here.\\nWhat\u0027s up? ^_^\";","lastModifiedDate":"2022-11-07"},{"lineNumber":11,"author":{"gitId":"Hidhid8"},"content":"    private static Scanner in;","lastModifiedDate":"2022-11-07"},{"lineNumber":12,"author":{"gitId":"Hidhid8"},"content":"","lastModifiedDate":"2022-11-07"},{"lineNumber":13,"author":{"gitId":"Hidhid8"},"content":"    public Ui() {","lastModifiedDate":"2022-11-07"},{"lineNumber":14,"author":{"gitId":"Hidhid8"},"content":"","lastModifiedDate":"2022-11-07"},{"lineNumber":15,"author":{"gitId":"Hidhid8"},"content":"    }","lastModifiedDate":"2022-11-07"},{"lineNumber":16,"author":{"gitId":"Hidhid8"},"content":"","lastModifiedDate":"2022-11-07"},{"lineNumber":17,"author":{"gitId":"Hidhid8"},"content":"    public static void welcome() {","lastModifiedDate":"2022-11-07"},{"lineNumber":18,"author":{"gitId":"Hidhid8"},"content":"        System.out.println(logo);","lastModifiedDate":"2022-11-07"},{"lineNumber":19,"author":{"gitId":"Hidhid8"},"content":"        printBox(greet);","lastModifiedDate":"2022-11-07"},{"lineNumber":20,"author":{"gitId":"Hidhid8"},"content":"    }","lastModifiedDate":"2022-11-07"},{"lineNumber":21,"author":{"gitId":"Hidhid8"},"content":"","lastModifiedDate":"2022-11-07"},{"lineNumber":22,"author":{"gitId":"Hidhid8"},"content":"","lastModifiedDate":"2022-11-07"},{"lineNumber":23,"author":{"gitId":"Hidhid8"},"content":"    public static String userInput() {","lastModifiedDate":"2022-11-07"},{"lineNumber":24,"author":{"gitId":"Hidhid8"},"content":"        in \u003d new Scanner(System.in);","lastModifiedDate":"2022-11-07"},{"lineNumber":25,"author":{"gitId":"Hidhid8"},"content":"        String input \u003d in.nextLine();","lastModifiedDate":"2022-11-07"},{"lineNumber":26,"author":{"gitId":"Hidhid8"},"content":"        return input;","lastModifiedDate":"2022-11-07"},{"lineNumber":27,"author":{"gitId":"Hidhid8"},"content":"    }","lastModifiedDate":"2022-11-07"},{"lineNumber":28,"author":{"gitId":"Hidhid8"},"content":"","lastModifiedDate":"2022-11-07"},{"lineNumber":29,"author":{"gitId":"Hidhid8"},"content":"    public static void printBox(String words) {","lastModifiedDate":"2022-11-07"},{"lineNumber":30,"author":{"gitId":"Hidhid8"},"content":"        System.out.println(\"_____________________________________________\");","lastModifiedDate":"2022-11-07"},{"lineNumber":31,"author":{"gitId":"Hidhid8"},"content":"        System.out.println(words);","lastModifiedDate":"2022-11-07"},{"lineNumber":32,"author":{"gitId":"Hidhid8"},"content":"        System.out.println(\"_____________________________________________\");","lastModifiedDate":"2022-11-07"},{"lineNumber":33,"author":{"gitId":"Hidhid8"},"content":"    }","lastModifiedDate":"2022-11-07"},{"lineNumber":34,"author":{"gitId":"Hidhid8"},"content":"","lastModifiedDate":"2022-11-07"},{"lineNumber":35,"author":{"gitId":"Hidhid8"},"content":"    public static void printArray(ArrayList\u003cTask\u003e list, int length) {","lastModifiedDate":"2022-11-07"},{"lineNumber":36,"author":{"gitId":"Hidhid8"},"content":"        String toPrint \u003d \"Checklist:\";","lastModifiedDate":"2022-11-07"},{"lineNumber":37,"author":{"gitId":"Hidhid8"},"content":"        for (int i \u003d 0; i \u003c length; i++) {","lastModifiedDate":"2022-11-07"},{"lineNumber":38,"author":{"gitId":"Hidhid8"},"content":"            int n \u003d i+1;","lastModifiedDate":"2022-11-07"},{"lineNumber":39,"author":{"gitId":"Hidhid8"},"content":"            toPrint \u003d toPrint + \"\\n\" + n + \") \";","lastModifiedDate":"2022-11-07"},{"lineNumber":40,"author":{"gitId":"Hidhid8"},"content":"            toPrint \u003d toPrint + list.get(i).getTask();","lastModifiedDate":"2022-11-07"},{"lineNumber":41,"author":{"gitId":"Hidhid8"},"content":"        }","lastModifiedDate":"2022-11-07"},{"lineNumber":42,"author":{"gitId":"Hidhid8"},"content":"        printBox(toPrint);","lastModifiedDate":"2022-11-07"},{"lineNumber":43,"author":{"gitId":"Hidhid8"},"content":"    }","lastModifiedDate":"2022-11-07"},{"lineNumber":44,"author":{"gitId":"Hidhid8"},"content":"}","lastModifiedDate":"2022-11-07"}],"authorContributionMap":{"Hidhid8":44}}]
