{"authorDailyContributionsMap":{"Hidhid8":[{"date":"2022-09-06","commitResults":[{"hash":"7172da3b8770fab1a3e69473854dd5b4bd1772fa","messageTitle":"Changed chatbot name/logo and added a hello and goodbye greeting","messageBody":"","tags":["Level-0"],"fileTypesAndContributionMap":{"java":{"insertions":13,"deletions":6}}}]},{"date":"2022-09-09","commitResults":[{"hash":"5ef9a2cf50557403cb10bde0e466bce80bface23","messageTitle":"echo user input and exit when user enters \u0027bye\u0027","messageBody":"","tags":["Level-1"],"fileTypesAndContributionMap":{"java":{"insertions":22,"deletions":6}}},{"hash":"1eea39a8853fde3d89330d748754047ec0056541","messageTitle":"store user input in array and display it as a list when requested.","messageBody":"","tags":["Level-2"],"fileTypesAndContributionMap":{"java":{"insertions":20,"deletions":3}}}]},{"date":"2022-09-14","commitResults":[{"hash":"049485d12ef1298be60451301553bf721358ccff","messageTitle":"allow user to mark and unmark tasks","messageBody":"","tags":["Level-3"],"fileTypesAndContributionMap":{"java":{"insertions":24,"deletions":11}}}]}]},"authorFileTypeContributionMap":{"Hidhid8":{"java":59,"md":0,"fxml":0,"sh":0,"bat":0,"gradle":0,"txt":0}},"authorContributionVariance":{"Hidhid8":102.54917},"authorDisplayNameMap":{"Hidhid8":"NUR ..ALIM"}}
