{"authorDailyContributionsMap":{"qwchua":[{"date":"2022-08-28","commitResults":[{"hash":"117ea37e5ab1c7ef13e75dc2afb51028e700fcad","messageTitle":"Change Duke to CatBot","messageBody":"","fileTypesAndContributionMap":{"java":{"insertions":27,"deletions":10},"bat":{"insertions":1,"deletions":1},"md":{"insertions":2,"deletions":2}}}]},{"date":"2022-08-29","commitResults":[{"hash":"c2527ec490cb347cb5edc962b425c3b1ad8cecd7","messageTitle":"add Request class","messageBody":"","fileTypesAndContributionMap":{"java":{"insertions":11,"deletions":0}}},{"hash":"ab55640cf634557c0c6e8626e1a75503413bbf1a","messageTitle":"add feature Greet, Echo, Exit","messageBody":"","tags":["Level-1"],"fileTypesAndContributionMap":{"java":{"insertions":22,"deletions":3}}},{"hash":"495cde6296cceeaecca41a53c9233481e649d6af","messageTitle":"add level 2 features (add,list)","messageBody":"","tags":["Level-2"],"fileTypesAndContributionMap":{"java":{"insertions":13,"deletions":1}}}]},{"date":"2022-09-06","commitResults":[{"hash":"a074a73917cc84250e4aebd51bc0ac9137e0572d","messageTitle":"add level 3 features","messageBody":"","tags":["Level-3"],"fileTypesAndContributionMap":{"java":{"insertions":72,"deletions":22}}}]},{"date":"2022-09-11","commitResults":[{"hash":"a3fa3c751575383e666d75892b63091e00ffdaf1","messageTitle":"add level 4 features ToDos, Events, Deadlines","messageBody":"","tags":["Level-4"],"fileTypesAndContributionMap":{"txt":{"insertions":2,"deletions":0},"java":{"insertions":82,"deletions":14}}}]},{"date":"2022-09-12","commitResults":[{"hash":"dbeed365104333464d12bf0843234cff7c6b3c72","messageTitle":"add level 5 features(Handle errors)","messageBody":"","fileTypesAndContributionMap":{"java":{"insertions":73,"deletions":14}}},{"hash":"f2ee3dceaecdbc0283f131d508005a01ddba4911","messageTitle":"add level 6 features (Delete)","messageBody":"","tags":["Level-6"],"fileTypesAndContributionMap":{"java":{"insertions":30,"deletions":16}}}]},{"date":"2022-10-05","commitResults":[{"hash":"2af2127cb28278a1512a500cc294ed39f0422f00","messageTitle":"add level 7 and Level 7 A-MoreOOP","messageBody":"","fileTypesAndContributionMap":{"txt":{"insertions":4,"deletions":0},"java":{"insertions":518,"deletions":175}}}]}]},"authorFileTypeContributionMap":{"qwchua":{"java":603,"md":2,"fxml":0,"sh":0,"bat":1,"gradle":0,"txt":6}},"authorContributionVariance":{"qwchua":8562.972},"authorDisplayNameMap":{"qwchua":"CHUA..WANG"}}
