{"authorDailyContributionsMap":{"qwchua":[{"date":"2022-08-28","commitResults":[{"hash":"117ea37e5ab1c7ef13e75dc2afb51028e700fcad","messageTitle":"Change Duke to CatBot","messageBody":"","fileTypesAndContributionMap":{"java":{"insertions":27,"deletions":10},"bat":{"insertions":1,"deletions":1},"md":{"insertions":2,"deletions":2}}}]},{"date":"2022-08-29","commitResults":[{"hash":"c2527ec490cb347cb5edc962b425c3b1ad8cecd7","messageTitle":"add Request class","messageBody":"","fileTypesAndContributionMap":{"java":{"insertions":11,"deletions":0}}},{"hash":"ab55640cf634557c0c6e8626e1a75503413bbf1a","messageTitle":"add feature Greet, Echo, Exit","messageBody":"","tags":["Level-1"],"fileTypesAndContributionMap":{"java":{"insertions":22,"deletions":3}}},{"hash":"495cde6296cceeaecca41a53c9233481e649d6af","messageTitle":"add level 2 features (add,list)","messageBody":"","tags":["Level-2"],"fileTypesAndContributionMap":{"java":{"insertions":13,"deletions":1}}}]},{"date":"2022-09-06","commitResults":[{"hash":"a074a73917cc84250e4aebd51bc0ac9137e0572d","messageTitle":"add level 3 features","messageBody":"","tags":["Level-3"],"fileTypesAndContributionMap":{"java":{"insertions":72,"deletions":22}}}]},{"date":"2022-09-11","commitResults":[{"hash":"a3fa3c751575383e666d75892b63091e00ffdaf1","messageTitle":"add level 4 features ToDos, Events, Deadlines","messageBody":"","tags":["Level-4"],"fileTypesAndContributionMap":{"txt":{"insertions":2,"deletions":0},"java":{"insertions":82,"deletions":14}}}]},{"date":"2022-09-12","commitResults":[{"hash":"dbeed365104333464d12bf0843234cff7c6b3c72","messageTitle":"add level 5 features(Handle errors)","messageBody":"","fileTypesAndContributionMap":{"java":{"insertions":73,"deletions":14}}},{"hash":"f2ee3dceaecdbc0283f131d508005a01ddba4911","messageTitle":"add level 6 features (Delete)","messageBody":"","tags":["Level-6"],"fileTypesAndContributionMap":{"java":{"insertions":30,"deletions":16}}}]},{"date":"2022-10-05","commitResults":[{"hash":"2af2127cb28278a1512a500cc294ed39f0422f00","messageTitle":"add level 7 and Level 7 A-MoreOOP","messageBody":"","tags":["Level-7A-moreOOP"],"fileTypesAndContributionMap":{"txt":{"insertions":4,"deletions":0},"java":{"insertions":518,"deletions":175}}}]},{"date":"2022-10-24","commitResults":[{"hash":"7e6cd310a27554024d11da789a8796bd924c898c","messageTitle":"added search feature","messageBody":"","fileTypesAndContributionMap":{"txt":{"insertions":1,"deletions":0},"java":{"insertions":42,"deletions":7}}},{"hash":"8bd6c5bb8709e86cdff8a91941c64f27b374ab02","messageTitle":"add level 7-A-Packages","messageBody":"","tags":["Level-7A-Packages"],"fileTypesAndContributionMap":{"java":{"insertions":164,"deletions":18},"bat":{"insertions":1,"deletions":1},"md":{"insertions":2,"deletions":2}}}]},{"date":"2022-10-25","commitResults":[{"hash":"769c8bcdad7c20fa1fa6add967f54679a6cbce46","messageTitle":"add level 8 Dates and Time","messageBody":"","tags":["Level-8"],"fileTypesAndContributionMap":{"txt":{"insertions":2,"deletions":5},"java":{"insertions":133,"deletions":55}}},{"hash":"18613ddbf316a59f8a0fec5636b34ee909d87a82","messageTitle":"add gradle","messageBody":"","fileTypesAndContributionMap":{"gradle":{"insertions":1,"deletions":1},"txt":{"insertions":1,"deletions":0},"java":{"insertions":12,"deletions":0}}}]},{"date":"2022-10-26","commitResults":[{"hash":"d5d4e71bdf5a0962ec708fad41d1180563b09f54","messageTitle":"add level 9 find and DetectDuplicates","messageBody":"","fileTypesAndContributionMap":{"txt":{"insertions":0,"deletions":1},"java":{"insertions":173,"deletions":108}}},{"hash":"45fe02acb4e7ecfb5ecb1c1d12db78fbd9e5fa75","messageTitle":"add level 10 second feature Statistics","messageBody":"","fileTypesAndContributionMap":{"txt":{"insertions":8,"deletions":1},"java":{"insertions":175,"deletions":66}}}]},{"date":"2022-11-13","commitResults":[{"hash":"5b429c6faaf9f0adb37e59607858033ce897dcd7","messageTitle":"add JavaDocs and more Tests","messageBody":"","fileTypesAndContributionMap":{"txt":{"insertions":1,"deletions":3},"java":{"insertions":336,"deletions":28}}},{"hash":"219edaf0896662ffe67a51798fc319a82a919361","messageTitle":"reformat code","messageBody":"","fileTypesAndContributionMap":{"java":{"insertions":179,"deletions":187}}},{"hash":"07e4b99fbafc8eb8d50682d188be05b2afd132e7","messageTitle":"Final commit","messageBody":"","tags":["Level-10"],"fileTypesAndContributionMap":{"gradle":{"insertions":1,"deletions":1},"txt":{"insertions":6,"deletions":7},"java":{"insertions":3,"deletions":15}}}]}]},"authorFileTypeContributionMap":{"qwchua":{"java":1336,"md":3,"fxml":0,"sh":0,"bat":1,"gradle":2,"txt":8}},"authorContributionVariance":{"qwchua":14436.346},"authorDisplayNameMap":{"qwchua":"CHUA..WANG"}}
