[{"path":"src/main/java/Deadline.java","fileType":"java","lines":[{"lineNumber":1,"author":{"gitId":"nikhilo0"},"content":"public class Deadline extends Task {","lastModifiedDate":"2022-10-08"},{"lineNumber":2,"author":{"gitId":"nikhilo0"},"content":"    protected String by;","lastModifiedDate":"2022-10-08"},{"lineNumber":3,"author":{"gitId":"nikhilo0"},"content":"    //protected boolean isDone;","lastModifiedDate":"2022-10-08"},{"lineNumber":4,"author":{"gitId":"nikhilo0"},"content":"","lastModifiedDate":"2022-10-08"},{"lineNumber":5,"author":{"gitId":"nikhilo0"},"content":"    public Deadline(String description, String by) {","lastModifiedDate":"2022-10-08"},{"lineNumber":6,"author":{"gitId":"nikhilo0"},"content":"        super(description);","lastModifiedDate":"2022-10-08"},{"lineNumber":7,"author":{"gitId":"nikhilo0"},"content":"        this.by \u003d by;","lastModifiedDate":"2022-10-08"},{"lineNumber":8,"author":{"gitId":"nikhilo0"},"content":"        this.isDone\u003d false;","lastModifiedDate":"2022-10-08"},{"lineNumber":9,"author":{"gitId":"nikhilo0"},"content":"    }","lastModifiedDate":"2022-10-08"},{"lineNumber":10,"author":{"gitId":"nikhilo0"},"content":"","lastModifiedDate":"2022-10-08"},{"lineNumber":11,"author":{"gitId":"nikhilo0"},"content":"    public void setBy(String by) {","lastModifiedDate":"2022-10-08"},{"lineNumber":12,"author":{"gitId":"nikhilo0"},"content":"        this.by \u003d by;","lastModifiedDate":"2022-10-08"},{"lineNumber":13,"author":{"gitId":"nikhilo0"},"content":"    }","lastModifiedDate":"2022-10-08"},{"lineNumber":14,"author":{"gitId":"nikhilo0"},"content":"","lastModifiedDate":"2022-10-08"},{"lineNumber":15,"author":{"gitId":"nikhilo0"},"content":"    public String getBy() {","lastModifiedDate":"2022-10-08"},{"lineNumber":16,"author":{"gitId":"nikhilo0"},"content":"        return by;","lastModifiedDate":"2022-10-08"},{"lineNumber":17,"author":{"gitId":"nikhilo0"},"content":"    }","lastModifiedDate":"2022-10-08"},{"lineNumber":18,"author":{"gitId":"nikhilo0"},"content":"","lastModifiedDate":"2022-10-08"},{"lineNumber":19,"author":{"gitId":"nikhilo0"},"content":"","lastModifiedDate":"2022-10-08"},{"lineNumber":20,"author":{"gitId":"nikhilo0"},"content":"    @Override","lastModifiedDate":"2022-10-08"},{"lineNumber":21,"author":{"gitId":"nikhilo0"},"content":"    public String toString() {","lastModifiedDate":"2022-10-08"},{"lineNumber":22,"author":{"gitId":"nikhilo0"},"content":"        return \"[D]\" + super.toString() + \" (by: \" + by + \")\";","lastModifiedDate":"2022-10-08"},{"lineNumber":23,"author":{"gitId":"nikhilo0"},"content":"    }","lastModifiedDate":"2022-10-08"},{"lineNumber":24,"author":{"gitId":"nikhilo0"},"content":"","lastModifiedDate":"2022-10-08"},{"lineNumber":25,"author":{"gitId":"nikhilo0"},"content":"","lastModifiedDate":"2022-10-08"},{"lineNumber":26,"author":{"gitId":"nikhilo0"},"content":"}","lastModifiedDate":"2022-10-08"},{"lineNumber":27,"author":{"gitId":"nikhilo0"},"content":"","lastModifiedDate":"2022-10-08"}],"authorContributionMap":{"nikhilo0":27}},{"path":"src/main/java/Duke.java","fileType":"java","lines":[{"lineNumber":1,"author":{"gitId":"nikhilo0"},"content":"import java.util.Scanner;","lastModifiedDate":"2022-09-10"},{"lineNumber":2,"author":{"gitId":"nikhilo0"},"content":"import java.util.Arrays;","lastModifiedDate":"2022-09-10"},{"lineNumber":3,"author":{"gitId":"nikhilo0"},"content":"","lastModifiedDate":"2022-09-10"},{"lineNumber":4,"author":{"gitId":"nikhilo0"},"content":"","lastModifiedDate":"2022-09-10"},{"lineNumber":5,"author":{"gitId":"-"},"content":"public class Duke {","lastModifiedDate":"2019-07-29"},{"lineNumber":6,"author":{"gitId":"nikhilo0"},"content":"","lastModifiedDate":"2022-09-10"},{"lineNumber":7,"author":{"gitId":"nikhilo0"},"content":"    //public static String taskname(int num) {","lastModifiedDate":"2022-09-10"},{"lineNumber":8,"author":{"gitId":"nikhilo0"},"content":"","lastModifiedDate":"2022-09-10"},{"lineNumber":9,"author":{"gitId":"nikhilo0"},"content":"    //}","lastModifiedDate":"2022-09-10"},{"lineNumber":10,"author":{"gitId":"nikhilo0"},"content":"","lastModifiedDate":"2022-09-10"},{"lineNumber":11,"author":{"gitId":"nikhilo0"},"content":"","lastModifiedDate":"2022-09-10"},{"lineNumber":12,"author":{"gitId":"-"},"content":"    public static void main(String[] args) {","lastModifiedDate":"2019-07-29"},{"lineNumber":13,"author":{"gitId":"-"},"content":"        String logo \u003d \" ____        _        \\n\"","lastModifiedDate":"2019-07-29"},{"lineNumber":14,"author":{"gitId":"-"},"content":"                + \"|  _ \\\\ _   _| | _____ \\n\"","lastModifiedDate":"2019-07-29"},{"lineNumber":15,"author":{"gitId":"-"},"content":"                + \"| | | | | | | |/ / _ \\\\\\n\"","lastModifiedDate":"2019-07-29"},{"lineNumber":16,"author":{"gitId":"-"},"content":"                + \"| |_| | |_| |   \u003c  __/\\n\"","lastModifiedDate":"2019-07-29"},{"lineNumber":17,"author":{"gitId":"-"},"content":"                + \"|____/ \\\\__,_|_|\\\\_\\\\___|\\n\";","lastModifiedDate":"2019-07-29"},{"lineNumber":18,"author":{"gitId":"-"},"content":"        System.out.println(\"Hello from\\n\" + logo);","lastModifiedDate":"2019-07-29"},{"lineNumber":19,"author":{"gitId":"nikhilo0"},"content":"        System.out.println(\"Hello there! I\u0027m Duke\\nWhat\u0027s on your mind today?\");","lastModifiedDate":"2022-09-10"},{"lineNumber":20,"author":{"gitId":"nikhilo0"},"content":"        //String[] com\u003d new String[100];","lastModifiedDate":"2022-09-10"},{"lineNumber":21,"author":{"gitId":"nikhilo0"},"content":"        Task[] t\u003d new Task[10];","lastModifiedDate":"2022-09-10"},{"lineNumber":22,"author":{"gitId":"nikhilo0"},"content":"        String temp;","lastModifiedDate":"2022-09-10"},{"lineNumber":23,"author":{"gitId":"nikhilo0"},"content":"        int i\u003d1;","lastModifiedDate":"2022-09-10"},{"lineNumber":24,"author":{"gitId":"nikhilo0"},"content":"        int j\u003d0;","lastModifiedDate":"2022-09-10"},{"lineNumber":25,"author":{"gitId":"nikhilo0"},"content":"        while(i\u003d\u003d1){","lastModifiedDate":"2022-09-10"},{"lineNumber":26,"author":{"gitId":"nikhilo0"},"content":"            Scanner in \u003d new Scanner(System.in);","lastModifiedDate":"2022-09-10"},{"lineNumber":27,"author":{"gitId":"nikhilo0"},"content":"            temp \u003d in.nextLine();","lastModifiedDate":"2022-09-10"},{"lineNumber":28,"author":{"gitId":"nikhilo0"},"content":"","lastModifiedDate":"2022-09-10"},{"lineNumber":29,"author":{"gitId":"nikhilo0"},"content":"            if(temp.equals(\"list\")){","lastModifiedDate":"2022-09-10"},{"lineNumber":30,"author":{"gitId":"nikhilo0"},"content":"                System.out.println(\"\\nContent of your List\\n\");","lastModifiedDate":"2022-10-08"},{"lineNumber":31,"author":{"gitId":"nikhilo0"},"content":"","lastModifiedDate":"2022-09-10"},{"lineNumber":32,"author":{"gitId":"nikhilo0"},"content":"                for(int k\u003d0;k\u003cj;k++){","lastModifiedDate":"2022-09-10"},{"lineNumber":33,"author":{"gitId":"nikhilo0"},"content":"                //    System.out.println(k+1 + \". [\"+t[k].getStatusIcon()+\"] \" + t[k].getDescription() +\"\\n\");","lastModifiedDate":"2022-10-08"},{"lineNumber":34,"author":{"gitId":"nikhilo0"},"content":"                    System.out.println(k+1 + \". \"+t[k]);","lastModifiedDate":"2022-10-08"},{"lineNumber":35,"author":{"gitId":"nikhilo0"},"content":"","lastModifiedDate":"2022-10-08"},{"lineNumber":36,"author":{"gitId":"nikhilo0"},"content":"                }","lastModifiedDate":"2022-09-10"},{"lineNumber":37,"author":{"gitId":"nikhilo0"},"content":"                System.out.println(\"\\nEnd of list\\n\");","lastModifiedDate":"2022-10-08"},{"lineNumber":38,"author":{"gitId":"nikhilo0"},"content":"","lastModifiedDate":"2022-09-10"},{"lineNumber":39,"author":{"gitId":"nikhilo0"},"content":"            }","lastModifiedDate":"2022-09-10"},{"lineNumber":40,"author":{"gitId":"nikhilo0"},"content":"            else if(temp.equals(\"bye\")){","lastModifiedDate":"2022-09-10"},{"lineNumber":41,"author":{"gitId":"nikhilo0"},"content":"                i\u003d0;","lastModifiedDate":"2022-09-10"},{"lineNumber":42,"author":{"gitId":"nikhilo0"},"content":"            }","lastModifiedDate":"2022-09-10"},{"lineNumber":43,"author":{"gitId":"nikhilo0"},"content":"","lastModifiedDate":"2022-09-10"},{"lineNumber":44,"author":{"gitId":"nikhilo0"},"content":"            else if (temp.substring(0,3).equals(\"unm\")) {","lastModifiedDate":"2022-09-10"},{"lineNumber":45,"author":{"gitId":"nikhilo0"},"content":"                //unmark","lastModifiedDate":"2022-09-10"},{"lineNumber":46,"author":{"gitId":"nikhilo0"},"content":"                int num\u003d Integer.parseInt(temp.substring(7));","lastModifiedDate":"2022-09-10"},{"lineNumber":47,"author":{"gitId":"nikhilo0"},"content":"                t[num-1].markAsUndone();","lastModifiedDate":"2022-09-10"},{"lineNumber":48,"author":{"gitId":"nikhilo0"},"content":"                System.out.println(t[num-1]+ \"\\n\");","lastModifiedDate":"2022-10-08"},{"lineNumber":49,"author":{"gitId":"nikhilo0"},"content":"            }","lastModifiedDate":"2022-09-10"},{"lineNumber":50,"author":{"gitId":"nikhilo0"},"content":"","lastModifiedDate":"2022-09-10"},{"lineNumber":51,"author":{"gitId":"nikhilo0"},"content":"            else if (temp.substring(0,3).equals(\"mar\")) {","lastModifiedDate":"2022-09-10"},{"lineNumber":52,"author":{"gitId":"nikhilo0"},"content":"                //mark","lastModifiedDate":"2022-09-10"},{"lineNumber":53,"author":{"gitId":"nikhilo0"},"content":"                int num\u003d Integer.parseInt(temp.substring(5));","lastModifiedDate":"2022-09-10"},{"lineNumber":54,"author":{"gitId":"nikhilo0"},"content":"                t[num-1].markAsDone();","lastModifiedDate":"2022-09-10"},{"lineNumber":55,"author":{"gitId":"nikhilo0"},"content":"                System.out.println(t[num-1]+ \"\\n\");","lastModifiedDate":"2022-10-08"},{"lineNumber":56,"author":{"gitId":"nikhilo0"},"content":"","lastModifiedDate":"2022-10-08"},{"lineNumber":57,"author":{"gitId":"nikhilo0"},"content":"            }","lastModifiedDate":"2022-10-08"},{"lineNumber":58,"author":{"gitId":"nikhilo0"},"content":"            else if (temp.substring(0,4).equals(\"todo\")){","lastModifiedDate":"2022-10-08"},{"lineNumber":59,"author":{"gitId":"nikhilo0"},"content":"","lastModifiedDate":"2022-10-08"},{"lineNumber":60,"author":{"gitId":"nikhilo0"},"content":"                t[j]\u003d new Todo(temp);","lastModifiedDate":"2022-10-08"},{"lineNumber":61,"author":{"gitId":"nikhilo0"},"content":"                j++;","lastModifiedDate":"2022-10-08"},{"lineNumber":62,"author":{"gitId":"nikhilo0"},"content":"                System.out.println(\"The task has been successfully added to your list!\");","lastModifiedDate":"2022-10-08"},{"lineNumber":63,"author":{"gitId":"nikhilo0"},"content":"                System.out.println(t[j-1]);","lastModifiedDate":"2022-10-08"},{"lineNumber":64,"author":{"gitId":"nikhilo0"},"content":"                System.out.println(\"Now you have \"+ j +\" tasks in your list\\n\");","lastModifiedDate":"2022-10-08"},{"lineNumber":65,"author":{"gitId":"nikhilo0"},"content":"","lastModifiedDate":"2022-09-10"},{"lineNumber":66,"author":{"gitId":"nikhilo0"},"content":"            }","lastModifiedDate":"2022-09-10"},{"lineNumber":67,"author":{"gitId":"nikhilo0"},"content":"            else if (temp.substring(0,8).equals(\"deadline\")){","lastModifiedDate":"2022-10-08"},{"lineNumber":68,"author":{"gitId":"nikhilo0"},"content":"","lastModifiedDate":"2022-10-08"},{"lineNumber":69,"author":{"gitId":"nikhilo0"},"content":"                int index\u003d temp.indexOf(\u0027/\u0027);","lastModifiedDate":"2022-10-08"},{"lineNumber":70,"author":{"gitId":"nikhilo0"},"content":"","lastModifiedDate":"2022-10-08"},{"lineNumber":71,"author":{"gitId":"nikhilo0"},"content":"                t[j]\u003d new Deadline(temp.substring(9,index), temp.substring(index+1));","lastModifiedDate":"2022-10-08"},{"lineNumber":72,"author":{"gitId":"nikhilo0"},"content":"","lastModifiedDate":"2022-09-10"},{"lineNumber":73,"author":{"gitId":"nikhilo0"},"content":"                j++;","lastModifiedDate":"2022-09-10"},{"lineNumber":74,"author":{"gitId":"nikhilo0"},"content":"","lastModifiedDate":"2022-10-08"},{"lineNumber":75,"author":{"gitId":"nikhilo0"},"content":"                System.out.println(\"The task has been successfully added to your list!\");","lastModifiedDate":"2022-10-08"},{"lineNumber":76,"author":{"gitId":"nikhilo0"},"content":"                System.out.println(t[j-1]);","lastModifiedDate":"2022-10-08"},{"lineNumber":77,"author":{"gitId":"nikhilo0"},"content":"                System.out.println(\"Now you have \"+ j +\" tasks in your list\\n\");","lastModifiedDate":"2022-10-08"},{"lineNumber":78,"author":{"gitId":"nikhilo0"},"content":"            }","lastModifiedDate":"2022-10-08"},{"lineNumber":79,"author":{"gitId":"nikhilo0"},"content":"            else if (temp.substring(0,5).equals(\"event\")){","lastModifiedDate":"2022-10-08"},{"lineNumber":80,"author":{"gitId":"nikhilo0"},"content":"","lastModifiedDate":"2022-10-08"},{"lineNumber":81,"author":{"gitId":"nikhilo0"},"content":"                int index\u003d temp.indexOf(\u0027/\u0027);","lastModifiedDate":"2022-10-08"},{"lineNumber":82,"author":{"gitId":"nikhilo0"},"content":"","lastModifiedDate":"2022-10-08"},{"lineNumber":83,"author":{"gitId":"nikhilo0"},"content":"                t[j]\u003d new Event(temp.substring(6,index), temp.substring(index+1));","lastModifiedDate":"2022-10-08"},{"lineNumber":84,"author":{"gitId":"nikhilo0"},"content":"","lastModifiedDate":"2022-10-08"},{"lineNumber":85,"author":{"gitId":"nikhilo0"},"content":"                j++;","lastModifiedDate":"2022-10-08"},{"lineNumber":86,"author":{"gitId":"nikhilo0"},"content":"","lastModifiedDate":"2022-10-08"},{"lineNumber":87,"author":{"gitId":"nikhilo0"},"content":"                System.out.println(\"The task has been successfully added to your list!\");","lastModifiedDate":"2022-10-08"},{"lineNumber":88,"author":{"gitId":"nikhilo0"},"content":"                System.out.println(t[j-1]);","lastModifiedDate":"2022-10-08"},{"lineNumber":89,"author":{"gitId":"nikhilo0"},"content":"                System.out.println(\"Now you have \"+ j +\" tasks in your list\\n\");","lastModifiedDate":"2022-10-08"},{"lineNumber":90,"author":{"gitId":"nikhilo0"},"content":"            }","lastModifiedDate":"2022-09-10"},{"lineNumber":91,"author":{"gitId":"nikhilo0"},"content":"","lastModifiedDate":"2022-09-10"},{"lineNumber":92,"author":{"gitId":"nikhilo0"},"content":"        }","lastModifiedDate":"2022-09-10"},{"lineNumber":93,"author":{"gitId":"nikhilo0"},"content":"        System.out.println(\"Byeee!! See you Again!!\");","lastModifiedDate":"2022-09-10"},{"lineNumber":94,"author":{"gitId":"-"},"content":"    }","lastModifiedDate":"2019-07-29"},{"lineNumber":95,"author":{"gitId":"-"},"content":"}","lastModifiedDate":"2019-07-29"}],"authorContributionMap":{"nikhilo0":85,"-":10}},{"path":"src/main/java/Event.java","fileType":"java","lines":[{"lineNumber":1,"author":{"gitId":"nikhilo0"},"content":"public class Event extends Task {","lastModifiedDate":"2022-10-08"},{"lineNumber":2,"author":{"gitId":"nikhilo0"},"content":"","lastModifiedDate":"2022-10-08"},{"lineNumber":3,"author":{"gitId":"nikhilo0"},"content":"    protected String at;","lastModifiedDate":"2022-10-08"},{"lineNumber":4,"author":{"gitId":"nikhilo0"},"content":"","lastModifiedDate":"2022-10-08"},{"lineNumber":5,"author":{"gitId":"nikhilo0"},"content":"    public Event(String description, String at) {","lastModifiedDate":"2022-10-08"},{"lineNumber":6,"author":{"gitId":"nikhilo0"},"content":"        super(description);","lastModifiedDate":"2022-10-08"},{"lineNumber":7,"author":{"gitId":"nikhilo0"},"content":"        this.at\u003dat;","lastModifiedDate":"2022-10-08"},{"lineNumber":8,"author":{"gitId":"nikhilo0"},"content":"        this.isDone\u003dfalse;","lastModifiedDate":"2022-10-08"},{"lineNumber":9,"author":{"gitId":"nikhilo0"},"content":"    }","lastModifiedDate":"2022-10-08"},{"lineNumber":10,"author":{"gitId":"nikhilo0"},"content":"","lastModifiedDate":"2022-10-08"},{"lineNumber":11,"author":{"gitId":"nikhilo0"},"content":"    public void settime(String at) {","lastModifiedDate":"2022-10-08"},{"lineNumber":12,"author":{"gitId":"nikhilo0"},"content":"        this.at \u003d at;","lastModifiedDate":"2022-10-08"},{"lineNumber":13,"author":{"gitId":"nikhilo0"},"content":"    }","lastModifiedDate":"2022-10-08"},{"lineNumber":14,"author":{"gitId":"nikhilo0"},"content":"","lastModifiedDate":"2022-10-08"},{"lineNumber":15,"author":{"gitId":"nikhilo0"},"content":"    public String gettime() {","lastModifiedDate":"2022-10-08"},{"lineNumber":16,"author":{"gitId":"nikhilo0"},"content":"        return at;","lastModifiedDate":"2022-10-08"},{"lineNumber":17,"author":{"gitId":"nikhilo0"},"content":"    }","lastModifiedDate":"2022-10-08"},{"lineNumber":18,"author":{"gitId":"nikhilo0"},"content":"","lastModifiedDate":"2022-10-08"},{"lineNumber":19,"author":{"gitId":"nikhilo0"},"content":"","lastModifiedDate":"2022-10-08"},{"lineNumber":20,"author":{"gitId":"nikhilo0"},"content":"","lastModifiedDate":"2022-10-08"},{"lineNumber":21,"author":{"gitId":"nikhilo0"},"content":"    @Override","lastModifiedDate":"2022-10-08"},{"lineNumber":22,"author":{"gitId":"nikhilo0"},"content":"    public String toString() {","lastModifiedDate":"2022-10-08"},{"lineNumber":23,"author":{"gitId":"nikhilo0"},"content":"        return \"[E]\" + super.toString() + \" (at: \" + at + \")\";","lastModifiedDate":"2022-10-08"},{"lineNumber":24,"author":{"gitId":"nikhilo0"},"content":"    }","lastModifiedDate":"2022-10-08"},{"lineNumber":25,"author":{"gitId":"nikhilo0"},"content":"}","lastModifiedDate":"2022-10-08"}],"authorContributionMap":{"nikhilo0":25}},{"path":"src/main/java/Task.java","fileType":"java","lines":[{"lineNumber":1,"author":{"gitId":"nikhilo0"},"content":"public class Task {","lastModifiedDate":"2022-09-10"},{"lineNumber":2,"author":{"gitId":"nikhilo0"},"content":"    protected String description;","lastModifiedDate":"2022-09-10"},{"lineNumber":3,"author":{"gitId":"nikhilo0"},"content":"    protected boolean isDone;","lastModifiedDate":"2022-09-10"},{"lineNumber":4,"author":{"gitId":"nikhilo0"},"content":"","lastModifiedDate":"2022-09-10"},{"lineNumber":5,"author":{"gitId":"nikhilo0"},"content":"    public Task(String description) {","lastModifiedDate":"2022-09-10"},{"lineNumber":6,"author":{"gitId":"nikhilo0"},"content":"        this.description \u003d description;","lastModifiedDate":"2022-09-10"},{"lineNumber":7,"author":{"gitId":"nikhilo0"},"content":"        this.isDone \u003d false;","lastModifiedDate":"2022-09-10"},{"lineNumber":8,"author":{"gitId":"nikhilo0"},"content":"    }","lastModifiedDate":"2022-09-10"},{"lineNumber":9,"author":{"gitId":"nikhilo0"},"content":"","lastModifiedDate":"2022-09-10"},{"lineNumber":10,"author":{"gitId":"nikhilo0"},"content":"","lastModifiedDate":"2022-09-10"},{"lineNumber":11,"author":{"gitId":"nikhilo0"},"content":"    public String getDescription(){","lastModifiedDate":"2022-09-10"},{"lineNumber":12,"author":{"gitId":"nikhilo0"},"content":"        return description;","lastModifiedDate":"2022-09-10"},{"lineNumber":13,"author":{"gitId":"nikhilo0"},"content":"    }","lastModifiedDate":"2022-09-10"},{"lineNumber":14,"author":{"gitId":"nikhilo0"},"content":"","lastModifiedDate":"2022-09-10"},{"lineNumber":15,"author":{"gitId":"nikhilo0"},"content":"    public String getStatusIcon() {","lastModifiedDate":"2022-09-10"},{"lineNumber":16,"author":{"gitId":"nikhilo0"},"content":"        return (isDone ? \"X\" : \" \"); // mark done task with X","lastModifiedDate":"2022-09-10"},{"lineNumber":17,"author":{"gitId":"nikhilo0"},"content":"    }","lastModifiedDate":"2022-09-10"},{"lineNumber":18,"author":{"gitId":"nikhilo0"},"content":"","lastModifiedDate":"2022-09-10"},{"lineNumber":19,"author":{"gitId":"nikhilo0"},"content":"    public void markAsDone(){","lastModifiedDate":"2022-09-10"},{"lineNumber":20,"author":{"gitId":"nikhilo0"},"content":"        isDone\u003dtrue;","lastModifiedDate":"2022-09-10"},{"lineNumber":21,"author":{"gitId":"nikhilo0"},"content":"        System.out.println(\"Awesome! The task has been marked done!\\n\");","lastModifiedDate":"2022-09-10"},{"lineNumber":22,"author":{"gitId":"nikhilo0"},"content":"        //System.out.println(\"[\"+ getStatusIcon()+\"] \"+ description+\"\\n\");","lastModifiedDate":"2022-10-08"},{"lineNumber":23,"author":{"gitId":"nikhilo0"},"content":"    }","lastModifiedDate":"2022-09-10"},{"lineNumber":24,"author":{"gitId":"nikhilo0"},"content":"","lastModifiedDate":"2022-09-10"},{"lineNumber":25,"author":{"gitId":"nikhilo0"},"content":"    public void markAsUndone(){","lastModifiedDate":"2022-09-10"},{"lineNumber":26,"author":{"gitId":"nikhilo0"},"content":"        isDone\u003dfalse;","lastModifiedDate":"2022-09-10"},{"lineNumber":27,"author":{"gitId":"nikhilo0"},"content":"        System.out.println(\"Alright! The task has been marked Undone!\\n\");","lastModifiedDate":"2022-09-10"},{"lineNumber":28,"author":{"gitId":"nikhilo0"},"content":"        //System.out.println(\"[ ] \"+ description+\"\\n\");","lastModifiedDate":"2022-10-08"},{"lineNumber":29,"author":{"gitId":"nikhilo0"},"content":"    }","lastModifiedDate":"2022-09-10"},{"lineNumber":30,"author":{"gitId":"nikhilo0"},"content":"","lastModifiedDate":"2022-10-08"},{"lineNumber":31,"author":{"gitId":"nikhilo0"},"content":"    @Override","lastModifiedDate":"2022-10-08"},{"lineNumber":32,"author":{"gitId":"nikhilo0"},"content":"    public String toString() {","lastModifiedDate":"2022-10-08"},{"lineNumber":33,"author":{"gitId":"nikhilo0"},"content":"","lastModifiedDate":"2022-10-08"},{"lineNumber":34,"author":{"gitId":"nikhilo0"},"content":"        return \"[\"+ getStatusIcon()+\"] \"+ description;","lastModifiedDate":"2022-10-08"},{"lineNumber":35,"author":{"gitId":"nikhilo0"},"content":"    }","lastModifiedDate":"2022-09-10"},{"lineNumber":36,"author":{"gitId":"nikhilo0"},"content":"}","lastModifiedDate":"2022-10-08"},{"lineNumber":37,"author":{"gitId":"nikhilo0"},"content":"","lastModifiedDate":"2022-10-08"},{"lineNumber":38,"author":{"gitId":"nikhilo0"},"content":"","lastModifiedDate":"2022-10-04"}],"authorContributionMap":{"nikhilo0":38}},{"path":"src/main/java/Todo.java","fileType":"java","lines":[{"lineNumber":1,"author":{"gitId":"nikhilo0"},"content":"public class Todo extends Task {","lastModifiedDate":"2022-10-04"},{"lineNumber":2,"author":{"gitId":"nikhilo0"},"content":"    //protected boolean isDone;","lastModifiedDate":"2022-10-08"},{"lineNumber":3,"author":{"gitId":"nikhilo0"},"content":"","lastModifiedDate":"2022-10-04"},{"lineNumber":4,"author":{"gitId":"nikhilo0"},"content":"    public Todo(String description) {","lastModifiedDate":"2022-10-04"},{"lineNumber":5,"author":{"gitId":"nikhilo0"},"content":"        super(description);","lastModifiedDate":"2022-10-04"},{"lineNumber":6,"author":{"gitId":"nikhilo0"},"content":"        isDone \u003d false;","lastModifiedDate":"2022-10-04"},{"lineNumber":7,"author":{"gitId":"nikhilo0"},"content":"    }","lastModifiedDate":"2022-10-04"},{"lineNumber":8,"author":{"gitId":"nikhilo0"},"content":"","lastModifiedDate":"2022-10-08"},{"lineNumber":9,"author":{"gitId":"nikhilo0"},"content":"","lastModifiedDate":"2022-10-08"},{"lineNumber":10,"author":{"gitId":"nikhilo0"},"content":"","lastModifiedDate":"2022-10-08"},{"lineNumber":11,"author":{"gitId":"nikhilo0"},"content":"    @Override","lastModifiedDate":"2022-10-08"},{"lineNumber":12,"author":{"gitId":"nikhilo0"},"content":"    public String toString() {","lastModifiedDate":"2022-10-08"},{"lineNumber":13,"author":{"gitId":"nikhilo0"},"content":"        return \"[T]\" + super.toString() ;","lastModifiedDate":"2022-10-08"},{"lineNumber":14,"author":{"gitId":"nikhilo0"},"content":"    }","lastModifiedDate":"2022-10-04"},{"lineNumber":15,"author":{"gitId":"nikhilo0"},"content":"}","lastModifiedDate":"2022-10-08"},{"lineNumber":16,"author":{"gitId":"nikhilo0"},"content":"","lastModifiedDate":"2022-10-08"}],"authorContributionMap":{"nikhilo0":16}}]
