[{"path":"src/main/java/Deadline.java","fileType":"java","lines":[{"lineNumber":1,"author":{"gitId":"kaiting12"},"content":"public class Deadline extends Task {","lastModifiedDate":"2022-09-08"},{"lineNumber":2,"author":{"gitId":"kaiting12"},"content":"","lastModifiedDate":"2022-09-08"},{"lineNumber":3,"author":{"gitId":"kaiting12"},"content":"    protected String by;","lastModifiedDate":"2022-09-08"},{"lineNumber":4,"author":{"gitId":"kaiting12"},"content":"","lastModifiedDate":"2022-09-08"},{"lineNumber":5,"author":{"gitId":"kaiting12"},"content":"    public Deadline(String description, String by) {","lastModifiedDate":"2022-09-08"},{"lineNumber":6,"author":{"gitId":"kaiting12"},"content":"        super(description);","lastModifiedDate":"2022-09-08"},{"lineNumber":7,"author":{"gitId":"kaiting12"},"content":"        this.by \u003d by;","lastModifiedDate":"2022-09-08"},{"lineNumber":8,"author":{"gitId":"kaiting12"},"content":"    }","lastModifiedDate":"2022-09-08"},{"lineNumber":9,"author":{"gitId":"kaiting12"},"content":"","lastModifiedDate":"2022-09-08"},{"lineNumber":10,"author":{"gitId":"kaiting12"},"content":"    @Override","lastModifiedDate":"2022-09-08"},{"lineNumber":11,"author":{"gitId":"kaiting12"},"content":"    public String toString() {","lastModifiedDate":"2022-09-08"},{"lineNumber":12,"author":{"gitId":"kaiting12"},"content":"        return \"[D]\" + super.toString() + \" (by: \" + by + \")\";","lastModifiedDate":"2022-09-08"},{"lineNumber":13,"author":{"gitId":"kaiting12"},"content":"    }","lastModifiedDate":"2022-09-08"},{"lineNumber":14,"author":{"gitId":"kaiting12"},"content":"}","lastModifiedDate":"2022-09-08"}],"authorContributionMap":{"kaiting12":14}},{"path":"src/main/java/Duke.java","fileType":"java","lines":[{"lineNumber":1,"author":{"gitId":"kaiting12"},"content":"import java.util.Scanner;","lastModifiedDate":"2022-08-24"},{"lineNumber":2,"author":{"gitId":"kaiting12"},"content":"","lastModifiedDate":"2022-08-24"},{"lineNumber":3,"author":{"gitId":"-"},"content":"public class Duke {","lastModifiedDate":"2019-07-29"},{"lineNumber":4,"author":{"gitId":"kaiting12"},"content":"    public static void printTaskList(Task[] inputList) {","lastModifiedDate":"2022-08-28"},{"lineNumber":5,"author":{"gitId":"kaiting12"},"content":"        for (int count \u003d 0; count \u003c inputList.length; count++) {","lastModifiedDate":"2022-08-28"},{"lineNumber":6,"author":{"gitId":"kaiting12"},"content":"            if (inputList[count] !\u003d null) {","lastModifiedDate":"2022-08-28"},{"lineNumber":7,"author":{"gitId":"kaiting12"},"content":"                System.out.println((count + 1) + \".\" + \"[\" + inputList[count].getStatusIcon() + \"] \" + inputList[count].getDescription());","lastModifiedDate":"2022-08-28"},{"lineNumber":8,"author":{"gitId":"kaiting12"},"content":"            }","lastModifiedDate":"2022-08-28"},{"lineNumber":9,"author":{"gitId":"kaiting12"},"content":"        }","lastModifiedDate":"2022-08-28"},{"lineNumber":10,"author":{"gitId":"kaiting12"},"content":"        System.out.println(\"\\n\");","lastModifiedDate":"2022-08-28"},{"lineNumber":11,"author":{"gitId":"kaiting12"},"content":"    }","lastModifiedDate":"2022-08-28"},{"lineNumber":12,"author":{"gitId":"kaiting12"},"content":"","lastModifiedDate":"2022-08-28"},{"lineNumber":13,"author":{"gitId":"-"},"content":"    public static void main(String[] args) {","lastModifiedDate":"2019-07-29"},{"lineNumber":14,"author":{"gitId":"kaiting12"},"content":"","lastModifiedDate":"2022-08-24"},{"lineNumber":15,"author":{"gitId":"kaiting12"},"content":"        // Create a taskList containing task object","lastModifiedDate":"2022-08-28"},{"lineNumber":16,"author":{"gitId":"kaiting12"},"content":"        Task[] taskList \u003d new Task[100];","lastModifiedDate":"2022-08-28"},{"lineNumber":17,"author":{"gitId":"kaiting12"},"content":"        Scanner input \u003d new Scanner(System.in);","lastModifiedDate":"2022-08-24"},{"lineNumber":18,"author":{"gitId":"kaiting12"},"content":"        System.out.print(\"Hello! I\u0027m Duke\\n\" + \"What can I do for you?:\\n\");","lastModifiedDate":"2022-08-24"},{"lineNumber":19,"author":{"gitId":"kaiting12"},"content":"        int counter \u003d 0;","lastModifiedDate":"2022-08-24"},{"lineNumber":20,"author":{"gitId":"kaiting12"},"content":"        while (true) {","lastModifiedDate":"2022-08-24"},{"lineNumber":21,"author":{"gitId":"kaiting12"},"content":"            String line \u003d input.nextLine();","lastModifiedDate":"2022-08-24"},{"lineNumber":22,"author":{"gitId":"kaiting12"},"content":"            String[] lineList \u003d line.split(\" \");","lastModifiedDate":"2022-08-28"},{"lineNumber":23,"author":{"gitId":"kaiting12"},"content":"            String firstWord \u003d lineList[0].toLowerCase();","lastModifiedDate":"2022-08-28"},{"lineNumber":24,"author":{"gitId":"kaiting12"},"content":"","lastModifiedDate":"2022-09-08"},{"lineNumber":25,"author":{"gitId":"kaiting12"},"content":"            switch (firstWord) {","lastModifiedDate":"2022-08-28"},{"lineNumber":26,"author":{"gitId":"kaiting12"},"content":"                case \"bye\":","lastModifiedDate":"2022-08-28"},{"lineNumber":27,"author":{"gitId":"kaiting12"},"content":"                    System.out.println(\"Bye. Hope to see you again soon!\");","lastModifiedDate":"2022-08-24"},{"lineNumber":28,"author":{"gitId":"kaiting12"},"content":"                    break;","lastModifiedDate":"2022-08-24"},{"lineNumber":29,"author":{"gitId":"kaiting12"},"content":"                case \"list\":","lastModifiedDate":"2022-08-28"},{"lineNumber":30,"author":{"gitId":"kaiting12"},"content":"                    for (int count \u003d 0; count \u003c taskList.length; count++) {","lastModifiedDate":"2022-09-08"},{"lineNumber":31,"author":{"gitId":"kaiting12"},"content":"                        if (taskList[count] !\u003d null) {","lastModifiedDate":"2022-09-08"},{"lineNumber":32,"author":{"gitId":"kaiting12"},"content":"                            System.out.println((count + 1) + \".\" + taskList[count].toString());","lastModifiedDate":"2022-09-08"},{"lineNumber":33,"author":{"gitId":"kaiting12"},"content":"                        }","lastModifiedDate":"2022-09-08"},{"lineNumber":34,"author":{"gitId":"kaiting12"},"content":"                    }","lastModifiedDate":"2022-09-08"},{"lineNumber":35,"author":{"gitId":"kaiting12"},"content":"                    continue;","lastModifiedDate":"2022-08-28"},{"lineNumber":36,"author":{"gitId":"kaiting12"},"content":"                case \"mark\":","lastModifiedDate":"2022-08-28"},{"lineNumber":37,"author":{"gitId":"kaiting12"},"content":"                    int markIndex \u003d Integer.parseInt(lineList[1]) - 1;","lastModifiedDate":"2022-08-28"},{"lineNumber":38,"author":{"gitId":"kaiting12"},"content":"                    Task selectedTask \u003d taskList[markIndex];","lastModifiedDate":"2022-08-28"},{"lineNumber":39,"author":{"gitId":"kaiting12"},"content":"                    selectedTask.markDone();","lastModifiedDate":"2022-08-28"},{"lineNumber":40,"author":{"gitId":"kaiting12"},"content":"                    System.out.println(\"Nice! I\u0027ve marked this task not done:\");","lastModifiedDate":"2022-08-28"},{"lineNumber":41,"author":{"gitId":"kaiting12"},"content":"                    System.out.println(selectedTask.toString());","lastModifiedDate":"2022-09-08"},{"lineNumber":42,"author":{"gitId":"kaiting12"},"content":"                    continue;","lastModifiedDate":"2022-08-28"},{"lineNumber":43,"author":{"gitId":"kaiting12"},"content":"                case \"unmark\":","lastModifiedDate":"2022-08-28"},{"lineNumber":44,"author":{"gitId":"kaiting12"},"content":"                    int unMarkIndex \u003d Integer.parseInt(lineList[1]) - 1;","lastModifiedDate":"2022-08-28"},{"lineNumber":45,"author":{"gitId":"kaiting12"},"content":"                    Task unSelectedTask \u003d taskList[unMarkIndex];","lastModifiedDate":"2022-08-28"},{"lineNumber":46,"author":{"gitId":"kaiting12"},"content":"                    unSelectedTask.unMarkDone();","lastModifiedDate":"2022-08-28"},{"lineNumber":47,"author":{"gitId":"kaiting12"},"content":"                    System.out.println(\"OK, I\u0027ve marked this task as done yet:\");","lastModifiedDate":"2022-08-28"},{"lineNumber":48,"author":{"gitId":"kaiting12"},"content":"                    System.out.println(unSelectedTask.toString());","lastModifiedDate":"2022-09-08"},{"lineNumber":49,"author":{"gitId":"kaiting12"},"content":"                    continue;","lastModifiedDate":"2022-09-08"},{"lineNumber":50,"author":{"gitId":"kaiting12"},"content":"                case \"deadline\":","lastModifiedDate":"2022-09-08"},{"lineNumber":51,"author":{"gitId":"kaiting12"},"content":"                    String[] bySplitList \u003d line.split(\"/by \");","lastModifiedDate":"2022-09-08"},{"lineNumber":52,"author":{"gitId":"kaiting12"},"content":"                    String deadLine \u003d bySplitList[1];","lastModifiedDate":"2022-09-08"},{"lineNumber":53,"author":{"gitId":"kaiting12"},"content":"                    String deadLineTask \u003d line.substring(9, line.indexOf(\"/by\"));","lastModifiedDate":"2022-09-08"},{"lineNumber":54,"author":{"gitId":"kaiting12"},"content":"                    System.out.println(\"Got it. I\u0027ve added this task:\");","lastModifiedDate":"2022-09-08"},{"lineNumber":55,"author":{"gitId":"kaiting12"},"content":"                    taskList[counter] \u003d new Deadline(deadLineTask, deadLine);","lastModifiedDate":"2022-09-08"},{"lineNumber":56,"author":{"gitId":"kaiting12"},"content":"                    System.out.println(taskList[counter].toString());","lastModifiedDate":"2022-09-08"},{"lineNumber":57,"author":{"gitId":"kaiting12"},"content":"                    counter++;","lastModifiedDate":"2022-09-08"},{"lineNumber":58,"author":{"gitId":"kaiting12"},"content":"                    System.out.println(\"Now you have \"+ (counter) + \" tasks in the list.\");","lastModifiedDate":"2022-09-08"},{"lineNumber":59,"author":{"gitId":"kaiting12"},"content":"                    continue;","lastModifiedDate":"2022-09-08"},{"lineNumber":60,"author":{"gitId":"kaiting12"},"content":"                case \"todo\":","lastModifiedDate":"2022-09-08"},{"lineNumber":61,"author":{"gitId":"kaiting12"},"content":"                    System.out.println(\"Got it. I\u0027ve added this task:\");","lastModifiedDate":"2022-09-08"},{"lineNumber":62,"author":{"gitId":"kaiting12"},"content":"                    String toDoTask \u003d line.split(\"todo \")[1];","lastModifiedDate":"2022-09-08"},{"lineNumber":63,"author":{"gitId":"kaiting12"},"content":"                    taskList[counter] \u003d new ToDo(toDoTask);","lastModifiedDate":"2022-09-08"},{"lineNumber":64,"author":{"gitId":"kaiting12"},"content":"                    System.out.println(taskList[counter].toString());","lastModifiedDate":"2022-09-08"},{"lineNumber":65,"author":{"gitId":"kaiting12"},"content":"                    counter++;","lastModifiedDate":"2022-09-08"},{"lineNumber":66,"author":{"gitId":"kaiting12"},"content":"                    System.out.println(\"Now you have \"+ (counter) + \" tasks in the list.\");","lastModifiedDate":"2022-09-08"},{"lineNumber":67,"author":{"gitId":"kaiting12"},"content":"                    continue;","lastModifiedDate":"2022-09-08"},{"lineNumber":68,"author":{"gitId":"kaiting12"},"content":"                case \"event\":","lastModifiedDate":"2022-09-08"},{"lineNumber":69,"author":{"gitId":"kaiting12"},"content":"                    String[] atSplitList \u003d line.split(\"/at \");","lastModifiedDate":"2022-09-08"},{"lineNumber":70,"author":{"gitId":"kaiting12"},"content":"                    String eventDate \u003d atSplitList[1];","lastModifiedDate":"2022-09-08"},{"lineNumber":71,"author":{"gitId":"kaiting12"},"content":"                    String eventTask \u003d line.substring(6, line.indexOf(\"/at\"));","lastModifiedDate":"2022-09-08"},{"lineNumber":72,"author":{"gitId":"kaiting12"},"content":"                    System.out.println(\"Got it. I\u0027ve added this task:\");","lastModifiedDate":"2022-09-08"},{"lineNumber":73,"author":{"gitId":"kaiting12"},"content":"                    taskList[counter] \u003d new Event(eventTask, eventDate);","lastModifiedDate":"2022-09-08"},{"lineNumber":74,"author":{"gitId":"kaiting12"},"content":"                    System.out.println(taskList[counter].toString());","lastModifiedDate":"2022-09-08"},{"lineNumber":75,"author":{"gitId":"kaiting12"},"content":"                    counter++;","lastModifiedDate":"2022-09-08"},{"lineNumber":76,"author":{"gitId":"kaiting12"},"content":"                    System.out.println(\"Now you have \"+ (counter) + \" tasks in the list.\");","lastModifiedDate":"2022-09-08"},{"lineNumber":77,"author":{"gitId":"kaiting12"},"content":"                    continue;","lastModifiedDate":"2022-08-28"},{"lineNumber":78,"author":{"gitId":"kaiting12"},"content":"                default:","lastModifiedDate":"2022-08-28"},{"lineNumber":79,"author":{"gitId":"kaiting12"},"content":"                    taskList[counter] \u003d new Task(line);","lastModifiedDate":"2022-08-28"},{"lineNumber":80,"author":{"gitId":"kaiting12"},"content":"                    counter++;","lastModifiedDate":"2022-08-24"},{"lineNumber":81,"author":{"gitId":"kaiting12"},"content":"                    System.out.println(\"added: \"+ line + \"\\n\");","lastModifiedDate":"2022-09-08"},{"lineNumber":82,"author":{"gitId":"-"},"content":"            }","lastModifiedDate":"2019-07-29"},{"lineNumber":83,"author":{"gitId":"kaiting12"},"content":"        }","lastModifiedDate":"2022-08-24"},{"lineNumber":84,"author":{"gitId":"-"},"content":"    }","lastModifiedDate":"2022-08-24"},{"lineNumber":85,"author":{"gitId":"kaiting12"},"content":"}","lastModifiedDate":"2022-08-24"}],"authorContributionMap":{"kaiting12":81,"-":4}},{"path":"src/main/java/Event.java","fileType":"java","lines":[{"lineNumber":1,"author":{"gitId":"kaiting12"},"content":"public class Event extends Task {","lastModifiedDate":"2022-09-08"},{"lineNumber":2,"author":{"gitId":"kaiting12"},"content":"","lastModifiedDate":"2022-09-08"},{"lineNumber":3,"author":{"gitId":"kaiting12"},"content":"    protected String by;","lastModifiedDate":"2022-09-08"},{"lineNumber":4,"author":{"gitId":"kaiting12"},"content":"","lastModifiedDate":"2022-09-08"},{"lineNumber":5,"author":{"gitId":"kaiting12"},"content":"    public Event(String description, String by) {","lastModifiedDate":"2022-09-08"},{"lineNumber":6,"author":{"gitId":"kaiting12"},"content":"        super(description);","lastModifiedDate":"2022-09-08"},{"lineNumber":7,"author":{"gitId":"kaiting12"},"content":"        this.by \u003d by;","lastModifiedDate":"2022-09-08"},{"lineNumber":8,"author":{"gitId":"kaiting12"},"content":"    }","lastModifiedDate":"2022-09-08"},{"lineNumber":9,"author":{"gitId":"kaiting12"},"content":"","lastModifiedDate":"2022-09-08"},{"lineNumber":10,"author":{"gitId":"kaiting12"},"content":"    @Override","lastModifiedDate":"2022-09-08"},{"lineNumber":11,"author":{"gitId":"kaiting12"},"content":"    public String toString() {","lastModifiedDate":"2022-09-08"},{"lineNumber":12,"author":{"gitId":"kaiting12"},"content":"        return \"[E]\" + super.toString() + \" (at: \" + by + \")\";","lastModifiedDate":"2022-09-08"},{"lineNumber":13,"author":{"gitId":"kaiting12"},"content":"    }","lastModifiedDate":"2022-09-08"},{"lineNumber":14,"author":{"gitId":"kaiting12"},"content":"}","lastModifiedDate":"2022-09-08"}],"authorContributionMap":{"kaiting12":14}},{"path":"src/main/java/Task.java","fileType":"java","lines":[{"lineNumber":1,"author":{"gitId":"kaiting12"},"content":"public class Task {","lastModifiedDate":"2022-08-28"},{"lineNumber":2,"author":{"gitId":"kaiting12"},"content":"    protected String description;","lastModifiedDate":"2022-08-28"},{"lineNumber":3,"author":{"gitId":"kaiting12"},"content":"    protected boolean isDone;","lastModifiedDate":"2022-08-28"},{"lineNumber":4,"author":{"gitId":"kaiting12"},"content":"","lastModifiedDate":"2022-08-28"},{"lineNumber":5,"author":{"gitId":"kaiting12"},"content":"    public Task(String description) {","lastModifiedDate":"2022-08-28"},{"lineNumber":6,"author":{"gitId":"kaiting12"},"content":"        this.description \u003d description;","lastModifiedDate":"2022-08-28"},{"lineNumber":7,"author":{"gitId":"kaiting12"},"content":"        this.isDone \u003d false;","lastModifiedDate":"2022-08-28"},{"lineNumber":8,"author":{"gitId":"kaiting12"},"content":"    }","lastModifiedDate":"2022-08-28"},{"lineNumber":9,"author":{"gitId":"kaiting12"},"content":"","lastModifiedDate":"2022-08-28"},{"lineNumber":10,"author":{"gitId":"kaiting12"},"content":"    // Get statusIcon of task","lastModifiedDate":"2022-08-28"},{"lineNumber":11,"author":{"gitId":"kaiting12"},"content":"    public String getStatusIcon() {","lastModifiedDate":"2022-08-28"},{"lineNumber":12,"author":{"gitId":"kaiting12"},"content":"        return (isDone ? \"X\" : \" \"); // mark done task with X","lastModifiedDate":"2022-08-28"},{"lineNumber":13,"author":{"gitId":"kaiting12"},"content":"    }","lastModifiedDate":"2022-08-28"},{"lineNumber":14,"author":{"gitId":"kaiting12"},"content":"","lastModifiedDate":"2022-08-28"},{"lineNumber":15,"author":{"gitId":"kaiting12"},"content":"    // Return task description","lastModifiedDate":"2022-08-28"},{"lineNumber":16,"author":{"gitId":"kaiting12"},"content":"    public String getDescription(){","lastModifiedDate":"2022-08-28"},{"lineNumber":17,"author":{"gitId":"kaiting12"},"content":"        return this.description;","lastModifiedDate":"2022-08-28"},{"lineNumber":18,"author":{"gitId":"kaiting12"},"content":"    }","lastModifiedDate":"2022-08-28"},{"lineNumber":19,"author":{"gitId":"kaiting12"},"content":"","lastModifiedDate":"2022-08-28"},{"lineNumber":20,"author":{"gitId":"kaiting12"},"content":"    // Set task done","lastModifiedDate":"2022-08-28"},{"lineNumber":21,"author":{"gitId":"kaiting12"},"content":"    public void markDone() {","lastModifiedDate":"2022-08-28"},{"lineNumber":22,"author":{"gitId":"kaiting12"},"content":"        this.isDone \u003d true;","lastModifiedDate":"2022-08-28"},{"lineNumber":23,"author":{"gitId":"kaiting12"},"content":"    }","lastModifiedDate":"2022-08-28"},{"lineNumber":24,"author":{"gitId":"kaiting12"},"content":"","lastModifiedDate":"2022-08-28"},{"lineNumber":25,"author":{"gitId":"kaiting12"},"content":"    // Set task not done","lastModifiedDate":"2022-08-28"},{"lineNumber":26,"author":{"gitId":"kaiting12"},"content":"    public void unMarkDone() {","lastModifiedDate":"2022-08-28"},{"lineNumber":27,"author":{"gitId":"kaiting12"},"content":"        this.isDone \u003d false;","lastModifiedDate":"2022-08-28"},{"lineNumber":28,"author":{"gitId":"kaiting12"},"content":"    }","lastModifiedDate":"2022-08-28"},{"lineNumber":29,"author":{"gitId":"kaiting12"},"content":"","lastModifiedDate":"2022-09-08"},{"lineNumber":30,"author":{"gitId":"kaiting12"},"content":"    // Return String","lastModifiedDate":"2022-09-08"},{"lineNumber":31,"author":{"gitId":"kaiting12"},"content":"    public String toString() {","lastModifiedDate":"2022-09-08"},{"lineNumber":32,"author":{"gitId":"kaiting12"},"content":"         return \"[\" + this.getStatusIcon() + \"] \" + this.getDescription();","lastModifiedDate":"2022-09-08"},{"lineNumber":33,"author":{"gitId":"kaiting12"},"content":"    }","lastModifiedDate":"2022-09-08"},{"lineNumber":34,"author":{"gitId":"kaiting12"},"content":"}","lastModifiedDate":"2022-08-28"}],"authorContributionMap":{"kaiting12":34}},{"path":"src/main/java/ToDo.java","fileType":"java","lines":[{"lineNumber":1,"author":{"gitId":"kaiting12"},"content":"public class ToDo extends Task {","lastModifiedDate":"2022-09-08"},{"lineNumber":2,"author":{"gitId":"kaiting12"},"content":"    public ToDo(String description) {","lastModifiedDate":"2022-09-08"},{"lineNumber":3,"author":{"gitId":"kaiting12"},"content":"        super(description);","lastModifiedDate":"2022-09-08"},{"lineNumber":4,"author":{"gitId":"kaiting12"},"content":"    }","lastModifiedDate":"2022-09-08"},{"lineNumber":5,"author":{"gitId":"kaiting12"},"content":"","lastModifiedDate":"2022-09-08"},{"lineNumber":6,"author":{"gitId":"kaiting12"},"content":"    @Override","lastModifiedDate":"2022-09-08"},{"lineNumber":7,"author":{"gitId":"kaiting12"},"content":"    public String toString() {","lastModifiedDate":"2022-09-08"},{"lineNumber":8,"author":{"gitId":"kaiting12"},"content":"        return \"[T]\" + super.toString();","lastModifiedDate":"2022-09-08"},{"lineNumber":9,"author":{"gitId":"kaiting12"},"content":"    }","lastModifiedDate":"2022-09-08"},{"lineNumber":10,"author":{"gitId":"kaiting12"},"content":"}","lastModifiedDate":"2022-09-08"}],"authorContributionMap":{"kaiting12":10}}]
