{"authorDailyContributionsMap":{"kaiting12":[{"date":"2022-08-24","commitResults":[{"hash":"63d092f5a8fd6f29790de31d2b0de0b415c4cb39","messageTitle":"add level-1","messageBody":"","fileTypesAndContributionMap":{"java":{"insertions":14,"deletions":0}}},{"hash":"28e9a9bc75b3ca70e51b68ff2226248521d0ff3c","messageTitle":"Revert \"add level-1\"","messageBody":"","fileTypesAndContributionMap":{"java":{"insertions":0,"deletions":14}}},{"hash":"50e973f2786d003575c14eaa0e6ce7cf4a53df61","messageTitle":"Add Level-1","messageBody":"","tags":["level-1"],"fileTypesAndContributionMap":{"java":{"insertions":16,"deletions":0}}},{"hash":"85263633195164409736067c15c4d5485d25b7c4","messageTitle":"add level-2","messageBody":"","tags":["level-2"],"fileTypesAndContributionMap":{"java":{"insertions":14,"deletions":3}}}]},{"date":"2022-08-28","commitResults":[{"hash":"3359a636d8ccd1481b941a3450e72a74862aaf82","messageTitle":"Add Level-3","messageBody":"","tags":["level-3"],"fileTypesAndContributionMap":{"java":{"insertions":68,"deletions":24}}}]},{"date":"2022-09-08","commitResults":[{"hash":"e9ee54e6d82a70d337263061610c966fcbaaf9a2","messageTitle":"Add level-4","messageBody":"","tags":["level-4"],"fileTypesAndContributionMap":{"java":{"insertions":80,"deletions":4}}}]},{"date":"2022-10-02","commitResults":[{"hash":"8dee75d62fe23238de2158fc18ffd175974785a2","messageTitle":"Add level-5","messageBody":"","tags":["level-5"],"fileTypesAndContributionMap":{"java":{"insertions":46,"deletions":11}}},{"hash":"97a437067dcfb26a7ce74c790b32708851e8c90a","messageTitle":"Add level-6 and more error handler","messageBody":"","tags":["level-6"],"fileTypesAndContributionMap":{"java":{"insertions":152,"deletions":85}}}]},{"date":"2022-10-09","commitResults":[{"hash":"20c25d367530ecef24f5d6d890bc21a5f002063e","messageTitle":"level 7 - not final sol","messageBody":"","fileTypesAndContributionMap":{"java":{"insertions":262,"deletions":158}}}]},{"date":"2022-10-14","commitResults":[{"hash":"493c3d3b9d4ee6ef5023dc38be224c25fa376d70","messageTitle":"Add level-7","messageBody":"","tags":["level-7"],"fileTypesAndContributionMap":{"java":{"insertions":557,"deletions":236}}}]}]},"authorFileTypeContributionMap":{"kaiting12":{"java":682,"md":0,"fxml":0,"sh":0,"bat":0,"gradle":0,"txt":0}},"authorContributionVariance":{"kaiting12":12738.2},"authorDisplayNameMap":{"kaiting12":"NG K..TING"}}
