[{"path":"src/main/java/Deadline.java","fileType":"java","lines":[{"lineNumber":1,"author":{"gitId":"Directorkang"},"content":"public class Deadline extends Task {","lastModifiedDate":"2022-09-13"},{"lineNumber":2,"author":{"gitId":"Directorkang"},"content":"    protected String my_by;","lastModifiedDate":"2022-09-13"},{"lineNumber":3,"author":{"gitId":"Directorkang"},"content":"","lastModifiedDate":"2022-09-12"},{"lineNumber":4,"author":{"gitId":"Directorkang"},"content":"    public Deadline(String description, String tasktype, String by) {","lastModifiedDate":"2022-09-13"},{"lineNumber":5,"author":{"gitId":"Directorkang"},"content":"        super(description, tasktype);","lastModifiedDate":"2022-09-13"},{"lineNumber":6,"author":{"gitId":"Directorkang"},"content":"        my_by \u003d by;","lastModifiedDate":"2022-09-13"},{"lineNumber":7,"author":{"gitId":"Directorkang"},"content":"    }","lastModifiedDate":"2022-09-13"},{"lineNumber":8,"author":{"gitId":"Directorkang"},"content":"","lastModifiedDate":"2022-09-13"},{"lineNumber":9,"author":{"gitId":"Directorkang"},"content":"    public void setDeadline(String date) {","lastModifiedDate":"2022-09-13"},{"lineNumber":10,"author":{"gitId":"Directorkang"},"content":"        my_by \u003d date;","lastModifiedDate":"2022-09-13"},{"lineNumber":11,"author":{"gitId":"Directorkang"},"content":"    }","lastModifiedDate":"2022-09-13"},{"lineNumber":12,"author":{"gitId":"Directorkang"},"content":"","lastModifiedDate":"2022-09-13"},{"lineNumber":13,"author":{"gitId":"Directorkang"},"content":"    public String getDeadline() {","lastModifiedDate":"2022-09-13"},{"lineNumber":14,"author":{"gitId":"Directorkang"},"content":"        return my_by;","lastModifiedDate":"2022-09-13"},{"lineNumber":15,"author":{"gitId":"Directorkang"},"content":"    }","lastModifiedDate":"2022-09-12"},{"lineNumber":16,"author":{"gitId":"Directorkang"},"content":"","lastModifiedDate":"2022-09-12"},{"lineNumber":17,"author":{"gitId":"Directorkang"},"content":"    @Override","lastModifiedDate":"2022-09-12"},{"lineNumber":18,"author":{"gitId":"Directorkang"},"content":"    public String toString() {","lastModifiedDate":"2022-09-12"},{"lineNumber":19,"author":{"gitId":"Directorkang"},"content":"        return \"[D]\" + super.toString() + \" (by: \" + my_by + \")\";","lastModifiedDate":"2022-09-13"},{"lineNumber":20,"author":{"gitId":"Directorkang"},"content":"    }","lastModifiedDate":"2022-09-12"},{"lineNumber":21,"author":{"gitId":"Directorkang"},"content":"}","lastModifiedDate":"2022-09-12"}],"authorContributionMap":{"Directorkang":21}},{"path":"src/main/java/Duke.java","fileType":"java","lines":[{"lineNumber":1,"author":{"gitId":"Directorkang"},"content":"import java.io.FileNotFoundException;","lastModifiedDate":"2022-10-14"},{"lineNumber":2,"author":{"gitId":"Directorkang"},"content":"import java.io.IOException;","lastModifiedDate":"2022-10-06"},{"lineNumber":3,"author":{"gitId":"Directorkang"},"content":"import java.util.Scanner;","lastModifiedDate":"2022-09-07"},{"lineNumber":4,"author":{"gitId":"Directorkang"},"content":"","lastModifiedDate":"2022-09-08"},{"lineNumber":5,"author":{"gitId":"-"},"content":"public class Duke {","lastModifiedDate":"2019-07-29"},{"lineNumber":6,"author":{"gitId":"Directorkang"},"content":"    private final Storage storage;","lastModifiedDate":"2022-10-14"},{"lineNumber":7,"author":{"gitId":"Directorkang"},"content":"    private TaskList tasks;","lastModifiedDate":"2022-10-06"},{"lineNumber":8,"author":{"gitId":"Directorkang"},"content":"    private final Ui ui;","lastModifiedDate":"2022-10-14"},{"lineNumber":9,"author":{"gitId":"Directorkang"},"content":"    private Parser parser;","lastModifiedDate":"2022-10-06"},{"lineNumber":10,"author":{"gitId":"Directorkang"},"content":"","lastModifiedDate":"2022-10-06"},{"lineNumber":11,"author":{"gitId":"Directorkang"},"content":"    public static int filterTaskID(String line) {","lastModifiedDate":"2022-09-08"},{"lineNumber":12,"author":{"gitId":"Directorkang"},"content":"        String[] words \u003d line.split(\" \");","lastModifiedDate":"2022-09-08"},{"lineNumber":13,"author":{"gitId":"Directorkang"},"content":"        int ID_num \u003d Integer.parseInt(words[1]);","lastModifiedDate":"2022-09-08"},{"lineNumber":14,"author":{"gitId":"Directorkang"},"content":"        return ID_num - 1;","lastModifiedDate":"2022-09-08"},{"lineNumber":15,"author":{"gitId":"Directorkang"},"content":"    }","lastModifiedDate":"2022-09-08"},{"lineNumber":16,"author":{"gitId":"Directorkang"},"content":"","lastModifiedDate":"2022-10-06"},{"lineNumber":17,"author":{"gitId":"Directorkang"},"content":"    //constructor for Duke","lastModifiedDate":"2022-10-14"},{"lineNumber":18,"author":{"gitId":"Directorkang"},"content":"    public Duke(String filePath) throws IOException {","lastModifiedDate":"2022-10-14"},{"lineNumber":19,"author":{"gitId":"Directorkang"},"content":"        ui \u003d new Ui();","lastModifiedDate":"2022-10-06"},{"lineNumber":20,"author":{"gitId":"Directorkang"},"content":"        storage \u003d new Storage(filePath);","lastModifiedDate":"2022-10-06"},{"lineNumber":21,"author":{"gitId":"Directorkang"},"content":"        try {","lastModifiedDate":"2022-10-06"},{"lineNumber":22,"author":{"gitId":"Directorkang"},"content":"            tasks \u003d new TaskList(storage.load());","lastModifiedDate":"2022-10-06"},{"lineNumber":23,"author":{"gitId":"Directorkang"},"content":"        } catch (FileNotFoundException | DukeException e) {","lastModifiedDate":"2022-10-16"},{"lineNumber":24,"author":{"gitId":"Directorkang"},"content":"            ui.showLoadingError();","lastModifiedDate":"2022-10-06"},{"lineNumber":25,"author":{"gitId":"Directorkang"},"content":"            tasks \u003d new TaskList();","lastModifiedDate":"2022-10-16"},{"lineNumber":26,"author":{"gitId":"Directorkang"},"content":"        }","lastModifiedDate":"2022-10-06"},{"lineNumber":27,"author":{"gitId":"Directorkang"},"content":"    }","lastModifiedDate":"2022-10-06"},{"lineNumber":28,"author":{"gitId":"Directorkang"},"content":"","lastModifiedDate":"2022-10-06"},{"lineNumber":29,"author":{"gitId":"Directorkang"},"content":"    public void run() throws IOException {","lastModifiedDate":"2022-10-16"},{"lineNumber":30,"author":{"gitId":"-"},"content":"        String logo \u003d \" ____        _        \\n\"","lastModifiedDate":"2019-07-29"},{"lineNumber":31,"author":{"gitId":"-"},"content":"                + \"|  _ \\\\ _   _| | _____ \\n\"","lastModifiedDate":"2019-07-29"},{"lineNumber":32,"author":{"gitId":"-"},"content":"                + \"| | | | | | | |/ / _ \\\\\\n\"","lastModifiedDate":"2019-07-29"},{"lineNumber":33,"author":{"gitId":"-"},"content":"                + \"| |_| | |_| |   \u003c  __/\\n\"","lastModifiedDate":"2019-07-29"},{"lineNumber":34,"author":{"gitId":"-"},"content":"                + \"|____/ \\\\__,_|_|\\\\_\\\\___|\\n\";","lastModifiedDate":"2019-07-29"},{"lineNumber":35,"author":{"gitId":"-"},"content":"        System.out.println(\"Hello from\\n\" + logo);","lastModifiedDate":"2019-07-29"},{"lineNumber":36,"author":{"gitId":"Directorkang"},"content":"","lastModifiedDate":"2022-09-07"},{"lineNumber":37,"author":{"gitId":"Directorkang"},"content":"        System.out.println(\"Hello! I\u0027m Duke. \\nWhat can I do for you?\");","lastModifiedDate":"2022-09-13"},{"lineNumber":38,"author":{"gitId":"Directorkang"},"content":"","lastModifiedDate":"2022-09-07"},{"lineNumber":39,"author":{"gitId":"Directorkang"},"content":"        String line \u003d \"\";","lastModifiedDate":"2022-09-07"},{"lineNumber":40,"author":{"gitId":"Directorkang"},"content":"        int taskID;","lastModifiedDate":"2022-09-08"},{"lineNumber":41,"author":{"gitId":"Directorkang"},"content":"        Scanner in \u003d new Scanner(System.in);","lastModifiedDate":"2022-09-07"},{"lineNumber":42,"author":{"gitId":"Directorkang"},"content":"","lastModifiedDate":"2022-09-07"},{"lineNumber":43,"author":{"gitId":"Directorkang"},"content":"        while(!line.equals(\"bye\") ){","lastModifiedDate":"2022-09-07"},{"lineNumber":44,"author":{"gitId":"Directorkang"},"content":"            line \u003d in.nextLine();","lastModifiedDate":"2022-09-07"},{"lineNumber":45,"author":{"gitId":"Directorkang"},"content":"","lastModifiedDate":"2022-09-07"},{"lineNumber":46,"author":{"gitId":"Directorkang"},"content":"            if(line.equals(\"list\")){","lastModifiedDate":"2022-09-07"},{"lineNumber":47,"author":{"gitId":"Directorkang"},"content":"                tasks.listTasks();","lastModifiedDate":"2022-10-06"},{"lineNumber":48,"author":{"gitId":"Directorkang"},"content":"            }","lastModifiedDate":"2022-09-07"},{"lineNumber":49,"author":{"gitId":"Directorkang"},"content":"            else if (line.equals(\"bye\")) {","lastModifiedDate":"2022-09-07"},{"lineNumber":50,"author":{"gitId":"Directorkang"},"content":"                System.out.println(\"Bye. Hope to see you again soon!\");","lastModifiedDate":"2022-09-13"},{"lineNumber":51,"author":{"gitId":"-"},"content":"            }","lastModifiedDate":"2019-07-29"},{"lineNumber":52,"author":{"gitId":"Directorkang"},"content":"            else if (line.startsWith(\"mark\")) {","lastModifiedDate":"2022-09-08"},{"lineNumber":53,"author":{"gitId":"Directorkang"},"content":"                taskID \u003d filterTaskID(line);","lastModifiedDate":"2022-09-08"},{"lineNumber":54,"author":{"gitId":"Directorkang"},"content":"                tasks.myTaskList[taskID].markAsDone();","lastModifiedDate":"2022-10-06"},{"lineNumber":55,"author":{"gitId":"Directorkang"},"content":"            }","lastModifiedDate":"2022-09-08"},{"lineNumber":56,"author":{"gitId":"Directorkang"},"content":"            else if (line.startsWith(\"unmark\")) {","lastModifiedDate":"2022-09-08"},{"lineNumber":57,"author":{"gitId":"Directorkang"},"content":"                taskID \u003d filterTaskID(line);","lastModifiedDate":"2022-09-08"},{"lineNumber":58,"author":{"gitId":"Directorkang"},"content":"                tasks.myTaskList[taskID].markAsNotDone();","lastModifiedDate":"2022-10-06"},{"lineNumber":59,"author":{"gitId":"Directorkang"},"content":"            }","lastModifiedDate":"2022-09-08"},{"lineNumber":60,"author":{"gitId":"Directorkang"},"content":"            else if (line.startsWith(\"todo\") || line.startsWith(\"deadline\") || line.startsWith(\"event\") ) {","lastModifiedDate":"2022-09-16"},{"lineNumber":61,"author":{"gitId":"Directorkang"},"content":"                try{","lastModifiedDate":"2022-09-16"},{"lineNumber":62,"author":{"gitId":"Directorkang"},"content":"                    tasks.addTasks(line);","lastModifiedDate":"2022-10-06"},{"lineNumber":63,"author":{"gitId":"Directorkang"},"content":"                    System.out.println(\"Got it. I\u0027ve added this task:\");","lastModifiedDate":"2022-09-13"},{"lineNumber":64,"author":{"gitId":"Directorkang"},"content":"                    System.out.println(\"\\t\" + tasks.myTaskList[tasks.task_count-1].toString());","lastModifiedDate":"2022-10-06"},{"lineNumber":65,"author":{"gitId":"Directorkang"},"content":"                    System.out.println(\"Now you have \" + tasks.task_count + \" tasks in the list.\");","lastModifiedDate":"2022-10-06"},{"lineNumber":66,"author":{"gitId":"Directorkang"},"content":"                } catch (DukeException | IOException e){","lastModifiedDate":"2022-10-14"},{"lineNumber":67,"author":{"gitId":"Directorkang"},"content":"                    System.out.println(\"OOPS!!! The description of a todo cannot be empty.\");","lastModifiedDate":"2022-09-16"},{"lineNumber":68,"author":{"gitId":"Directorkang"},"content":"                }","lastModifiedDate":"2022-09-17"},{"lineNumber":69,"author":{"gitId":"Directorkang"},"content":"            }","lastModifiedDate":"2022-09-17"},{"lineNumber":70,"author":{"gitId":"Directorkang"},"content":"            else if(line.startsWith(\"delete\")){","lastModifiedDate":"2022-09-17"},{"lineNumber":71,"author":{"gitId":"Directorkang"},"content":"                try{","lastModifiedDate":"2022-09-17"},{"lineNumber":72,"author":{"gitId":"Directorkang"},"content":"                    taskID \u003d filterTaskID(line);","lastModifiedDate":"2022-09-17"},{"lineNumber":73,"author":{"gitId":"Directorkang"},"content":"                    System.out.println(\"Noted. I\u0027ve removed this task:\");","lastModifiedDate":"2022-09-17"},{"lineNumber":74,"author":{"gitId":"Directorkang"},"content":"                    System.out.println(\"\\t\" + tasks.myTaskList[taskID].toString());","lastModifiedDate":"2022-10-06"},{"lineNumber":75,"author":{"gitId":"Directorkang"},"content":"                    tasks.removeTasks(taskID);","lastModifiedDate":"2022-10-06"},{"lineNumber":76,"author":{"gitId":"Directorkang"},"content":"                    System.out.println(\"Now you have \" + tasks.task_count + \" tasks in the list.\");","lastModifiedDate":"2022-10-06"},{"lineNumber":77,"author":{"gitId":"Directorkang"},"content":"                } catch (DukeException e){","lastModifiedDate":"2022-09-17"},{"lineNumber":78,"author":{"gitId":"Directorkang"},"content":"                    System.out.println(\"OOPS!!! There is no corresponding taskID to delete.\");","lastModifiedDate":"2022-09-17"},{"lineNumber":79,"author":{"gitId":"Directorkang"},"content":"                } catch (IOException e) {","lastModifiedDate":"2022-10-16"},{"lineNumber":80,"author":{"gitId":"Directorkang"},"content":"                    throw new RuntimeException(e);","lastModifiedDate":"2022-10-16"},{"lineNumber":81,"author":{"gitId":"Directorkang"},"content":"                }","lastModifiedDate":"2022-09-16"},{"lineNumber":82,"author":{"gitId":"Directorkang"},"content":"            }","lastModifiedDate":"2022-09-16"},{"lineNumber":83,"author":{"gitId":"Directorkang"},"content":"            else {","lastModifiedDate":"2022-09-16"},{"lineNumber":84,"author":{"gitId":"Directorkang"},"content":"                try{","lastModifiedDate":"2022-09-16"},{"lineNumber":85,"author":{"gitId":"Directorkang"},"content":"                    throw new DukeException();","lastModifiedDate":"2022-09-17"},{"lineNumber":86,"author":{"gitId":"Directorkang"},"content":"                } catch (DukeException e){","lastModifiedDate":"2022-09-17"},{"lineNumber":87,"author":{"gitId":"Directorkang"},"content":"                    System.out.println(\"OOPS!!! I\u0027m sorry, but I don\u0027t know what that means :-(\");","lastModifiedDate":"2022-09-16"},{"lineNumber":88,"author":{"gitId":"Directorkang"},"content":"                }","lastModifiedDate":"2022-09-16"},{"lineNumber":89,"author":{"gitId":"Directorkang"},"content":"            }","lastModifiedDate":"2022-09-07"},{"lineNumber":90,"author":{"gitId":"Directorkang"},"content":"        }","lastModifiedDate":"2022-09-07"},{"lineNumber":91,"author":{"gitId":"Directorkang"},"content":"    }","lastModifiedDate":"2022-09-07"},{"lineNumber":92,"author":{"gitId":"Directorkang"},"content":"    public static void main(String[] args) throws IOException {","lastModifiedDate":"2022-10-14"},{"lineNumber":93,"author":{"gitId":"Directorkang"},"content":"        new Duke(\"data/tasks.txt\").run();","lastModifiedDate":"2022-10-06"},{"lineNumber":94,"author":{"gitId":"-"},"content":"    }","lastModifiedDate":"2022-10-06"},{"lineNumber":95,"author":{"gitId":"-"},"content":"}","lastModifiedDate":"2019-07-29"}],"authorContributionMap":{"Directorkang":85,"-":10}},{"path":"src/main/java/DukeException.java","fileType":"java","lines":[{"lineNumber":1,"author":{"gitId":"Directorkang"},"content":"public class DukeException extends Exception {","lastModifiedDate":"2022-09-17"},{"lineNumber":2,"author":{"gitId":"Directorkang"},"content":"    //catch no description for tasks","lastModifiedDate":"2022-09-17"},{"lineNumber":3,"author":{"gitId":"Directorkang"},"content":"","lastModifiedDate":"2022-09-17"},{"lineNumber":4,"author":{"gitId":"Directorkang"},"content":"}","lastModifiedDate":"2022-09-17"}],"authorContributionMap":{"Directorkang":4}},{"path":"src/main/java/Event.java","fileType":"java","lines":[{"lineNumber":1,"author":{"gitId":"Directorkang"},"content":"public class Event extends Task {","lastModifiedDate":"2022-09-13"},{"lineNumber":2,"author":{"gitId":"Directorkang"},"content":"    protected String my_by;","lastModifiedDate":"2022-09-13"},{"lineNumber":3,"author":{"gitId":"Directorkang"},"content":"","lastModifiedDate":"2022-09-12"},{"lineNumber":4,"author":{"gitId":"Directorkang"},"content":"    public Event(String description, String taskType, String by) {","lastModifiedDate":"2022-09-13"},{"lineNumber":5,"author":{"gitId":"Directorkang"},"content":"        super(description, taskType);","lastModifiedDate":"2022-09-13"},{"lineNumber":6,"author":{"gitId":"Directorkang"},"content":"        this.my_by \u003d by;","lastModifiedDate":"2022-09-13"},{"lineNumber":7,"author":{"gitId":"Directorkang"},"content":"    }","lastModifiedDate":"2022-09-13"},{"lineNumber":8,"author":{"gitId":"Directorkang"},"content":"","lastModifiedDate":"2022-09-13"},{"lineNumber":9,"author":{"gitId":"Directorkang"},"content":"    public void setEvent(String date) {","lastModifiedDate":"2022-09-13"},{"lineNumber":10,"author":{"gitId":"Directorkang"},"content":"        my_by \u003d date;","lastModifiedDate":"2022-09-13"},{"lineNumber":11,"author":{"gitId":"Directorkang"},"content":"    }","lastModifiedDate":"2022-09-13"},{"lineNumber":12,"author":{"gitId":"Directorkang"},"content":"","lastModifiedDate":"2022-09-13"},{"lineNumber":13,"author":{"gitId":"Directorkang"},"content":"    public String getEvent() {","lastModifiedDate":"2022-09-13"},{"lineNumber":14,"author":{"gitId":"Directorkang"},"content":"        return my_by;","lastModifiedDate":"2022-09-13"},{"lineNumber":15,"author":{"gitId":"Directorkang"},"content":"    }","lastModifiedDate":"2022-09-12"},{"lineNumber":16,"author":{"gitId":"Directorkang"},"content":"","lastModifiedDate":"2022-09-12"},{"lineNumber":17,"author":{"gitId":"Directorkang"},"content":"    @Override","lastModifiedDate":"2022-09-12"},{"lineNumber":18,"author":{"gitId":"Directorkang"},"content":"    public String toString() {","lastModifiedDate":"2022-09-12"},{"lineNumber":19,"author":{"gitId":"Directorkang"},"content":"        return \"[E]\" + super.toString() + \" (at: \" + my_by + \")\";","lastModifiedDate":"2022-09-13"},{"lineNumber":20,"author":{"gitId":"Directorkang"},"content":"    }","lastModifiedDate":"2022-09-12"},{"lineNumber":21,"author":{"gitId":"Directorkang"},"content":"}","lastModifiedDate":"2022-09-12"}],"authorContributionMap":{"Directorkang":21}},{"path":"src/main/java/Parser.java","fileType":"java","lines":[{"lineNumber":1,"author":{"gitId":"Directorkang"},"content":"public class Parser {","lastModifiedDate":"2022-10-06"},{"lineNumber":2,"author":{"gitId":"Directorkang"},"content":"    Parser(){","lastModifiedDate":"2022-10-06"},{"lineNumber":3,"author":{"gitId":"Directorkang"},"content":"","lastModifiedDate":"2022-10-06"},{"lineNumber":4,"author":{"gitId":"Directorkang"},"content":"    }","lastModifiedDate":"2022-10-06"},{"lineNumber":5,"author":{"gitId":"Directorkang"},"content":"}","lastModifiedDate":"2022-10-06"}],"authorContributionMap":{"Directorkang":5}},{"path":"src/main/java/Storage.java","fileType":"java","lines":[{"lineNumber":1,"author":{"gitId":"Directorkang"},"content":"import java.io.*;","lastModifiedDate":"2022-10-16"},{"lineNumber":2,"author":{"gitId":"Directorkang"},"content":"import java.util.Scanner;","lastModifiedDate":"2022-10-16"},{"lineNumber":3,"author":{"gitId":"Directorkang"},"content":"","lastModifiedDate":"2022-10-06"},{"lineNumber":4,"author":{"gitId":"Directorkang"},"content":"public class Storage {","lastModifiedDate":"2022-10-06"},{"lineNumber":5,"author":{"gitId":"Directorkang"},"content":"    private static File f;","lastModifiedDate":"2022-10-06"},{"lineNumber":6,"author":{"gitId":"Directorkang"},"content":"    //constructor","lastModifiedDate":"2022-10-06"},{"lineNumber":7,"author":{"gitId":"Directorkang"},"content":"    public Storage(String filePath){","lastModifiedDate":"2022-10-06"},{"lineNumber":8,"author":{"gitId":"Directorkang"},"content":"        // create a data folder to hold the file","lastModifiedDate":"2022-10-14"},{"lineNumber":9,"author":{"gitId":"Directorkang"},"content":"        File f1 \u003d new File(\"data\");","lastModifiedDate":"2022-10-14"},{"lineNumber":10,"author":{"gitId":"Directorkang"},"content":"        boolean bool \u003d f1.mkdir();","lastModifiedDate":"2022-10-14"},{"lineNumber":11,"author":{"gitId":"Directorkang"},"content":"        if(bool){","lastModifiedDate":"2022-10-14"},{"lineNumber":12,"author":{"gitId":"Directorkang"},"content":"            System.out.println(\"Folder is created successfully\");","lastModifiedDate":"2022-10-14"},{"lineNumber":13,"author":{"gitId":"Directorkang"},"content":"        }","lastModifiedDate":"2022-10-14"},{"lineNumber":14,"author":{"gitId":"Directorkang"},"content":"","lastModifiedDate":"2022-10-14"},{"lineNumber":15,"author":{"gitId":"Directorkang"},"content":"        //create the task file","lastModifiedDate":"2022-10-14"},{"lineNumber":16,"author":{"gitId":"Directorkang"},"content":"        f \u003d new File(filePath);","lastModifiedDate":"2022-10-14"},{"lineNumber":17,"author":{"gitId":"Directorkang"},"content":"    }","lastModifiedDate":"2022-10-14"},{"lineNumber":18,"author":{"gitId":"Directorkang"},"content":"","lastModifiedDate":"2022-10-14"},{"lineNumber":19,"author":{"gitId":"Directorkang"},"content":"    public static String load() throws IOException {","lastModifiedDate":"2022-10-16"},{"lineNumber":20,"author":{"gitId":"Directorkang"},"content":"        Scanner scan \u003d new Scanner(f);","lastModifiedDate":"2022-10-16"},{"lineNumber":21,"author":{"gitId":"Directorkang"},"content":"","lastModifiedDate":"2022-10-16"},{"lineNumber":22,"author":{"gitId":"Directorkang"},"content":"        String fileContent \u003d \"\";","lastModifiedDate":"2022-10-16"},{"lineNumber":23,"author":{"gitId":"Directorkang"},"content":"        while(scan.hasNextLine()){ //addTask to myTaskList for every line","lastModifiedDate":"2022-10-16"},{"lineNumber":24,"author":{"gitId":"Directorkang"},"content":"            fileContent \u003d fileContent.concat(scan.nextLine() + \"\\n\");","lastModifiedDate":"2022-10-16"},{"lineNumber":25,"author":{"gitId":"Directorkang"},"content":"        }","lastModifiedDate":"2022-10-16"},{"lineNumber":26,"author":{"gitId":"Directorkang"},"content":"        return fileContent;","lastModifiedDate":"2022-10-16"},{"lineNumber":27,"author":{"gitId":"Directorkang"},"content":"    }","lastModifiedDate":"2022-10-06"},{"lineNumber":28,"author":{"gitId":"Directorkang"},"content":"}","lastModifiedDate":"2022-10-06"}],"authorContributionMap":{"Directorkang":28}},{"path":"src/main/java/Task.java","fileType":"java","lines":[{"lineNumber":1,"author":{"gitId":"Directorkang"},"content":"import java.io.*;","lastModifiedDate":"2022-10-17"},{"lineNumber":2,"author":{"gitId":"Directorkang"},"content":"","lastModifiedDate":"2022-10-16"},{"lineNumber":3,"author":{"gitId":"Directorkang"},"content":"abstract class Task {","lastModifiedDate":"2022-10-02"},{"lineNumber":4,"author":{"gitId":"Directorkang"},"content":"    protected String description;","lastModifiedDate":"2022-09-07"},{"lineNumber":5,"author":{"gitId":"Directorkang"},"content":"    protected boolean isDone;","lastModifiedDate":"2022-09-07"},{"lineNumber":6,"author":{"gitId":"Directorkang"},"content":"    protected String myTaskType;","lastModifiedDate":"2022-09-13"},{"lineNumber":7,"author":{"gitId":"Directorkang"},"content":"","lastModifiedDate":"2022-09-07"},{"lineNumber":8,"author":{"gitId":"Directorkang"},"content":"    //constructor","lastModifiedDate":"2022-09-13"},{"lineNumber":9,"author":{"gitId":"Directorkang"},"content":"    public Task(String description, String TaskType) {","lastModifiedDate":"2022-09-13"},{"lineNumber":10,"author":{"gitId":"Directorkang"},"content":"        this.description \u003d description;","lastModifiedDate":"2022-09-07"},{"lineNumber":11,"author":{"gitId":"Directorkang"},"content":"        this.myTaskType \u003d TaskType;","lastModifiedDate":"2022-09-13"},{"lineNumber":12,"author":{"gitId":"Directorkang"},"content":"    }","lastModifiedDate":"2022-09-07"},{"lineNumber":13,"author":{"gitId":"Directorkang"},"content":"","lastModifiedDate":"2022-10-16"},{"lineNumber":14,"author":{"gitId":"Directorkang"},"content":"    private void markTaskFromFile(String filePath) throws IOException {","lastModifiedDate":"2022-10-17"},{"lineNumber":15,"author":{"gitId":"Directorkang"},"content":"        //replace the task in the file to true","lastModifiedDate":"2022-10-16"},{"lineNumber":16,"author":{"gitId":"Directorkang"},"content":"        File inputFile \u003d new File(filePath);","lastModifiedDate":"2022-10-17"},{"lineNumber":17,"author":{"gitId":"Directorkang"},"content":"        String Content \u003d \"\";","lastModifiedDate":"2022-10-17"},{"lineNumber":18,"author":{"gitId":"Directorkang"},"content":"        BufferedReader reader \u003d new BufferedReader(new FileReader(inputFile));","lastModifiedDate":"2022-10-17"},{"lineNumber":19,"author":{"gitId":"Directorkang"},"content":"","lastModifiedDate":"2022-10-17"},{"lineNumber":20,"author":{"gitId":"Directorkang"},"content":"        String currentLine ;","lastModifiedDate":"2022-10-17"},{"lineNumber":21,"author":{"gitId":"Directorkang"},"content":"        String lineToRemove \u003d this.myTaskType + \" | \" + this.isDone + \" | \" + this.description;","lastModifiedDate":"2022-10-17"},{"lineNumber":22,"author":{"gitId":"Directorkang"},"content":"","lastModifiedDate":"2022-10-17"},{"lineNumber":23,"author":{"gitId":"Directorkang"},"content":"        while((currentLine \u003d reader.readLine()) !\u003d null) {//read current line from tasks.txt till it null","lastModifiedDate":"2022-10-17"},{"lineNumber":24,"author":{"gitId":"Directorkang"},"content":"            if(currentLine.trim().equals(lineToRemove.trim())){","lastModifiedDate":"2022-10-17"},{"lineNumber":25,"author":{"gitId":"Directorkang"},"content":"                String markLine \u003d this.myTaskType + \" | \" + \"true\" + \" | \" + this.description;","lastModifiedDate":"2022-10-17"},{"lineNumber":26,"author":{"gitId":"Directorkang"},"content":"                Content \u003d Content + markLine + System.lineSeparator();","lastModifiedDate":"2022-10-17"},{"lineNumber":27,"author":{"gitId":"Directorkang"},"content":"                continue;","lastModifiedDate":"2022-10-17"},{"lineNumber":28,"author":{"gitId":"Directorkang"},"content":"            }","lastModifiedDate":"2022-10-17"},{"lineNumber":29,"author":{"gitId":"Directorkang"},"content":"            Content \u003d Content + currentLine + System.lineSeparator();","lastModifiedDate":"2022-10-17"},{"lineNumber":30,"author":{"gitId":"Directorkang"},"content":"        }","lastModifiedDate":"2022-10-17"},{"lineNumber":31,"author":{"gitId":"Directorkang"},"content":"","lastModifiedDate":"2022-10-17"},{"lineNumber":32,"author":{"gitId":"Directorkang"},"content":"        FileWriter writer \u003d new FileWriter(inputFile);","lastModifiedDate":"2022-10-17"},{"lineNumber":33,"author":{"gitId":"Directorkang"},"content":"        writer.write(Content);","lastModifiedDate":"2022-10-17"},{"lineNumber":34,"author":{"gitId":"Directorkang"},"content":"        writer.close();","lastModifiedDate":"2022-10-17"},{"lineNumber":35,"author":{"gitId":"Directorkang"},"content":"        reader.close();","lastModifiedDate":"2022-10-17"},{"lineNumber":36,"author":{"gitId":"Directorkang"},"content":"    }","lastModifiedDate":"2022-10-16"},{"lineNumber":37,"author":{"gitId":"Directorkang"},"content":"","lastModifiedDate":"2022-10-16"},{"lineNumber":38,"author":{"gitId":"Directorkang"},"content":"    private void unmarkTaskFromFile(String filePath) throws IOException {","lastModifiedDate":"2022-10-17"},{"lineNumber":39,"author":{"gitId":"Directorkang"},"content":"        //replace the task in the file to true","lastModifiedDate":"2022-10-16"},{"lineNumber":40,"author":{"gitId":"Directorkang"},"content":"        File inputFile \u003d new File(filePath);","lastModifiedDate":"2022-10-17"},{"lineNumber":41,"author":{"gitId":"Directorkang"},"content":"        String Content \u003d \"\";","lastModifiedDate":"2022-10-17"},{"lineNumber":42,"author":{"gitId":"Directorkang"},"content":"        BufferedReader reader \u003d new BufferedReader(new FileReader(inputFile));","lastModifiedDate":"2022-10-17"},{"lineNumber":43,"author":{"gitId":"Directorkang"},"content":"","lastModifiedDate":"2022-10-17"},{"lineNumber":44,"author":{"gitId":"Directorkang"},"content":"        String currentLine ;","lastModifiedDate":"2022-10-17"},{"lineNumber":45,"author":{"gitId":"Directorkang"},"content":"        String lineToRemove \u003d this.myTaskType + \" | \" + this.isDone + \" | \" + this.description;","lastModifiedDate":"2022-10-17"},{"lineNumber":46,"author":{"gitId":"Directorkang"},"content":"","lastModifiedDate":"2022-10-17"},{"lineNumber":47,"author":{"gitId":"Directorkang"},"content":"        while((currentLine \u003d reader.readLine()) !\u003d null) {//read current line from tasks.txt till it null","lastModifiedDate":"2022-10-17"},{"lineNumber":48,"author":{"gitId":"Directorkang"},"content":"            if(currentLine.trim().equals(lineToRemove.trim())){","lastModifiedDate":"2022-10-17"},{"lineNumber":49,"author":{"gitId":"Directorkang"},"content":"                String markLine \u003d this.myTaskType + \" | \" + \"false\" + \" | \" + this.description;","lastModifiedDate":"2022-10-17"},{"lineNumber":50,"author":{"gitId":"Directorkang"},"content":"                Content \u003d Content + markLine + System.lineSeparator();","lastModifiedDate":"2022-10-17"},{"lineNumber":51,"author":{"gitId":"Directorkang"},"content":"                continue;","lastModifiedDate":"2022-10-17"},{"lineNumber":52,"author":{"gitId":"Directorkang"},"content":"            }","lastModifiedDate":"2022-10-17"},{"lineNumber":53,"author":{"gitId":"Directorkang"},"content":"            Content \u003d Content + currentLine + System.lineSeparator();","lastModifiedDate":"2022-10-17"},{"lineNumber":54,"author":{"gitId":"Directorkang"},"content":"        }","lastModifiedDate":"2022-10-17"},{"lineNumber":55,"author":{"gitId":"Directorkang"},"content":"","lastModifiedDate":"2022-10-17"},{"lineNumber":56,"author":{"gitId":"Directorkang"},"content":"        FileWriter writer \u003d new FileWriter(inputFile);","lastModifiedDate":"2022-10-17"},{"lineNumber":57,"author":{"gitId":"Directorkang"},"content":"        writer.write(Content);","lastModifiedDate":"2022-10-17"},{"lineNumber":58,"author":{"gitId":"Directorkang"},"content":"        writer.close();","lastModifiedDate":"2022-10-17"},{"lineNumber":59,"author":{"gitId":"Directorkang"},"content":"        reader.close();","lastModifiedDate":"2022-10-17"},{"lineNumber":60,"author":{"gitId":"Directorkang"},"content":"    }","lastModifiedDate":"2022-10-16"},{"lineNumber":61,"author":{"gitId":"Directorkang"},"content":"","lastModifiedDate":"2022-10-16"},{"lineNumber":62,"author":{"gitId":"Directorkang"},"content":"    public void markAsDone() throws IOException {","lastModifiedDate":"2022-10-16"},{"lineNumber":63,"author":{"gitId":"Directorkang"},"content":"        //mark true in tasks.txt","lastModifiedDate":"2022-10-16"},{"lineNumber":64,"author":{"gitId":"Directorkang"},"content":"        markTaskFromFile(\"data/tasks.txt\");","lastModifiedDate":"2022-10-16"},{"lineNumber":65,"author":{"gitId":"Directorkang"},"content":"","lastModifiedDate":"2022-10-16"},{"lineNumber":66,"author":{"gitId":"Directorkang"},"content":"        System.out.println(\"Nice! I\u0027ve marked this task as done:\");","lastModifiedDate":"2022-09-08"},{"lineNumber":67,"author":{"gitId":"Directorkang"},"content":"        this.isDone \u003d true;","lastModifiedDate":"2022-09-07"},{"lineNumber":68,"author":{"gitId":"Directorkang"},"content":"        System.out.println(\"[X] \" + description);","lastModifiedDate":"2022-09-13"},{"lineNumber":69,"author":{"gitId":"Directorkang"},"content":"    }","lastModifiedDate":"2022-09-08"},{"lineNumber":70,"author":{"gitId":"Directorkang"},"content":"","lastModifiedDate":"2022-09-08"},{"lineNumber":71,"author":{"gitId":"Directorkang"},"content":"    public void markAsNotDone() throws IOException {","lastModifiedDate":"2022-10-16"},{"lineNumber":72,"author":{"gitId":"Directorkang"},"content":"        //mark false in tasks.txt","lastModifiedDate":"2022-10-16"},{"lineNumber":73,"author":{"gitId":"Directorkang"},"content":"        unmarkTaskFromFile(\"data/tasks.txt\");","lastModifiedDate":"2022-10-16"},{"lineNumber":74,"author":{"gitId":"Directorkang"},"content":"","lastModifiedDate":"2022-10-16"},{"lineNumber":75,"author":{"gitId":"Directorkang"},"content":"        System.out.println(\"OK, I\u0027ve marked this task as not done yet:\");","lastModifiedDate":"2022-09-08"},{"lineNumber":76,"author":{"gitId":"Directorkang"},"content":"        this.isDone \u003d false;","lastModifiedDate":"2022-09-08"},{"lineNumber":77,"author":{"gitId":"Directorkang"},"content":"        System.out.println(\"[] \" + description);","lastModifiedDate":"2022-09-13"},{"lineNumber":78,"author":{"gitId":"Directorkang"},"content":"    }","lastModifiedDate":"2022-09-13"},{"lineNumber":79,"author":{"gitId":"Directorkang"},"content":"","lastModifiedDate":"2022-09-13"},{"lineNumber":80,"author":{"gitId":"Directorkang"},"content":"    //get method","lastModifiedDate":"2022-09-13"},{"lineNumber":81,"author":{"gitId":"Directorkang"},"content":"    public String getTaskTypeIcon() {","lastModifiedDate":"2022-09-13"},{"lineNumber":82,"author":{"gitId":"Directorkang"},"content":"        return myTaskType;","lastModifiedDate":"2022-09-13"},{"lineNumber":83,"author":{"gitId":"Directorkang"},"content":"    }","lastModifiedDate":"2022-09-13"},{"lineNumber":84,"author":{"gitId":"Directorkang"},"content":"","lastModifiedDate":"2022-09-13"},{"lineNumber":85,"author":{"gitId":"Directorkang"},"content":"    public String getStatusIcon() {","lastModifiedDate":"2022-09-13"},{"lineNumber":86,"author":{"gitId":"Directorkang"},"content":"        return (isDone ? \"X\" : \" \"); // mark done task with X","lastModifiedDate":"2022-09-13"},{"lineNumber":87,"author":{"gitId":"Directorkang"},"content":"    }","lastModifiedDate":"2022-09-13"},{"lineNumber":88,"author":{"gitId":"Directorkang"},"content":"","lastModifiedDate":"2022-09-13"},{"lineNumber":89,"author":{"gitId":"Directorkang"},"content":"    //set method","lastModifiedDate":"2022-10-17"},{"lineNumber":90,"author":{"gitId":"Directorkang"},"content":"    public void setIsDone(boolean trueOrFalse){","lastModifiedDate":"2022-10-17"},{"lineNumber":91,"author":{"gitId":"Directorkang"},"content":"        this.isDone \u003d trueOrFalse;","lastModifiedDate":"2022-10-17"},{"lineNumber":92,"author":{"gitId":"Directorkang"},"content":"    }","lastModifiedDate":"2022-10-17"},{"lineNumber":93,"author":{"gitId":"Directorkang"},"content":"","lastModifiedDate":"2022-10-17"},{"lineNumber":94,"author":{"gitId":"Directorkang"},"content":"    //override","lastModifiedDate":"2022-10-17"},{"lineNumber":95,"author":{"gitId":"Directorkang"},"content":"    public String toString(){","lastModifiedDate":"2022-09-13"},{"lineNumber":96,"author":{"gitId":"Directorkang"},"content":"        return \"[\" + getStatusIcon() + \"] \"  + description;","lastModifiedDate":"2022-09-13"},{"lineNumber":97,"author":{"gitId":"Directorkang"},"content":"    }","lastModifiedDate":"2022-09-07"},{"lineNumber":98,"author":{"gitId":"Directorkang"},"content":"}","lastModifiedDate":"2022-09-07"}],"authorContributionMap":{"Directorkang":98}},{"path":"src/main/java/TaskList.java","fileType":"java","lines":[{"lineNumber":1,"author":{"gitId":"Directorkang"},"content":"import java.io.*;","lastModifiedDate":"2022-10-16"},{"lineNumber":2,"author":{"gitId":"Directorkang"},"content":"import java.nio.file.*;","lastModifiedDate":"2022-10-17"},{"lineNumber":3,"author":{"gitId":"Directorkang"},"content":"import java.util.Scanner;","lastModifiedDate":"2022-10-16"},{"lineNumber":4,"author":{"gitId":"Directorkang"},"content":"","lastModifiedDate":"2022-10-06"},{"lineNumber":5,"author":{"gitId":"Directorkang"},"content":"public class TaskList {","lastModifiedDate":"2022-10-06"},{"lineNumber":6,"author":{"gitId":"Directorkang"},"content":"    public int task_count;","lastModifiedDate":"2022-09-13"},{"lineNumber":7,"author":{"gitId":"Directorkang"},"content":"    public Task[] myTaskList;","lastModifiedDate":"2022-09-13"},{"lineNumber":8,"author":{"gitId":"Directorkang"},"content":"","lastModifiedDate":"2022-09-13"},{"lineNumber":9,"author":{"gitId":"Directorkang"},"content":"    // //constructor reading a existing file","lastModifiedDate":"2022-10-16"},{"lineNumber":10,"author":{"gitId":"Directorkang"},"content":"    TaskList(){","lastModifiedDate":"2022-10-16"},{"lineNumber":11,"author":{"gitId":"Directorkang"},"content":"        task_count \u003d 0;","lastModifiedDate":"2022-09-13"},{"lineNumber":12,"author":{"gitId":"Directorkang"},"content":"        myTaskList \u003d new Task[100];","lastModifiedDate":"2022-09-13"},{"lineNumber":13,"author":{"gitId":"Directorkang"},"content":"    }","lastModifiedDate":"2022-09-13"},{"lineNumber":14,"author":{"gitId":"Directorkang"},"content":"","lastModifiedDate":"2022-10-14"},{"lineNumber":15,"author":{"gitId":"Directorkang"},"content":"    TaskList(String fileContent) throws DukeException, IOException {","lastModifiedDate":"2022-10-16"},{"lineNumber":16,"author":{"gitId":"Directorkang"},"content":"        task_count \u003d 0;","lastModifiedDate":"2022-10-16"},{"lineNumber":17,"author":{"gitId":"Directorkang"},"content":"        myTaskList \u003d new Task[100];","lastModifiedDate":"2022-10-16"},{"lineNumber":18,"author":{"gitId":"Directorkang"},"content":"","lastModifiedDate":"2022-10-16"},{"lineNumber":19,"author":{"gitId":"Directorkang"},"content":"        Scanner scan \u003d new Scanner(fileContent);","lastModifiedDate":"2022-10-16"},{"lineNumber":20,"author":{"gitId":"Directorkang"},"content":"        //add everyLine to myTaskList","lastModifiedDate":"2022-10-16"},{"lineNumber":21,"author":{"gitId":"Directorkang"},"content":"        while(scan.hasNextLine()){","lastModifiedDate":"2022-10-16"},{"lineNumber":22,"author":{"gitId":"Directorkang"},"content":"            updateTasks(scan.nextLine());","lastModifiedDate":"2022-10-16"},{"lineNumber":23,"author":{"gitId":"Directorkang"},"content":"        }","lastModifiedDate":"2022-10-16"},{"lineNumber":24,"author":{"gitId":"Directorkang"},"content":"    }","lastModifiedDate":"2022-10-16"},{"lineNumber":25,"author":{"gitId":"Directorkang"},"content":"","lastModifiedDate":"2022-10-16"},{"lineNumber":26,"author":{"gitId":"Directorkang"},"content":"    private static void writeToFile(String filePath, String textToAdd) throws IOException {","lastModifiedDate":"2022-10-14"},{"lineNumber":27,"author":{"gitId":"Directorkang"},"content":"        FileWriter fw \u003d new FileWriter(filePath);","lastModifiedDate":"2022-10-14"},{"lineNumber":28,"author":{"gitId":"Directorkang"},"content":"        fw.write(textToAdd);","lastModifiedDate":"2022-10-14"},{"lineNumber":29,"author":{"gitId":"Directorkang"},"content":"        fw.close();","lastModifiedDate":"2022-10-14"},{"lineNumber":30,"author":{"gitId":"Directorkang"},"content":"    }","lastModifiedDate":"2022-10-14"},{"lineNumber":31,"author":{"gitId":"Directorkang"},"content":"","lastModifiedDate":"2022-10-14"},{"lineNumber":32,"author":{"gitId":"Directorkang"},"content":"    private static void appendToFile(String filePath, String textToAppend) throws IOException {","lastModifiedDate":"2022-10-14"},{"lineNumber":33,"author":{"gitId":"Directorkang"},"content":"        FileWriter fw \u003d new FileWriter(filePath, true); // create a FileWriter in append mode","lastModifiedDate":"2022-10-14"},{"lineNumber":34,"author":{"gitId":"Directorkang"},"content":"        fw.write(textToAppend + System.lineSeparator());","lastModifiedDate":"2022-10-16"},{"lineNumber":35,"author":{"gitId":"Directorkang"},"content":"        fw.close();","lastModifiedDate":"2022-10-14"},{"lineNumber":36,"author":{"gitId":"Directorkang"},"content":"    }","lastModifiedDate":"2022-10-06"},{"lineNumber":37,"author":{"gitId":"Directorkang"},"content":"    private static void removeLineFromFile(String filePath, String textToRemove) throws  IOException {","lastModifiedDate":"2022-10-16"},{"lineNumber":38,"author":{"gitId":"Directorkang"},"content":"        File inputFile \u003d new File(filePath);","lastModifiedDate":"2022-10-16"},{"lineNumber":39,"author":{"gitId":"Directorkang"},"content":"        File tempFile \u003d new File(\"data/tasks_temp.txt\");","lastModifiedDate":"2022-10-17"},{"lineNumber":40,"author":{"gitId":"Directorkang"},"content":"","lastModifiedDate":"2022-10-16"},{"lineNumber":41,"author":{"gitId":"Directorkang"},"content":"        BufferedReader reader \u003d new BufferedReader(new FileReader(inputFile));","lastModifiedDate":"2022-10-16"},{"lineNumber":42,"author":{"gitId":"Directorkang"},"content":"        BufferedWriter writer \u003d new BufferedWriter(new FileWriter(tempFile));","lastModifiedDate":"2022-10-16"},{"lineNumber":43,"author":{"gitId":"Directorkang"},"content":"","lastModifiedDate":"2022-10-16"},{"lineNumber":44,"author":{"gitId":"Directorkang"},"content":"        String currentLine;","lastModifiedDate":"2022-10-16"},{"lineNumber":45,"author":{"gitId":"Directorkang"},"content":"        String lineToRemove \u003d textToRemove.trim();","lastModifiedDate":"2022-10-16"},{"lineNumber":46,"author":{"gitId":"Directorkang"},"content":"","lastModifiedDate":"2022-10-16"},{"lineNumber":47,"author":{"gitId":"Directorkang"},"content":"        while((currentLine \u003d reader.readLine()) !\u003d null) {//read current line from tasks.txt till it null","lastModifiedDate":"2022-10-17"},{"lineNumber":48,"author":{"gitId":"Directorkang"},"content":"            String trimmedLine \u003d currentLine.trim();","lastModifiedDate":"2022-10-16"},{"lineNumber":49,"author":{"gitId":"Directorkang"},"content":"            if(trimmedLine.equals(lineToRemove)){","lastModifiedDate":"2022-10-17"},{"lineNumber":50,"author":{"gitId":"Directorkang"},"content":"                continue;","lastModifiedDate":"2022-10-17"},{"lineNumber":51,"author":{"gitId":"Directorkang"},"content":"            }","lastModifiedDate":"2022-10-17"},{"lineNumber":52,"author":{"gitId":"Directorkang"},"content":"            writer.write(currentLine + System.lineSeparator()); //write current line to temp file","lastModifiedDate":"2022-10-17"},{"lineNumber":53,"author":{"gitId":"Directorkang"},"content":"        }","lastModifiedDate":"2022-10-16"},{"lineNumber":54,"author":{"gitId":"Directorkang"},"content":"        writer.close();","lastModifiedDate":"2022-10-16"},{"lineNumber":55,"author":{"gitId":"Directorkang"},"content":"        reader.close();","lastModifiedDate":"2022-10-16"},{"lineNumber":56,"author":{"gitId":"Directorkang"},"content":"","lastModifiedDate":"2022-10-16"},{"lineNumber":57,"author":{"gitId":"Directorkang"},"content":"        try{","lastModifiedDate":"2022-10-17"},{"lineNumber":58,"author":{"gitId":"Directorkang"},"content":"            inputFile.delete();","lastModifiedDate":"2022-10-17"},{"lineNumber":59,"author":{"gitId":"Directorkang"},"content":"            tempFile.renameTo(inputFile);","lastModifiedDate":"2022-10-17"},{"lineNumber":60,"author":{"gitId":"Directorkang"},"content":"        } catch (Exception e) {","lastModifiedDate":"2022-10-17"},{"lineNumber":61,"author":{"gitId":"Directorkang"},"content":"            System.gc();","lastModifiedDate":"2022-10-17"},{"lineNumber":62,"author":{"gitId":"Directorkang"},"content":"            inputFile.delete();","lastModifiedDate":"2022-10-16"},{"lineNumber":63,"author":{"gitId":"Directorkang"},"content":"            tempFile.renameTo(inputFile);","lastModifiedDate":"2022-10-16"},{"lineNumber":64,"author":{"gitId":"Directorkang"},"content":"            throw new RuntimeException(e);","lastModifiedDate":"2022-10-17"},{"lineNumber":65,"author":{"gitId":"Directorkang"},"content":"        }","lastModifiedDate":"2022-10-17"},{"lineNumber":66,"author":{"gitId":"Directorkang"},"content":"    }","lastModifiedDate":"2022-10-16"},{"lineNumber":67,"author":{"gitId":"Directorkang"},"content":"","lastModifiedDate":"2022-10-16"},{"lineNumber":68,"author":{"gitId":"Directorkang"},"content":"    public void addTasks(String input) throws DukeException, IOException {","lastModifiedDate":"2022-10-14"},{"lineNumber":69,"author":{"gitId":"Directorkang"},"content":"        String[] words \u003d input.split(\" \");","lastModifiedDate":"2022-09-13"},{"lineNumber":70,"author":{"gitId":"Directorkang"},"content":"        String description \u003d \"\";","lastModifiedDate":"2022-09-13"},{"lineNumber":71,"author":{"gitId":"Directorkang"},"content":"","lastModifiedDate":"2022-09-13"},{"lineNumber":72,"author":{"gitId":"Directorkang"},"content":"        int dateDivider \u003d 0;","lastModifiedDate":"2022-09-13"},{"lineNumber":73,"author":{"gitId":"Directorkang"},"content":"","lastModifiedDate":"2022-09-13"},{"lineNumber":74,"author":{"gitId":"Directorkang"},"content":"        for(int i \u003d 1; i \u003c words.length; i++){","lastModifiedDate":"2022-09-13"},{"lineNumber":75,"author":{"gitId":"Directorkang"},"content":"            if(words[i].startsWith(\"/\")){","lastModifiedDate":"2022-09-13"},{"lineNumber":76,"author":{"gitId":"Directorkang"},"content":"                dateDivider \u003d i;","lastModifiedDate":"2022-09-13"},{"lineNumber":77,"author":{"gitId":"Directorkang"},"content":"                break;","lastModifiedDate":"2022-09-13"},{"lineNumber":78,"author":{"gitId":"Directorkang"},"content":"            }","lastModifiedDate":"2022-09-13"},{"lineNumber":79,"author":{"gitId":"Directorkang"},"content":"            description \u003d description + words[i] + \" \";","lastModifiedDate":"2022-09-13"},{"lineNumber":80,"author":{"gitId":"Directorkang"},"content":"        }","lastModifiedDate":"2022-09-13"},{"lineNumber":81,"author":{"gitId":"Directorkang"},"content":"","lastModifiedDate":"2022-09-13"},{"lineNumber":82,"author":{"gitId":"Directorkang"},"content":"        String date \u003d \"\";","lastModifiedDate":"2022-09-13"},{"lineNumber":83,"author":{"gitId":"Directorkang"},"content":"","lastModifiedDate":"2022-09-13"},{"lineNumber":84,"author":{"gitId":"Directorkang"},"content":"        for(int i \u003d dateDivider + 1; i \u003c words.length; i++){","lastModifiedDate":"2022-09-13"},{"lineNumber":85,"author":{"gitId":"Directorkang"},"content":"            date \u003d date + words[i] + \" \";","lastModifiedDate":"2022-09-13"},{"lineNumber":86,"author":{"gitId":"Directorkang"},"content":"        }","lastModifiedDate":"2022-09-13"},{"lineNumber":87,"author":{"gitId":"Directorkang"},"content":"","lastModifiedDate":"2022-09-13"},{"lineNumber":88,"author":{"gitId":"Directorkang"},"content":"        if (description.equals(\"\")){","lastModifiedDate":"2022-09-16"},{"lineNumber":89,"author":{"gitId":"Directorkang"},"content":"            throw new DukeException();","lastModifiedDate":"2022-09-17"},{"lineNumber":90,"author":{"gitId":"Directorkang"},"content":"        }","lastModifiedDate":"2022-09-16"},{"lineNumber":91,"author":{"gitId":"Directorkang"},"content":"","lastModifiedDate":"2022-09-16"},{"lineNumber":92,"author":{"gitId":"Directorkang"},"content":"        switch (words[0]) {","lastModifiedDate":"2022-09-16"},{"lineNumber":93,"author":{"gitId":"Directorkang"},"content":"            case \"deadline\":","lastModifiedDate":"2022-09-16"},{"lineNumber":94,"author":{"gitId":"Directorkang"},"content":"                myTaskList[task_count] \u003d new Deadline(description, \"deadline\", date);","lastModifiedDate":"2022-09-13"},{"lineNumber":95,"author":{"gitId":"Directorkang"},"content":"                break;","lastModifiedDate":"2022-09-16"},{"lineNumber":96,"author":{"gitId":"Directorkang"},"content":"            case \"event\":","lastModifiedDate":"2022-09-16"},{"lineNumber":97,"author":{"gitId":"Directorkang"},"content":"                myTaskList[task_count] \u003d new Event(description, \"event\", date);","lastModifiedDate":"2022-09-13"},{"lineNumber":98,"author":{"gitId":"Directorkang"},"content":"                break;","lastModifiedDate":"2022-09-16"},{"lineNumber":99,"author":{"gitId":"Directorkang"},"content":"            case \"todo\":","lastModifiedDate":"2022-09-16"},{"lineNumber":100,"author":{"gitId":"Directorkang"},"content":"                myTaskList[task_count] \u003d new ToDo(description, \"todo\");","lastModifiedDate":"2022-09-13"},{"lineNumber":101,"author":{"gitId":"Directorkang"},"content":"                break;","lastModifiedDate":"2022-09-16"},{"lineNumber":102,"author":{"gitId":"Directorkang"},"content":"            default:","lastModifiedDate":"2022-09-16"},{"lineNumber":103,"author":{"gitId":"Directorkang"},"content":"                throw new DukeException();","lastModifiedDate":"2022-09-17"},{"lineNumber":104,"author":{"gitId":"Directorkang"},"content":"        }","lastModifiedDate":"2022-09-13"},{"lineNumber":105,"author":{"gitId":"Directorkang"},"content":"","lastModifiedDate":"2022-10-14"},{"lineNumber":106,"author":{"gitId":"Directorkang"},"content":"        String file \u003d \"data/tasks.txt\";","lastModifiedDate":"2022-10-14"},{"lineNumber":107,"author":{"gitId":"Directorkang"},"content":"        String data \u003d myTaskList[task_count].myTaskType + \" | \" +","lastModifiedDate":"2022-10-16"},{"lineNumber":108,"author":{"gitId":"Directorkang"},"content":"                        myTaskList[task_count].isDone + \" | \" +","lastModifiedDate":"2022-10-16"},{"lineNumber":109,"author":{"gitId":"Directorkang"},"content":"                        myTaskList[task_count].description;","lastModifiedDate":"2022-10-16"},{"lineNumber":110,"author":{"gitId":"Directorkang"},"content":"","lastModifiedDate":"2022-10-14"},{"lineNumber":111,"author":{"gitId":"Directorkang"},"content":"        //write to file","lastModifiedDate":"2022-10-14"},{"lineNumber":112,"author":{"gitId":"Directorkang"},"content":"        try{","lastModifiedDate":"2022-10-14"},{"lineNumber":113,"author":{"gitId":"Directorkang"},"content":"            appendToFile(file,data);","lastModifiedDate":"2022-10-16"},{"lineNumber":114,"author":{"gitId":"Directorkang"},"content":"        } catch (IOException e){","lastModifiedDate":"2022-10-14"},{"lineNumber":115,"author":{"gitId":"Directorkang"},"content":"            writeToFile(file, data);","lastModifiedDate":"2022-10-16"},{"lineNumber":116,"author":{"gitId":"Directorkang"},"content":"            System.out.println(\"Something went wrong: \" + e.getMessage());","lastModifiedDate":"2022-10-14"},{"lineNumber":117,"author":{"gitId":"Directorkang"},"content":"        }","lastModifiedDate":"2022-10-14"},{"lineNumber":118,"author":{"gitId":"Directorkang"},"content":"        ++task_count;","lastModifiedDate":"2022-09-07"},{"lineNumber":119,"author":{"gitId":"Directorkang"},"content":"    }","lastModifiedDate":"2022-09-07"},{"lineNumber":120,"author":{"gitId":"Directorkang"},"content":"","lastModifiedDate":"2022-09-07"},{"lineNumber":121,"author":{"gitId":"Directorkang"},"content":"    public void removeTasks(int taskID) throws DukeException, IOException {","lastModifiedDate":"2022-10-16"},{"lineNumber":122,"author":{"gitId":"Directorkang"},"content":"        try {","lastModifiedDate":"2022-10-16"},{"lineNumber":123,"author":{"gitId":"Directorkang"},"content":"            //delete the task in tasks.txt","lastModifiedDate":"2022-10-16"},{"lineNumber":124,"author":{"gitId":"Directorkang"},"content":"            String file \u003d \"data/tasks.txt\";","lastModifiedDate":"2022-10-16"},{"lineNumber":125,"author":{"gitId":"Directorkang"},"content":"            String LineToRemove \u003d myTaskList[taskID].myTaskType + \" | \" +","lastModifiedDate":"2022-10-16"},{"lineNumber":126,"author":{"gitId":"Directorkang"},"content":"                    myTaskList[taskID].isDone + \" | \" +","lastModifiedDate":"2022-10-16"},{"lineNumber":127,"author":{"gitId":"Directorkang"},"content":"                    myTaskList[taskID].description;","lastModifiedDate":"2022-10-16"},{"lineNumber":128,"author":{"gitId":"Directorkang"},"content":"            removeLineFromFile(file, LineToRemove);","lastModifiedDate":"2022-10-16"},{"lineNumber":129,"author":{"gitId":"Directorkang"},"content":"","lastModifiedDate":"2022-10-16"},{"lineNumber":130,"author":{"gitId":"Directorkang"},"content":"            for (int i \u003d taskID; i \u003c task_count; i++) { //replace the task with the task in front of it","lastModifiedDate":"2022-10-16"},{"lineNumber":131,"author":{"gitId":"Directorkang"},"content":"                myTaskList[i] \u003d myTaskList[i + 1];","lastModifiedDate":"2022-09-17"},{"lineNumber":132,"author":{"gitId":"Directorkang"},"content":"            }","lastModifiedDate":"2022-09-17"},{"lineNumber":133,"author":{"gitId":"Directorkang"},"content":"            myTaskList[task_count] \u003d null; //initialize the last task to null","lastModifiedDate":"2022-10-16"},{"lineNumber":134,"author":{"gitId":"Directorkang"},"content":"","lastModifiedDate":"2022-10-16"},{"lineNumber":135,"author":{"gitId":"Directorkang"},"content":"            //reduce the task count","lastModifiedDate":"2022-10-16"},{"lineNumber":136,"author":{"gitId":"Directorkang"},"content":"            --task_count;","lastModifiedDate":"2022-09-17"},{"lineNumber":137,"author":{"gitId":"Directorkang"},"content":"        } catch (NullPointerException e){","lastModifiedDate":"2022-10-16"},{"lineNumber":138,"author":{"gitId":"Directorkang"},"content":"            System.out.println(\"TaskList is empty\");","lastModifiedDate":"2022-10-16"},{"lineNumber":139,"author":{"gitId":"Directorkang"},"content":"        }","lastModifiedDate":"2022-10-16"},{"lineNumber":140,"author":{"gitId":"Directorkang"},"content":"    }","lastModifiedDate":"2022-09-17"},{"lineNumber":141,"author":{"gitId":"Directorkang"},"content":"","lastModifiedDate":"2022-09-17"},{"lineNumber":142,"author":{"gitId":"Directorkang"},"content":"    public void updateTasks(String input) throws DukeException, IOException {","lastModifiedDate":"2022-10-16"},{"lineNumber":143,"author":{"gitId":"Directorkang"},"content":"        String[] words \u003d input.split(\" \");","lastModifiedDate":"2022-10-16"},{"lineNumber":144,"author":{"gitId":"Directorkang"},"content":"        String description \u003d \"\";","lastModifiedDate":"2022-10-16"},{"lineNumber":145,"author":{"gitId":"Directorkang"},"content":"","lastModifiedDate":"2022-10-16"},{"lineNumber":146,"author":{"gitId":"Directorkang"},"content":"        int dateDivider \u003d 0;","lastModifiedDate":"2022-10-16"},{"lineNumber":147,"author":{"gitId":"Directorkang"},"content":"","lastModifiedDate":"2022-10-16"},{"lineNumber":148,"author":{"gitId":"Directorkang"},"content":"        for(int i \u003d 1; i \u003c words.length; i++){","lastModifiedDate":"2022-10-16"},{"lineNumber":149,"author":{"gitId":"Directorkang"},"content":"            if(words[i].startsWith(\"/\")){","lastModifiedDate":"2022-10-16"},{"lineNumber":150,"author":{"gitId":"Directorkang"},"content":"                dateDivider \u003d i;","lastModifiedDate":"2022-10-16"},{"lineNumber":151,"author":{"gitId":"Directorkang"},"content":"                break;","lastModifiedDate":"2022-10-16"},{"lineNumber":152,"author":{"gitId":"Directorkang"},"content":"            }","lastModifiedDate":"2022-10-16"},{"lineNumber":153,"author":{"gitId":"Directorkang"},"content":"            if(words[i].startsWith(\"|\") || words[i].startsWith(\"false\") || words[i].startsWith(\"true\")){","lastModifiedDate":"2022-10-16"},{"lineNumber":154,"author":{"gitId":"Directorkang"},"content":"                continue;","lastModifiedDate":"2022-10-16"},{"lineNumber":155,"author":{"gitId":"Directorkang"},"content":"            }","lastModifiedDate":"2022-10-16"},{"lineNumber":156,"author":{"gitId":"Directorkang"},"content":"            description \u003d description + words[i] + \" \";","lastModifiedDate":"2022-10-16"},{"lineNumber":157,"author":{"gitId":"Directorkang"},"content":"        }","lastModifiedDate":"2022-10-16"},{"lineNumber":158,"author":{"gitId":"Directorkang"},"content":"","lastModifiedDate":"2022-10-16"},{"lineNumber":159,"author":{"gitId":"Directorkang"},"content":"        String date \u003d \"\";","lastModifiedDate":"2022-10-16"},{"lineNumber":160,"author":{"gitId":"Directorkang"},"content":"","lastModifiedDate":"2022-10-16"},{"lineNumber":161,"author":{"gitId":"Directorkang"},"content":"        for(int i \u003d dateDivider + 1; i \u003c words.length; i++){","lastModifiedDate":"2022-10-16"},{"lineNumber":162,"author":{"gitId":"Directorkang"},"content":"            date \u003d date + words[i] + \" \";","lastModifiedDate":"2022-10-16"},{"lineNumber":163,"author":{"gitId":"Directorkang"},"content":"        }","lastModifiedDate":"2022-10-16"},{"lineNumber":164,"author":{"gitId":"Directorkang"},"content":"","lastModifiedDate":"2022-10-16"},{"lineNumber":165,"author":{"gitId":"Directorkang"},"content":"        switch (words[0]) {","lastModifiedDate":"2022-10-16"},{"lineNumber":166,"author":{"gitId":"Directorkang"},"content":"            case \"deadline\":","lastModifiedDate":"2022-10-16"},{"lineNumber":167,"author":{"gitId":"Directorkang"},"content":"                myTaskList[task_count] \u003d new Deadline(description, \"deadline\", date);","lastModifiedDate":"2022-10-16"},{"lineNumber":168,"author":{"gitId":"Directorkang"},"content":"                myTaskList[task_count].setIsDone(Boolean.parseBoolean(words[2]));","lastModifiedDate":"2022-10-17"},{"lineNumber":169,"author":{"gitId":"Directorkang"},"content":"                break;","lastModifiedDate":"2022-10-16"},{"lineNumber":170,"author":{"gitId":"Directorkang"},"content":"            case \"event\":","lastModifiedDate":"2022-10-16"},{"lineNumber":171,"author":{"gitId":"Directorkang"},"content":"                myTaskList[task_count] \u003d new Event(description, \"event\", date);","lastModifiedDate":"2022-10-16"},{"lineNumber":172,"author":{"gitId":"Directorkang"},"content":"                myTaskList[task_count].setIsDone(Boolean.parseBoolean(words[2]));","lastModifiedDate":"2022-10-17"},{"lineNumber":173,"author":{"gitId":"Directorkang"},"content":"                break;","lastModifiedDate":"2022-10-16"},{"lineNumber":174,"author":{"gitId":"Directorkang"},"content":"            case \"todo\":","lastModifiedDate":"2022-10-16"},{"lineNumber":175,"author":{"gitId":"Directorkang"},"content":"                myTaskList[task_count] \u003d new ToDo(description, \"todo\");","lastModifiedDate":"2022-10-16"},{"lineNumber":176,"author":{"gitId":"Directorkang"},"content":"                myTaskList[task_count].setIsDone(Boolean.parseBoolean(words[2]));","lastModifiedDate":"2022-10-17"},{"lineNumber":177,"author":{"gitId":"Directorkang"},"content":"                break;","lastModifiedDate":"2022-10-16"},{"lineNumber":178,"author":{"gitId":"Directorkang"},"content":"            default:","lastModifiedDate":"2022-10-16"},{"lineNumber":179,"author":{"gitId":"Directorkang"},"content":"                throw new DukeException();","lastModifiedDate":"2022-10-16"},{"lineNumber":180,"author":{"gitId":"Directorkang"},"content":"        }","lastModifiedDate":"2022-10-16"},{"lineNumber":181,"author":{"gitId":"Directorkang"},"content":"        ++task_count;","lastModifiedDate":"2022-10-16"},{"lineNumber":182,"author":{"gitId":"Directorkang"},"content":"    }","lastModifiedDate":"2022-10-16"},{"lineNumber":183,"author":{"gitId":"Directorkang"},"content":"","lastModifiedDate":"2022-10-16"},{"lineNumber":184,"author":{"gitId":"Directorkang"},"content":"","lastModifiedDate":"2022-09-17"},{"lineNumber":185,"author":{"gitId":"Directorkang"},"content":"    public void listTasks(){","lastModifiedDate":"2022-09-07"},{"lineNumber":186,"author":{"gitId":"Directorkang"},"content":"        for(int i \u003d 0; i \u003c task_count; ++i){","lastModifiedDate":"2022-09-07"},{"lineNumber":187,"author":{"gitId":"Directorkang"},"content":"            System.out.println((i+1) + \". \" + myTaskList[i].toString());","lastModifiedDate":"2022-09-13"},{"lineNumber":188,"author":{"gitId":"Directorkang"},"content":"        }","lastModifiedDate":"2022-09-07"},{"lineNumber":189,"author":{"gitId":"Directorkang"},"content":"    }","lastModifiedDate":"2022-09-07"},{"lineNumber":190,"author":{"gitId":"Directorkang"},"content":"}","lastModifiedDate":"2022-09-07"}],"authorContributionMap":{"Directorkang":190}},{"path":"src/main/java/ToDo.java","fileType":"java","lines":[{"lineNumber":1,"author":{"gitId":"Directorkang"},"content":"public class ToDo extends Task {","lastModifiedDate":"2022-09-12"},{"lineNumber":2,"author":{"gitId":"Directorkang"},"content":"","lastModifiedDate":"2022-09-13"},{"lineNumber":3,"author":{"gitId":"Directorkang"},"content":"    public ToDo(String description, String Tasktype) {","lastModifiedDate":"2022-09-13"},{"lineNumber":4,"author":{"gitId":"Directorkang"},"content":"        super(description, Tasktype);","lastModifiedDate":"2022-09-13"},{"lineNumber":5,"author":{"gitId":"Directorkang"},"content":"    }","lastModifiedDate":"2022-09-12"},{"lineNumber":6,"author":{"gitId":"Directorkang"},"content":"","lastModifiedDate":"2022-09-12"},{"lineNumber":7,"author":{"gitId":"Directorkang"},"content":"    @Override","lastModifiedDate":"2022-09-12"},{"lineNumber":8,"author":{"gitId":"Directorkang"},"content":"    public String toString() {","lastModifiedDate":"2022-09-12"},{"lineNumber":9,"author":{"gitId":"Directorkang"},"content":"        return \"[T]\" + super.toString();","lastModifiedDate":"2022-09-12"},{"lineNumber":10,"author":{"gitId":"Directorkang"},"content":"    }","lastModifiedDate":"2022-09-12"},{"lineNumber":11,"author":{"gitId":"Directorkang"},"content":"}","lastModifiedDate":"2022-09-12"}],"authorContributionMap":{"Directorkang":11}},{"path":"src/main/java/Ui.java","fileType":"java","lines":[{"lineNumber":1,"author":{"gitId":"Directorkang"},"content":"public class Ui {","lastModifiedDate":"2022-10-06"},{"lineNumber":2,"author":{"gitId":"Directorkang"},"content":"    //constructor","lastModifiedDate":"2022-10-06"},{"lineNumber":3,"author":{"gitId":"Directorkang"},"content":"    Ui(){","lastModifiedDate":"2022-10-06"},{"lineNumber":4,"author":{"gitId":"Directorkang"},"content":"","lastModifiedDate":"2022-10-06"},{"lineNumber":5,"author":{"gitId":"Directorkang"},"content":"    }","lastModifiedDate":"2022-10-06"},{"lineNumber":6,"author":{"gitId":"Directorkang"},"content":"    public static void showLoadingError() {","lastModifiedDate":"2022-10-06"},{"lineNumber":7,"author":{"gitId":"Directorkang"},"content":"        System.out.println(\"There is no TaskList\");","lastModifiedDate":"2022-10-06"},{"lineNumber":8,"author":{"gitId":"Directorkang"},"content":"    }","lastModifiedDate":"2022-10-06"},{"lineNumber":9,"author":{"gitId":"Directorkang"},"content":"}","lastModifiedDate":"2022-10-06"}],"authorContributionMap":{"Directorkang":9}}]
