[{"path":"src/main/java/Deadline.java","fileType":"java","lines":[{"lineNumber":1,"author":{"gitId":"Directorkang"},"content":"public class Deadline extends Task {","lastModifiedDate":"2022-09-13"},{"lineNumber":2,"author":{"gitId":"Directorkang"},"content":"    protected String my_by;","lastModifiedDate":"2022-09-13"},{"lineNumber":3,"author":{"gitId":"Directorkang"},"content":"","lastModifiedDate":"2022-09-12"},{"lineNumber":4,"author":{"gitId":"Directorkang"},"content":"    public Deadline(String description, String tasktype, String by) {","lastModifiedDate":"2022-09-13"},{"lineNumber":5,"author":{"gitId":"Directorkang"},"content":"        super(description, tasktype);","lastModifiedDate":"2022-09-13"},{"lineNumber":6,"author":{"gitId":"Directorkang"},"content":"        my_by \u003d by;","lastModifiedDate":"2022-09-13"},{"lineNumber":7,"author":{"gitId":"Directorkang"},"content":"    }","lastModifiedDate":"2022-09-13"},{"lineNumber":8,"author":{"gitId":"Directorkang"},"content":"","lastModifiedDate":"2022-09-13"},{"lineNumber":9,"author":{"gitId":"Directorkang"},"content":"    public void setDeadline(String date) {","lastModifiedDate":"2022-09-13"},{"lineNumber":10,"author":{"gitId":"Directorkang"},"content":"        my_by \u003d date;","lastModifiedDate":"2022-09-13"},{"lineNumber":11,"author":{"gitId":"Directorkang"},"content":"    }","lastModifiedDate":"2022-09-13"},{"lineNumber":12,"author":{"gitId":"Directorkang"},"content":"","lastModifiedDate":"2022-09-13"},{"lineNumber":13,"author":{"gitId":"Directorkang"},"content":"    public String getDeadline() {","lastModifiedDate":"2022-09-13"},{"lineNumber":14,"author":{"gitId":"Directorkang"},"content":"        return my_by;","lastModifiedDate":"2022-09-13"},{"lineNumber":15,"author":{"gitId":"Directorkang"},"content":"    }","lastModifiedDate":"2022-09-12"},{"lineNumber":16,"author":{"gitId":"Directorkang"},"content":"","lastModifiedDate":"2022-09-12"},{"lineNumber":17,"author":{"gitId":"Directorkang"},"content":"    @Override","lastModifiedDate":"2022-09-12"},{"lineNumber":18,"author":{"gitId":"Directorkang"},"content":"    public String toString() {","lastModifiedDate":"2022-09-12"},{"lineNumber":19,"author":{"gitId":"Directorkang"},"content":"        return \"[D]\" + super.toString() + \" (by: \" + my_by + \")\";","lastModifiedDate":"2022-09-13"},{"lineNumber":20,"author":{"gitId":"Directorkang"},"content":"    }","lastModifiedDate":"2022-09-12"},{"lineNumber":21,"author":{"gitId":"Directorkang"},"content":"}","lastModifiedDate":"2022-09-12"}],"authorContributionMap":{"Directorkang":21}},{"path":"src/main/java/Duke.java","fileType":"java","lines":[{"lineNumber":1,"author":{"gitId":"Directorkang"},"content":"import java.io.FileNotFoundException;","lastModifiedDate":"2022-10-14"},{"lineNumber":2,"author":{"gitId":"Directorkang"},"content":"import java.io.IOException;","lastModifiedDate":"2022-10-06"},{"lineNumber":3,"author":{"gitId":"Directorkang"},"content":"import java.util.Scanner;","lastModifiedDate":"2022-09-07"},{"lineNumber":4,"author":{"gitId":"Directorkang"},"content":"","lastModifiedDate":"2022-09-08"},{"lineNumber":5,"author":{"gitId":"-"},"content":"public class Duke {","lastModifiedDate":"2019-07-29"},{"lineNumber":6,"author":{"gitId":"Directorkang"},"content":"    private final Storage storage;","lastModifiedDate":"2022-10-14"},{"lineNumber":7,"author":{"gitId":"Directorkang"},"content":"    private TaskList tasks;","lastModifiedDate":"2022-10-06"},{"lineNumber":8,"author":{"gitId":"Directorkang"},"content":"    private final Ui ui;","lastModifiedDate":"2022-10-14"},{"lineNumber":9,"author":{"gitId":"Directorkang"},"content":"    private Parser parser;","lastModifiedDate":"2022-10-06"},{"lineNumber":10,"author":{"gitId":"Directorkang"},"content":"","lastModifiedDate":"2022-10-06"},{"lineNumber":11,"author":{"gitId":"Directorkang"},"content":"    public static int filterTaskID(String line) {","lastModifiedDate":"2022-09-08"},{"lineNumber":12,"author":{"gitId":"Directorkang"},"content":"        String[] words \u003d line.split(\" \");","lastModifiedDate":"2022-09-08"},{"lineNumber":13,"author":{"gitId":"Directorkang"},"content":"        int ID_num \u003d Integer.parseInt(words[1]);","lastModifiedDate":"2022-09-08"},{"lineNumber":14,"author":{"gitId":"Directorkang"},"content":"        return ID_num - 1;","lastModifiedDate":"2022-09-08"},{"lineNumber":15,"author":{"gitId":"Directorkang"},"content":"    }","lastModifiedDate":"2022-09-08"},{"lineNumber":16,"author":{"gitId":"Directorkang"},"content":"","lastModifiedDate":"2022-10-06"},{"lineNumber":17,"author":{"gitId":"Directorkang"},"content":"    //constructor for Duke","lastModifiedDate":"2022-10-14"},{"lineNumber":18,"author":{"gitId":"Directorkang"},"content":"    public Duke(String filePath) throws IOException {","lastModifiedDate":"2022-10-14"},{"lineNumber":19,"author":{"gitId":"Directorkang"},"content":"        ui \u003d new Ui();","lastModifiedDate":"2022-10-06"},{"lineNumber":20,"author":{"gitId":"Directorkang"},"content":"        storage \u003d new Storage(filePath);","lastModifiedDate":"2022-10-06"},{"lineNumber":21,"author":{"gitId":"Directorkang"},"content":"        try {","lastModifiedDate":"2022-10-06"},{"lineNumber":22,"author":{"gitId":"Directorkang"},"content":"            tasks \u003d new TaskList(storage.load());","lastModifiedDate":"2022-10-06"},{"lineNumber":23,"author":{"gitId":"Directorkang"},"content":"        } catch (DukeException | FileNotFoundException e) {","lastModifiedDate":"2022-10-14"},{"lineNumber":24,"author":{"gitId":"Directorkang"},"content":"            ui.showLoadingError();","lastModifiedDate":"2022-10-06"},{"lineNumber":25,"author":{"gitId":"Directorkang"},"content":"            tasks \u003d new TaskList();","lastModifiedDate":"2022-10-06"},{"lineNumber":26,"author":{"gitId":"Directorkang"},"content":"        }","lastModifiedDate":"2022-10-06"},{"lineNumber":27,"author":{"gitId":"Directorkang"},"content":"    }","lastModifiedDate":"2022-10-06"},{"lineNumber":28,"author":{"gitId":"Directorkang"},"content":"","lastModifiedDate":"2022-10-06"},{"lineNumber":29,"author":{"gitId":"Directorkang"},"content":"    public void run() {","lastModifiedDate":"2022-10-06"},{"lineNumber":30,"author":{"gitId":"-"},"content":"        String logo \u003d \" ____        _        \\n\"","lastModifiedDate":"2019-07-29"},{"lineNumber":31,"author":{"gitId":"-"},"content":"                + \"|  _ \\\\ _   _| | _____ \\n\"","lastModifiedDate":"2019-07-29"},{"lineNumber":32,"author":{"gitId":"-"},"content":"                + \"| | | | | | | |/ / _ \\\\\\n\"","lastModifiedDate":"2019-07-29"},{"lineNumber":33,"author":{"gitId":"-"},"content":"                + \"| |_| | |_| |   \u003c  __/\\n\"","lastModifiedDate":"2019-07-29"},{"lineNumber":34,"author":{"gitId":"-"},"content":"                + \"|____/ \\\\__,_|_|\\\\_\\\\___|\\n\";","lastModifiedDate":"2019-07-29"},{"lineNumber":35,"author":{"gitId":"-"},"content":"        System.out.println(\"Hello from\\n\" + logo);","lastModifiedDate":"2019-07-29"},{"lineNumber":36,"author":{"gitId":"Directorkang"},"content":"","lastModifiedDate":"2022-09-07"},{"lineNumber":37,"author":{"gitId":"Directorkang"},"content":"        System.out.println(\"Hello! I\u0027m Duke. \\nWhat can I do for you?\");","lastModifiedDate":"2022-09-13"},{"lineNumber":38,"author":{"gitId":"Directorkang"},"content":"","lastModifiedDate":"2022-09-07"},{"lineNumber":39,"author":{"gitId":"Directorkang"},"content":"        String line \u003d \"\";","lastModifiedDate":"2022-09-07"},{"lineNumber":40,"author":{"gitId":"Directorkang"},"content":"        int taskID;","lastModifiedDate":"2022-09-08"},{"lineNumber":41,"author":{"gitId":"Directorkang"},"content":"        Scanner in \u003d new Scanner(System.in);","lastModifiedDate":"2022-09-07"},{"lineNumber":42,"author":{"gitId":"Directorkang"},"content":"","lastModifiedDate":"2022-09-07"},{"lineNumber":43,"author":{"gitId":"Directorkang"},"content":"        while(!line.equals(\"bye\") ){","lastModifiedDate":"2022-09-07"},{"lineNumber":44,"author":{"gitId":"Directorkang"},"content":"            line \u003d in.nextLine();","lastModifiedDate":"2022-09-07"},{"lineNumber":45,"author":{"gitId":"Directorkang"},"content":"","lastModifiedDate":"2022-09-07"},{"lineNumber":46,"author":{"gitId":"Directorkang"},"content":"            if(line.equals(\"list\")){","lastModifiedDate":"2022-09-07"},{"lineNumber":47,"author":{"gitId":"Directorkang"},"content":"                tasks.listTasks();","lastModifiedDate":"2022-10-06"},{"lineNumber":48,"author":{"gitId":"Directorkang"},"content":"            }","lastModifiedDate":"2022-09-07"},{"lineNumber":49,"author":{"gitId":"Directorkang"},"content":"            else if (line.equals(\"bye\")) {","lastModifiedDate":"2022-09-07"},{"lineNumber":50,"author":{"gitId":"Directorkang"},"content":"                System.out.println(\"Bye. Hope to see you again soon!\");","lastModifiedDate":"2022-09-13"},{"lineNumber":51,"author":{"gitId":"-"},"content":"            }","lastModifiedDate":"2019-07-29"},{"lineNumber":52,"author":{"gitId":"Directorkang"},"content":"            else if (line.startsWith(\"mark\")) {","lastModifiedDate":"2022-09-08"},{"lineNumber":53,"author":{"gitId":"Directorkang"},"content":"                taskID \u003d filterTaskID(line);","lastModifiedDate":"2022-09-08"},{"lineNumber":54,"author":{"gitId":"Directorkang"},"content":"                tasks.myTaskList[taskID].markAsDone();","lastModifiedDate":"2022-10-06"},{"lineNumber":55,"author":{"gitId":"Directorkang"},"content":"            }","lastModifiedDate":"2022-09-08"},{"lineNumber":56,"author":{"gitId":"Directorkang"},"content":"            else if (line.startsWith(\"unmark\")) {","lastModifiedDate":"2022-09-08"},{"lineNumber":57,"author":{"gitId":"Directorkang"},"content":"                taskID \u003d filterTaskID(line);","lastModifiedDate":"2022-09-08"},{"lineNumber":58,"author":{"gitId":"Directorkang"},"content":"                tasks.myTaskList[taskID].markAsNotDone();","lastModifiedDate":"2022-10-06"},{"lineNumber":59,"author":{"gitId":"Directorkang"},"content":"            }","lastModifiedDate":"2022-09-08"},{"lineNumber":60,"author":{"gitId":"Directorkang"},"content":"            else if (line.startsWith(\"todo\") || line.startsWith(\"deadline\") || line.startsWith(\"event\") ) {","lastModifiedDate":"2022-09-16"},{"lineNumber":61,"author":{"gitId":"Directorkang"},"content":"                try{","lastModifiedDate":"2022-09-16"},{"lineNumber":62,"author":{"gitId":"Directorkang"},"content":"                    tasks.addTasks(line);","lastModifiedDate":"2022-10-06"},{"lineNumber":63,"author":{"gitId":"Directorkang"},"content":"                    System.out.println(\"Got it. I\u0027ve added this task:\");","lastModifiedDate":"2022-09-13"},{"lineNumber":64,"author":{"gitId":"Directorkang"},"content":"                    System.out.println(\"\\t\" + tasks.myTaskList[tasks.task_count-1].toString());","lastModifiedDate":"2022-10-06"},{"lineNumber":65,"author":{"gitId":"Directorkang"},"content":"                    System.out.println(\"Now you have \" + tasks.task_count + \" tasks in the list.\");","lastModifiedDate":"2022-10-06"},{"lineNumber":66,"author":{"gitId":"Directorkang"},"content":"                } catch (DukeException | IOException e){","lastModifiedDate":"2022-10-14"},{"lineNumber":67,"author":{"gitId":"Directorkang"},"content":"                    System.out.println(\"OOPS!!! The description of a todo cannot be empty.\");","lastModifiedDate":"2022-09-16"},{"lineNumber":68,"author":{"gitId":"Directorkang"},"content":"                }","lastModifiedDate":"2022-09-17"},{"lineNumber":69,"author":{"gitId":"Directorkang"},"content":"            }","lastModifiedDate":"2022-09-17"},{"lineNumber":70,"author":{"gitId":"Directorkang"},"content":"            else if(line.startsWith(\"delete\")){","lastModifiedDate":"2022-09-17"},{"lineNumber":71,"author":{"gitId":"Directorkang"},"content":"                try{","lastModifiedDate":"2022-09-17"},{"lineNumber":72,"author":{"gitId":"Directorkang"},"content":"                    taskID \u003d filterTaskID(line);","lastModifiedDate":"2022-09-17"},{"lineNumber":73,"author":{"gitId":"Directorkang"},"content":"                    System.out.println(\"Noted. I\u0027ve removed this task:\");","lastModifiedDate":"2022-09-17"},{"lineNumber":74,"author":{"gitId":"Directorkang"},"content":"                    System.out.println(\"\\t\" + tasks.myTaskList[taskID].toString());","lastModifiedDate":"2022-10-06"},{"lineNumber":75,"author":{"gitId":"Directorkang"},"content":"                    tasks.removeTasks(taskID);","lastModifiedDate":"2022-10-06"},{"lineNumber":76,"author":{"gitId":"Directorkang"},"content":"                    System.out.println(\"Now you have \" + tasks.task_count + \" tasks in the list.\");","lastModifiedDate":"2022-10-06"},{"lineNumber":77,"author":{"gitId":"Directorkang"},"content":"                } catch (DukeException e){","lastModifiedDate":"2022-09-17"},{"lineNumber":78,"author":{"gitId":"Directorkang"},"content":"                    System.out.println(\"OOPS!!! There is no corresponding taskID to delete.\");","lastModifiedDate":"2022-09-17"},{"lineNumber":79,"author":{"gitId":"Directorkang"},"content":"                }","lastModifiedDate":"2022-09-16"},{"lineNumber":80,"author":{"gitId":"Directorkang"},"content":"            }","lastModifiedDate":"2022-09-16"},{"lineNumber":81,"author":{"gitId":"Directorkang"},"content":"            else {","lastModifiedDate":"2022-09-16"},{"lineNumber":82,"author":{"gitId":"Directorkang"},"content":"                try{","lastModifiedDate":"2022-09-16"},{"lineNumber":83,"author":{"gitId":"Directorkang"},"content":"                    throw new DukeException();","lastModifiedDate":"2022-09-17"},{"lineNumber":84,"author":{"gitId":"Directorkang"},"content":"                } catch (DukeException e){","lastModifiedDate":"2022-09-17"},{"lineNumber":85,"author":{"gitId":"Directorkang"},"content":"                    System.out.println(\"OOPS!!! I\u0027m sorry, but I don\u0027t know what that means :-(\");","lastModifiedDate":"2022-09-16"},{"lineNumber":86,"author":{"gitId":"Directorkang"},"content":"                }","lastModifiedDate":"2022-09-16"},{"lineNumber":87,"author":{"gitId":"Directorkang"},"content":"            }","lastModifiedDate":"2022-09-07"},{"lineNumber":88,"author":{"gitId":"Directorkang"},"content":"        }","lastModifiedDate":"2022-09-07"},{"lineNumber":89,"author":{"gitId":"Directorkang"},"content":"    }","lastModifiedDate":"2022-09-07"},{"lineNumber":90,"author":{"gitId":"Directorkang"},"content":"    public static void main(String[] args) throws IOException {","lastModifiedDate":"2022-10-14"},{"lineNumber":91,"author":{"gitId":"Directorkang"},"content":"        new Duke(\"data/tasks.txt\").run();","lastModifiedDate":"2022-10-06"},{"lineNumber":92,"author":{"gitId":"-"},"content":"    }","lastModifiedDate":"2022-10-06"},{"lineNumber":93,"author":{"gitId":"-"},"content":"}","lastModifiedDate":"2019-07-29"}],"authorContributionMap":{"Directorkang":83,"-":10}},{"path":"src/main/java/DukeException.java","fileType":"java","lines":[{"lineNumber":1,"author":{"gitId":"Directorkang"},"content":"public class DukeException extends Exception {","lastModifiedDate":"2022-09-17"},{"lineNumber":2,"author":{"gitId":"Directorkang"},"content":"    //catch no description for tasks","lastModifiedDate":"2022-09-17"},{"lineNumber":3,"author":{"gitId":"Directorkang"},"content":"","lastModifiedDate":"2022-09-17"},{"lineNumber":4,"author":{"gitId":"Directorkang"},"content":"}","lastModifiedDate":"2022-09-17"}],"authorContributionMap":{"Directorkang":4}},{"path":"src/main/java/Event.java","fileType":"java","lines":[{"lineNumber":1,"author":{"gitId":"Directorkang"},"content":"public class Event extends Task {","lastModifiedDate":"2022-09-13"},{"lineNumber":2,"author":{"gitId":"Directorkang"},"content":"    protected String my_by;","lastModifiedDate":"2022-09-13"},{"lineNumber":3,"author":{"gitId":"Directorkang"},"content":"","lastModifiedDate":"2022-09-12"},{"lineNumber":4,"author":{"gitId":"Directorkang"},"content":"    public Event(String description, String taskType, String by) {","lastModifiedDate":"2022-09-13"},{"lineNumber":5,"author":{"gitId":"Directorkang"},"content":"        super(description, taskType);","lastModifiedDate":"2022-09-13"},{"lineNumber":6,"author":{"gitId":"Directorkang"},"content":"        this.my_by \u003d by;","lastModifiedDate":"2022-09-13"},{"lineNumber":7,"author":{"gitId":"Directorkang"},"content":"    }","lastModifiedDate":"2022-09-13"},{"lineNumber":8,"author":{"gitId":"Directorkang"},"content":"","lastModifiedDate":"2022-09-13"},{"lineNumber":9,"author":{"gitId":"Directorkang"},"content":"    public void setEvent(String date) {","lastModifiedDate":"2022-09-13"},{"lineNumber":10,"author":{"gitId":"Directorkang"},"content":"        my_by \u003d date;","lastModifiedDate":"2022-09-13"},{"lineNumber":11,"author":{"gitId":"Directorkang"},"content":"    }","lastModifiedDate":"2022-09-13"},{"lineNumber":12,"author":{"gitId":"Directorkang"},"content":"","lastModifiedDate":"2022-09-13"},{"lineNumber":13,"author":{"gitId":"Directorkang"},"content":"    public String getEvent() {","lastModifiedDate":"2022-09-13"},{"lineNumber":14,"author":{"gitId":"Directorkang"},"content":"        return my_by;","lastModifiedDate":"2022-09-13"},{"lineNumber":15,"author":{"gitId":"Directorkang"},"content":"    }","lastModifiedDate":"2022-09-12"},{"lineNumber":16,"author":{"gitId":"Directorkang"},"content":"","lastModifiedDate":"2022-09-12"},{"lineNumber":17,"author":{"gitId":"Directorkang"},"content":"    @Override","lastModifiedDate":"2022-09-12"},{"lineNumber":18,"author":{"gitId":"Directorkang"},"content":"    public String toString() {","lastModifiedDate":"2022-09-12"},{"lineNumber":19,"author":{"gitId":"Directorkang"},"content":"        return \"[E]\" + super.toString() + \" (at: \" + my_by + \")\";","lastModifiedDate":"2022-09-13"},{"lineNumber":20,"author":{"gitId":"Directorkang"},"content":"    }","lastModifiedDate":"2022-09-12"},{"lineNumber":21,"author":{"gitId":"Directorkang"},"content":"}","lastModifiedDate":"2022-09-12"}],"authorContributionMap":{"Directorkang":21}},{"path":"src/main/java/Parser.java","fileType":"java","lines":[{"lineNumber":1,"author":{"gitId":"Directorkang"},"content":"public class Parser {","lastModifiedDate":"2022-10-06"},{"lineNumber":2,"author":{"gitId":"Directorkang"},"content":"    Parser(){","lastModifiedDate":"2022-10-06"},{"lineNumber":3,"author":{"gitId":"Directorkang"},"content":"","lastModifiedDate":"2022-10-06"},{"lineNumber":4,"author":{"gitId":"Directorkang"},"content":"    }","lastModifiedDate":"2022-10-06"},{"lineNumber":5,"author":{"gitId":"Directorkang"},"content":"}","lastModifiedDate":"2022-10-06"}],"authorContributionMap":{"Directorkang":5}},{"path":"src/main/java/Storage.java","fileType":"java","lines":[{"lineNumber":1,"author":{"gitId":"Directorkang"},"content":"import java.io.File;","lastModifiedDate":"2022-10-06"},{"lineNumber":2,"author":{"gitId":"Directorkang"},"content":"import java.io.IOException;","lastModifiedDate":"2022-10-14"},{"lineNumber":3,"author":{"gitId":"Directorkang"},"content":"","lastModifiedDate":"2022-10-06"},{"lineNumber":4,"author":{"gitId":"Directorkang"},"content":"public class Storage {","lastModifiedDate":"2022-10-06"},{"lineNumber":5,"author":{"gitId":"Directorkang"},"content":"    private static File f;","lastModifiedDate":"2022-10-06"},{"lineNumber":6,"author":{"gitId":"Directorkang"},"content":"    //constructor","lastModifiedDate":"2022-10-06"},{"lineNumber":7,"author":{"gitId":"Directorkang"},"content":"    public Storage(String filePath){","lastModifiedDate":"2022-10-06"},{"lineNumber":8,"author":{"gitId":"Directorkang"},"content":"        // create a data folder to hold the file","lastModifiedDate":"2022-10-14"},{"lineNumber":9,"author":{"gitId":"Directorkang"},"content":"        File f1 \u003d new File(\"data\");","lastModifiedDate":"2022-10-14"},{"lineNumber":10,"author":{"gitId":"Directorkang"},"content":"        boolean bool \u003d f1.mkdir();","lastModifiedDate":"2022-10-14"},{"lineNumber":11,"author":{"gitId":"Directorkang"},"content":"        if(bool){","lastModifiedDate":"2022-10-14"},{"lineNumber":12,"author":{"gitId":"Directorkang"},"content":"            System.out.println(\"Folder is created successfully\");","lastModifiedDate":"2022-10-14"},{"lineNumber":13,"author":{"gitId":"Directorkang"},"content":"        }","lastModifiedDate":"2022-10-14"},{"lineNumber":14,"author":{"gitId":"Directorkang"},"content":"","lastModifiedDate":"2022-10-14"},{"lineNumber":15,"author":{"gitId":"Directorkang"},"content":"        //create the task file","lastModifiedDate":"2022-10-14"},{"lineNumber":16,"author":{"gitId":"Directorkang"},"content":"        f \u003d new File(filePath);","lastModifiedDate":"2022-10-14"},{"lineNumber":17,"author":{"gitId":"Directorkang"},"content":"    }","lastModifiedDate":"2022-10-14"},{"lineNumber":18,"author":{"gitId":"Directorkang"},"content":"","lastModifiedDate":"2022-10-14"},{"lineNumber":19,"author":{"gitId":"Directorkang"},"content":"    public static File load() {","lastModifiedDate":"2022-10-14"},{"lineNumber":20,"author":{"gitId":"Directorkang"},"content":"        boolean result;","lastModifiedDate":"2022-10-14"},{"lineNumber":21,"author":{"gitId":"Directorkang"},"content":"        try {","lastModifiedDate":"2022-10-14"},{"lineNumber":22,"author":{"gitId":"Directorkang"},"content":"            result \u003d f.createNewFile();","lastModifiedDate":"2022-10-14"},{"lineNumber":23,"author":{"gitId":"Directorkang"},"content":"            if(result){","lastModifiedDate":"2022-10-14"},{"lineNumber":24,"author":{"gitId":"Directorkang"},"content":"                System.out.println(\"file created \" + f.getCanonicalPath());","lastModifiedDate":"2022-10-14"},{"lineNumber":25,"author":{"gitId":"Directorkang"},"content":"            }","lastModifiedDate":"2022-10-14"},{"lineNumber":26,"author":{"gitId":"Directorkang"},"content":"            else {","lastModifiedDate":"2022-10-14"},{"lineNumber":27,"author":{"gitId":"Directorkang"},"content":"                System.out.println(\"File already exist at location: \"+f.getCanonicalPath());","lastModifiedDate":"2022-10-14"},{"lineNumber":28,"author":{"gitId":"Directorkang"},"content":"            }","lastModifiedDate":"2022-10-14"},{"lineNumber":29,"author":{"gitId":"Directorkang"},"content":"        } catch (IOException e) { //print exception if any","lastModifiedDate":"2022-10-14"},{"lineNumber":30,"author":{"gitId":"Directorkang"},"content":"            e.printStackTrace();","lastModifiedDate":"2022-10-14"},{"lineNumber":31,"author":{"gitId":"Directorkang"},"content":"        }","lastModifiedDate":"2022-10-06"},{"lineNumber":32,"author":{"gitId":"Directorkang"},"content":"","lastModifiedDate":"2022-10-06"},{"lineNumber":33,"author":{"gitId":"Directorkang"},"content":"        return f;","lastModifiedDate":"2022-10-06"},{"lineNumber":34,"author":{"gitId":"Directorkang"},"content":"    }","lastModifiedDate":"2022-10-06"},{"lineNumber":35,"author":{"gitId":"Directorkang"},"content":"}","lastModifiedDate":"2022-10-06"}],"authorContributionMap":{"Directorkang":35}},{"path":"src/main/java/Task.java","fileType":"java","lines":[{"lineNumber":1,"author":{"gitId":"Directorkang"},"content":"abstract class Task {","lastModifiedDate":"2022-10-02"},{"lineNumber":2,"author":{"gitId":"Directorkang"},"content":"    protected String description;","lastModifiedDate":"2022-09-07"},{"lineNumber":3,"author":{"gitId":"Directorkang"},"content":"    protected boolean isDone;","lastModifiedDate":"2022-09-07"},{"lineNumber":4,"author":{"gitId":"Directorkang"},"content":"    protected String myTaskType;","lastModifiedDate":"2022-09-13"},{"lineNumber":5,"author":{"gitId":"Directorkang"},"content":"","lastModifiedDate":"2022-09-07"},{"lineNumber":6,"author":{"gitId":"Directorkang"},"content":"    //constructor","lastModifiedDate":"2022-09-13"},{"lineNumber":7,"author":{"gitId":"Directorkang"},"content":"    public Task(String description, String TaskType) {","lastModifiedDate":"2022-09-13"},{"lineNumber":8,"author":{"gitId":"Directorkang"},"content":"        this.description \u003d description;","lastModifiedDate":"2022-09-07"},{"lineNumber":9,"author":{"gitId":"Directorkang"},"content":"        this.myTaskType \u003d TaskType;","lastModifiedDate":"2022-09-13"},{"lineNumber":10,"author":{"gitId":"Directorkang"},"content":"    }","lastModifiedDate":"2022-09-07"},{"lineNumber":11,"author":{"gitId":"Directorkang"},"content":"    public void markAsDone() {","lastModifiedDate":"2022-09-07"},{"lineNumber":12,"author":{"gitId":"Directorkang"},"content":"        System.out.println(\"Nice! I\u0027ve marked this task as done:\");","lastModifiedDate":"2022-09-08"},{"lineNumber":13,"author":{"gitId":"Directorkang"},"content":"        this.isDone \u003d true;","lastModifiedDate":"2022-09-07"},{"lineNumber":14,"author":{"gitId":"Directorkang"},"content":"        System.out.println(\"[X] \" + description);","lastModifiedDate":"2022-09-13"},{"lineNumber":15,"author":{"gitId":"Directorkang"},"content":"    }","lastModifiedDate":"2022-09-08"},{"lineNumber":16,"author":{"gitId":"Directorkang"},"content":"","lastModifiedDate":"2022-09-08"},{"lineNumber":17,"author":{"gitId":"Directorkang"},"content":"    public void markAsNotDone() {","lastModifiedDate":"2022-09-08"},{"lineNumber":18,"author":{"gitId":"Directorkang"},"content":"        System.out.println(\"OK, I\u0027ve marked this task as not done yet:\");","lastModifiedDate":"2022-09-08"},{"lineNumber":19,"author":{"gitId":"Directorkang"},"content":"        this.isDone \u003d false;","lastModifiedDate":"2022-09-08"},{"lineNumber":20,"author":{"gitId":"Directorkang"},"content":"        System.out.println(\"[] \" + description);","lastModifiedDate":"2022-09-13"},{"lineNumber":21,"author":{"gitId":"Directorkang"},"content":"    }","lastModifiedDate":"2022-09-13"},{"lineNumber":22,"author":{"gitId":"Directorkang"},"content":"","lastModifiedDate":"2022-09-13"},{"lineNumber":23,"author":{"gitId":"Directorkang"},"content":"    //get method","lastModifiedDate":"2022-09-13"},{"lineNumber":24,"author":{"gitId":"Directorkang"},"content":"    public String getTaskTypeIcon() {","lastModifiedDate":"2022-09-13"},{"lineNumber":25,"author":{"gitId":"Directorkang"},"content":"        return myTaskType;","lastModifiedDate":"2022-09-13"},{"lineNumber":26,"author":{"gitId":"Directorkang"},"content":"    }","lastModifiedDate":"2022-09-13"},{"lineNumber":27,"author":{"gitId":"Directorkang"},"content":"","lastModifiedDate":"2022-09-13"},{"lineNumber":28,"author":{"gitId":"Directorkang"},"content":"    public String getStatusIcon() {","lastModifiedDate":"2022-09-13"},{"lineNumber":29,"author":{"gitId":"Directorkang"},"content":"        return (isDone ? \"X\" : \" \"); // mark done task with X","lastModifiedDate":"2022-09-13"},{"lineNumber":30,"author":{"gitId":"Directorkang"},"content":"    }","lastModifiedDate":"2022-09-13"},{"lineNumber":31,"author":{"gitId":"Directorkang"},"content":"","lastModifiedDate":"2022-09-13"},{"lineNumber":32,"author":{"gitId":"Directorkang"},"content":"    public String toString(){","lastModifiedDate":"2022-09-13"},{"lineNumber":33,"author":{"gitId":"Directorkang"},"content":"        return \"[\" + getStatusIcon() + \"] \"  + description;","lastModifiedDate":"2022-09-13"},{"lineNumber":34,"author":{"gitId":"Directorkang"},"content":"    }","lastModifiedDate":"2022-09-07"},{"lineNumber":35,"author":{"gitId":"Directorkang"},"content":"}","lastModifiedDate":"2022-09-07"}],"authorContributionMap":{"Directorkang":35}},{"path":"src/main/java/TaskList.java","fileType":"java","lines":[{"lineNumber":1,"author":{"gitId":"Directorkang"},"content":"import java.io.File;","lastModifiedDate":"2022-10-06"},{"lineNumber":2,"author":{"gitId":"Directorkang"},"content":"import java.io.FileNotFoundException;","lastModifiedDate":"2022-10-06"},{"lineNumber":3,"author":{"gitId":"Directorkang"},"content":"import java.io.IOException;","lastModifiedDate":"2022-10-14"},{"lineNumber":4,"author":{"gitId":"Directorkang"},"content":"import java.util.Scanner;","lastModifiedDate":"2022-10-06"},{"lineNumber":5,"author":{"gitId":"Directorkang"},"content":"import java.io.FileWriter;","lastModifiedDate":"2022-10-14"},{"lineNumber":6,"author":{"gitId":"Directorkang"},"content":"","lastModifiedDate":"2022-10-06"},{"lineNumber":7,"author":{"gitId":"Directorkang"},"content":"public class TaskList {","lastModifiedDate":"2022-10-06"},{"lineNumber":8,"author":{"gitId":"Directorkang"},"content":"    public int task_count;","lastModifiedDate":"2022-09-13"},{"lineNumber":9,"author":{"gitId":"Directorkang"},"content":"    public Task[] myTaskList;","lastModifiedDate":"2022-09-13"},{"lineNumber":10,"author":{"gitId":"Directorkang"},"content":"","lastModifiedDate":"2022-09-13"},{"lineNumber":11,"author":{"gitId":"Directorkang"},"content":"    //default constructor","lastModifiedDate":"2022-10-06"},{"lineNumber":12,"author":{"gitId":"Directorkang"},"content":"    TaskList(){","lastModifiedDate":"2022-10-06"},{"lineNumber":13,"author":{"gitId":"Directorkang"},"content":"        task_count \u003d 0;","lastModifiedDate":"2022-09-13"},{"lineNumber":14,"author":{"gitId":"Directorkang"},"content":"        myTaskList \u003d new Task[100];","lastModifiedDate":"2022-09-13"},{"lineNumber":15,"author":{"gitId":"Directorkang"},"content":"    }","lastModifiedDate":"2022-09-13"},{"lineNumber":16,"author":{"gitId":"Directorkang"},"content":"    //constructor reading a existing file","lastModifiedDate":"2022-10-06"},{"lineNumber":17,"author":{"gitId":"Directorkang"},"content":"    TaskList(File f) throws IOException, DukeException { //string f is a file","lastModifiedDate":"2022-10-14"},{"lineNumber":18,"author":{"gitId":"Directorkang"},"content":"        Scanner s \u003d new Scanner(f); //create a Scanner using the File as the source","lastModifiedDate":"2022-10-06"},{"lineNumber":19,"author":{"gitId":"Directorkang"},"content":"        while (s.hasNext()){ //add task to the list as long there is next line","lastModifiedDate":"2022-10-06"},{"lineNumber":20,"author":{"gitId":"Directorkang"},"content":"            addTasks(s.nextLine());","lastModifiedDate":"2022-10-06"},{"lineNumber":21,"author":{"gitId":"Directorkang"},"content":"        }","lastModifiedDate":"2022-10-06"},{"lineNumber":22,"author":{"gitId":"Directorkang"},"content":"        task_count \u003d 0;","lastModifiedDate":"2022-10-14"},{"lineNumber":23,"author":{"gitId":"Directorkang"},"content":"        myTaskList \u003d new Task[100];","lastModifiedDate":"2022-10-14"},{"lineNumber":24,"author":{"gitId":"Directorkang"},"content":"    }","lastModifiedDate":"2022-10-14"},{"lineNumber":25,"author":{"gitId":"Directorkang"},"content":"","lastModifiedDate":"2022-10-14"},{"lineNumber":26,"author":{"gitId":"Directorkang"},"content":"    private static void writeToFile(String filePath, String textToAdd) throws IOException {","lastModifiedDate":"2022-10-14"},{"lineNumber":27,"author":{"gitId":"Directorkang"},"content":"        FileWriter fw \u003d new FileWriter(filePath);","lastModifiedDate":"2022-10-14"},{"lineNumber":28,"author":{"gitId":"Directorkang"},"content":"        fw.write(textToAdd);","lastModifiedDate":"2022-10-14"},{"lineNumber":29,"author":{"gitId":"Directorkang"},"content":"        fw.close();","lastModifiedDate":"2022-10-14"},{"lineNumber":30,"author":{"gitId":"Directorkang"},"content":"    }","lastModifiedDate":"2022-10-14"},{"lineNumber":31,"author":{"gitId":"Directorkang"},"content":"","lastModifiedDate":"2022-10-14"},{"lineNumber":32,"author":{"gitId":"Directorkang"},"content":"    private static void appendToFile(String filePath, String textToAppend) throws IOException {","lastModifiedDate":"2022-10-14"},{"lineNumber":33,"author":{"gitId":"Directorkang"},"content":"        FileWriter fw \u003d new FileWriter(filePath, true); // create a FileWriter in append mode","lastModifiedDate":"2022-10-14"},{"lineNumber":34,"author":{"gitId":"Directorkang"},"content":"        fw.write(textToAppend);","lastModifiedDate":"2022-10-14"},{"lineNumber":35,"author":{"gitId":"Directorkang"},"content":"        fw.close();","lastModifiedDate":"2022-10-14"},{"lineNumber":36,"author":{"gitId":"Directorkang"},"content":"    }","lastModifiedDate":"2022-10-06"},{"lineNumber":37,"author":{"gitId":"Directorkang"},"content":"","lastModifiedDate":"2022-10-14"},{"lineNumber":38,"author":{"gitId":"Directorkang"},"content":"    public void addTasks(String input) throws DukeException, IOException {","lastModifiedDate":"2022-10-14"},{"lineNumber":39,"author":{"gitId":"Directorkang"},"content":"        String[] words \u003d input.split(\" \");","lastModifiedDate":"2022-09-13"},{"lineNumber":40,"author":{"gitId":"Directorkang"},"content":"        String description \u003d \"\";","lastModifiedDate":"2022-09-13"},{"lineNumber":41,"author":{"gitId":"Directorkang"},"content":"","lastModifiedDate":"2022-09-13"},{"lineNumber":42,"author":{"gitId":"Directorkang"},"content":"        int dateDivider \u003d 0;","lastModifiedDate":"2022-09-13"},{"lineNumber":43,"author":{"gitId":"Directorkang"},"content":"","lastModifiedDate":"2022-09-13"},{"lineNumber":44,"author":{"gitId":"Directorkang"},"content":"        for(int i \u003d 1; i \u003c words.length; i++){","lastModifiedDate":"2022-09-13"},{"lineNumber":45,"author":{"gitId":"Directorkang"},"content":"            if(words[i].startsWith(\"/\")){","lastModifiedDate":"2022-09-13"},{"lineNumber":46,"author":{"gitId":"Directorkang"},"content":"                dateDivider \u003d i;","lastModifiedDate":"2022-09-13"},{"lineNumber":47,"author":{"gitId":"Directorkang"},"content":"                break;","lastModifiedDate":"2022-09-13"},{"lineNumber":48,"author":{"gitId":"Directorkang"},"content":"            }","lastModifiedDate":"2022-09-13"},{"lineNumber":49,"author":{"gitId":"Directorkang"},"content":"            description \u003d description + words[i] + \" \";","lastModifiedDate":"2022-09-13"},{"lineNumber":50,"author":{"gitId":"Directorkang"},"content":"        }","lastModifiedDate":"2022-09-13"},{"lineNumber":51,"author":{"gitId":"Directorkang"},"content":"","lastModifiedDate":"2022-09-13"},{"lineNumber":52,"author":{"gitId":"Directorkang"},"content":"        String date \u003d \"\";","lastModifiedDate":"2022-09-13"},{"lineNumber":53,"author":{"gitId":"Directorkang"},"content":"","lastModifiedDate":"2022-09-13"},{"lineNumber":54,"author":{"gitId":"Directorkang"},"content":"        for(int i \u003d dateDivider + 1; i \u003c words.length; i++){","lastModifiedDate":"2022-09-13"},{"lineNumber":55,"author":{"gitId":"Directorkang"},"content":"            date \u003d date + words[i] + \" \";","lastModifiedDate":"2022-09-13"},{"lineNumber":56,"author":{"gitId":"Directorkang"},"content":"        }","lastModifiedDate":"2022-09-13"},{"lineNumber":57,"author":{"gitId":"Directorkang"},"content":"","lastModifiedDate":"2022-09-13"},{"lineNumber":58,"author":{"gitId":"Directorkang"},"content":"        if (description.equals(\"\")){","lastModifiedDate":"2022-09-16"},{"lineNumber":59,"author":{"gitId":"Directorkang"},"content":"            throw new DukeException();","lastModifiedDate":"2022-09-17"},{"lineNumber":60,"author":{"gitId":"Directorkang"},"content":"        }","lastModifiedDate":"2022-09-16"},{"lineNumber":61,"author":{"gitId":"Directorkang"},"content":"","lastModifiedDate":"2022-09-16"},{"lineNumber":62,"author":{"gitId":"Directorkang"},"content":"        switch (words[0]) {","lastModifiedDate":"2022-09-16"},{"lineNumber":63,"author":{"gitId":"Directorkang"},"content":"            case \"deadline\":","lastModifiedDate":"2022-09-16"},{"lineNumber":64,"author":{"gitId":"Directorkang"},"content":"                myTaskList[task_count] \u003d new Deadline(description, \"deadline\", date);","lastModifiedDate":"2022-09-13"},{"lineNumber":65,"author":{"gitId":"Directorkang"},"content":"                break;","lastModifiedDate":"2022-09-16"},{"lineNumber":66,"author":{"gitId":"Directorkang"},"content":"            case \"event\":","lastModifiedDate":"2022-09-16"},{"lineNumber":67,"author":{"gitId":"Directorkang"},"content":"                myTaskList[task_count] \u003d new Event(description, \"event\", date);","lastModifiedDate":"2022-09-13"},{"lineNumber":68,"author":{"gitId":"Directorkang"},"content":"                break;","lastModifiedDate":"2022-09-16"},{"lineNumber":69,"author":{"gitId":"Directorkang"},"content":"            case \"todo\":","lastModifiedDate":"2022-09-16"},{"lineNumber":70,"author":{"gitId":"Directorkang"},"content":"                myTaskList[task_count] \u003d new ToDo(description, \"todo\");","lastModifiedDate":"2022-09-13"},{"lineNumber":71,"author":{"gitId":"Directorkang"},"content":"                break;","lastModifiedDate":"2022-09-16"},{"lineNumber":72,"author":{"gitId":"Directorkang"},"content":"            default:","lastModifiedDate":"2022-09-16"},{"lineNumber":73,"author":{"gitId":"Directorkang"},"content":"                throw new DukeException();","lastModifiedDate":"2022-09-17"},{"lineNumber":74,"author":{"gitId":"Directorkang"},"content":"        }","lastModifiedDate":"2022-09-13"},{"lineNumber":75,"author":{"gitId":"Directorkang"},"content":"","lastModifiedDate":"2022-10-14"},{"lineNumber":76,"author":{"gitId":"Directorkang"},"content":"        String file \u003d \"data/tasks.txt\";","lastModifiedDate":"2022-10-14"},{"lineNumber":77,"author":{"gitId":"Directorkang"},"content":"        String data \u003d description;","lastModifiedDate":"2022-10-14"},{"lineNumber":78,"author":{"gitId":"Directorkang"},"content":"","lastModifiedDate":"2022-10-14"},{"lineNumber":79,"author":{"gitId":"Directorkang"},"content":"        //write to file","lastModifiedDate":"2022-10-14"},{"lineNumber":80,"author":{"gitId":"Directorkang"},"content":"        try{","lastModifiedDate":"2022-10-14"},{"lineNumber":81,"author":{"gitId":"Directorkang"},"content":"            writeToFile(file, data + System.lineSeparator());","lastModifiedDate":"2022-10-14"},{"lineNumber":82,"author":{"gitId":"Directorkang"},"content":"        } catch (IOException e){","lastModifiedDate":"2022-10-14"},{"lineNumber":83,"author":{"gitId":"Directorkang"},"content":"            System.out.println(\"Something went wrong: \" + e.getMessage());","lastModifiedDate":"2022-10-14"},{"lineNumber":84,"author":{"gitId":"Directorkang"},"content":"        }","lastModifiedDate":"2022-10-14"},{"lineNumber":85,"author":{"gitId":"Directorkang"},"content":"","lastModifiedDate":"2022-10-14"},{"lineNumber":86,"author":{"gitId":"Directorkang"},"content":"        ++task_count;","lastModifiedDate":"2022-09-07"},{"lineNumber":87,"author":{"gitId":"Directorkang"},"content":"    }","lastModifiedDate":"2022-09-07"},{"lineNumber":88,"author":{"gitId":"Directorkang"},"content":"","lastModifiedDate":"2022-09-07"},{"lineNumber":89,"author":{"gitId":"Directorkang"},"content":"    public void removeTasks(int taskID) throws DukeException{","lastModifiedDate":"2022-09-17"},{"lineNumber":90,"author":{"gitId":"Directorkang"},"content":"        for(int i \u003d taskID; i \u003c task_count; i++){","lastModifiedDate":"2022-09-17"},{"lineNumber":91,"author":{"gitId":"Directorkang"},"content":"            myTaskList[i] \u003d myTaskList[i+1];","lastModifiedDate":"2022-09-17"},{"lineNumber":92,"author":{"gitId":"Directorkang"},"content":"        }","lastModifiedDate":"2022-09-17"},{"lineNumber":93,"author":{"gitId":"Directorkang"},"content":"        myTaskList[task_count] \u003d null;","lastModifiedDate":"2022-09-17"},{"lineNumber":94,"author":{"gitId":"Directorkang"},"content":"        --task_count;","lastModifiedDate":"2022-09-17"},{"lineNumber":95,"author":{"gitId":"Directorkang"},"content":"    }","lastModifiedDate":"2022-09-17"},{"lineNumber":96,"author":{"gitId":"Directorkang"},"content":"","lastModifiedDate":"2022-09-17"},{"lineNumber":97,"author":{"gitId":"Directorkang"},"content":"","lastModifiedDate":"2022-09-17"},{"lineNumber":98,"author":{"gitId":"Directorkang"},"content":"    public void listTasks(){","lastModifiedDate":"2022-09-07"},{"lineNumber":99,"author":{"gitId":"Directorkang"},"content":"        for(int i \u003d 0; i \u003c task_count; ++i){","lastModifiedDate":"2022-09-07"},{"lineNumber":100,"author":{"gitId":"Directorkang"},"content":"            System.out.println((i+1) + \". \" + myTaskList[i].toString());","lastModifiedDate":"2022-09-13"},{"lineNumber":101,"author":{"gitId":"Directorkang"},"content":"        }","lastModifiedDate":"2022-09-07"},{"lineNumber":102,"author":{"gitId":"Directorkang"},"content":"    }","lastModifiedDate":"2022-09-07"},{"lineNumber":103,"author":{"gitId":"Directorkang"},"content":"}","lastModifiedDate":"2022-09-07"}],"authorContributionMap":{"Directorkang":103}},{"path":"src/main/java/ToDo.java","fileType":"java","lines":[{"lineNumber":1,"author":{"gitId":"Directorkang"},"content":"public class ToDo extends Task {","lastModifiedDate":"2022-09-12"},{"lineNumber":2,"author":{"gitId":"Directorkang"},"content":"","lastModifiedDate":"2022-09-13"},{"lineNumber":3,"author":{"gitId":"Directorkang"},"content":"    public ToDo(String description, String Tasktype) {","lastModifiedDate":"2022-09-13"},{"lineNumber":4,"author":{"gitId":"Directorkang"},"content":"        super(description, Tasktype);","lastModifiedDate":"2022-09-13"},{"lineNumber":5,"author":{"gitId":"Directorkang"},"content":"    }","lastModifiedDate":"2022-09-12"},{"lineNumber":6,"author":{"gitId":"Directorkang"},"content":"","lastModifiedDate":"2022-09-12"},{"lineNumber":7,"author":{"gitId":"Directorkang"},"content":"    @Override","lastModifiedDate":"2022-09-12"},{"lineNumber":8,"author":{"gitId":"Directorkang"},"content":"    public String toString() {","lastModifiedDate":"2022-09-12"},{"lineNumber":9,"author":{"gitId":"Directorkang"},"content":"        return \"[T]\" + super.toString();","lastModifiedDate":"2022-09-12"},{"lineNumber":10,"author":{"gitId":"Directorkang"},"content":"    }","lastModifiedDate":"2022-09-12"},{"lineNumber":11,"author":{"gitId":"Directorkang"},"content":"}","lastModifiedDate":"2022-09-12"}],"authorContributionMap":{"Directorkang":11}},{"path":"src/main/java/Ui.java","fileType":"java","lines":[{"lineNumber":1,"author":{"gitId":"Directorkang"},"content":"public class Ui {","lastModifiedDate":"2022-10-06"},{"lineNumber":2,"author":{"gitId":"Directorkang"},"content":"    //constructor","lastModifiedDate":"2022-10-06"},{"lineNumber":3,"author":{"gitId":"Directorkang"},"content":"    Ui(){","lastModifiedDate":"2022-10-06"},{"lineNumber":4,"author":{"gitId":"Directorkang"},"content":"","lastModifiedDate":"2022-10-06"},{"lineNumber":5,"author":{"gitId":"Directorkang"},"content":"    }","lastModifiedDate":"2022-10-06"},{"lineNumber":6,"author":{"gitId":"Directorkang"},"content":"    public static void showLoadingError() {","lastModifiedDate":"2022-10-06"},{"lineNumber":7,"author":{"gitId":"Directorkang"},"content":"        System.out.println(\"There is no TaskList\");","lastModifiedDate":"2022-10-06"},{"lineNumber":8,"author":{"gitId":"Directorkang"},"content":"    }","lastModifiedDate":"2022-10-06"},{"lineNumber":9,"author":{"gitId":"Directorkang"},"content":"}","lastModifiedDate":"2022-10-06"}],"authorContributionMap":{"Directorkang":9}},{"path":"src/main/java/UnknownCommandException.java","fileType":"java","lines":[{"lineNumber":1,"author":{"gitId":"Directorkang"},"content":"public class UnknownCommandException extends Exception{","lastModifiedDate":"2022-09-16"},{"lineNumber":2,"author":{"gitId":"Directorkang"},"content":"}","lastModifiedDate":"2022-09-16"}],"authorContributionMap":{"Directorkang":2}}]
