{"authorDailyContributionsMap":{"Directorkang":[{"date":"2022-09-07","commitResults":[{"hash":"1d4f0ce5538510d215ea523da6e23211f95be605","messageTitle":"[Level-1] added greet and exit","messageBody":"","fileTypesAndContributionMap":{"java":{"insertions":15,"deletions":0}}},{"hash":"d026ce9504a5ee7c6acc4b131040437f9b9e6cab","messageTitle":"[Level-1] added echo","messageBody":"","tags":["Level-1"],"fileTypesAndContributionMap":{"java":{"insertions":17,"deletions":3}}},{"hash":"c53913cd0caeb22c44a0ad56307624f985639d01","messageTitle":"[Level-2] Add, List","messageBody":"","tags":["Level-2"],"fileTypesAndContributionMap":{"java":{"insertions":29,"deletions":4}}},{"hash":"c37722d9a167d8fea9d133d962c0a9f34a38d54f","messageTitle":"[Level-1] remove echo method [Level-2] changes in members to use Task as object [Level-3] added Task class.","messageBody":"","fileTypesAndContributionMap":{"java":{"insertions":24,"deletions":12}}}]},{"date":"2022-09-08","commitResults":[{"hash":"d7b0ebd9ce7a2f86dcdec02edb5ba75c331adea0","messageTitle":"[Level-3] added mark and unmark","messageBody":"","fileTypesAndContributionMap":{"java":{"insertions":24,"deletions":2}}},{"hash":"46a46de62d77b6c2dd737c689e44559a773babcc","messageTitle":"[Level-3] using parseInt for filterTaskID to avoid redundant boxing inside integer.valueof","messageBody":"","tags":["Level-3"],"fileTypesAndContributionMap":{"java":{"insertions":2,"deletions":2}}}]},{"date":"2022-09-12","commitResults":[{"hash":"47ad2c2a06afb49c6ed583a8ffa6ea99bfaa9475","messageTitle":"[Level-4] added Deadline class","messageBody":"","fileTypesAndContributionMap":{"java":{"insertions":13,"deletions":0}}},{"hash":"7da672750b701442ccc8af2a8f67b6b77fc49eea","messageTitle":"[Level-4] added Event class","messageBody":"","fileTypesAndContributionMap":{"java":{"insertions":14,"deletions":0}}},{"hash":"147ec5af53c886c85390b896c4a04b26140e0ac1","messageTitle":"[Level-4] added ToDo class","messageBody":"","fileTypesAndContributionMap":{"java":{"insertions":10,"deletions":0}}}]},{"date":"2022-09-13","commitResults":[{"hash":"faffefa583073b57203e9b830968fd639c053e6b","messageTitle":"[Level-4] overwrite correctly","messageBody":"","fileTypesAndContributionMap":{"java":{"insertions":64,"deletions":41}}},{"hash":"dc3ecc23dc88530e96e37e6392f5653ffe1ec73e","messageTitle":"[Level-4] filter tasks correctly","messageBody":"","fileTypesAndContributionMap":{"java":{"insertions":45,"deletions":15}}},{"hash":"3ff1831bdc721e019924782ded0702a0d943270b","messageTitle":"[Level-4] correct output for task assignment","messageBody":"","tags":["Level-4"],"fileTypesAndContributionMap":{"java":{"insertions":6,"deletions":7}}}]},{"date":"2022-09-16","commitResults":[{"hash":"7bfa54392fadaebabbaa4703976bd674f26b6a09","messageTitle":"[Level-5] created DukeException class to handle Exception cases for Duke","messageBody":"","fileTypesAndContributionMap":{"java":{"insertions":25,"deletions":7}}},{"hash":"11089a4e0be91b09efe493ad178bd659a4f75017","messageTitle":"[Level-5] handle no description and gibberish input exception","messageBody":"","tags":["Level-5"],"fileTypesAndContributionMap":{"java":{"insertions":29,"deletions":20}}}]},{"date":"2022-09-17","commitResults":[{"hash":"aff7fe5af4b31ef6921a95bcc561a40e163a15ac","messageTitle":"[Level-6] added removeTask","messageBody":"","tags":["Level-6"],"fileTypesAndContributionMap":{"java":{"insertions":30,"deletions":15}}}]},{"date":"2022-09-22","commitResults":[{"hash":"7c0388114b29672f375586c17b8a8ff4a5762a69","messageTitle":"[Level-7] save testing","messageBody":"","fileTypesAndContributionMap":{"java":{"insertions":6,"deletions":0}}}]},{"date":"2022-10-02","commitResults":[{"hash":"93f960ee1f1de61bcaac095493bc67ac30149c7b","messageTitle":"abstract Task class","messageBody":"","fileTypesAndContributionMap":{"java":{"insertions":1,"deletions":1}}}]},{"date":"2022-10-06","commitResults":[{"hash":"87a8a67808e219e75223147c1abb79b67f255118","messageTitle":"code unable to find TIC2002/tasks.txt","messageBody":"","fileTypesAndContributionMap":{"java":{"insertions":86,"deletions":18}}},{"hash":"93fcca57f379ad43877dc0f2e6ba97e50cb80744","messageTitle":"code unable to find TIC2002/tasks.txt","messageBody":"","fileTypesAndContributionMap":{"java":{"insertions":9,"deletions":17}}}]},{"date":"2022-10-14","commitResults":[{"hash":"d9f0350ee0b37830797bd0a9117f699416b14baa","messageTitle":"[level 7] able to create folder and file","messageBody":"","fileTypesAndContributionMap":{"java":{"insertions":32,"deletions":12}}},{"hash":"ef70a4f1e4e5fa41d9027ba3a9c36761be1dab9b","messageTitle":"[level 7] able to write to file","messageBody":"","fileTypesAndContributionMap":{"java":{"insertions":31,"deletions":7}}}]},{"date":"2022-10-16","commitResults":[{"hash":"3c79cdff4e10d3eb4eee14658761be3a94abb51a","messageTitle":"[level 7] able to write to file","messageBody":"","fileTypesAndContributionMap":{"java":{"insertions":5,"deletions":3}}},{"hash":"71292d110f4a37f181119c7d82bafa2ac8e1ba8d","messageTitle":"[level 7] able to append to file","messageBody":"","fileTypesAndContributionMap":{"java":{"insertions":3,"deletions":2}}},{"hash":"02741ffc1d93bd4ecb39a58ede0271e0b6bb5073","messageTitle":"[level 7] able to delete task in the task file","messageBody":"","fileTypesAndContributionMap":{"java":{"insertions":55,"deletions":42}}},{"hash":"beb37dcdfd429fc470a82d0f6dc3425eb3595672","messageTitle":"[level 7] able to load file and TaskList correctly","messageBody":"","fileTypesAndContributionMap":{"java":{"insertions":82,"deletions":14}}}]},{"date":"2022-10-17","commitResults":[{"hash":"6ca84669189a9931eb13b91ea2dbad4b1767d6f6","messageTitle":"[level 7] able to mark and unmark file(incorrectly)","messageBody":"","fileTypesAndContributionMap":{"java":{"insertions":41,"deletions":7}}},{"hash":"10c529cc07d81a43853c2dea37ab66a3de5a0b0d","messageTitle":"[level 7] able to mark and unmark file(correctly)","messageBody":"","fileTypesAndContributionMap":{"java":{"insertions":16,"deletions":8}}},{"hash":"04b9737e6bca025f4771cf44418d2adcf4681c55","messageTitle":"[level 7] list file correctly","messageBody":"","fileTypesAndContributionMap":{"java":{"insertions":20,"deletions":3}}}]},{"date":"2022-10-19","commitResults":[{"hash":"8a8aacecf45ac5c62eb31a0aeb685c5f4c78335a","messageTitle":"[level 7] delete line in file correctly","messageBody":"","tags":["Level_7"],"fileTypesAndContributionMap":{"java":{"insertions":6,"deletions":10}}}]},{"date":"2022-10-20","commitResults":[{"hash":"57bf09490257827a55baa4ec59b2f4ea383635ed","messageTitle":"refactor some command. add find command. but incorrect output","messageBody":"","fileTypesAndContributionMap":{"java":{"insertions":97,"deletions":25}}},{"hash":"f7a7a9b3d0c287e4ba73af6ddfef763fe5818851","messageTitle":"[Level 9] update find command","messageBody":"","tags":["LEVEL_9"],"fileTypesAndContributionMap":{"java":{"insertions":12,"deletions":5}}}]},{"date":"2022-11-10","commitResults":[{"hash":"daad09d6f4185c4663f6a0dc5ab0738d3c40a74e","messageTitle":"[Level 8] update constructor for event and deadline for LocalDate","messageBody":"","fileTypesAndContributionMap":{"java":{"insertions":104,"deletions":1}}},{"hash":"e6561e9f3f52fed037d1c99b59bd915ba1ee97d8","messageTitle":"[Level 8] added record of string of date to task.txt","messageBody":"","fileTypesAndContributionMap":{"java":{"insertions":47,"deletions":27}}},{"hash":"cf91a72982221eaff9d9bbb8c6ce86cd4a6a01ee","messageTitle":"[Level 9] added ViewSchedule","messageBody":"","fileTypesAndContributionMap":{"java":{"insertions":259,"deletions":124}}},{"hash":"c48898df34ba2a3d6ab8d5cf4ef5c93ef50f03bf","messageTitle":"[Level 9] added ViewSchedule","messageBody":"","fileTypesAndContributionMap":{"java":{"insertions":15,"deletions":9}}}]},{"date":"2022-11-30","commitResults":[{"hash":"b0ec36ed436334a938bdf476d1a8a147ec3b0a5c","messageTitle":"[Level 9] refactor","messageBody":"","fileTypesAndContributionMap":{"txt":{"insertions":7,"deletions":0},"java":{"insertions":30,"deletions":10}}}]}]},"authorFileTypeContributionMap":{"Directorkang":{"java":838,"md":0,"fxml":0,"sh":0,"bat":0,"gradle":0,"txt":7}},"authorContributionVariance":{"Directorkang":4052.0596},"authorDisplayNameMap":{"Directorkang":"LUM ..KANG"}}
