{"authorDailyContributionsMap":{"Directorkang":[{"date":"2022-09-07","commitResults":[{"hash":"1d4f0ce5538510d215ea523da6e23211f95be605","messageTitle":"[Level-1] added greet and exit","messageBody":"","fileTypesAndContributionMap":{"java":{"insertions":15,"deletions":0}}},{"hash":"d026ce9504a5ee7c6acc4b131040437f9b9e6cab","messageTitle":"[Level-1] added echo","messageBody":"","tags":["Level-1"],"fileTypesAndContributionMap":{"java":{"insertions":17,"deletions":3}}},{"hash":"c53913cd0caeb22c44a0ad56307624f985639d01","messageTitle":"[Level-2] Add, List","messageBody":"","tags":["Level-2"],"fileTypesAndContributionMap":{"java":{"insertions":29,"deletions":4}}},{"hash":"c37722d9a167d8fea9d133d962c0a9f34a38d54f","messageTitle":"[Level-1] remove echo method [Level-2] changes in members to use Task as object [Level-3] added Task class.","messageBody":"","fileTypesAndContributionMap":{"java":{"insertions":24,"deletions":12}}}]},{"date":"2022-09-08","commitResults":[{"hash":"d7b0ebd9ce7a2f86dcdec02edb5ba75c331adea0","messageTitle":"[Level-3] added mark and unmark","messageBody":"","fileTypesAndContributionMap":{"java":{"insertions":24,"deletions":2}}},{"hash":"46a46de62d77b6c2dd737c689e44559a773babcc","messageTitle":"[Level-3] using parseInt for filterTaskID to avoid redundant boxing inside integer.valueof","messageBody":"","tags":["Level-3"],"fileTypesAndContributionMap":{"java":{"insertions":2,"deletions":2}}}]},{"date":"2022-09-12","commitResults":[{"hash":"47ad2c2a06afb49c6ed583a8ffa6ea99bfaa9475","messageTitle":"[Level-4] added Deadline class","messageBody":"","fileTypesAndContributionMap":{"java":{"insertions":13,"deletions":0}}},{"hash":"7da672750b701442ccc8af2a8f67b6b77fc49eea","messageTitle":"[Level-4] added Event class","messageBody":"","fileTypesAndContributionMap":{"java":{"insertions":14,"deletions":0}}},{"hash":"147ec5af53c886c85390b896c4a04b26140e0ac1","messageTitle":"[Level-4] added ToDo class","messageBody":"","fileTypesAndContributionMap":{"java":{"insertions":10,"deletions":0}}}]},{"date":"2022-09-13","commitResults":[{"hash":"faffefa583073b57203e9b830968fd639c053e6b","messageTitle":"[Level-4] overwrite correctly","messageBody":"","fileTypesAndContributionMap":{"java":{"insertions":64,"deletions":41}}},{"hash":"dc3ecc23dc88530e96e37e6392f5653ffe1ec73e","messageTitle":"[Level-4] filter tasks correctly","messageBody":"","fileTypesAndContributionMap":{"java":{"insertions":45,"deletions":15}}},{"hash":"3ff1831bdc721e019924782ded0702a0d943270b","messageTitle":"[Level-4] correct output for task assignment","messageBody":"","tags":["Level-4"],"fileTypesAndContributionMap":{"java":{"insertions":6,"deletions":7}}}]},{"date":"2022-09-16","commitResults":[{"hash":"7bfa54392fadaebabbaa4703976bd674f26b6a09","messageTitle":"[Level-5] created DukeException class to handle Exception cases for Duke","messageBody":"","fileTypesAndContributionMap":{"java":{"insertions":25,"deletions":7}}},{"hash":"11089a4e0be91b09efe493ad178bd659a4f75017","messageTitle":"[Level-5] handle no description and gibberish input exception","messageBody":"","tags":["Level-5"],"fileTypesAndContributionMap":{"java":{"insertions":29,"deletions":20}}}]},{"date":"2022-09-17","commitResults":[{"hash":"aff7fe5af4b31ef6921a95bcc561a40e163a15ac","messageTitle":"[Level-6] added removeTask","messageBody":"","tags":["Level-6"],"fileTypesAndContributionMap":{"java":{"insertions":30,"deletions":15}}}]},{"date":"2022-09-22","commitResults":[{"hash":"7c0388114b29672f375586c17b8a8ff4a5762a69","messageTitle":"[Level-7] save testing","messageBody":"","fileTypesAndContributionMap":{"java":{"insertions":6,"deletions":0}}}]}]},"authorFileTypeContributionMap":{"Directorkang":{"java":224,"md":0,"fxml":0,"sh":0,"bat":0,"gradle":0,"txt":0}},"authorContributionVariance":{"Directorkang":1051.3352},"authorDisplayNameMap":{"Directorkang":"LUM ..KANG"}}
