[{"path":"src/main/java/Deadline.java","fileType":"java","lines":[{"lineNumber":1,"author":{"gitId":"jiangxinbxin93"},"content":"public class Deadline extends Task {","lastModifiedDate":"2022-09-07"},{"lineNumber":2,"author":{"gitId":"jiangxinbxin93"},"content":"","lastModifiedDate":"2022-09-07"},{"lineNumber":3,"author":{"gitId":"jiangxinbxin93"},"content":"    protected String by;","lastModifiedDate":"2022-09-07"},{"lineNumber":4,"author":{"gitId":"jiangxinbxin93"},"content":"","lastModifiedDate":"2022-09-07"},{"lineNumber":5,"author":{"gitId":"jiangxinbxin93"},"content":"    public Deadline(String description, String by) {","lastModifiedDate":"2022-09-07"},{"lineNumber":6,"author":{"gitId":"jiangxinbxin93"},"content":"        super(description);","lastModifiedDate":"2022-09-07"},{"lineNumber":7,"author":{"gitId":"jiangxinbxin93"},"content":"        this.by \u003d by;","lastModifiedDate":"2022-09-07"},{"lineNumber":8,"author":{"gitId":"jiangxinbxin93"},"content":"    }","lastModifiedDate":"2022-09-07"},{"lineNumber":9,"author":{"gitId":"jiangxinbxin93"},"content":"","lastModifiedDate":"2022-09-07"},{"lineNumber":10,"author":{"gitId":"jiangxinbxin93"},"content":"    @Override","lastModifiedDate":"2022-09-07"},{"lineNumber":11,"author":{"gitId":"jiangxinbxin93"},"content":"    public String toString() {","lastModifiedDate":"2022-09-07"},{"lineNumber":12,"author":{"gitId":"jiangxinbxin93"},"content":"        return \"[D]\" + super.toString() + \" (by: \" + by + \")\\n\";","lastModifiedDate":"2022-09-07"},{"lineNumber":13,"author":{"gitId":"jiangxinbxin93"},"content":"    }","lastModifiedDate":"2022-09-07"},{"lineNumber":14,"author":{"gitId":"jiangxinbxin93"},"content":"}","lastModifiedDate":"2022-09-07"}],"authorContributionMap":{"jiangxinbxin93":14}},{"path":"src/main/java/Duke.java","fileType":"java","lines":[{"lineNumber":1,"author":{"gitId":"jiangxinbxin93"},"content":"import java.io.IOException;","lastModifiedDate":"2022-10-09"},{"lineNumber":2,"author":{"gitId":"jiangxinbxin93"},"content":"import java.util.Scanner;","lastModifiedDate":"2022-09-05"},{"lineNumber":3,"author":{"gitId":"jiangxinbxin93"},"content":"import java.util.ArrayList;","lastModifiedDate":"2022-10-08"},{"lineNumber":4,"author":{"gitId":"jiangxinbxin93"},"content":"","lastModifiedDate":"2022-09-05"},{"lineNumber":5,"author":{"gitId":"jiangxinbxin93"},"content":"import java.io.File;","lastModifiedDate":"2022-10-09"},{"lineNumber":6,"author":{"gitId":"jiangxinbxin93"},"content":"import java.io.FileNotFoundException;","lastModifiedDate":"2022-10-09"},{"lineNumber":7,"author":{"gitId":"jiangxinbxin93"},"content":"import java.io.FileWriter;","lastModifiedDate":"2022-10-09"},{"lineNumber":8,"author":{"gitId":"jiangxinbxin93"},"content":"import java.io.IOException;","lastModifiedDate":"2022-10-09"},{"lineNumber":9,"author":{"gitId":"jiangxinbxin93"},"content":"","lastModifiedDate":"2022-10-09"},{"lineNumber":10,"author":{"gitId":"-"},"content":"public class Duke {","lastModifiedDate":"2019-07-29"},{"lineNumber":11,"author":{"gitId":"jiangxinbxin93"},"content":"","lastModifiedDate":"2022-10-09"},{"lineNumber":12,"author":{"gitId":"jiangxinbxin93"},"content":"","lastModifiedDate":"2022-10-09"},{"lineNumber":13,"author":{"gitId":"jiangxinbxin93"},"content":"","lastModifiedDate":"2022-10-09"},{"lineNumber":14,"author":{"gitId":"jiangxinbxin93"},"content":"    public static ArrayList\u003cTask\u003e task\u003dnew ArrayList\u003cTask\u003e();","lastModifiedDate":"2022-10-08"},{"lineNumber":15,"author":{"gitId":"jiangxinbxin93"},"content":"    public static final String byeMsg\u003d\"Bye. Hope to see you again soon!\\n\";","lastModifiedDate":"2022-10-05"},{"lineNumber":16,"author":{"gitId":"jiangxinbxin93"},"content":"    public static String print(String msg) {","lastModifiedDate":"2022-09-05"},{"lineNumber":17,"author":{"gitId":"jiangxinbxin93"},"content":"        return \"________________________________\\n\" + msg + \"________________________________\\n\";","lastModifiedDate":"2022-09-07"},{"lineNumber":18,"author":{"gitId":"jiangxinbxin93"},"content":"    }","lastModifiedDate":"2022-09-05"},{"lineNumber":19,"author":{"gitId":"jiangxinbxin93"},"content":"","lastModifiedDate":"2022-09-05"},{"lineNumber":20,"author":{"gitId":"jiangxinbxin93"},"content":"","lastModifiedDate":"2022-09-05"},{"lineNumber":21,"author":{"gitId":"jiangxinbxin93"},"content":"","lastModifiedDate":"2022-10-09"},{"lineNumber":22,"author":{"gitId":"jiangxinbxin93"},"content":"    private static void fileContentsAccess(String filePath) throws FileNotFoundException {","lastModifiedDate":"2022-10-09"},{"lineNumber":23,"author":{"gitId":"jiangxinbxin93"},"content":"        File f\u003d new File(filePath);","lastModifiedDate":"2022-10-09"},{"lineNumber":24,"author":{"gitId":"jiangxinbxin93"},"content":"        Scanner s \u003d new Scanner(f);","lastModifiedDate":"2022-10-09"},{"lineNumber":25,"author":{"gitId":"jiangxinbxin93"},"content":"        String scanTask\u003d\"\";","lastModifiedDate":"2022-10-09"},{"lineNumber":26,"author":{"gitId":"jiangxinbxin93"},"content":"        String[] scanTaskSplit;","lastModifiedDate":"2022-10-09"},{"lineNumber":27,"author":{"gitId":"jiangxinbxin93"},"content":"        while(s.hasNext()){","lastModifiedDate":"2022-10-09"},{"lineNumber":28,"author":{"gitId":"jiangxinbxin93"},"content":"","lastModifiedDate":"2022-10-09"},{"lineNumber":29,"author":{"gitId":"jiangxinbxin93"},"content":"            scanTask\u003ds.nextLine();","lastModifiedDate":"2022-10-09"},{"lineNumber":30,"author":{"gitId":"jiangxinbxin93"},"content":"            scanTaskSplit\u003dscanTask.split(\" \\\\| \");","lastModifiedDate":"2022-10-09"},{"lineNumber":31,"author":{"gitId":"jiangxinbxin93"},"content":"            Task.addTask(scanTaskSplit);","lastModifiedDate":"2022-10-09"},{"lineNumber":32,"author":{"gitId":"jiangxinbxin93"},"content":"","lastModifiedDate":"2022-10-09"},{"lineNumber":33,"author":{"gitId":"jiangxinbxin93"},"content":"        }","lastModifiedDate":"2022-10-09"},{"lineNumber":34,"author":{"gitId":"jiangxinbxin93"},"content":"","lastModifiedDate":"2022-10-09"},{"lineNumber":35,"author":{"gitId":"jiangxinbxin93"},"content":"    }","lastModifiedDate":"2022-10-09"},{"lineNumber":36,"author":{"gitId":"jiangxinbxin93"},"content":"","lastModifiedDate":"2022-10-09"},{"lineNumber":37,"author":{"gitId":"jiangxinbxin93"},"content":"    private static void appendToFile(String filePath,String textToAppend) throws IOException{","lastModifiedDate":"2022-10-09"},{"lineNumber":38,"author":{"gitId":"jiangxinbxin93"},"content":"        FileWriter fw\u003dnew FileWriter(filePath);","lastModifiedDate":"2022-10-09"},{"lineNumber":39,"author":{"gitId":"jiangxinbxin93"},"content":"        fw.write(textToAppend);","lastModifiedDate":"2022-10-09"},{"lineNumber":40,"author":{"gitId":"jiangxinbxin93"},"content":"        fw.close();","lastModifiedDate":"2022-10-09"},{"lineNumber":41,"author":{"gitId":"jiangxinbxin93"},"content":"","lastModifiedDate":"2022-10-09"},{"lineNumber":42,"author":{"gitId":"jiangxinbxin93"},"content":"    }","lastModifiedDate":"2022-10-09"},{"lineNumber":43,"author":{"gitId":"jiangxinbxin93"},"content":"","lastModifiedDate":"2022-10-09"},{"lineNumber":44,"author":{"gitId":"-"},"content":"    public static void main(String[] args) {","lastModifiedDate":"2019-07-29"},{"lineNumber":45,"author":{"gitId":"jiangxinbxin93"},"content":"        try {","lastModifiedDate":"2022-10-09"},{"lineNumber":46,"author":{"gitId":"jiangxinbxin93"},"content":"            fileContentsAccess(\"../Duke/src/main/data/duke.txt\");","lastModifiedDate":"2022-10-09"},{"lineNumber":47,"author":{"gitId":"jiangxinbxin93"},"content":"        }catch (FileNotFoundException e){","lastModifiedDate":"2022-10-09"},{"lineNumber":48,"author":{"gitId":"jiangxinbxin93"},"content":"            System.out.println(\"File not found\");","lastModifiedDate":"2022-10-09"},{"lineNumber":49,"author":{"gitId":"jiangxinbxin93"},"content":"        }","lastModifiedDate":"2022-10-09"},{"lineNumber":50,"author":{"gitId":"jiangxinbxin93"},"content":"","lastModifiedDate":"2022-10-09"},{"lineNumber":51,"author":{"gitId":"jiangxinbxin93"},"content":"","lastModifiedDate":"2022-10-09"},{"lineNumber":52,"author":{"gitId":"jiangxinbxin93"},"content":"","lastModifiedDate":"2022-10-09"},{"lineNumber":53,"author":{"gitId":"jiangxinbxin93"},"content":"","lastModifiedDate":"2022-10-09"},{"lineNumber":54,"author":{"gitId":"jiangxinbxin93"},"content":"","lastModifiedDate":"2022-10-09"},{"lineNumber":55,"author":{"gitId":"jiangxinbxin93"},"content":"","lastModifiedDate":"2022-10-09"},{"lineNumber":56,"author":{"gitId":"jiangxinbxin93"},"content":"        String greet \u003d \"Hello! I\u0027m Duke\\nWhat can I do for you?\\n\";","lastModifiedDate":"2022-09-07"},{"lineNumber":57,"author":{"gitId":"jiangxinbxin93"},"content":"","lastModifiedDate":"2022-09-05"},{"lineNumber":58,"author":{"gitId":"jiangxinbxin93"},"content":"        System.out.println(print(greet));","lastModifiedDate":"2022-09-05"},{"lineNumber":59,"author":{"gitId":"jiangxinbxin93"},"content":"        Scanner in \u003d new Scanner(System.in);","lastModifiedDate":"2022-09-05"},{"lineNumber":60,"author":{"gitId":"jiangxinbxin93"},"content":"","lastModifiedDate":"2022-09-06"},{"lineNumber":61,"author":{"gitId":"jiangxinbxin93"},"content":"","lastModifiedDate":"2022-10-05"},{"lineNumber":62,"author":{"gitId":"jiangxinbxin93"},"content":"","lastModifiedDate":"2022-10-05"},{"lineNumber":63,"author":{"gitId":"jiangxinbxin93"},"content":"","lastModifiedDate":"2022-10-05"},{"lineNumber":64,"author":{"gitId":"jiangxinbxin93"},"content":"","lastModifiedDate":"2022-10-05"},{"lineNumber":65,"author":{"gitId":"jiangxinbxin93"},"content":"","lastModifiedDate":"2022-09-05"},{"lineNumber":66,"author":{"gitId":"jiangxinbxin93"},"content":"        while (true) {","lastModifiedDate":"2022-09-05"},{"lineNumber":67,"author":{"gitId":"jiangxinbxin93"},"content":"            String userInput \u003d in.nextLine();","lastModifiedDate":"2022-09-05"},{"lineNumber":68,"author":{"gitId":"jiangxinbxin93"},"content":"            String[] inputSplit \u003d userInput.split(\" \");","lastModifiedDate":"2022-10-05"},{"lineNumber":69,"author":{"gitId":"jiangxinbxin93"},"content":"            int itemNo;","lastModifiedDate":"2022-10-05"},{"lineNumber":70,"author":{"gitId":"jiangxinbxin93"},"content":"","lastModifiedDate":"2022-09-07"},{"lineNumber":71,"author":{"gitId":"jiangxinbxin93"},"content":"","lastModifiedDate":"2022-09-05"},{"lineNumber":72,"author":{"gitId":"jiangxinbxin93"},"content":"            switch (inputSplit[0]) {","lastModifiedDate":"2022-10-05"},{"lineNumber":73,"author":{"gitId":"jiangxinbxin93"},"content":"                case \"bye\":","lastModifiedDate":"2022-09-06"},{"lineNumber":74,"author":{"gitId":"jiangxinbxin93"},"content":"                    System.out.println(print(byeMsg));","lastModifiedDate":"2022-10-05"},{"lineNumber":75,"author":{"gitId":"jiangxinbxin93"},"content":"                    return;","lastModifiedDate":"2022-09-06"},{"lineNumber":76,"author":{"gitId":"jiangxinbxin93"},"content":"","lastModifiedDate":"2022-09-06"},{"lineNumber":77,"author":{"gitId":"jiangxinbxin93"},"content":"                case \"list\":","lastModifiedDate":"2022-09-06"},{"lineNumber":78,"author":{"gitId":"jiangxinbxin93"},"content":"                    Task.list();","lastModifiedDate":"2022-10-05"},{"lineNumber":79,"author":{"gitId":"jiangxinbxin93"},"content":"                    break;","lastModifiedDate":"2022-09-06"},{"lineNumber":80,"author":{"gitId":"jiangxinbxin93"},"content":"","lastModifiedDate":"2022-09-05"},{"lineNumber":81,"author":{"gitId":"jiangxinbxin93"},"content":"                case \"mark\":","lastModifiedDate":"2022-09-06"},{"lineNumber":82,"author":{"gitId":"jiangxinbxin93"},"content":"                case \"unmark\":","lastModifiedDate":"2022-09-06"},{"lineNumber":83,"author":{"gitId":"jiangxinbxin93"},"content":"                case \"delete\":","lastModifiedDate":"2022-10-08"},{"lineNumber":84,"author":{"gitId":"jiangxinbxin93"},"content":"                    try{","lastModifiedDate":"2022-10-08"},{"lineNumber":85,"author":{"gitId":"jiangxinbxin93"},"content":"                        if(inputSplit[1]\u003d\u003dnull){","lastModifiedDate":"2022-10-08"},{"lineNumber":86,"author":{"gitId":"jiangxinbxin93"},"content":"                            throw new DukeException();","lastModifiedDate":"2022-10-08"},{"lineNumber":87,"author":{"gitId":"jiangxinbxin93"},"content":"                        }","lastModifiedDate":"2022-10-08"},{"lineNumber":88,"author":{"gitId":"jiangxinbxin93"},"content":"                    }catch(Exception e){","lastModifiedDate":"2022-10-08"},{"lineNumber":89,"author":{"gitId":"jiangxinbxin93"},"content":"                        System.out.println(print(\"☹ OOPS!!! Task ID cannot be empty, please check!\\n\"));","lastModifiedDate":"2022-10-08"},{"lineNumber":90,"author":{"gitId":"jiangxinbxin93"},"content":"                        break;","lastModifiedDate":"2022-10-08"},{"lineNumber":91,"author":{"gitId":"jiangxinbxin93"},"content":"                    }","lastModifiedDate":"2022-10-08"},{"lineNumber":92,"author":{"gitId":"jiangxinbxin93"},"content":"                    itemNo \u003d Integer.parseInt(inputSplit[1]) - 1;","lastModifiedDate":"2022-10-05"},{"lineNumber":93,"author":{"gitId":"jiangxinbxin93"},"content":"","lastModifiedDate":"2022-10-08"},{"lineNumber":94,"author":{"gitId":"jiangxinbxin93"},"content":"                    try{","lastModifiedDate":"2022-10-05"},{"lineNumber":95,"author":{"gitId":"jiangxinbxin93"},"content":"                        if(itemNo\u003e\u003dtask.size() || itemNo\u003c0){","lastModifiedDate":"2022-10-08"},{"lineNumber":96,"author":{"gitId":"jiangxinbxin93"},"content":"                            throw new DukeException();","lastModifiedDate":"2022-10-05"},{"lineNumber":97,"author":{"gitId":"jiangxinbxin93"},"content":"                        }","lastModifiedDate":"2022-10-05"},{"lineNumber":98,"author":{"gitId":"jiangxinbxin93"},"content":"                    }catch(DukeException e){","lastModifiedDate":"2022-10-05"},{"lineNumber":99,"author":{"gitId":"jiangxinbxin93"},"content":"                        System.out.println(print(\"☹ OOPS!!! Task ID not found, please check!\\n\"));","lastModifiedDate":"2022-10-05"},{"lineNumber":100,"author":{"gitId":"jiangxinbxin93"},"content":"                        break;","lastModifiedDate":"2022-10-05"},{"lineNumber":101,"author":{"gitId":"jiangxinbxin93"},"content":"                    }","lastModifiedDate":"2022-10-05"},{"lineNumber":102,"author":{"gitId":"jiangxinbxin93"},"content":"                    if(inputSplit[0].equals(\"mark\")){","lastModifiedDate":"2022-10-05"},{"lineNumber":103,"author":{"gitId":"jiangxinbxin93"},"content":"                        task.get(itemNo).mark();","lastModifiedDate":"2022-10-08"},{"lineNumber":104,"author":{"gitId":"jiangxinbxin93"},"content":"                    }else if(inputSplit[0].equals(\"unmark\")) {","lastModifiedDate":"2022-10-08"},{"lineNumber":105,"author":{"gitId":"jiangxinbxin93"},"content":"                        task.get(itemNo).unmark();","lastModifiedDate":"2022-10-08"},{"lineNumber":106,"author":{"gitId":"jiangxinbxin93"},"content":"                    }else{","lastModifiedDate":"2022-10-05"},{"lineNumber":107,"author":{"gitId":"jiangxinbxin93"},"content":"                        Task.deleteTask(itemNo);","lastModifiedDate":"2022-10-08"},{"lineNumber":108,"author":{"gitId":"jiangxinbxin93"},"content":"","lastModifiedDate":"2022-10-08"},{"lineNumber":109,"author":{"gitId":"jiangxinbxin93"},"content":"                    }","lastModifiedDate":"2022-10-09"},{"lineNumber":110,"author":{"gitId":"jiangxinbxin93"},"content":"                    try{","lastModifiedDate":"2022-10-09"},{"lineNumber":111,"author":{"gitId":"jiangxinbxin93"},"content":"                        appendToFile(\"../Duke/src/main/data/duke.txt\",Task.toSave());","lastModifiedDate":"2022-10-09"},{"lineNumber":112,"author":{"gitId":"jiangxinbxin93"},"content":"                    }catch(IOException e){","lastModifiedDate":"2022-10-09"},{"lineNumber":113,"author":{"gitId":"jiangxinbxin93"},"content":"                        System.out.println(\"Something went wrong: \"+e.getMessage());","lastModifiedDate":"2022-10-09"},{"lineNumber":114,"author":{"gitId":"jiangxinbxin93"},"content":"","lastModifiedDate":"2022-10-09"},{"lineNumber":115,"author":{"gitId":"jiangxinbxin93"},"content":"                    }","lastModifiedDate":"2022-10-05"},{"lineNumber":116,"author":{"gitId":"jiangxinbxin93"},"content":"                    break;","lastModifiedDate":"2022-09-06"},{"lineNumber":117,"author":{"gitId":"jiangxinbxin93"},"content":"","lastModifiedDate":"2022-09-06"},{"lineNumber":118,"author":{"gitId":"jiangxinbxin93"},"content":"","lastModifiedDate":"2022-09-07"},{"lineNumber":119,"author":{"gitId":"jiangxinbxin93"},"content":"                case \"deadline\":","lastModifiedDate":"2022-10-05"},{"lineNumber":120,"author":{"gitId":"jiangxinbxin93"},"content":"                case \"todo\":","lastModifiedDate":"2022-09-07"},{"lineNumber":121,"author":{"gitId":"jiangxinbxin93"},"content":"                case \"event\":","lastModifiedDate":"2022-09-07"},{"lineNumber":122,"author":{"gitId":"jiangxinbxin93"},"content":"                    try{","lastModifiedDate":"2022-10-05"},{"lineNumber":123,"author":{"gitId":"jiangxinbxin93"},"content":"                        if(inputSplit.length\u003d\u003d1){","lastModifiedDate":"2022-10-05"},{"lineNumber":124,"author":{"gitId":"jiangxinbxin93"},"content":"                            throw new DukeException();","lastModifiedDate":"2022-10-05"},{"lineNumber":125,"author":{"gitId":"jiangxinbxin93"},"content":"                        }","lastModifiedDate":"2022-10-05"},{"lineNumber":126,"author":{"gitId":"jiangxinbxin93"},"content":"                    }catch(DukeException e){","lastModifiedDate":"2022-10-05"},{"lineNumber":127,"author":{"gitId":"jiangxinbxin93"},"content":"","lastModifiedDate":"2022-09-07"},{"lineNumber":128,"author":{"gitId":"jiangxinbxin93"},"content":"                        System.out.println(print(\"☹ OOPS!!! The description of a \"+inputSplit[0] +\" cannot be empty.\\n\"));","lastModifiedDate":"2022-10-05"},{"lineNumber":129,"author":{"gitId":"jiangxinbxin93"},"content":"                        break;","lastModifiedDate":"2022-10-05"},{"lineNumber":130,"author":{"gitId":"jiangxinbxin93"},"content":"                    }","lastModifiedDate":"2022-10-05"},{"lineNumber":131,"author":{"gitId":"jiangxinbxin93"},"content":"","lastModifiedDate":"2022-09-07"},{"lineNumber":132,"author":{"gitId":"jiangxinbxin93"},"content":"                    try {","lastModifiedDate":"2022-10-05"},{"lineNumber":133,"author":{"gitId":"jiangxinbxin93"},"content":"                        Task.addTask(inputSplit[0], userInput);","lastModifiedDate":"2022-10-05"},{"lineNumber":134,"author":{"gitId":"jiangxinbxin93"},"content":"                    }catch(DukeException e){","lastModifiedDate":"2022-10-05"},{"lineNumber":135,"author":{"gitId":"jiangxinbxin93"},"content":"                        System.out.println(print(\"☹ OOPS!!! Invalid input, please check!\\n\"));","lastModifiedDate":"2022-10-05"},{"lineNumber":136,"author":{"gitId":"jiangxinbxin93"},"content":"                    }","lastModifiedDate":"2022-10-05"},{"lineNumber":137,"author":{"gitId":"jiangxinbxin93"},"content":"                    try{","lastModifiedDate":"2022-10-09"},{"lineNumber":138,"author":{"gitId":"jiangxinbxin93"},"content":"                        appendToFile(\"../Duke/src/main/data/duke.txt\",Task.toSave());","lastModifiedDate":"2022-10-09"},{"lineNumber":139,"author":{"gitId":"jiangxinbxin93"},"content":"                    }catch(IOException e){","lastModifiedDate":"2022-10-09"},{"lineNumber":140,"author":{"gitId":"jiangxinbxin93"},"content":"                        System.out.println(\"Something went wrong: \"+e.getMessage());","lastModifiedDate":"2022-10-09"},{"lineNumber":141,"author":{"gitId":"jiangxinbxin93"},"content":"","lastModifiedDate":"2022-10-08"},{"lineNumber":142,"author":{"gitId":"jiangxinbxin93"},"content":"                    }","lastModifiedDate":"2022-10-09"},{"lineNumber":143,"author":{"gitId":"jiangxinbxin93"},"content":"                    break;","lastModifiedDate":"2022-09-07"},{"lineNumber":144,"author":{"gitId":"jiangxinbxin93"},"content":"","lastModifiedDate":"2022-09-07"},{"lineNumber":145,"author":{"gitId":"jiangxinbxin93"},"content":"","lastModifiedDate":"2022-10-09"},{"lineNumber":146,"author":{"gitId":"jiangxinbxin93"},"content":"                default:","lastModifiedDate":"2022-09-07"},{"lineNumber":147,"author":{"gitId":"jiangxinbxin93"},"content":"                    try{","lastModifiedDate":"2022-10-05"},{"lineNumber":148,"author":{"gitId":"jiangxinbxin93"},"content":"                        throw new DukeException();","lastModifiedDate":"2022-10-05"},{"lineNumber":149,"author":{"gitId":"jiangxinbxin93"},"content":"                    }catch(DukeException e){","lastModifiedDate":"2022-10-05"},{"lineNumber":150,"author":{"gitId":"jiangxinbxin93"},"content":"                        System.out.println(print(\"☹ OOPS!!! I\u0027m sorry, but I don\u0027t know what that means :-(\\n\"));","lastModifiedDate":"2022-10-05"},{"lineNumber":151,"author":{"gitId":"jiangxinbxin93"},"content":"","lastModifiedDate":"2022-10-05"},{"lineNumber":152,"author":{"gitId":"jiangxinbxin93"},"content":"                    }","lastModifiedDate":"2022-10-05"},{"lineNumber":153,"author":{"gitId":"jiangxinbxin93"},"content":"                    break;","lastModifiedDate":"2022-09-06"},{"lineNumber":154,"author":{"gitId":"jiangxinbxin93"},"content":"","lastModifiedDate":"2022-09-05"},{"lineNumber":155,"author":{"gitId":"jiangxinbxin93"},"content":"","lastModifiedDate":"2022-09-05"},{"lineNumber":156,"author":{"gitId":"jiangxinbxin93"},"content":"            }","lastModifiedDate":"2022-09-05"},{"lineNumber":157,"author":{"gitId":"-"},"content":"        }","lastModifiedDate":"2019-07-29"},{"lineNumber":158,"author":{"gitId":"-"},"content":"    }","lastModifiedDate":"2019-07-29"},{"lineNumber":159,"author":{"gitId":"jiangxinbxin93"},"content":"","lastModifiedDate":"2022-10-09"},{"lineNumber":160,"author":{"gitId":"jiangxinbxin93"},"content":"","lastModifiedDate":"2022-10-09"},{"lineNumber":161,"author":{"gitId":"jiangxinbxin93"},"content":"}","lastModifiedDate":"2022-09-06"}],"authorContributionMap":{"-":4,"jiangxinbxin93":157}},{"path":"src/main/java/DukeException.java","fileType":"java","lines":[{"lineNumber":1,"author":{"gitId":"jiangxinbxin93"},"content":"public class DukeException extends Exception{","lastModifiedDate":"2022-10-08"},{"lineNumber":2,"author":{"gitId":"jiangxinbxin93"},"content":"}","lastModifiedDate":"2022-10-05"}],"authorContributionMap":{"jiangxinbxin93":2}},{"path":"src/main/java/Event.java","fileType":"java","lines":[{"lineNumber":1,"author":{"gitId":"jiangxinbxin93"},"content":"public class Event extends Task{","lastModifiedDate":"2022-09-07"},{"lineNumber":2,"author":{"gitId":"jiangxinbxin93"},"content":"\tString schedule;","lastModifiedDate":"2022-09-07"},{"lineNumber":3,"author":{"gitId":"jiangxinbxin93"},"content":"\tpublic Event(String description,String schedule){","lastModifiedDate":"2022-09-07"},{"lineNumber":4,"author":{"gitId":"jiangxinbxin93"},"content":"\t\tsuper(description);","lastModifiedDate":"2022-09-07"},{"lineNumber":5,"author":{"gitId":"jiangxinbxin93"},"content":"\t\tthis.schedule\u003dschedule;","lastModifiedDate":"2022-09-07"},{"lineNumber":6,"author":{"gitId":"jiangxinbxin93"},"content":"\t}","lastModifiedDate":"2022-09-07"},{"lineNumber":7,"author":{"gitId":"jiangxinbxin93"},"content":"","lastModifiedDate":"2022-09-07"},{"lineNumber":8,"author":{"gitId":"jiangxinbxin93"},"content":"\t@Override","lastModifiedDate":"2022-09-07"},{"lineNumber":9,"author":{"gitId":"jiangxinbxin93"},"content":"\tpublic String toString(){","lastModifiedDate":"2022-09-07"},{"lineNumber":10,"author":{"gitId":"jiangxinbxin93"},"content":"\t\treturn \"[E]\" + super.toString() + \" (at: \" + schedule + \")\\n\";","lastModifiedDate":"2022-09-07"},{"lineNumber":11,"author":{"gitId":"jiangxinbxin93"},"content":"\t}","lastModifiedDate":"2022-09-07"},{"lineNumber":12,"author":{"gitId":"jiangxinbxin93"},"content":"","lastModifiedDate":"2022-09-07"},{"lineNumber":13,"author":{"gitId":"jiangxinbxin93"},"content":"}","lastModifiedDate":"2022-09-07"}],"authorContributionMap":{"jiangxinbxin93":13}},{"path":"src/main/java/Task.java","fileType":"java","lines":[{"lineNumber":1,"author":{"gitId":"jiangxinbxin93"},"content":"public class Task {","lastModifiedDate":"2022-09-06"},{"lineNumber":2,"author":{"gitId":"jiangxinbxin93"},"content":"    protected String description;","lastModifiedDate":"2022-09-06"},{"lineNumber":3,"author":{"gitId":"jiangxinbxin93"},"content":"    protected boolean isDone;","lastModifiedDate":"2022-09-06"},{"lineNumber":4,"author":{"gitId":"jiangxinbxin93"},"content":"","lastModifiedDate":"2022-09-06"},{"lineNumber":5,"author":{"gitId":"jiangxinbxin93"},"content":"","lastModifiedDate":"2022-09-07"},{"lineNumber":6,"author":{"gitId":"jiangxinbxin93"},"content":"","lastModifiedDate":"2022-10-09"},{"lineNumber":7,"author":{"gitId":"jiangxinbxin93"},"content":"    public Task(String description) {","lastModifiedDate":"2022-09-06"},{"lineNumber":8,"author":{"gitId":"jiangxinbxin93"},"content":"        this.description \u003d description;","lastModifiedDate":"2022-09-06"},{"lineNumber":9,"author":{"gitId":"jiangxinbxin93"},"content":"        this.isDone \u003d false;","lastModifiedDate":"2022-09-06"},{"lineNumber":10,"author":{"gitId":"jiangxinbxin93"},"content":"    }","lastModifiedDate":"2022-09-06"},{"lineNumber":11,"author":{"gitId":"jiangxinbxin93"},"content":"","lastModifiedDate":"2022-09-06"},{"lineNumber":12,"author":{"gitId":"jiangxinbxin93"},"content":"    public String getStatusIcon() {","lastModifiedDate":"2022-09-06"},{"lineNumber":13,"author":{"gitId":"jiangxinbxin93"},"content":"        return (isDone ? \"X\" : \" \"); // mark done task with X","lastModifiedDate":"2022-09-06"},{"lineNumber":14,"author":{"gitId":"jiangxinbxin93"},"content":"    }","lastModifiedDate":"2022-09-06"},{"lineNumber":15,"author":{"gitId":"jiangxinbxin93"},"content":"","lastModifiedDate":"2022-09-06"},{"lineNumber":16,"author":{"gitId":"jiangxinbxin93"},"content":"    public String getTask(){","lastModifiedDate":"2022-09-06"},{"lineNumber":17,"author":{"gitId":"jiangxinbxin93"},"content":"        return description;","lastModifiedDate":"2022-09-06"},{"lineNumber":18,"author":{"gitId":"jiangxinbxin93"},"content":"    }","lastModifiedDate":"2022-09-06"},{"lineNumber":19,"author":{"gitId":"jiangxinbxin93"},"content":"","lastModifiedDate":"2022-09-06"},{"lineNumber":20,"author":{"gitId":"jiangxinbxin93"},"content":"    public void mark(){","lastModifiedDate":"2022-10-05"},{"lineNumber":21,"author":{"gitId":"jiangxinbxin93"},"content":"        isDone\u003dtrue;","lastModifiedDate":"2022-10-05"},{"lineNumber":22,"author":{"gitId":"jiangxinbxin93"},"content":"        System.out.println(Duke.print(\"Nice! I\u0027ve marked this task as done:\\n [\" + getStatusIcon() + \"] \" + getTask() + \"\\n\"));","lastModifiedDate":"2022-10-05"},{"lineNumber":23,"author":{"gitId":"jiangxinbxin93"},"content":"    }","lastModifiedDate":"2022-09-06"},{"lineNumber":24,"author":{"gitId":"jiangxinbxin93"},"content":"    public void unmark(){","lastModifiedDate":"2022-10-05"},{"lineNumber":25,"author":{"gitId":"jiangxinbxin93"},"content":"        isDone\u003dfalse;","lastModifiedDate":"2022-10-05"},{"lineNumber":26,"author":{"gitId":"jiangxinbxin93"},"content":"        System.out.println(Duke.print(\"OK, I\u0027ve marked this task as not done yet:\\n [\" + getStatusIcon() + \"] \" + getTask() + \"\\n\"));","lastModifiedDate":"2022-10-05"},{"lineNumber":27,"author":{"gitId":"jiangxinbxin93"},"content":"    }","lastModifiedDate":"2022-09-06"},{"lineNumber":28,"author":{"gitId":"jiangxinbxin93"},"content":"    public String toString(){","lastModifiedDate":"2022-09-07"},{"lineNumber":29,"author":{"gitId":"jiangxinbxin93"},"content":"\treturn (\"[\"+getStatusIcon()+\"] \"+description);\t","lastModifiedDate":"2022-09-07"},{"lineNumber":30,"author":{"gitId":"jiangxinbxin93"},"content":"    }","lastModifiedDate":"2022-09-07"},{"lineNumber":31,"author":{"gitId":"jiangxinbxin93"},"content":"    public String encapTask(String t, int count){","lastModifiedDate":"2022-09-07"},{"lineNumber":32,"author":{"gitId":"jiangxinbxin93"},"content":"\treturn (\"Got it. I\u0027ve added this task:\\n \"+ t +\"Now you have \"+count+\" tasks in the list.\\n\");","lastModifiedDate":"2022-09-07"},{"lineNumber":33,"author":{"gitId":"jiangxinbxin93"},"content":"    }","lastModifiedDate":"2022-09-07"},{"lineNumber":34,"author":{"gitId":"jiangxinbxin93"},"content":"","lastModifiedDate":"2022-10-05"},{"lineNumber":35,"author":{"gitId":"jiangxinbxin93"},"content":"    public static void list(){","lastModifiedDate":"2022-10-05"},{"lineNumber":36,"author":{"gitId":"jiangxinbxin93"},"content":"        String itemList\u003d\"\";","lastModifiedDate":"2022-10-05"},{"lineNumber":37,"author":{"gitId":"jiangxinbxin93"},"content":"        for (int i \u003d 0; i \u003c Duke.task.size(); i++) {","lastModifiedDate":"2022-10-08"},{"lineNumber":38,"author":{"gitId":"jiangxinbxin93"},"content":"            //itemList +\u003d \"(i + 1) + \".[\"+task[i].getStatusIcon()+\"] \" + task[i].getTask() + \"\\n\";","lastModifiedDate":"2022-10-05"},{"lineNumber":39,"author":{"gitId":"jiangxinbxin93"},"content":"            itemList +\u003d (i + 1) + \".\" + Duke.task.get(i).toString();","lastModifiedDate":"2022-10-08"},{"lineNumber":40,"author":{"gitId":"jiangxinbxin93"},"content":"","lastModifiedDate":"2022-10-05"},{"lineNumber":41,"author":{"gitId":"jiangxinbxin93"},"content":"        }","lastModifiedDate":"2022-10-05"},{"lineNumber":42,"author":{"gitId":"jiangxinbxin93"},"content":"        System.out.println(Duke.print(itemList));","lastModifiedDate":"2022-10-05"},{"lineNumber":43,"author":{"gitId":"jiangxinbxin93"},"content":"        itemList\u003d\"\";","lastModifiedDate":"2022-10-05"},{"lineNumber":44,"author":{"gitId":"jiangxinbxin93"},"content":"    }","lastModifiedDate":"2022-10-05"},{"lineNumber":45,"author":{"gitId":"jiangxinbxin93"},"content":"","lastModifiedDate":"2022-10-05"},{"lineNumber":46,"author":{"gitId":"jiangxinbxin93"},"content":"    public static void addTask(String taskType,String fullInput) throws DukeException{","lastModifiedDate":"2022-10-05"},{"lineNumber":47,"author":{"gitId":"jiangxinbxin93"},"content":"        int indexSlash\u003d fullInput.indexOf(\u0027/\u0027);","lastModifiedDate":"2022-10-05"},{"lineNumber":48,"author":{"gitId":"jiangxinbxin93"},"content":"        int indexSpace\u003d fullInput.indexOf(\u0027 \u0027);","lastModifiedDate":"2022-10-05"},{"lineNumber":49,"author":{"gitId":"jiangxinbxin93"},"content":"        String detail;","lastModifiedDate":"2022-10-05"},{"lineNumber":50,"author":{"gitId":"jiangxinbxin93"},"content":"        String due;","lastModifiedDate":"2022-10-05"},{"lineNumber":51,"author":{"gitId":"jiangxinbxin93"},"content":"","lastModifiedDate":"2022-10-05"},{"lineNumber":52,"author":{"gitId":"jiangxinbxin93"},"content":"        if(taskType.equals(\"deadline\")){","lastModifiedDate":"2022-10-05"},{"lineNumber":53,"author":{"gitId":"jiangxinbxin93"},"content":"            if(indexSlash\u003d\u003d-1 || indexSpace\u003d\u003d-1){","lastModifiedDate":"2022-10-05"},{"lineNumber":54,"author":{"gitId":"jiangxinbxin93"},"content":"                throw new DukeException();","lastModifiedDate":"2022-10-05"},{"lineNumber":55,"author":{"gitId":"jiangxinbxin93"},"content":"            }","lastModifiedDate":"2022-10-05"},{"lineNumber":56,"author":{"gitId":"jiangxinbxin93"},"content":"            detail\u003dfullInput.substring(indexSpace+1, indexSlash - 1);","lastModifiedDate":"2022-10-09"},{"lineNumber":57,"author":{"gitId":"jiangxinbxin93"},"content":"            due\u003dfullInput.substring(indexSlash + 4);","lastModifiedDate":"2022-10-05"},{"lineNumber":58,"author":{"gitId":"jiangxinbxin93"},"content":"","lastModifiedDate":"2022-10-05"},{"lineNumber":59,"author":{"gitId":"jiangxinbxin93"},"content":"            Duke.task.add(new Deadline(detail, due));","lastModifiedDate":"2022-10-08"},{"lineNumber":60,"author":{"gitId":"jiangxinbxin93"},"content":"","lastModifiedDate":"2022-10-09"},{"lineNumber":61,"author":{"gitId":"jiangxinbxin93"},"content":"","lastModifiedDate":"2022-10-05"},{"lineNumber":62,"author":{"gitId":"jiangxinbxin93"},"content":"        }","lastModifiedDate":"2022-10-05"},{"lineNumber":63,"author":{"gitId":"jiangxinbxin93"},"content":"        else if(taskType.equals(\"todo\")){","lastModifiedDate":"2022-10-05"},{"lineNumber":64,"author":{"gitId":"jiangxinbxin93"},"content":"            if(indexSpace\u003d\u003d-1){","lastModifiedDate":"2022-10-05"},{"lineNumber":65,"author":{"gitId":"jiangxinbxin93"},"content":"                throw new DukeException();","lastModifiedDate":"2022-10-05"},{"lineNumber":66,"author":{"gitId":"jiangxinbxin93"},"content":"            }","lastModifiedDate":"2022-10-05"},{"lineNumber":67,"author":{"gitId":"jiangxinbxin93"},"content":"            detail \u003d fullInput.substring(indexSpace+1);","lastModifiedDate":"2022-10-09"},{"lineNumber":68,"author":{"gitId":"jiangxinbxin93"},"content":"","lastModifiedDate":"2022-10-05"},{"lineNumber":69,"author":{"gitId":"jiangxinbxin93"},"content":"            Duke.task.add(new Todo(detail));","lastModifiedDate":"2022-10-08"},{"lineNumber":70,"author":{"gitId":"jiangxinbxin93"},"content":"","lastModifiedDate":"2022-10-05"},{"lineNumber":71,"author":{"gitId":"jiangxinbxin93"},"content":"        }","lastModifiedDate":"2022-10-05"},{"lineNumber":72,"author":{"gitId":"jiangxinbxin93"},"content":"        else{","lastModifiedDate":"2022-10-05"},{"lineNumber":73,"author":{"gitId":"jiangxinbxin93"},"content":"            if(indexSlash\u003d\u003d-1 || indexSpace\u003d\u003d-1){","lastModifiedDate":"2022-10-05"},{"lineNumber":74,"author":{"gitId":"jiangxinbxin93"},"content":"                throw new DukeException();","lastModifiedDate":"2022-10-05"},{"lineNumber":75,"author":{"gitId":"jiangxinbxin93"},"content":"            }","lastModifiedDate":"2022-10-05"},{"lineNumber":76,"author":{"gitId":"jiangxinbxin93"},"content":"            detail\u003dfullInput.substring(indexSpace+1, indexSlash - 1);","lastModifiedDate":"2022-10-09"},{"lineNumber":77,"author":{"gitId":"jiangxinbxin93"},"content":"            due\u003dfullInput.substring(indexSlash + 4);","lastModifiedDate":"2022-10-05"},{"lineNumber":78,"author":{"gitId":"jiangxinbxin93"},"content":"","lastModifiedDate":"2022-10-05"},{"lineNumber":79,"author":{"gitId":"jiangxinbxin93"},"content":"            Duke.task.add(new Event(detail, due));","lastModifiedDate":"2022-10-08"},{"lineNumber":80,"author":{"gitId":"jiangxinbxin93"},"content":"","lastModifiedDate":"2022-10-08"},{"lineNumber":81,"author":{"gitId":"jiangxinbxin93"},"content":"","lastModifiedDate":"2022-10-08"},{"lineNumber":82,"author":{"gitId":"jiangxinbxin93"},"content":"        }","lastModifiedDate":"2022-10-08"},{"lineNumber":83,"author":{"gitId":"jiangxinbxin93"},"content":"        System.out.println(Duke.print(Duke.task.get(Duke.task.size()-1).encapTask(Duke.task.get(Duke.task.size()-1).toString(), Duke.task.size() )));","lastModifiedDate":"2022-10-09"},{"lineNumber":84,"author":{"gitId":"jiangxinbxin93"},"content":"","lastModifiedDate":"2022-10-09"},{"lineNumber":85,"author":{"gitId":"jiangxinbxin93"},"content":"    }","lastModifiedDate":"2022-10-09"},{"lineNumber":86,"author":{"gitId":"jiangxinbxin93"},"content":"","lastModifiedDate":"2022-10-09"},{"lineNumber":87,"author":{"gitId":"jiangxinbxin93"},"content":"    public static void addTask(String[] readInput){","lastModifiedDate":"2022-10-09"},{"lineNumber":88,"author":{"gitId":"jiangxinbxin93"},"content":"        if(readInput[0].equals(\"T\")){","lastModifiedDate":"2022-10-09"},{"lineNumber":89,"author":{"gitId":"jiangxinbxin93"},"content":"            Duke.task.add(new Todo(readInput[2]));","lastModifiedDate":"2022-10-09"},{"lineNumber":90,"author":{"gitId":"jiangxinbxin93"},"content":"","lastModifiedDate":"2022-10-09"},{"lineNumber":91,"author":{"gitId":"jiangxinbxin93"},"content":"        }","lastModifiedDate":"2022-10-09"},{"lineNumber":92,"author":{"gitId":"jiangxinbxin93"},"content":"        else if(readInput[0].equals(\"E\")){","lastModifiedDate":"2022-10-09"},{"lineNumber":93,"author":{"gitId":"jiangxinbxin93"},"content":"            Duke.task.add(new Event(readInput[2],readInput[3]));","lastModifiedDate":"2022-10-09"},{"lineNumber":94,"author":{"gitId":"jiangxinbxin93"},"content":"","lastModifiedDate":"2022-10-09"},{"lineNumber":95,"author":{"gitId":"jiangxinbxin93"},"content":"        }","lastModifiedDate":"2022-10-09"},{"lineNumber":96,"author":{"gitId":"jiangxinbxin93"},"content":"        else{","lastModifiedDate":"2022-10-09"},{"lineNumber":97,"author":{"gitId":"jiangxinbxin93"},"content":"            Duke.task.add(new Deadline(readInput[2],readInput[3]));","lastModifiedDate":"2022-10-09"},{"lineNumber":98,"author":{"gitId":"jiangxinbxin93"},"content":"","lastModifiedDate":"2022-10-09"},{"lineNumber":99,"author":{"gitId":"jiangxinbxin93"},"content":"        }","lastModifiedDate":"2022-10-09"},{"lineNumber":100,"author":{"gitId":"jiangxinbxin93"},"content":"","lastModifiedDate":"2022-10-09"},{"lineNumber":101,"author":{"gitId":"jiangxinbxin93"},"content":"        if(readInput[1].equals(\"1\")){","lastModifiedDate":"2022-10-09"},{"lineNumber":102,"author":{"gitId":"jiangxinbxin93"},"content":"            Duke.task.get(Duke.task.size()-1).isDone\u003dtrue;","lastModifiedDate":"2022-10-09"},{"lineNumber":103,"author":{"gitId":"jiangxinbxin93"},"content":"","lastModifiedDate":"2022-10-09"},{"lineNumber":104,"author":{"gitId":"jiangxinbxin93"},"content":"        }","lastModifiedDate":"2022-10-09"},{"lineNumber":105,"author":{"gitId":"jiangxinbxin93"},"content":"","lastModifiedDate":"2022-10-09"},{"lineNumber":106,"author":{"gitId":"jiangxinbxin93"},"content":"","lastModifiedDate":"2022-10-09"},{"lineNumber":107,"author":{"gitId":"jiangxinbxin93"},"content":"","lastModifiedDate":"2022-10-05"},{"lineNumber":108,"author":{"gitId":"jiangxinbxin93"},"content":"    }","lastModifiedDate":"2022-10-05"},{"lineNumber":109,"author":{"gitId":"jiangxinbxin93"},"content":"    public static void deleteTask(int taskID){","lastModifiedDate":"2022-10-08"},{"lineNumber":110,"author":{"gitId":"jiangxinbxin93"},"content":"        System.out.println(Duke.print(\"Noted. I\u0027ve removed this task:\\n \" +Duke.task.get(taskID).toString()+\"Now you have \"+ (taskID+1)+\" tasks in the list.\\n\"));","lastModifiedDate":"2022-10-08"},{"lineNumber":111,"author":{"gitId":"jiangxinbxin93"},"content":"","lastModifiedDate":"2022-10-08"},{"lineNumber":112,"author":{"gitId":"jiangxinbxin93"},"content":"        if(taskID!\u003dDuke.task.size()-1) {","lastModifiedDate":"2022-10-08"},{"lineNumber":113,"author":{"gitId":"jiangxinbxin93"},"content":"","lastModifiedDate":"2022-10-05"},{"lineNumber":114,"author":{"gitId":"jiangxinbxin93"},"content":"            for (int i \u003d taskID; i \u003c Duke.task.size()-1; i++) {","lastModifiedDate":"2022-10-08"},{"lineNumber":115,"author":{"gitId":"jiangxinbxin93"},"content":"                Duke.task.set(i,Duke.task.get(i+1));","lastModifiedDate":"2022-10-08"},{"lineNumber":116,"author":{"gitId":"jiangxinbxin93"},"content":"            }","lastModifiedDate":"2022-10-05"},{"lineNumber":117,"author":{"gitId":"jiangxinbxin93"},"content":"","lastModifiedDate":"2022-10-05"},{"lineNumber":118,"author":{"gitId":"jiangxinbxin93"},"content":"        }","lastModifiedDate":"2022-10-08"},{"lineNumber":119,"author":{"gitId":"jiangxinbxin93"},"content":"        Duke.task.remove(Duke.task.size()-1);","lastModifiedDate":"2022-10-08"},{"lineNumber":120,"author":{"gitId":"jiangxinbxin93"},"content":"","lastModifiedDate":"2022-10-08"},{"lineNumber":121,"author":{"gitId":"jiangxinbxin93"},"content":"    }","lastModifiedDate":"2022-10-08"},{"lineNumber":122,"author":{"gitId":"jiangxinbxin93"},"content":"","lastModifiedDate":"2022-10-05"},{"lineNumber":123,"author":{"gitId":"jiangxinbxin93"},"content":"    public static String toSave(){","lastModifiedDate":"2022-10-09"},{"lineNumber":124,"author":{"gitId":"jiangxinbxin93"},"content":"        String saveContent\u003d\"\";","lastModifiedDate":"2022-10-09"},{"lineNumber":125,"author":{"gitId":"jiangxinbxin93"},"content":"","lastModifiedDate":"2022-10-09"},{"lineNumber":126,"author":{"gitId":"jiangxinbxin93"},"content":"","lastModifiedDate":"2022-10-09"},{"lineNumber":127,"author":{"gitId":"jiangxinbxin93"},"content":"        for(int i\u003d0;i\u003cDuke.task.size();i++){","lastModifiedDate":"2022-10-09"},{"lineNumber":128,"author":{"gitId":"jiangxinbxin93"},"content":"            String currentTask\u003dDuke.task.get(i).toString();","lastModifiedDate":"2022-10-09"},{"lineNumber":129,"author":{"gitId":"jiangxinbxin93"},"content":"            String mark\u003d\"0\";","lastModifiedDate":"2022-10-09"},{"lineNumber":130,"author":{"gitId":"jiangxinbxin93"},"content":"","lastModifiedDate":"2022-10-09"},{"lineNumber":131,"author":{"gitId":"jiangxinbxin93"},"content":"            if(currentTask.substring(4,5).equals(\"X\")){","lastModifiedDate":"2022-10-09"},{"lineNumber":132,"author":{"gitId":"jiangxinbxin93"},"content":"                mark\u003d\"1\";","lastModifiedDate":"2022-10-09"},{"lineNumber":133,"author":{"gitId":"jiangxinbxin93"},"content":"            }","lastModifiedDate":"2022-10-09"},{"lineNumber":134,"author":{"gitId":"jiangxinbxin93"},"content":"","lastModifiedDate":"2022-10-09"},{"lineNumber":135,"author":{"gitId":"jiangxinbxin93"},"content":"//            System.out.println(currentTask);","lastModifiedDate":"2022-10-09"},{"lineNumber":136,"author":{"gitId":"jiangxinbxin93"},"content":"//            System.out.println(currentTask.substring(1,2));","lastModifiedDate":"2022-10-09"},{"lineNumber":137,"author":{"gitId":"jiangxinbxin93"},"content":"//            System.out.println(mark);","lastModifiedDate":"2022-10-09"},{"lineNumber":138,"author":{"gitId":"jiangxinbxin93"},"content":"//            System.out.println(Duke.task.get(i).description);","lastModifiedDate":"2022-10-09"},{"lineNumber":139,"author":{"gitId":"jiangxinbxin93"},"content":"//            System.out.println(currentTask.substring(indexDue+5,currentTask.length()-2));","lastModifiedDate":"2022-10-09"},{"lineNumber":140,"author":{"gitId":"jiangxinbxin93"},"content":"            if(currentTask.substring(1,2).equals(\"T\")){","lastModifiedDate":"2022-10-09"},{"lineNumber":141,"author":{"gitId":"jiangxinbxin93"},"content":"                saveContent+\u003dcurrentTask.substring(1,2)+\" | \"+mark+\" | \"+Duke.task.get(i).description+\"\\n\";","lastModifiedDate":"2022-10-09"},{"lineNumber":142,"author":{"gitId":"jiangxinbxin93"},"content":"","lastModifiedDate":"2022-10-09"},{"lineNumber":143,"author":{"gitId":"jiangxinbxin93"},"content":"            }","lastModifiedDate":"2022-10-09"},{"lineNumber":144,"author":{"gitId":"jiangxinbxin93"},"content":"            else{","lastModifiedDate":"2022-10-09"},{"lineNumber":145,"author":{"gitId":"jiangxinbxin93"},"content":"                int indexDue\u003dcurrentTask.indexOf(\"(\");","lastModifiedDate":"2022-10-09"},{"lineNumber":146,"author":{"gitId":"jiangxinbxin93"},"content":"                saveContent+\u003dcurrentTask.substring(1,2)+\" | \"+mark+\" | \"+Duke.task.get(i).description+\" | \"+currentTask.substring(indexDue+5,currentTask.length()-2)+\"\\n\";","lastModifiedDate":"2022-10-09"},{"lineNumber":147,"author":{"gitId":"jiangxinbxin93"},"content":"            }","lastModifiedDate":"2022-10-09"},{"lineNumber":148,"author":{"gitId":"jiangxinbxin93"},"content":"","lastModifiedDate":"2022-10-09"},{"lineNumber":149,"author":{"gitId":"jiangxinbxin93"},"content":"        }","lastModifiedDate":"2022-10-09"},{"lineNumber":150,"author":{"gitId":"jiangxinbxin93"},"content":"        return saveContent;","lastModifiedDate":"2022-10-09"},{"lineNumber":151,"author":{"gitId":"jiangxinbxin93"},"content":"    }","lastModifiedDate":"2022-10-09"},{"lineNumber":152,"author":{"gitId":"jiangxinbxin93"},"content":"","lastModifiedDate":"2022-10-09"},{"lineNumber":153,"author":{"gitId":"jiangxinbxin93"},"content":"","lastModifiedDate":"2022-10-05"},{"lineNumber":154,"author":{"gitId":"jiangxinbxin93"},"content":"}","lastModifiedDate":"2022-09-06"}],"authorContributionMap":{"jiangxinbxin93":154}},{"path":"src/main/java/Todo.java","fileType":"java","lines":[{"lineNumber":1,"author":{"gitId":"jiangxinbxin93"},"content":"public class Todo extends Task{","lastModifiedDate":"2022-09-07"},{"lineNumber":2,"author":{"gitId":"jiangxinbxin93"},"content":"\tpublic Todo(String description){","lastModifiedDate":"2022-09-07"},{"lineNumber":3,"author":{"gitId":"jiangxinbxin93"},"content":"\t\tsuper(description);","lastModifiedDate":"2022-09-07"},{"lineNumber":4,"author":{"gitId":"jiangxinbxin93"},"content":"\t\t","lastModifiedDate":"2022-09-07"},{"lineNumber":5,"author":{"gitId":"jiangxinbxin93"},"content":"\t}","lastModifiedDate":"2022-09-07"},{"lineNumber":6,"author":{"gitId":"jiangxinbxin93"},"content":"","lastModifiedDate":"2022-09-07"},{"lineNumber":7,"author":{"gitId":"jiangxinbxin93"},"content":"\t@Override","lastModifiedDate":"2022-09-07"},{"lineNumber":8,"author":{"gitId":"jiangxinbxin93"},"content":"\tpublic String toString(){","lastModifiedDate":"2022-09-07"},{"lineNumber":9,"author":{"gitId":"jiangxinbxin93"},"content":"\t\treturn \"[T]\"+super.toString()+\"\\n\";","lastModifiedDate":"2022-09-07"},{"lineNumber":10,"author":{"gitId":"jiangxinbxin93"},"content":"\t}","lastModifiedDate":"2022-09-07"},{"lineNumber":11,"author":{"gitId":"jiangxinbxin93"},"content":"","lastModifiedDate":"2022-09-07"},{"lineNumber":12,"author":{"gitId":"jiangxinbxin93"},"content":"}","lastModifiedDate":"2022-09-07"}],"authorContributionMap":{"jiangxinbxin93":12}}]
