[{"path":"src/main/java/Deadline.java","fileType":"java","lines":[{"lineNumber":1,"author":{"gitId":"jiangxinbxin93"},"content":"public class Deadline extends Task {","lastModifiedDate":"2022-09-07"},{"lineNumber":2,"author":{"gitId":"jiangxinbxin93"},"content":"","lastModifiedDate":"2022-09-07"},{"lineNumber":3,"author":{"gitId":"jiangxinbxin93"},"content":"    protected String by;","lastModifiedDate":"2022-09-07"},{"lineNumber":4,"author":{"gitId":"jiangxinbxin93"},"content":"","lastModifiedDate":"2022-09-07"},{"lineNumber":5,"author":{"gitId":"jiangxinbxin93"},"content":"    public Deadline(String description, String by) {","lastModifiedDate":"2022-09-07"},{"lineNumber":6,"author":{"gitId":"jiangxinbxin93"},"content":"        super(description);","lastModifiedDate":"2022-09-07"},{"lineNumber":7,"author":{"gitId":"jiangxinbxin93"},"content":"        this.by \u003d by;","lastModifiedDate":"2022-09-07"},{"lineNumber":8,"author":{"gitId":"jiangxinbxin93"},"content":"    }","lastModifiedDate":"2022-09-07"},{"lineNumber":9,"author":{"gitId":"jiangxinbxin93"},"content":"","lastModifiedDate":"2022-09-07"},{"lineNumber":10,"author":{"gitId":"jiangxinbxin93"},"content":"    @Override","lastModifiedDate":"2022-09-07"},{"lineNumber":11,"author":{"gitId":"jiangxinbxin93"},"content":"    public String toString() {","lastModifiedDate":"2022-09-07"},{"lineNumber":12,"author":{"gitId":"jiangxinbxin93"},"content":"        return \"[D]\" + super.toString() + \" (by: \" + by + \")\\n\";","lastModifiedDate":"2022-09-07"},{"lineNumber":13,"author":{"gitId":"jiangxinbxin93"},"content":"    }","lastModifiedDate":"2022-09-07"},{"lineNumber":14,"author":{"gitId":"jiangxinbxin93"},"content":"}","lastModifiedDate":"2022-09-07"}],"authorContributionMap":{"jiangxinbxin93":14}},{"path":"src/main/java/Duke.java","fileType":"java","lines":[{"lineNumber":1,"author":{"gitId":"jiangxinbxin93"},"content":"import java.util.Scanner;","lastModifiedDate":"2022-09-05"},{"lineNumber":2,"author":{"gitId":"jiangxinbxin93"},"content":"","lastModifiedDate":"2022-09-05"},{"lineNumber":3,"author":{"gitId":"jiangxinbxin93"},"content":"","lastModifiedDate":"2022-09-05"},{"lineNumber":4,"author":{"gitId":"-"},"content":"public class Duke {","lastModifiedDate":"2019-07-29"},{"lineNumber":5,"author":{"gitId":"jiangxinbxin93"},"content":"","lastModifiedDate":"2022-09-05"},{"lineNumber":6,"author":{"gitId":"jiangxinbxin93"},"content":"    public static String print(String msg){","lastModifiedDate":"2022-09-05"},{"lineNumber":7,"author":{"gitId":"jiangxinbxin93"},"content":"        return \"________________________________\\n\"+msg+\"________________________________\\n\";","lastModifiedDate":"2022-09-07"},{"lineNumber":8,"author":{"gitId":"jiangxinbxin93"},"content":"","lastModifiedDate":"2022-09-05"},{"lineNumber":9,"author":{"gitId":"jiangxinbxin93"},"content":"","lastModifiedDate":"2022-09-05"},{"lineNumber":10,"author":{"gitId":"jiangxinbxin93"},"content":"    }","lastModifiedDate":"2022-09-05"},{"lineNumber":11,"author":{"gitId":"jiangxinbxin93"},"content":"","lastModifiedDate":"2022-09-05"},{"lineNumber":12,"author":{"gitId":"jiangxinbxin93"},"content":"","lastModifiedDate":"2022-09-05"},{"lineNumber":13,"author":{"gitId":"-"},"content":"    public static void main(String[] args) {","lastModifiedDate":"2019-07-29"},{"lineNumber":14,"author":{"gitId":"jiangxinbxin93"},"content":"        String greet \u003d\"Hello! I\u0027m Duke\\nWhat can I do for you?\\n\";","lastModifiedDate":"2022-09-07"},{"lineNumber":15,"author":{"gitId":"jiangxinbxin93"},"content":"","lastModifiedDate":"2022-09-05"},{"lineNumber":16,"author":{"gitId":"jiangxinbxin93"},"content":"        System.out.println(print(greet));","lastModifiedDate":"2022-09-05"},{"lineNumber":17,"author":{"gitId":"jiangxinbxin93"},"content":"        Scanner in\u003d new Scanner(System.in);","lastModifiedDate":"2022-09-05"},{"lineNumber":18,"author":{"gitId":"jiangxinbxin93"},"content":"        String tempMsg;","lastModifiedDate":"2022-09-05"},{"lineNumber":19,"author":{"gitId":"jiangxinbxin93"},"content":"        Task[] task\u003dnew Task[100];","lastModifiedDate":"2022-09-06"},{"lineNumber":20,"author":{"gitId":"jiangxinbxin93"},"content":"","lastModifiedDate":"2022-09-06"},{"lineNumber":21,"author":{"gitId":"jiangxinbxin93"},"content":"        int countTask\u003d0;","lastModifiedDate":"2022-09-05"},{"lineNumber":22,"author":{"gitId":"jiangxinbxin93"},"content":"        String itemList\u003d\"\";","lastModifiedDate":"2022-09-05"},{"lineNumber":23,"author":{"gitId":"jiangxinbxin93"},"content":"\tint indexS;","lastModifiedDate":"2022-09-07"},{"lineNumber":24,"author":{"gitId":"jiangxinbxin93"},"content":"\tint index;","lastModifiedDate":"2022-09-07"},{"lineNumber":25,"author":{"gitId":"jiangxinbxin93"},"content":"\tString detailTask;","lastModifiedDate":"2022-09-07"},{"lineNumber":26,"author":{"gitId":"jiangxinbxin93"},"content":"\tString detail;\t","lastModifiedDate":"2022-09-07"},{"lineNumber":27,"author":{"gitId":"jiangxinbxin93"},"content":"","lastModifiedDate":"2022-09-05"},{"lineNumber":28,"author":{"gitId":"jiangxinbxin93"},"content":"        while(true) {","lastModifiedDate":"2022-09-05"},{"lineNumber":29,"author":{"gitId":"jiangxinbxin93"},"content":"            String userInput \u003d in.nextLine();","lastModifiedDate":"2022-09-05"},{"lineNumber":30,"author":{"gitId":"jiangxinbxin93"},"content":"            String[] sentence\u003duserInput.split(\" \");","lastModifiedDate":"2022-09-06"},{"lineNumber":31,"author":{"gitId":"jiangxinbxin93"},"content":"            int itemNo\u003d999;","lastModifiedDate":"2022-09-06"},{"lineNumber":32,"author":{"gitId":"jiangxinbxin93"},"content":"            ","lastModifiedDate":"2022-09-07"},{"lineNumber":33,"author":{"gitId":"jiangxinbxin93"},"content":"","lastModifiedDate":"2022-09-05"},{"lineNumber":34,"author":{"gitId":"jiangxinbxin93"},"content":"            switch (sentence[0]) {","lastModifiedDate":"2022-09-06"},{"lineNumber":35,"author":{"gitId":"jiangxinbxin93"},"content":"                case \"bye\":","lastModifiedDate":"2022-09-06"},{"lineNumber":36,"author":{"gitId":"jiangxinbxin93"},"content":"                    tempMsg \u003d \"Bye. Hope to see you again soon!\\n\";","lastModifiedDate":"2022-09-07"},{"lineNumber":37,"author":{"gitId":"jiangxinbxin93"},"content":"                    System.out.println(print(tempMsg));","lastModifiedDate":"2022-09-05"},{"lineNumber":38,"author":{"gitId":"jiangxinbxin93"},"content":"                    return;","lastModifiedDate":"2022-09-06"},{"lineNumber":39,"author":{"gitId":"jiangxinbxin93"},"content":"","lastModifiedDate":"2022-09-06"},{"lineNumber":40,"author":{"gitId":"jiangxinbxin93"},"content":"            case \"list\":","lastModifiedDate":"2022-09-06"},{"lineNumber":41,"author":{"gitId":"jiangxinbxin93"},"content":"                for (int i \u003d 0; i \u003c countTask; i++) {","lastModifiedDate":"2022-09-05"},{"lineNumber":42,"author":{"gitId":"jiangxinbxin93"},"content":"                    //itemList +\u003d \"(i + 1) + \".[\"+task[i].getStatusIcon()+\"] \" + task[i].getTask() + \"\\n\";","lastModifiedDate":"2022-09-07"},{"lineNumber":43,"author":{"gitId":"jiangxinbxin93"},"content":"\t\t    itemList +\u003d(i+1)+\".\"+task[i].toString();","lastModifiedDate":"2022-09-07"},{"lineNumber":44,"author":{"gitId":"jiangxinbxin93"},"content":"                }","lastModifiedDate":"2022-09-05"},{"lineNumber":45,"author":{"gitId":"jiangxinbxin93"},"content":"                System.out.println(print(itemList));","lastModifiedDate":"2022-09-05"},{"lineNumber":46,"author":{"gitId":"jiangxinbxin93"},"content":"                itemList \u003d \"\";","lastModifiedDate":"2022-09-05"},{"lineNumber":47,"author":{"gitId":"jiangxinbxin93"},"content":"                break;","lastModifiedDate":"2022-09-06"},{"lineNumber":48,"author":{"gitId":"jiangxinbxin93"},"content":"","lastModifiedDate":"2022-09-05"},{"lineNumber":49,"author":{"gitId":"jiangxinbxin93"},"content":"            case \"mark\":","lastModifiedDate":"2022-09-06"},{"lineNumber":50,"author":{"gitId":"jiangxinbxin93"},"content":"\t\titemNo\u003dInteger.parseInt(sentence[1])-1;","lastModifiedDate":"2022-09-07"},{"lineNumber":51,"author":{"gitId":"jiangxinbxin93"},"content":"                task[itemNo].mark();","lastModifiedDate":"2022-09-06"},{"lineNumber":52,"author":{"gitId":"jiangxinbxin93"},"content":"                System.out.println(print(\"Nice! I\u0027ve marked this task as done:\\n [\"+task[itemNo].getStatusIcon()+\"] \"+task[itemNo].getTask()+\"\\n\"));","lastModifiedDate":"2022-09-07"},{"lineNumber":53,"author":{"gitId":"jiangxinbxin93"},"content":"                break;","lastModifiedDate":"2022-09-06"},{"lineNumber":54,"author":{"gitId":"jiangxinbxin93"},"content":"","lastModifiedDate":"2022-09-06"},{"lineNumber":55,"author":{"gitId":"jiangxinbxin93"},"content":"            case \"unmark\":","lastModifiedDate":"2022-09-06"},{"lineNumber":56,"author":{"gitId":"jiangxinbxin93"},"content":"\t\titemNo\u003dInteger.parseInt(sentence[1])-1;","lastModifiedDate":"2022-09-07"},{"lineNumber":57,"author":{"gitId":"jiangxinbxin93"},"content":"                task[itemNo].unmark();","lastModifiedDate":"2022-09-06"},{"lineNumber":58,"author":{"gitId":"jiangxinbxin93"},"content":"                System.out.println(print(\"OK, I\u0027ve marked this task as not done yet:\\n [\"+task[itemNo].getStatusIcon()+\"] \"+task[itemNo].getTask()+\"\\n\"));","lastModifiedDate":"2022-09-07"},{"lineNumber":59,"author":{"gitId":"jiangxinbxin93"},"content":"                break;","lastModifiedDate":"2022-09-06"},{"lineNumber":60,"author":{"gitId":"jiangxinbxin93"},"content":"","lastModifiedDate":"2022-09-06"},{"lineNumber":61,"author":{"gitId":"jiangxinbxin93"},"content":"\t    case \"deadline\":","lastModifiedDate":"2022-09-07"},{"lineNumber":62,"author":{"gitId":"jiangxinbxin93"},"content":"\t\t","lastModifiedDate":"2022-09-07"},{"lineNumber":63,"author":{"gitId":"jiangxinbxin93"},"content":"\t\tindex\u003duserInput.indexOf(\u0027/\u0027);","lastModifiedDate":"2022-09-07"},{"lineNumber":64,"author":{"gitId":"jiangxinbxin93"},"content":"\t\tindexS\u003duserInput.indexOf(\u0027 \u0027);","lastModifiedDate":"2022-09-07"},{"lineNumber":65,"author":{"gitId":"jiangxinbxin93"},"content":"\t\tdetail\u003duserInput.substring(index+4);","lastModifiedDate":"2022-09-07"},{"lineNumber":66,"author":{"gitId":"jiangxinbxin93"},"content":"\t\tdetailTask\u003duserInput.substring(indexS,index-1);","lastModifiedDate":"2022-09-07"},{"lineNumber":67,"author":{"gitId":"jiangxinbxin93"},"content":"\t\ttask[countTask]\u003dnew Deadline(detailTask,detail);\t\t","lastModifiedDate":"2022-09-07"},{"lineNumber":68,"author":{"gitId":"jiangxinbxin93"},"content":"\t","lastModifiedDate":"2022-09-07"},{"lineNumber":69,"author":{"gitId":"jiangxinbxin93"},"content":"\t\tSystem.out.println(print(task[countTask].encapTask(task[countTask].toString(),countTask+1)));","lastModifiedDate":"2022-09-07"},{"lineNumber":70,"author":{"gitId":"jiangxinbxin93"},"content":"\t\tcountTask++;","lastModifiedDate":"2022-09-05"},{"lineNumber":71,"author":{"gitId":"jiangxinbxin93"},"content":"\t\tbreak;","lastModifiedDate":"2022-09-07"},{"lineNumber":72,"author":{"gitId":"jiangxinbxin93"},"content":"\t    ","lastModifiedDate":"2022-09-07"},{"lineNumber":73,"author":{"gitId":"jiangxinbxin93"},"content":"            case \"todo\":","lastModifiedDate":"2022-09-07"},{"lineNumber":74,"author":{"gitId":"jiangxinbxin93"},"content":"\t\tindexS\u003duserInput.indexOf(\u0027 \u0027);","lastModifiedDate":"2022-09-07"},{"lineNumber":75,"author":{"gitId":"jiangxinbxin93"},"content":"\t\tdetailTask\u003duserInput.substring(indexS);","lastModifiedDate":"2022-09-07"},{"lineNumber":76,"author":{"gitId":"jiangxinbxin93"},"content":"\t\ttask[countTask]\u003dnew Todo(detailTask);","lastModifiedDate":"2022-09-07"},{"lineNumber":77,"author":{"gitId":"jiangxinbxin93"},"content":"\t\t","lastModifiedDate":"2022-09-07"},{"lineNumber":78,"author":{"gitId":"jiangxinbxin93"},"content":"\t\tSystem.out.println(print(task[countTask].encapTask(task[countTask].toString(),countTask+1)));","lastModifiedDate":"2022-09-07"},{"lineNumber":79,"author":{"gitId":"jiangxinbxin93"},"content":"\t\tcountTask++;","lastModifiedDate":"2022-09-07"},{"lineNumber":80,"author":{"gitId":"jiangxinbxin93"},"content":"\t\tbreak;","lastModifiedDate":"2022-09-07"},{"lineNumber":81,"author":{"gitId":"jiangxinbxin93"},"content":"","lastModifiedDate":"2022-09-07"},{"lineNumber":82,"author":{"gitId":"jiangxinbxin93"},"content":"\t    case \"event\":","lastModifiedDate":"2022-09-07"},{"lineNumber":83,"author":{"gitId":"jiangxinbxin93"},"content":"\t\t","lastModifiedDate":"2022-09-07"},{"lineNumber":84,"author":{"gitId":"jiangxinbxin93"},"content":"\t\tindex\u003duserInput.indexOf(\u0027/\u0027);","lastModifiedDate":"2022-09-07"},{"lineNumber":85,"author":{"gitId":"jiangxinbxin93"},"content":"\t\tindexS\u003duserInput.indexOf(\u0027 \u0027);","lastModifiedDate":"2022-09-07"},{"lineNumber":86,"author":{"gitId":"jiangxinbxin93"},"content":"\t\tdetail\u003duserInput.substring(index+4);","lastModifiedDate":"2022-09-07"},{"lineNumber":87,"author":{"gitId":"jiangxinbxin93"},"content":"\t\tdetailTask\u003duserInput.substring(indexS,index-1);","lastModifiedDate":"2022-09-07"},{"lineNumber":88,"author":{"gitId":"jiangxinbxin93"},"content":"\t\ttask[countTask]\u003dnew Event(detailTask,detail);\t\t","lastModifiedDate":"2022-09-07"},{"lineNumber":89,"author":{"gitId":"jiangxinbxin93"},"content":"\t","lastModifiedDate":"2022-09-07"},{"lineNumber":90,"author":{"gitId":"jiangxinbxin93"},"content":"\t\tSystem.out.println(print(task[countTask].encapTask(task[countTask].toString(),countTask+1)));","lastModifiedDate":"2022-09-07"},{"lineNumber":91,"author":{"gitId":"jiangxinbxin93"},"content":"\t\tcountTask++;","lastModifiedDate":"2022-09-07"},{"lineNumber":92,"author":{"gitId":"jiangxinbxin93"},"content":"\t\tbreak;\t","lastModifiedDate":"2022-09-07"},{"lineNumber":93,"author":{"gitId":"jiangxinbxin93"},"content":"\t","lastModifiedDate":"2022-09-07"},{"lineNumber":94,"author":{"gitId":"jiangxinbxin93"},"content":"            default:","lastModifiedDate":"2022-09-07"},{"lineNumber":95,"author":{"gitId":"jiangxinbxin93"},"content":"                break;","lastModifiedDate":"2022-09-06"},{"lineNumber":96,"author":{"gitId":"jiangxinbxin93"},"content":"","lastModifiedDate":"2022-09-05"},{"lineNumber":97,"author":{"gitId":"jiangxinbxin93"},"content":"","lastModifiedDate":"2022-09-05"},{"lineNumber":98,"author":{"gitId":"jiangxinbxin93"},"content":"            }","lastModifiedDate":"2022-09-05"},{"lineNumber":99,"author":{"gitId":"-"},"content":"        }","lastModifiedDate":"2019-07-29"},{"lineNumber":100,"author":{"gitId":"-"},"content":"    }","lastModifiedDate":"2019-07-29"},{"lineNumber":101,"author":{"gitId":"jiangxinbxin93"},"content":"}","lastModifiedDate":"2022-09-06"}],"authorContributionMap":{"-":4,"jiangxinbxin93":97}},{"path":"src/main/java/Event.java","fileType":"java","lines":[{"lineNumber":1,"author":{"gitId":"jiangxinbxin93"},"content":"public class Event extends Task{","lastModifiedDate":"2022-09-07"},{"lineNumber":2,"author":{"gitId":"jiangxinbxin93"},"content":"\tString schedule;","lastModifiedDate":"2022-09-07"},{"lineNumber":3,"author":{"gitId":"jiangxinbxin93"},"content":"\tpublic Event(String description,String schedule){","lastModifiedDate":"2022-09-07"},{"lineNumber":4,"author":{"gitId":"jiangxinbxin93"},"content":"\t\tsuper(description);","lastModifiedDate":"2022-09-07"},{"lineNumber":5,"author":{"gitId":"jiangxinbxin93"},"content":"\t\tthis.schedule\u003dschedule;","lastModifiedDate":"2022-09-07"},{"lineNumber":6,"author":{"gitId":"jiangxinbxin93"},"content":"\t}","lastModifiedDate":"2022-09-07"},{"lineNumber":7,"author":{"gitId":"jiangxinbxin93"},"content":"","lastModifiedDate":"2022-09-07"},{"lineNumber":8,"author":{"gitId":"jiangxinbxin93"},"content":"\t@Override","lastModifiedDate":"2022-09-07"},{"lineNumber":9,"author":{"gitId":"jiangxinbxin93"},"content":"\tpublic String toString(){","lastModifiedDate":"2022-09-07"},{"lineNumber":10,"author":{"gitId":"jiangxinbxin93"},"content":"\t\treturn \"[E]\" + super.toString() + \" (at: \" + schedule + \")\\n\";","lastModifiedDate":"2022-09-07"},{"lineNumber":11,"author":{"gitId":"jiangxinbxin93"},"content":"\t}","lastModifiedDate":"2022-09-07"},{"lineNumber":12,"author":{"gitId":"jiangxinbxin93"},"content":"","lastModifiedDate":"2022-09-07"},{"lineNumber":13,"author":{"gitId":"jiangxinbxin93"},"content":"}","lastModifiedDate":"2022-09-07"}],"authorContributionMap":{"jiangxinbxin93":13}},{"path":"src/main/java/Task.java","fileType":"java","lines":[{"lineNumber":1,"author":{"gitId":"jiangxinbxin93"},"content":"public class Task {","lastModifiedDate":"2022-09-06"},{"lineNumber":2,"author":{"gitId":"jiangxinbxin93"},"content":"    protected String description;","lastModifiedDate":"2022-09-06"},{"lineNumber":3,"author":{"gitId":"jiangxinbxin93"},"content":"    protected boolean isDone;","lastModifiedDate":"2022-09-06"},{"lineNumber":4,"author":{"gitId":"jiangxinbxin93"},"content":"    ","lastModifiedDate":"2022-09-06"},{"lineNumber":5,"author":{"gitId":"jiangxinbxin93"},"content":"","lastModifiedDate":"2022-09-07"},{"lineNumber":6,"author":{"gitId":"jiangxinbxin93"},"content":"    public Task(String description) {","lastModifiedDate":"2022-09-06"},{"lineNumber":7,"author":{"gitId":"jiangxinbxin93"},"content":"        this.description \u003d description;","lastModifiedDate":"2022-09-06"},{"lineNumber":8,"author":{"gitId":"jiangxinbxin93"},"content":"        this.isDone \u003d false;","lastModifiedDate":"2022-09-06"},{"lineNumber":9,"author":{"gitId":"jiangxinbxin93"},"content":"    }","lastModifiedDate":"2022-09-06"},{"lineNumber":10,"author":{"gitId":"jiangxinbxin93"},"content":"","lastModifiedDate":"2022-09-06"},{"lineNumber":11,"author":{"gitId":"jiangxinbxin93"},"content":"    public String getStatusIcon() {","lastModifiedDate":"2022-09-06"},{"lineNumber":12,"author":{"gitId":"jiangxinbxin93"},"content":"        return (isDone ? \"X\" : \" \"); // mark done task with X","lastModifiedDate":"2022-09-06"},{"lineNumber":13,"author":{"gitId":"jiangxinbxin93"},"content":"    }","lastModifiedDate":"2022-09-06"},{"lineNumber":14,"author":{"gitId":"jiangxinbxin93"},"content":"","lastModifiedDate":"2022-09-06"},{"lineNumber":15,"author":{"gitId":"jiangxinbxin93"},"content":"    public String getTask(){","lastModifiedDate":"2022-09-06"},{"lineNumber":16,"author":{"gitId":"jiangxinbxin93"},"content":"        return description;","lastModifiedDate":"2022-09-06"},{"lineNumber":17,"author":{"gitId":"jiangxinbxin93"},"content":"    }","lastModifiedDate":"2022-09-06"},{"lineNumber":18,"author":{"gitId":"jiangxinbxin93"},"content":"","lastModifiedDate":"2022-09-06"},{"lineNumber":19,"author":{"gitId":"jiangxinbxin93"},"content":"    public boolean mark(){","lastModifiedDate":"2022-09-06"},{"lineNumber":20,"author":{"gitId":"jiangxinbxin93"},"content":"        return isDone\u003dtrue;","lastModifiedDate":"2022-09-06"},{"lineNumber":21,"author":{"gitId":"jiangxinbxin93"},"content":"    }","lastModifiedDate":"2022-09-06"},{"lineNumber":22,"author":{"gitId":"jiangxinbxin93"},"content":"    public boolean unmark(){","lastModifiedDate":"2022-09-06"},{"lineNumber":23,"author":{"gitId":"jiangxinbxin93"},"content":"        return isDone\u003dfalse;","lastModifiedDate":"2022-09-06"},{"lineNumber":24,"author":{"gitId":"jiangxinbxin93"},"content":"    }","lastModifiedDate":"2022-09-06"},{"lineNumber":25,"author":{"gitId":"jiangxinbxin93"},"content":"    public String toString(){","lastModifiedDate":"2022-09-07"},{"lineNumber":26,"author":{"gitId":"jiangxinbxin93"},"content":"\treturn (\"[\"+getStatusIcon()+\"] \"+description);\t","lastModifiedDate":"2022-09-07"},{"lineNumber":27,"author":{"gitId":"jiangxinbxin93"},"content":"    }","lastModifiedDate":"2022-09-07"},{"lineNumber":28,"author":{"gitId":"jiangxinbxin93"},"content":"    public String encapTask(String t, int count){","lastModifiedDate":"2022-09-07"},{"lineNumber":29,"author":{"gitId":"jiangxinbxin93"},"content":"\treturn (\"Got it. I\u0027ve added this task:\\n \"+ t +\"Now you have \"+count+\" tasks in the list.\\n\");","lastModifiedDate":"2022-09-07"},{"lineNumber":30,"author":{"gitId":"jiangxinbxin93"},"content":"    }","lastModifiedDate":"2022-09-07"},{"lineNumber":31,"author":{"gitId":"jiangxinbxin93"},"content":"}","lastModifiedDate":"2022-09-06"}],"authorContributionMap":{"jiangxinbxin93":31}},{"path":"src/main/java/Todo.java","fileType":"java","lines":[{"lineNumber":1,"author":{"gitId":"jiangxinbxin93"},"content":"public class Todo extends Task{","lastModifiedDate":"2022-09-07"},{"lineNumber":2,"author":{"gitId":"jiangxinbxin93"},"content":"\tpublic Todo(String description){","lastModifiedDate":"2022-09-07"},{"lineNumber":3,"author":{"gitId":"jiangxinbxin93"},"content":"\t\tsuper(description);","lastModifiedDate":"2022-09-07"},{"lineNumber":4,"author":{"gitId":"jiangxinbxin93"},"content":"\t\t","lastModifiedDate":"2022-09-07"},{"lineNumber":5,"author":{"gitId":"jiangxinbxin93"},"content":"\t}","lastModifiedDate":"2022-09-07"},{"lineNumber":6,"author":{"gitId":"jiangxinbxin93"},"content":"","lastModifiedDate":"2022-09-07"},{"lineNumber":7,"author":{"gitId":"jiangxinbxin93"},"content":"\t@Override","lastModifiedDate":"2022-09-07"},{"lineNumber":8,"author":{"gitId":"jiangxinbxin93"},"content":"\tpublic String toString(){","lastModifiedDate":"2022-09-07"},{"lineNumber":9,"author":{"gitId":"jiangxinbxin93"},"content":"\t\treturn \"[T]\"+super.toString()+\"\\n\";","lastModifiedDate":"2022-09-07"},{"lineNumber":10,"author":{"gitId":"jiangxinbxin93"},"content":"\t}","lastModifiedDate":"2022-09-07"},{"lineNumber":11,"author":{"gitId":"jiangxinbxin93"},"content":"","lastModifiedDate":"2022-09-07"},{"lineNumber":12,"author":{"gitId":"jiangxinbxin93"},"content":"}","lastModifiedDate":"2022-09-07"}],"authorContributionMap":{"jiangxinbxin93":12}}]
