[{"path":"src/main/java/Deadline.java","fileType":"java","lines":[{"lineNumber":1,"author":{"gitId":"jiangxinbxin93"},"content":"public class Deadline extends Task {","lastModifiedDate":"2022-09-07"},{"lineNumber":2,"author":{"gitId":"jiangxinbxin93"},"content":"","lastModifiedDate":"2022-09-07"},{"lineNumber":3,"author":{"gitId":"jiangxinbxin93"},"content":"    protected String by;","lastModifiedDate":"2022-09-07"},{"lineNumber":4,"author":{"gitId":"jiangxinbxin93"},"content":"","lastModifiedDate":"2022-09-07"},{"lineNumber":5,"author":{"gitId":"jiangxinbxin93"},"content":"    public Deadline(String description, String by) {","lastModifiedDate":"2022-09-07"},{"lineNumber":6,"author":{"gitId":"jiangxinbxin93"},"content":"        super(description);","lastModifiedDate":"2022-09-07"},{"lineNumber":7,"author":{"gitId":"jiangxinbxin93"},"content":"        this.by \u003d by;","lastModifiedDate":"2022-09-07"},{"lineNumber":8,"author":{"gitId":"jiangxinbxin93"},"content":"    }","lastModifiedDate":"2022-09-07"},{"lineNumber":9,"author":{"gitId":"jiangxinbxin93"},"content":"","lastModifiedDate":"2022-09-07"},{"lineNumber":10,"author":{"gitId":"jiangxinbxin93"},"content":"    @Override","lastModifiedDate":"2022-09-07"},{"lineNumber":11,"author":{"gitId":"jiangxinbxin93"},"content":"    public String toString() {","lastModifiedDate":"2022-09-07"},{"lineNumber":12,"author":{"gitId":"jiangxinbxin93"},"content":"        return \"[D]\" + super.toString() + \" (by: \" + by + \")\\n\";","lastModifiedDate":"2022-09-07"},{"lineNumber":13,"author":{"gitId":"jiangxinbxin93"},"content":"    }","lastModifiedDate":"2022-09-07"},{"lineNumber":14,"author":{"gitId":"jiangxinbxin93"},"content":"}","lastModifiedDate":"2022-09-07"}],"authorContributionMap":{"jiangxinbxin93":14}},{"path":"src/main/java/Duke.java","fileType":"java","lines":[{"lineNumber":1,"author":{"gitId":"jiangxinbxin93"},"content":"import java.util.Scanner;","lastModifiedDate":"2022-09-05"},{"lineNumber":2,"author":{"gitId":"jiangxinbxin93"},"content":"","lastModifiedDate":"2022-09-05"},{"lineNumber":3,"author":{"gitId":"jiangxinbxin93"},"content":"","lastModifiedDate":"2022-09-05"},{"lineNumber":4,"author":{"gitId":"-"},"content":"public class Duke {","lastModifiedDate":"2019-07-29"},{"lineNumber":5,"author":{"gitId":"jiangxinbxin93"},"content":"    public static Task task[]\u003dnew Task[100];","lastModifiedDate":"2022-10-05"},{"lineNumber":6,"author":{"gitId":"jiangxinbxin93"},"content":"    public static  int countTask\u003d0;","lastModifiedDate":"2022-10-05"},{"lineNumber":7,"author":{"gitId":"jiangxinbxin93"},"content":"    public static final String byeMsg\u003d\"Bye. Hope to see you again soon!\\n\";","lastModifiedDate":"2022-10-05"},{"lineNumber":8,"author":{"gitId":"jiangxinbxin93"},"content":"    public static String print(String msg) {","lastModifiedDate":"2022-09-05"},{"lineNumber":9,"author":{"gitId":"jiangxinbxin93"},"content":"        return \"________________________________\\n\" + msg + \"________________________________\\n\";","lastModifiedDate":"2022-09-07"},{"lineNumber":10,"author":{"gitId":"jiangxinbxin93"},"content":"    }","lastModifiedDate":"2022-09-05"},{"lineNumber":11,"author":{"gitId":"jiangxinbxin93"},"content":"","lastModifiedDate":"2022-09-05"},{"lineNumber":12,"author":{"gitId":"jiangxinbxin93"},"content":"","lastModifiedDate":"2022-09-05"},{"lineNumber":13,"author":{"gitId":"-"},"content":"    public static void main(String[] args) {","lastModifiedDate":"2019-07-29"},{"lineNumber":14,"author":{"gitId":"jiangxinbxin93"},"content":"        String greet \u003d \"Hello! I\u0027m Duke\\nWhat can I do for you?\\n\";","lastModifiedDate":"2022-09-07"},{"lineNumber":15,"author":{"gitId":"jiangxinbxin93"},"content":"","lastModifiedDate":"2022-09-05"},{"lineNumber":16,"author":{"gitId":"jiangxinbxin93"},"content":"        System.out.println(print(greet));","lastModifiedDate":"2022-09-05"},{"lineNumber":17,"author":{"gitId":"jiangxinbxin93"},"content":"        Scanner in \u003d new Scanner(System.in);","lastModifiedDate":"2022-09-05"},{"lineNumber":18,"author":{"gitId":"jiangxinbxin93"},"content":"","lastModifiedDate":"2022-09-06"},{"lineNumber":19,"author":{"gitId":"jiangxinbxin93"},"content":"","lastModifiedDate":"2022-10-05"},{"lineNumber":20,"author":{"gitId":"jiangxinbxin93"},"content":"","lastModifiedDate":"2022-10-05"},{"lineNumber":21,"author":{"gitId":"jiangxinbxin93"},"content":"","lastModifiedDate":"2022-10-05"},{"lineNumber":22,"author":{"gitId":"jiangxinbxin93"},"content":"","lastModifiedDate":"2022-10-05"},{"lineNumber":23,"author":{"gitId":"jiangxinbxin93"},"content":"","lastModifiedDate":"2022-09-05"},{"lineNumber":24,"author":{"gitId":"jiangxinbxin93"},"content":"        while (true) {","lastModifiedDate":"2022-09-05"},{"lineNumber":25,"author":{"gitId":"jiangxinbxin93"},"content":"            String userInput \u003d in.nextLine();","lastModifiedDate":"2022-09-05"},{"lineNumber":26,"author":{"gitId":"jiangxinbxin93"},"content":"            String[] inputSplit \u003d userInput.split(\" \");","lastModifiedDate":"2022-10-05"},{"lineNumber":27,"author":{"gitId":"jiangxinbxin93"},"content":"            int itemNo;","lastModifiedDate":"2022-10-05"},{"lineNumber":28,"author":{"gitId":"jiangxinbxin93"},"content":"","lastModifiedDate":"2022-09-07"},{"lineNumber":29,"author":{"gitId":"jiangxinbxin93"},"content":"","lastModifiedDate":"2022-09-05"},{"lineNumber":30,"author":{"gitId":"jiangxinbxin93"},"content":"            switch (inputSplit[0]) {","lastModifiedDate":"2022-10-05"},{"lineNumber":31,"author":{"gitId":"jiangxinbxin93"},"content":"                case \"bye\":","lastModifiedDate":"2022-09-06"},{"lineNumber":32,"author":{"gitId":"jiangxinbxin93"},"content":"                    System.out.println(print(byeMsg));","lastModifiedDate":"2022-10-05"},{"lineNumber":33,"author":{"gitId":"jiangxinbxin93"},"content":"                    return;","lastModifiedDate":"2022-09-06"},{"lineNumber":34,"author":{"gitId":"jiangxinbxin93"},"content":"","lastModifiedDate":"2022-09-06"},{"lineNumber":35,"author":{"gitId":"jiangxinbxin93"},"content":"                case \"list\":","lastModifiedDate":"2022-09-06"},{"lineNumber":36,"author":{"gitId":"jiangxinbxin93"},"content":"                    Task.list();","lastModifiedDate":"2022-10-05"},{"lineNumber":37,"author":{"gitId":"jiangxinbxin93"},"content":"                    break;","lastModifiedDate":"2022-09-06"},{"lineNumber":38,"author":{"gitId":"jiangxinbxin93"},"content":"","lastModifiedDate":"2022-09-05"},{"lineNumber":39,"author":{"gitId":"jiangxinbxin93"},"content":"                case \"mark\":","lastModifiedDate":"2022-09-06"},{"lineNumber":40,"author":{"gitId":"jiangxinbxin93"},"content":"                case \"unmark\":","lastModifiedDate":"2022-09-06"},{"lineNumber":41,"author":{"gitId":"jiangxinbxin93"},"content":"","lastModifiedDate":"2022-10-05"},{"lineNumber":42,"author":{"gitId":"jiangxinbxin93"},"content":"                    itemNo \u003d Integer.parseInt(inputSplit[1]) - 1;","lastModifiedDate":"2022-10-05"},{"lineNumber":43,"author":{"gitId":"jiangxinbxin93"},"content":"                    try{","lastModifiedDate":"2022-10-05"},{"lineNumber":44,"author":{"gitId":"jiangxinbxin93"},"content":"                        if(itemNo\u003e\u003dcountTask || itemNo\u003c0){","lastModifiedDate":"2022-10-05"},{"lineNumber":45,"author":{"gitId":"jiangxinbxin93"},"content":"                            throw new DukeException();","lastModifiedDate":"2022-10-05"},{"lineNumber":46,"author":{"gitId":"jiangxinbxin93"},"content":"                        }","lastModifiedDate":"2022-10-05"},{"lineNumber":47,"author":{"gitId":"jiangxinbxin93"},"content":"                    }catch(DukeException e){","lastModifiedDate":"2022-10-05"},{"lineNumber":48,"author":{"gitId":"jiangxinbxin93"},"content":"                        System.out.println(print(\"☹ OOPS!!! Task ID not found, please check!\\n\"));","lastModifiedDate":"2022-10-05"},{"lineNumber":49,"author":{"gitId":"jiangxinbxin93"},"content":"                        break;","lastModifiedDate":"2022-10-05"},{"lineNumber":50,"author":{"gitId":"jiangxinbxin93"},"content":"                    }","lastModifiedDate":"2022-10-05"},{"lineNumber":51,"author":{"gitId":"jiangxinbxin93"},"content":"                    if(inputSplit[0].equals(\"mark\")){","lastModifiedDate":"2022-10-05"},{"lineNumber":52,"author":{"gitId":"jiangxinbxin93"},"content":"                        task[itemNo].mark();","lastModifiedDate":"2022-10-05"},{"lineNumber":53,"author":{"gitId":"jiangxinbxin93"},"content":"                    }else {","lastModifiedDate":"2022-10-05"},{"lineNumber":54,"author":{"gitId":"jiangxinbxin93"},"content":"                        task[itemNo].unmark();","lastModifiedDate":"2022-09-06"},{"lineNumber":55,"author":{"gitId":"jiangxinbxin93"},"content":"                    }","lastModifiedDate":"2022-10-05"},{"lineNumber":56,"author":{"gitId":"jiangxinbxin93"},"content":"                    break;","lastModifiedDate":"2022-09-06"},{"lineNumber":57,"author":{"gitId":"jiangxinbxin93"},"content":"","lastModifiedDate":"2022-09-06"},{"lineNumber":58,"author":{"gitId":"jiangxinbxin93"},"content":"","lastModifiedDate":"2022-09-07"},{"lineNumber":59,"author":{"gitId":"jiangxinbxin93"},"content":"                case \"deadline\":","lastModifiedDate":"2022-10-05"},{"lineNumber":60,"author":{"gitId":"jiangxinbxin93"},"content":"                case \"todo\":","lastModifiedDate":"2022-09-07"},{"lineNumber":61,"author":{"gitId":"jiangxinbxin93"},"content":"                case \"event\":","lastModifiedDate":"2022-09-07"},{"lineNumber":62,"author":{"gitId":"jiangxinbxin93"},"content":"                    try{","lastModifiedDate":"2022-10-05"},{"lineNumber":63,"author":{"gitId":"jiangxinbxin93"},"content":"                        if(inputSplit.length\u003d\u003d1){","lastModifiedDate":"2022-10-05"},{"lineNumber":64,"author":{"gitId":"jiangxinbxin93"},"content":"                            throw new DukeException();","lastModifiedDate":"2022-10-05"},{"lineNumber":65,"author":{"gitId":"jiangxinbxin93"},"content":"                        }","lastModifiedDate":"2022-10-05"},{"lineNumber":66,"author":{"gitId":"jiangxinbxin93"},"content":"                    }catch(DukeException e){","lastModifiedDate":"2022-10-05"},{"lineNumber":67,"author":{"gitId":"jiangxinbxin93"},"content":"","lastModifiedDate":"2022-09-07"},{"lineNumber":68,"author":{"gitId":"jiangxinbxin93"},"content":"                        System.out.println(print(\"☹ OOPS!!! The description of a \"+inputSplit[0] +\" cannot be empty.\\n\"));","lastModifiedDate":"2022-10-05"},{"lineNumber":69,"author":{"gitId":"jiangxinbxin93"},"content":"                        break;","lastModifiedDate":"2022-10-05"},{"lineNumber":70,"author":{"gitId":"jiangxinbxin93"},"content":"                    }","lastModifiedDate":"2022-10-05"},{"lineNumber":71,"author":{"gitId":"jiangxinbxin93"},"content":"","lastModifiedDate":"2022-09-07"},{"lineNumber":72,"author":{"gitId":"jiangxinbxin93"},"content":"                    try {","lastModifiedDate":"2022-10-05"},{"lineNumber":73,"author":{"gitId":"jiangxinbxin93"},"content":"                        Task.addTask(inputSplit[0], userInput);","lastModifiedDate":"2022-10-05"},{"lineNumber":74,"author":{"gitId":"jiangxinbxin93"},"content":"                    }catch(DukeException e){","lastModifiedDate":"2022-10-05"},{"lineNumber":75,"author":{"gitId":"jiangxinbxin93"},"content":"                        System.out.println(print(\"☹ OOPS!!! Invalid input, please check!\\n\"));","lastModifiedDate":"2022-10-05"},{"lineNumber":76,"author":{"gitId":"jiangxinbxin93"},"content":"                    }","lastModifiedDate":"2022-10-05"},{"lineNumber":77,"author":{"gitId":"jiangxinbxin93"},"content":"                    countTask++;","lastModifiedDate":"2022-09-07"},{"lineNumber":78,"author":{"gitId":"jiangxinbxin93"},"content":"                    break;","lastModifiedDate":"2022-09-07"},{"lineNumber":79,"author":{"gitId":"jiangxinbxin93"},"content":"","lastModifiedDate":"2022-09-07"},{"lineNumber":80,"author":{"gitId":"jiangxinbxin93"},"content":"                default:","lastModifiedDate":"2022-09-07"},{"lineNumber":81,"author":{"gitId":"jiangxinbxin93"},"content":"                    try{","lastModifiedDate":"2022-10-05"},{"lineNumber":82,"author":{"gitId":"jiangxinbxin93"},"content":"                        throw new DukeException();","lastModifiedDate":"2022-10-05"},{"lineNumber":83,"author":{"gitId":"jiangxinbxin93"},"content":"                    }catch(DukeException e){","lastModifiedDate":"2022-10-05"},{"lineNumber":84,"author":{"gitId":"jiangxinbxin93"},"content":"                        System.out.println(print(\"☹ OOPS!!! I\u0027m sorry, but I don\u0027t know what that means :-(\\n\"));","lastModifiedDate":"2022-10-05"},{"lineNumber":85,"author":{"gitId":"jiangxinbxin93"},"content":"","lastModifiedDate":"2022-10-05"},{"lineNumber":86,"author":{"gitId":"jiangxinbxin93"},"content":"                    }","lastModifiedDate":"2022-10-05"},{"lineNumber":87,"author":{"gitId":"jiangxinbxin93"},"content":"                    break;","lastModifiedDate":"2022-09-06"},{"lineNumber":88,"author":{"gitId":"jiangxinbxin93"},"content":"","lastModifiedDate":"2022-09-05"},{"lineNumber":89,"author":{"gitId":"jiangxinbxin93"},"content":"","lastModifiedDate":"2022-09-05"},{"lineNumber":90,"author":{"gitId":"jiangxinbxin93"},"content":"            }","lastModifiedDate":"2022-09-05"},{"lineNumber":91,"author":{"gitId":"-"},"content":"        }","lastModifiedDate":"2019-07-29"},{"lineNumber":92,"author":{"gitId":"-"},"content":"    }","lastModifiedDate":"2019-07-29"},{"lineNumber":93,"author":{"gitId":"jiangxinbxin93"},"content":"}","lastModifiedDate":"2022-09-06"}],"authorContributionMap":{"-":4,"jiangxinbxin93":89}},{"path":"src/main/java/DukeException.java","fileType":"java","lines":[{"lineNumber":1,"author":{"gitId":"jiangxinbxin93"},"content":"package PACKAGE_NAME;public class DukeException {","lastModifiedDate":"2022-10-05"},{"lineNumber":2,"author":{"gitId":"jiangxinbxin93"},"content":"}","lastModifiedDate":"2022-10-05"}],"authorContributionMap":{"jiangxinbxin93":2}},{"path":"src/main/java/Event.java","fileType":"java","lines":[{"lineNumber":1,"author":{"gitId":"jiangxinbxin93"},"content":"public class Event extends Task{","lastModifiedDate":"2022-09-07"},{"lineNumber":2,"author":{"gitId":"jiangxinbxin93"},"content":"\tString schedule;","lastModifiedDate":"2022-09-07"},{"lineNumber":3,"author":{"gitId":"jiangxinbxin93"},"content":"\tpublic Event(String description,String schedule){","lastModifiedDate":"2022-09-07"},{"lineNumber":4,"author":{"gitId":"jiangxinbxin93"},"content":"\t\tsuper(description);","lastModifiedDate":"2022-09-07"},{"lineNumber":5,"author":{"gitId":"jiangxinbxin93"},"content":"\t\tthis.schedule\u003dschedule;","lastModifiedDate":"2022-09-07"},{"lineNumber":6,"author":{"gitId":"jiangxinbxin93"},"content":"\t}","lastModifiedDate":"2022-09-07"},{"lineNumber":7,"author":{"gitId":"jiangxinbxin93"},"content":"","lastModifiedDate":"2022-09-07"},{"lineNumber":8,"author":{"gitId":"jiangxinbxin93"},"content":"\t@Override","lastModifiedDate":"2022-09-07"},{"lineNumber":9,"author":{"gitId":"jiangxinbxin93"},"content":"\tpublic String toString(){","lastModifiedDate":"2022-09-07"},{"lineNumber":10,"author":{"gitId":"jiangxinbxin93"},"content":"\t\treturn \"[E]\" + super.toString() + \" (at: \" + schedule + \")\\n\";","lastModifiedDate":"2022-09-07"},{"lineNumber":11,"author":{"gitId":"jiangxinbxin93"},"content":"\t}","lastModifiedDate":"2022-09-07"},{"lineNumber":12,"author":{"gitId":"jiangxinbxin93"},"content":"","lastModifiedDate":"2022-09-07"},{"lineNumber":13,"author":{"gitId":"jiangxinbxin93"},"content":"}","lastModifiedDate":"2022-09-07"}],"authorContributionMap":{"jiangxinbxin93":13}},{"path":"src/main/java/Task.java","fileType":"java","lines":[{"lineNumber":1,"author":{"gitId":"jiangxinbxin93"},"content":"public class Task {","lastModifiedDate":"2022-09-06"},{"lineNumber":2,"author":{"gitId":"jiangxinbxin93"},"content":"    protected String description;","lastModifiedDate":"2022-09-06"},{"lineNumber":3,"author":{"gitId":"jiangxinbxin93"},"content":"    protected boolean isDone;","lastModifiedDate":"2022-09-06"},{"lineNumber":4,"author":{"gitId":"jiangxinbxin93"},"content":"    ","lastModifiedDate":"2022-09-06"},{"lineNumber":5,"author":{"gitId":"jiangxinbxin93"},"content":"","lastModifiedDate":"2022-09-07"},{"lineNumber":6,"author":{"gitId":"jiangxinbxin93"},"content":"    public Task(String description) {","lastModifiedDate":"2022-09-06"},{"lineNumber":7,"author":{"gitId":"jiangxinbxin93"},"content":"        this.description \u003d description;","lastModifiedDate":"2022-09-06"},{"lineNumber":8,"author":{"gitId":"jiangxinbxin93"},"content":"        this.isDone \u003d false;","lastModifiedDate":"2022-09-06"},{"lineNumber":9,"author":{"gitId":"jiangxinbxin93"},"content":"    }","lastModifiedDate":"2022-09-06"},{"lineNumber":10,"author":{"gitId":"jiangxinbxin93"},"content":"","lastModifiedDate":"2022-09-06"},{"lineNumber":11,"author":{"gitId":"jiangxinbxin93"},"content":"    public String getStatusIcon() {","lastModifiedDate":"2022-09-06"},{"lineNumber":12,"author":{"gitId":"jiangxinbxin93"},"content":"        return (isDone ? \"X\" : \" \"); // mark done task with X","lastModifiedDate":"2022-09-06"},{"lineNumber":13,"author":{"gitId":"jiangxinbxin93"},"content":"    }","lastModifiedDate":"2022-09-06"},{"lineNumber":14,"author":{"gitId":"jiangxinbxin93"},"content":"","lastModifiedDate":"2022-09-06"},{"lineNumber":15,"author":{"gitId":"jiangxinbxin93"},"content":"    public String getTask(){","lastModifiedDate":"2022-09-06"},{"lineNumber":16,"author":{"gitId":"jiangxinbxin93"},"content":"        return description;","lastModifiedDate":"2022-09-06"},{"lineNumber":17,"author":{"gitId":"jiangxinbxin93"},"content":"    }","lastModifiedDate":"2022-09-06"},{"lineNumber":18,"author":{"gitId":"jiangxinbxin93"},"content":"","lastModifiedDate":"2022-09-06"},{"lineNumber":19,"author":{"gitId":"jiangxinbxin93"},"content":"    public void mark(){","lastModifiedDate":"2022-10-05"},{"lineNumber":20,"author":{"gitId":"jiangxinbxin93"},"content":"        isDone\u003dtrue;","lastModifiedDate":"2022-10-05"},{"lineNumber":21,"author":{"gitId":"jiangxinbxin93"},"content":"        System.out.println(Duke.print(\"Nice! I\u0027ve marked this task as done:\\n [\" + getStatusIcon() + \"] \" + getTask() + \"\\n\"));","lastModifiedDate":"2022-10-05"},{"lineNumber":22,"author":{"gitId":"jiangxinbxin93"},"content":"    }","lastModifiedDate":"2022-09-06"},{"lineNumber":23,"author":{"gitId":"jiangxinbxin93"},"content":"    public void unmark(){","lastModifiedDate":"2022-10-05"},{"lineNumber":24,"author":{"gitId":"jiangxinbxin93"},"content":"        isDone\u003dfalse;","lastModifiedDate":"2022-10-05"},{"lineNumber":25,"author":{"gitId":"jiangxinbxin93"},"content":"        System.out.println(Duke.print(\"OK, I\u0027ve marked this task as not done yet:\\n [\" + getStatusIcon() + \"] \" + getTask() + \"\\n\"));","lastModifiedDate":"2022-10-05"},{"lineNumber":26,"author":{"gitId":"jiangxinbxin93"},"content":"    }","lastModifiedDate":"2022-09-06"},{"lineNumber":27,"author":{"gitId":"jiangxinbxin93"},"content":"    public String toString(){","lastModifiedDate":"2022-09-07"},{"lineNumber":28,"author":{"gitId":"jiangxinbxin93"},"content":"\treturn (\"[\"+getStatusIcon()+\"] \"+description);\t","lastModifiedDate":"2022-09-07"},{"lineNumber":29,"author":{"gitId":"jiangxinbxin93"},"content":"    }","lastModifiedDate":"2022-09-07"},{"lineNumber":30,"author":{"gitId":"jiangxinbxin93"},"content":"    public String encapTask(String t, int count){","lastModifiedDate":"2022-09-07"},{"lineNumber":31,"author":{"gitId":"jiangxinbxin93"},"content":"\treturn (\"Got it. I\u0027ve added this task:\\n \"+ t +\"Now you have \"+count+\" tasks in the list.\\n\");","lastModifiedDate":"2022-09-07"},{"lineNumber":32,"author":{"gitId":"jiangxinbxin93"},"content":"    }","lastModifiedDate":"2022-09-07"},{"lineNumber":33,"author":{"gitId":"jiangxinbxin93"},"content":"","lastModifiedDate":"2022-10-05"},{"lineNumber":34,"author":{"gitId":"jiangxinbxin93"},"content":"    public static void list(){","lastModifiedDate":"2022-10-05"},{"lineNumber":35,"author":{"gitId":"jiangxinbxin93"},"content":"        String itemList\u003d\"\";","lastModifiedDate":"2022-10-05"},{"lineNumber":36,"author":{"gitId":"jiangxinbxin93"},"content":"        for (int i \u003d 0; i \u003c Duke.countTask; i++) {","lastModifiedDate":"2022-10-05"},{"lineNumber":37,"author":{"gitId":"jiangxinbxin93"},"content":"            //itemList +\u003d \"(i + 1) + \".[\"+task[i].getStatusIcon()+\"] \" + task[i].getTask() + \"\\n\";","lastModifiedDate":"2022-10-05"},{"lineNumber":38,"author":{"gitId":"jiangxinbxin93"},"content":"            itemList +\u003d (i + 1) + \".\" + Duke.task[i].toString();","lastModifiedDate":"2022-10-05"},{"lineNumber":39,"author":{"gitId":"jiangxinbxin93"},"content":"","lastModifiedDate":"2022-10-05"},{"lineNumber":40,"author":{"gitId":"jiangxinbxin93"},"content":"        }","lastModifiedDate":"2022-10-05"},{"lineNumber":41,"author":{"gitId":"jiangxinbxin93"},"content":"        System.out.println(Duke.print(itemList));","lastModifiedDate":"2022-10-05"},{"lineNumber":42,"author":{"gitId":"jiangxinbxin93"},"content":"        itemList\u003d\"\";","lastModifiedDate":"2022-10-05"},{"lineNumber":43,"author":{"gitId":"jiangxinbxin93"},"content":"    }","lastModifiedDate":"2022-10-05"},{"lineNumber":44,"author":{"gitId":"jiangxinbxin93"},"content":"","lastModifiedDate":"2022-10-05"},{"lineNumber":45,"author":{"gitId":"jiangxinbxin93"},"content":"    public static void addTask(String taskType,String fullInput) throws DukeException{","lastModifiedDate":"2022-10-05"},{"lineNumber":46,"author":{"gitId":"jiangxinbxin93"},"content":"        int indexSlash\u003d fullInput.indexOf(\u0027/\u0027);","lastModifiedDate":"2022-10-05"},{"lineNumber":47,"author":{"gitId":"jiangxinbxin93"},"content":"        int indexSpace\u003d fullInput.indexOf(\u0027 \u0027);","lastModifiedDate":"2022-10-05"},{"lineNumber":48,"author":{"gitId":"jiangxinbxin93"},"content":"        String detail;","lastModifiedDate":"2022-10-05"},{"lineNumber":49,"author":{"gitId":"jiangxinbxin93"},"content":"        String due;","lastModifiedDate":"2022-10-05"},{"lineNumber":50,"author":{"gitId":"jiangxinbxin93"},"content":"","lastModifiedDate":"2022-10-05"},{"lineNumber":51,"author":{"gitId":"jiangxinbxin93"},"content":"        if(taskType.equals(\"deadline\")){","lastModifiedDate":"2022-10-05"},{"lineNumber":52,"author":{"gitId":"jiangxinbxin93"},"content":"            if(indexSlash\u003d\u003d-1 || indexSpace\u003d\u003d-1){","lastModifiedDate":"2022-10-05"},{"lineNumber":53,"author":{"gitId":"jiangxinbxin93"},"content":"                throw new DukeException();","lastModifiedDate":"2022-10-05"},{"lineNumber":54,"author":{"gitId":"jiangxinbxin93"},"content":"            }","lastModifiedDate":"2022-10-05"},{"lineNumber":55,"author":{"gitId":"jiangxinbxin93"},"content":"            detail\u003dfullInput.substring(indexSpace, indexSlash - 1);","lastModifiedDate":"2022-10-05"},{"lineNumber":56,"author":{"gitId":"jiangxinbxin93"},"content":"            due\u003dfullInput.substring(indexSlash + 4);","lastModifiedDate":"2022-10-05"},{"lineNumber":57,"author":{"gitId":"jiangxinbxin93"},"content":"","lastModifiedDate":"2022-10-05"},{"lineNumber":58,"author":{"gitId":"jiangxinbxin93"},"content":"            Duke.task[Duke.countTask] \u003d new Deadline(detail, due);","lastModifiedDate":"2022-10-05"},{"lineNumber":59,"author":{"gitId":"jiangxinbxin93"},"content":"            System.out.println(Duke.print(Duke.task[Duke.countTask].encapTask(Duke.task[Duke.countTask].toString(), Duke.countTask + 1)));","lastModifiedDate":"2022-10-05"},{"lineNumber":60,"author":{"gitId":"jiangxinbxin93"},"content":"","lastModifiedDate":"2022-10-05"},{"lineNumber":61,"author":{"gitId":"jiangxinbxin93"},"content":"        }","lastModifiedDate":"2022-10-05"},{"lineNumber":62,"author":{"gitId":"jiangxinbxin93"},"content":"        else if(taskType.equals(\"todo\")){","lastModifiedDate":"2022-10-05"},{"lineNumber":63,"author":{"gitId":"jiangxinbxin93"},"content":"            if(indexSpace\u003d\u003d-1){","lastModifiedDate":"2022-10-05"},{"lineNumber":64,"author":{"gitId":"jiangxinbxin93"},"content":"                throw new DukeException();","lastModifiedDate":"2022-10-05"},{"lineNumber":65,"author":{"gitId":"jiangxinbxin93"},"content":"            }","lastModifiedDate":"2022-10-05"},{"lineNumber":66,"author":{"gitId":"jiangxinbxin93"},"content":"            detail \u003d fullInput.substring(indexSpace);","lastModifiedDate":"2022-10-05"},{"lineNumber":67,"author":{"gitId":"jiangxinbxin93"},"content":"","lastModifiedDate":"2022-10-05"},{"lineNumber":68,"author":{"gitId":"jiangxinbxin93"},"content":"            Duke.task[Duke.countTask] \u003d new Todo(detail);","lastModifiedDate":"2022-10-05"},{"lineNumber":69,"author":{"gitId":"jiangxinbxin93"},"content":"            System.out.println(Duke.print(Duke.task[Duke.countTask].encapTask(Duke.task[Duke.countTask].toString(), Duke.countTask + 1)));","lastModifiedDate":"2022-10-05"},{"lineNumber":70,"author":{"gitId":"jiangxinbxin93"},"content":"","lastModifiedDate":"2022-10-05"},{"lineNumber":71,"author":{"gitId":"jiangxinbxin93"},"content":"        }","lastModifiedDate":"2022-10-05"},{"lineNumber":72,"author":{"gitId":"jiangxinbxin93"},"content":"        else{","lastModifiedDate":"2022-10-05"},{"lineNumber":73,"author":{"gitId":"jiangxinbxin93"},"content":"            if(indexSlash\u003d\u003d-1 || indexSpace\u003d\u003d-1){","lastModifiedDate":"2022-10-05"},{"lineNumber":74,"author":{"gitId":"jiangxinbxin93"},"content":"                throw new DukeException();","lastModifiedDate":"2022-10-05"},{"lineNumber":75,"author":{"gitId":"jiangxinbxin93"},"content":"            }","lastModifiedDate":"2022-10-05"},{"lineNumber":76,"author":{"gitId":"jiangxinbxin93"},"content":"            detail\u003dfullInput.substring(indexSpace, indexSlash - 1);","lastModifiedDate":"2022-10-05"},{"lineNumber":77,"author":{"gitId":"jiangxinbxin93"},"content":"            due\u003dfullInput.substring(indexSlash + 4);","lastModifiedDate":"2022-10-05"},{"lineNumber":78,"author":{"gitId":"jiangxinbxin93"},"content":"","lastModifiedDate":"2022-10-05"},{"lineNumber":79,"author":{"gitId":"jiangxinbxin93"},"content":"            Duke.task[Duke.countTask] \u003d new Event(detail, due);","lastModifiedDate":"2022-10-05"},{"lineNumber":80,"author":{"gitId":"jiangxinbxin93"},"content":"            System.out.println(Duke.print(Duke.task[Duke.countTask].encapTask(Duke.task[Duke.countTask].toString(), Duke.countTask + 1)));","lastModifiedDate":"2022-10-05"},{"lineNumber":81,"author":{"gitId":"jiangxinbxin93"},"content":"","lastModifiedDate":"2022-10-05"},{"lineNumber":82,"author":{"gitId":"jiangxinbxin93"},"content":"        }","lastModifiedDate":"2022-10-05"},{"lineNumber":83,"author":{"gitId":"jiangxinbxin93"},"content":"","lastModifiedDate":"2022-10-05"},{"lineNumber":84,"author":{"gitId":"jiangxinbxin93"},"content":"    }","lastModifiedDate":"2022-10-05"},{"lineNumber":85,"author":{"gitId":"jiangxinbxin93"},"content":"","lastModifiedDate":"2022-10-05"},{"lineNumber":86,"author":{"gitId":"jiangxinbxin93"},"content":"","lastModifiedDate":"2022-10-05"},{"lineNumber":87,"author":{"gitId":"jiangxinbxin93"},"content":"","lastModifiedDate":"2022-10-05"},{"lineNumber":88,"author":{"gitId":"jiangxinbxin93"},"content":"}","lastModifiedDate":"2022-09-06"}],"authorContributionMap":{"jiangxinbxin93":88}},{"path":"src/main/java/Todo.java","fileType":"java","lines":[{"lineNumber":1,"author":{"gitId":"jiangxinbxin93"},"content":"public class Todo extends Task{","lastModifiedDate":"2022-09-07"},{"lineNumber":2,"author":{"gitId":"jiangxinbxin93"},"content":"\tpublic Todo(String description){","lastModifiedDate":"2022-09-07"},{"lineNumber":3,"author":{"gitId":"jiangxinbxin93"},"content":"\t\tsuper(description);","lastModifiedDate":"2022-09-07"},{"lineNumber":4,"author":{"gitId":"jiangxinbxin93"},"content":"\t\t","lastModifiedDate":"2022-09-07"},{"lineNumber":5,"author":{"gitId":"jiangxinbxin93"},"content":"\t}","lastModifiedDate":"2022-09-07"},{"lineNumber":6,"author":{"gitId":"jiangxinbxin93"},"content":"","lastModifiedDate":"2022-09-07"},{"lineNumber":7,"author":{"gitId":"jiangxinbxin93"},"content":"\t@Override","lastModifiedDate":"2022-09-07"},{"lineNumber":8,"author":{"gitId":"jiangxinbxin93"},"content":"\tpublic String toString(){","lastModifiedDate":"2022-09-07"},{"lineNumber":9,"author":{"gitId":"jiangxinbxin93"},"content":"\t\treturn \"[T]\"+super.toString()+\"\\n\";","lastModifiedDate":"2022-09-07"},{"lineNumber":10,"author":{"gitId":"jiangxinbxin93"},"content":"\t}","lastModifiedDate":"2022-09-07"},{"lineNumber":11,"author":{"gitId":"jiangxinbxin93"},"content":"","lastModifiedDate":"2022-09-07"},{"lineNumber":12,"author":{"gitId":"jiangxinbxin93"},"content":"}","lastModifiedDate":"2022-09-07"}],"authorContributionMap":{"jiangxinbxin93":12}}]
