{"authorDailyContributionsMap":{"jiangxinbxin93":[{"date":"2022-09-05","commitResults":[{"hash":"019487ebdfd3550f84517aa333ea77bb2dc1b847","messageTitle":"Test","messageBody":"","fileTypesAndContributionMap":{"java":{"insertions":1,"deletions":0}}},{"hash":"35e2832a3045109740d3dba4f865ce176076efdd","messageTitle":"Level 1.Greet, Echo, Exit","messageBody":"","tags":["Level-1"],"fileTypesAndContributionMap":{"java":{"insertions":38,"deletions":6}}},{"hash":"83b7bb73c4f9c139ee4e0ec6cd7cbd5a52406194","messageTitle":"Level 2. Add, List","messageBody":"","tags":["Level-2"],"fileTypesAndContributionMap":{"java":{"insertions":15,"deletions":2}}}]},{"date":"2022-09-06","commitResults":[{"hash":"46d4db54f000bbfccd1cc51a1622007470324c9a","messageTitle":"Level 3. Mark as Done","messageBody":"","tags":["Level-3"],"fileTypesAndContributionMap":{"java":{"insertions":60,"deletions":18}}}]},{"date":"2022-09-07","commitResults":[{"hash":"8b2c8623ff92c1530ed9d80c66c841962107b93b","messageTitle":"Level 4. ToDos, Events, Deadlines","messageBody":"","tags":["Level-4"],"fileTypesAndContributionMap":{"java":{"insertions":96,"deletions":23}}}]},{"date":"2022-10-05","commitResults":[{"hash":"dd4940f642525e2a30c97fdef1c819e77926d6cd","messageTitle":"Level-5. Handle Errors","messageBody":"","tags":["Level-5"],"fileTypesAndContributionMap":{"java":{"insertions":135,"deletions":84}}}]},{"date":"2022-10-08","commitResults":[{"hash":"d25663a42ca834a4b16ec316eb4b9c2d7057d1d9","messageTitle":"Level 6. Delete","messageBody":"","tags":["Level-6"],"fileTypesAndContributionMap":{"java":{"insertions":41,"deletions":18}}}]}]},"authorFileTypeContributionMap":{"jiangxinbxin93":{"java":241,"md":0,"fxml":0,"sh":0,"bat":0,"gradle":0,"txt":0}},"authorContributionVariance":{"jiangxinbxin93":1143.2238},"authorDisplayNameMap":{"jiangxinbxin93":"TANG..NHUI"}}
