[{"path":"build.gradle","fileType":"gradle","lines":[{"lineNumber":1,"author":{"gitId":"-"},"content":"plugins {","lastModifiedDate":"2020-05-25"},{"lineNumber":2,"author":{"gitId":"-"},"content":"    id \u0027java\u0027","lastModifiedDate":"2020-05-25"},{"lineNumber":3,"author":{"gitId":"-"},"content":"    id \u0027application\u0027","lastModifiedDate":"2020-05-25"},{"lineNumber":4,"author":{"gitId":"-"},"content":"    id \u0027com.github.johnrengelman.shadow\u0027 version \u00275.1.0\u0027","lastModifiedDate":"2020-05-25"},{"lineNumber":5,"author":{"gitId":"-"},"content":"}","lastModifiedDate":"2020-05-25"},{"lineNumber":6,"author":{"gitId":"-"},"content":"","lastModifiedDate":"2020-05-25"},{"lineNumber":7,"author":{"gitId":"-"},"content":"repositories {","lastModifiedDate":"2020-05-25"},{"lineNumber":8,"author":{"gitId":"-"},"content":"    mavenCentral()","lastModifiedDate":"2020-05-25"},{"lineNumber":9,"author":{"gitId":"-"},"content":"}","lastModifiedDate":"2020-05-25"},{"lineNumber":10,"author":{"gitId":"-"},"content":"","lastModifiedDate":"2020-05-25"},{"lineNumber":11,"author":{"gitId":"-"},"content":"dependencies {","lastModifiedDate":"2020-05-25"},{"lineNumber":12,"author":{"gitId":"-"},"content":"    testImplementation group: \u0027org.junit.jupiter\u0027, name: \u0027junit-jupiter-api\u0027, version: \u00275.5.0\u0027","lastModifiedDate":"2020-05-25"},{"lineNumber":13,"author":{"gitId":"-"},"content":"    testRuntimeOnly group: \u0027org.junit.jupiter\u0027, name: \u0027junit-jupiter-engine\u0027, version: \u00275.5.0\u0027","lastModifiedDate":"2020-05-25"},{"lineNumber":14,"author":{"gitId":"-"},"content":"}","lastModifiedDate":"2020-05-25"},{"lineNumber":15,"author":{"gitId":"-"},"content":"","lastModifiedDate":"2020-05-25"},{"lineNumber":16,"author":{"gitId":"-"},"content":"test {","lastModifiedDate":"2020-05-25"},{"lineNumber":17,"author":{"gitId":"-"},"content":"    useJUnitPlatform()","lastModifiedDate":"2020-05-25"},{"lineNumber":18,"author":{"gitId":"-"},"content":"","lastModifiedDate":"2020-05-25"},{"lineNumber":19,"author":{"gitId":"-"},"content":"    testLogging {","lastModifiedDate":"2020-05-25"},{"lineNumber":20,"author":{"gitId":"-"},"content":"        events \"passed\", \"skipped\", \"failed\"","lastModifiedDate":"2020-05-25"},{"lineNumber":21,"author":{"gitId":"-"},"content":"","lastModifiedDate":"2020-05-25"},{"lineNumber":22,"author":{"gitId":"-"},"content":"        showExceptions true","lastModifiedDate":"2020-05-25"},{"lineNumber":23,"author":{"gitId":"-"},"content":"        exceptionFormat \"full\"","lastModifiedDate":"2020-05-25"},{"lineNumber":24,"author":{"gitId":"-"},"content":"        showCauses true","lastModifiedDate":"2020-05-25"},{"lineNumber":25,"author":{"gitId":"-"},"content":"        showStackTraces true","lastModifiedDate":"2020-05-25"},{"lineNumber":26,"author":{"gitId":"-"},"content":"        showStandardStreams \u003d false","lastModifiedDate":"2020-05-25"},{"lineNumber":27,"author":{"gitId":"-"},"content":"    }","lastModifiedDate":"2020-05-25"},{"lineNumber":28,"author":{"gitId":"-"},"content":"}","lastModifiedDate":"2020-05-25"},{"lineNumber":29,"author":{"gitId":"-"},"content":"","lastModifiedDate":"2020-05-25"},{"lineNumber":30,"author":{"gitId":"-"},"content":"application {","lastModifiedDate":"2020-05-25"},{"lineNumber":31,"author":{"gitId":"yuyanen"},"content":"    mainClassName \u003d \"Duke\"","lastModifiedDate":"2022-10-22"},{"lineNumber":32,"author":{"gitId":"-"},"content":"}","lastModifiedDate":"2020-05-25"},{"lineNumber":33,"author":{"gitId":"-"},"content":"","lastModifiedDate":"2020-05-25"},{"lineNumber":34,"author":{"gitId":"-"},"content":"shadowJar {","lastModifiedDate":"2020-05-25"},{"lineNumber":35,"author":{"gitId":"-"},"content":"    archiveBaseName \u003d \"duke\"","lastModifiedDate":"2020-05-25"},{"lineNumber":36,"author":{"gitId":"-"},"content":"    archiveClassifier \u003d null","lastModifiedDate":"2020-05-25"},{"lineNumber":37,"author":{"gitId":"-"},"content":"}","lastModifiedDate":"2020-05-25"},{"lineNumber":38,"author":{"gitId":"-"},"content":"","lastModifiedDate":"2020-05-25"},{"lineNumber":39,"author":{"gitId":"-"},"content":"run{","lastModifiedDate":"2020-05-25"},{"lineNumber":40,"author":{"gitId":"-"},"content":"    standardInput \u003d System.in","lastModifiedDate":"2020-05-25"},{"lineNumber":41,"author":{"gitId":"-"},"content":"}","lastModifiedDate":"2020-05-25"}],"authorContributionMap":{"yuyanen":1,"-":40}},{"path":"src/main/java/Duke.java","fileType":"java","lines":[{"lineNumber":1,"author":{"gitId":"yuyanen"},"content":"import java.util.ArrayList;","lastModifiedDate":"2022-09-25"},{"lineNumber":2,"author":{"gitId":"-"},"content":"import java.util.Scanner;","lastModifiedDate":"2021-07-29"},{"lineNumber":3,"author":{"gitId":"yuyanen"},"content":"import java.lang.*;","lastModifiedDate":"2022-10-02"},{"lineNumber":4,"author":{"gitId":"yuyanen"},"content":"import storeage.StoreFile;","lastModifiedDate":"2022-10-19"},{"lineNumber":5,"author":{"gitId":"yuyanen"},"content":"import task.Events;","lastModifiedDate":"2022-10-18"},{"lineNumber":6,"author":{"gitId":"yuyanen"},"content":"import task.Task;","lastModifiedDate":"2022-10-18"},{"lineNumber":7,"author":{"gitId":"yuyanen"},"content":"import task.Deadline;","lastModifiedDate":"2022-10-18"},{"lineNumber":8,"author":{"gitId":"yuyanen"},"content":"import task.Todo;","lastModifiedDate":"2022-10-18"},{"lineNumber":9,"author":{"gitId":"yuyanen"},"content":"import exception.DukeException;","lastModifiedDate":"2022-10-17"},{"lineNumber":10,"author":{"gitId":"yuyanen"},"content":"import static utility.Method.*;","lastModifiedDate":"2022-10-24"},{"lineNumber":11,"author":{"gitId":"yuyanen"},"content":"","lastModifiedDate":"2022-10-16"},{"lineNumber":12,"author":{"gitId":"-"},"content":"public class Duke {","lastModifiedDate":"2019-07-29"},{"lineNumber":13,"author":{"gitId":"yuyanen"},"content":"    public static void main(String[] args){","lastModifiedDate":"2022-09-19"},{"lineNumber":14,"author":{"gitId":"-"},"content":"        String line;","lastModifiedDate":"2021-07-29"},{"lineNumber":15,"author":{"gitId":"-"},"content":"        Scanner in \u003d new Scanner(System.in);","lastModifiedDate":"2021-07-29"},{"lineNumber":16,"author":{"gitId":"yuyanen"},"content":"        ArrayList\u003cTask\u003e listItems \u003d new ArrayList\u003c\u003e();","lastModifiedDate":"2022-10-18"},{"lineNumber":17,"author":{"gitId":"yuyanen"},"content":"","lastModifiedDate":"2022-10-02"},{"lineNumber":18,"author":{"gitId":"yuyanen"},"content":"        UI.Greeting();","lastModifiedDate":"2022-10-09"},{"lineNumber":19,"author":{"gitId":"yuyanen"},"content":"","lastModifiedDate":"2022-09-04"},{"lineNumber":20,"author":{"gitId":"yuyanen"},"content":"        while(true){","lastModifiedDate":"2022-09-07"},{"lineNumber":21,"author":{"gitId":"yuyanen"},"content":"            try{","lastModifiedDate":"2022-09-19"},{"lineNumber":22,"author":{"gitId":"yuyanen"},"content":"                line \u003d in.nextLine();","lastModifiedDate":"2022-09-07"},{"lineNumber":23,"author":{"gitId":"yuyanen"},"content":"                if (UserInput(listItems, line)) continue;","lastModifiedDate":"2022-10-02"},{"lineNumber":24,"author":{"gitId":"yuyanen"},"content":"                break;","lastModifiedDate":"2022-09-19"},{"lineNumber":25,"author":{"gitId":"yuyanen"},"content":"            }catch(NullPointerException e){","lastModifiedDate":"2022-09-19"},{"lineNumber":26,"author":{"gitId":"yuyanen"},"content":"                System.out.println(\"☹ OOPS!!! task is not exist\");","lastModifiedDate":"2022-09-20"},{"lineNumber":27,"author":{"gitId":"yuyanen"},"content":"            }catch(DukeException e){","lastModifiedDate":"2022-09-19"},{"lineNumber":28,"author":{"gitId":"yuyanen"},"content":"              System.out.println(e.getMessage());","lastModifiedDate":"2022-09-19"},{"lineNumber":29,"author":{"gitId":"yuyanen"},"content":"            }catch(ArrayIndexOutOfBoundsException e){","lastModifiedDate":"2022-09-19"},{"lineNumber":30,"author":{"gitId":"yuyanen"},"content":"                System.out.println(\"☹ OOPS!!! The input task is not valid\");","lastModifiedDate":"2022-09-20"},{"lineNumber":31,"author":{"gitId":"yuyanen"},"content":"            }catch(NumberFormatException e){","lastModifiedDate":"2022-09-20"},{"lineNumber":32,"author":{"gitId":"yuyanen"},"content":"                System.out.println(\"☹ OOPS!!! The input is String,Pls enter number\");","lastModifiedDate":"2022-09-20"},{"lineNumber":33,"author":{"gitId":"yuyanen"},"content":"            }catch(StringIndexOutOfBoundsException e){","lastModifiedDate":"2022-10-02"},{"lineNumber":34,"author":{"gitId":"yuyanen"},"content":"                System.out.println(\"☹ OOPS!!! The input is out of bounds,Pls enter valid String\");","lastModifiedDate":"2022-10-02"},{"lineNumber":35,"author":{"gitId":"yuyanen"},"content":"            }catch(IndexOutOfBoundsException e){","lastModifiedDate":"2022-10-09"},{"lineNumber":36,"author":{"gitId":"yuyanen"},"content":"                System.out.println(\"☹ OOPS!!! The input is out of index,Pls re-enter\");","lastModifiedDate":"2022-10-09"},{"lineNumber":37,"author":{"gitId":"yuyanen"},"content":"            }","lastModifiedDate":"2022-09-19"},{"lineNumber":38,"author":{"gitId":"yuyanen"},"content":"        }","lastModifiedDate":"2022-09-19"},{"lineNumber":39,"author":{"gitId":"yuyanen"},"content":"    }","lastModifiedDate":"2022-09-19"},{"lineNumber":40,"author":{"gitId":"yuyanen"},"content":"","lastModifiedDate":"2022-09-19"},{"lineNumber":41,"author":{"gitId":"yuyanen"},"content":"    public static boolean UserInput(ArrayList\u003cTask\u003e listItems,String Input) throws DukeException{","lastModifiedDate":"2022-10-02"},{"lineNumber":42,"author":{"gitId":"yuyanen"},"content":"            String[] userInput \u003d Input.split(\" \");","lastModifiedDate":"2022-10-02"},{"lineNumber":43,"author":{"gitId":"yuyanen"},"content":"        switch(userInput[0]){","lastModifiedDate":"2022-09-13"},{"lineNumber":44,"author":{"gitId":"yuyanen"},"content":"            case\"bye\":","lastModifiedDate":"2022-09-07"},{"lineNumber":45,"author":{"gitId":"yuyanen"},"content":"                System.out.println(\"Bye. Hope to see you again soon!\");","lastModifiedDate":"2022-09-07"},{"lineNumber":46,"author":{"gitId":"yuyanen"},"content":"                break;","lastModifiedDate":"2022-09-07"},{"lineNumber":47,"author":{"gitId":"yuyanen"},"content":"            case\"list\":","lastModifiedDate":"2022-09-07"},{"lineNumber":48,"author":{"gitId":"yuyanen"},"content":"                if(listItems.isEmpty()){","lastModifiedDate":"2022-10-02"},{"lineNumber":49,"author":{"gitId":"yuyanen"},"content":"                    throw new DukeException(\"☹ OOPS!!! The task list is empty\");","lastModifiedDate":"2022-09-20"},{"lineNumber":50,"author":{"gitId":"yuyanen"},"content":"                }","lastModifiedDate":"2022-09-19"},{"lineNumber":51,"author":{"gitId":"yuyanen"},"content":"                printList(listItems);","lastModifiedDate":"2022-10-02"},{"lineNumber":52,"author":{"gitId":"yuyanen"},"content":"                return true;","lastModifiedDate":"2022-09-19"},{"lineNumber":53,"author":{"gitId":"yuyanen"},"content":"            case\"mark\":","lastModifiedDate":"2022-09-07"},{"lineNumber":54,"author":{"gitId":"yuyanen"},"content":"                markFunction(listItems,Input);","lastModifiedDate":"2022-10-24"},{"lineNumber":55,"author":{"gitId":"yuyanen"},"content":"                return true;","lastModifiedDate":"2022-09-19"},{"lineNumber":56,"author":{"gitId":"yuyanen"},"content":"            case\"unmark\":","lastModifiedDate":"2022-09-07"},{"lineNumber":57,"author":{"gitId":"yuyanen"},"content":"                unmarkFunction(listItems,Input);","lastModifiedDate":"2022-10-24"},{"lineNumber":58,"author":{"gitId":"yuyanen"},"content":"                return true;","lastModifiedDate":"2022-09-19"},{"lineNumber":59,"author":{"gitId":"yuyanen"},"content":"            case\"deadline\":","lastModifiedDate":"2022-09-12"},{"lineNumber":60,"author":{"gitId":"yuyanen"},"content":"                if(userInput.length\u003c2){","lastModifiedDate":"2022-09-19"},{"lineNumber":61,"author":{"gitId":"yuyanen"},"content":"                    throw new DukeException(\"☹ OOPS!!! The description of a deadline cannot be empty.\");","lastModifiedDate":"2022-09-19"},{"lineNumber":62,"author":{"gitId":"yuyanen"},"content":"                }","lastModifiedDate":"2022-09-19"},{"lineNumber":63,"author":{"gitId":"yuyanen"},"content":"                if(isNumeric(userInput[1])){","lastModifiedDate":"2022-09-19"},{"lineNumber":64,"author":{"gitId":"yuyanen"},"content":"                    throw new DukeException(\"☹ OOPS!!! The input of a deadline cannot be number.\");","lastModifiedDate":"2022-09-19"},{"lineNumber":65,"author":{"gitId":"yuyanen"},"content":"                }","lastModifiedDate":"2022-09-19"},{"lineNumber":66,"author":{"gitId":"yuyanen"},"content":"                deadlineFunction(listItems,Input);","lastModifiedDate":"2022-10-24"},{"lineNumber":67,"author":{"gitId":"yuyanen"},"content":"               return true;","lastModifiedDate":"2022-09-19"},{"lineNumber":68,"author":{"gitId":"yuyanen"},"content":"            case\"todo\":","lastModifiedDate":"2022-09-13"},{"lineNumber":69,"author":{"gitId":"yuyanen"},"content":"                if(userInput.length\u003c2){","lastModifiedDate":"2022-09-18"},{"lineNumber":70,"author":{"gitId":"yuyanen"},"content":"                    throw new DukeException(\"☹ OOPS!!! The description of a todo cannot be empty.\");","lastModifiedDate":"2022-09-18"},{"lineNumber":71,"author":{"gitId":"yuyanen"},"content":"                }","lastModifiedDate":"2022-09-19"},{"lineNumber":72,"author":{"gitId":"yuyanen"},"content":"                if(isNumeric(userInput[1])){","lastModifiedDate":"2022-09-19"},{"lineNumber":73,"author":{"gitId":"yuyanen"},"content":"                    throw new DukeException(\"☹ OOPS!!! The input of a todo cannot be number.\");","lastModifiedDate":"2022-09-19"},{"lineNumber":74,"author":{"gitId":"yuyanen"},"content":"                }","lastModifiedDate":"2022-09-18"},{"lineNumber":75,"author":{"gitId":"yuyanen"},"content":"                todoFunction(listItems,Input);","lastModifiedDate":"2022-10-24"},{"lineNumber":76,"author":{"gitId":"yuyanen"},"content":"                return true;","lastModifiedDate":"2022-09-19"},{"lineNumber":77,"author":{"gitId":"yuyanen"},"content":"            case\"event\":","lastModifiedDate":"2022-09-13"},{"lineNumber":78,"author":{"gitId":"yuyanen"},"content":"                if(userInput.length\u003c2){","lastModifiedDate":"2022-09-19"},{"lineNumber":79,"author":{"gitId":"yuyanen"},"content":"                    throw new DukeException(\"☹ OOPS!!! The description of a event cannot be empty.\");","lastModifiedDate":"2022-09-19"},{"lineNumber":80,"author":{"gitId":"yuyanen"},"content":"                }","lastModifiedDate":"2022-09-19"},{"lineNumber":81,"author":{"gitId":"yuyanen"},"content":"                if(isNumeric(userInput[1])){","lastModifiedDate":"2022-09-19"},{"lineNumber":82,"author":{"gitId":"yuyanen"},"content":"                    throw new DukeException(\"☹ OOPS!!! The input of a event cannot be number.\");","lastModifiedDate":"2022-09-19"},{"lineNumber":83,"author":{"gitId":"yuyanen"},"content":"                }","lastModifiedDate":"2022-09-19"},{"lineNumber":84,"author":{"gitId":"yuyanen"},"content":"                eventFunction(listItems,Input);","lastModifiedDate":"2022-10-24"},{"lineNumber":85,"author":{"gitId":"yuyanen"},"content":"                return true;","lastModifiedDate":"2022-10-02"},{"lineNumber":86,"author":{"gitId":"yuyanen"},"content":"            case\"delete\":","lastModifiedDate":"2022-10-02"},{"lineNumber":87,"author":{"gitId":"yuyanen"},"content":"                deleteFunction(listItems,Input);","lastModifiedDate":"2022-10-24"},{"lineNumber":88,"author":{"gitId":"yuyanen"},"content":"                return true;","lastModifiedDate":"2022-09-19"},{"lineNumber":89,"author":{"gitId":"yuyanen"},"content":"            case\"save\":","lastModifiedDate":"2022-10-09"},{"lineNumber":90,"author":{"gitId":"yuyanen"},"content":"                save(listItems);","lastModifiedDate":"2022-10-09"},{"lineNumber":91,"author":{"gitId":"yuyanen"},"content":"                return true;","lastModifiedDate":"2022-10-09"},{"lineNumber":92,"author":{"gitId":"yuyanen"},"content":"            case\"find\":","lastModifiedDate":"2022-10-23"},{"lineNumber":93,"author":{"gitId":"yuyanen"},"content":"                searchWord(listItems,Input);","lastModifiedDate":"2022-10-24"},{"lineNumber":94,"author":{"gitId":"yuyanen"},"content":"                return true;","lastModifiedDate":"2022-10-23"},{"lineNumber":95,"author":{"gitId":"yuyanen"},"content":"            default:","lastModifiedDate":"2022-09-07"},{"lineNumber":96,"author":{"gitId":"yuyanen"},"content":"                System.out.println(\"☹ OOPS!!! I\u0027m sorry, but I don\u0027t know what that means :-(\");","lastModifiedDate":"2022-10-22"},{"lineNumber":97,"author":{"gitId":"yuyanen"},"content":"                return true;","lastModifiedDate":"2022-09-19"},{"lineNumber":98,"author":{"gitId":"-"},"content":"        }","lastModifiedDate":"2019-07-29"},{"lineNumber":99,"author":{"gitId":"yuyanen"},"content":"        return false;","lastModifiedDate":"2022-09-19"},{"lineNumber":100,"author":{"gitId":"-"},"content":"    }","lastModifiedDate":"2019-07-29"},{"lineNumber":101,"author":{"gitId":"-"},"content":"}","lastModifiedDate":"2022-09-08"},{"lineNumber":102,"author":{"gitId":"yuyanen"},"content":"","lastModifiedDate":"2022-09-04"},{"lineNumber":103,"author":{"gitId":"yuyanen"},"content":"","lastModifiedDate":"2022-09-11"}],"authorContributionMap":{"yuyanen":96,"-":7}},{"path":"src/main/java/UI.java","fileType":"java","lines":[{"lineNumber":1,"author":{"gitId":"yuyanen"},"content":"","lastModifiedDate":"2022-10-09"},{"lineNumber":2,"author":{"gitId":"yuyanen"},"content":"import java.io.File;","lastModifiedDate":"2022-10-09"},{"lineNumber":3,"author":{"gitId":"yuyanen"},"content":"import java.util.Scanner;","lastModifiedDate":"2022-10-09"},{"lineNumber":4,"author":{"gitId":"yuyanen"},"content":"","lastModifiedDate":"2022-10-09"},{"lineNumber":5,"author":{"gitId":"yuyanen"},"content":"","lastModifiedDate":"2022-10-09"},{"lineNumber":6,"author":{"gitId":"yuyanen"},"content":"/**","lastModifiedDate":"2022-10-18"},{"lineNumber":7,"author":{"gitId":"yuyanen"},"content":" * greeting","lastModifiedDate":"2022-10-18"},{"lineNumber":8,"author":{"gitId":"yuyanen"},"content":" * since first time run Duke no task,so will print \"there is no tasks at this moment\"","lastModifiedDate":"2022-10-18"},{"lineNumber":9,"author":{"gitId":"yuyanen"},"content":" * next time when start Duke, will automatically read file and print those outstanding tasks only","lastModifiedDate":"2022-10-18"},{"lineNumber":10,"author":{"gitId":"yuyanen"},"content":" */","lastModifiedDate":"2022-10-18"},{"lineNumber":11,"author":{"gitId":"yuyanen"},"content":"public class UI {","lastModifiedDate":"2022-10-09"},{"lineNumber":12,"author":{"gitId":"yuyanen"},"content":"    public static void Greeting() {","lastModifiedDate":"2022-10-09"},{"lineNumber":13,"author":{"gitId":"yuyanen"},"content":"        System.out.println(\"Hello! I\u0027m Duke\");","lastModifiedDate":"2022-10-09"},{"lineNumber":14,"author":{"gitId":"yuyanen"},"content":"        File file \u003d new File(\"C:\\\\data\\\\duke.txt\");","lastModifiedDate":"2022-10-09"},{"lineNumber":15,"author":{"gitId":"yuyanen"},"content":"","lastModifiedDate":"2022-10-09"},{"lineNumber":16,"author":{"gitId":"yuyanen"},"content":"       try{","lastModifiedDate":"2022-10-09"},{"lineNumber":17,"author":{"gitId":"yuyanen"},"content":"           Scanner s \u003d new Scanner(file);","lastModifiedDate":"2022-10-09"},{"lineNumber":18,"author":{"gitId":"yuyanen"},"content":"           System.out.println(\"Here is your outstanding tasks:\");","lastModifiedDate":"2022-10-24"},{"lineNumber":19,"author":{"gitId":"yuyanen"},"content":"           while (s.hasNextLine()) {","lastModifiedDate":"2022-10-09"},{"lineNumber":20,"author":{"gitId":"yuyanen"},"content":"               String line \u003d s.nextLine();","lastModifiedDate":"2022-10-09"},{"lineNumber":21,"author":{"gitId":"yuyanen"},"content":"               if(line.charAt(2)\u003d\u003d\u00270\u0027){","lastModifiedDate":"2022-10-18"},{"lineNumber":22,"author":{"gitId":"yuyanen"},"content":"                   System.out.println(line);","lastModifiedDate":"2022-10-09"},{"lineNumber":23,"author":{"gitId":"yuyanen"},"content":"               }","lastModifiedDate":"2022-10-09"},{"lineNumber":24,"author":{"gitId":"yuyanen"},"content":"           }","lastModifiedDate":"2022-10-09"},{"lineNumber":25,"author":{"gitId":"yuyanen"},"content":"       } catch(Exception e){","lastModifiedDate":"2022-10-09"},{"lineNumber":26,"author":{"gitId":"yuyanen"},"content":"           System.out.println(\"There is no outstanding tasks at this moment\");","lastModifiedDate":"2022-10-24"},{"lineNumber":27,"author":{"gitId":"yuyanen"},"content":"       }","lastModifiedDate":"2022-10-09"},{"lineNumber":28,"author":{"gitId":"yuyanen"},"content":"        System.out.println(\"What can I do for you?\");","lastModifiedDate":"2022-10-09"},{"lineNumber":29,"author":{"gitId":"yuyanen"},"content":"    }","lastModifiedDate":"2022-10-09"},{"lineNumber":30,"author":{"gitId":"yuyanen"},"content":"}","lastModifiedDate":"2022-10-09"}],"authorContributionMap":{"yuyanen":30}},{"path":"src/main/java/exception/DukeException.java","fileType":"java","lines":[{"lineNumber":1,"author":{"gitId":"yuyanen"},"content":"package exception;","lastModifiedDate":"2022-10-17"},{"lineNumber":2,"author":{"gitId":"yuyanen"},"content":"","lastModifiedDate":"2022-10-17"},{"lineNumber":3,"author":{"gitId":"yuyanen"},"content":"public class DukeException extends Exception{","lastModifiedDate":"2022-09-18"},{"lineNumber":4,"author":{"gitId":"yuyanen"},"content":"    public DukeException(String message){","lastModifiedDate":"2022-09-18"},{"lineNumber":5,"author":{"gitId":"yuyanen"},"content":"             super(message);","lastModifiedDate":"2022-09-18"},{"lineNumber":6,"author":{"gitId":"yuyanen"},"content":"         }","lastModifiedDate":"2022-09-18"},{"lineNumber":7,"author":{"gitId":"yuyanen"},"content":"}","lastModifiedDate":"2022-09-18"}],"authorContributionMap":{"yuyanen":7}},{"path":"src/main/java/storeage/StoreFile.java","fileType":"java","lines":[{"lineNumber":1,"author":{"gitId":"yuyanen"},"content":"package storeage;","lastModifiedDate":"2022-10-19"},{"lineNumber":2,"author":{"gitId":"yuyanen"},"content":"","lastModifiedDate":"2022-10-18"},{"lineNumber":3,"author":{"gitId":"yuyanen"},"content":"import java.io.File;","lastModifiedDate":"2022-10-19"},{"lineNumber":4,"author":{"gitId":"yuyanen"},"content":"import java.io.FileWriter;","lastModifiedDate":"2022-10-19"},{"lineNumber":5,"author":{"gitId":"yuyanen"},"content":"","lastModifiedDate":"2022-10-09"},{"lineNumber":6,"author":{"gitId":"yuyanen"},"content":"/**","lastModifiedDate":"2022-10-18"},{"lineNumber":7,"author":{"gitId":"yuyanen"},"content":" * First time shows \u0027File is not exist\u0027","lastModifiedDate":"2022-10-18"},{"lineNumber":8,"author":{"gitId":"yuyanen"},"content":" * when user enter task ,save file to Hard Drive and shows save file successfully","lastModifiedDate":"2022-10-18"},{"lineNumber":9,"author":{"gitId":"yuyanen"},"content":" *","lastModifiedDate":"2022-10-18"},{"lineNumber":10,"author":{"gitId":"yuyanen"},"content":" */","lastModifiedDate":"2022-10-18"},{"lineNumber":11,"author":{"gitId":"yuyanen"},"content":"public class StoreFile {","lastModifiedDate":"2022-10-09"},{"lineNumber":12,"author":{"gitId":"yuyanen"},"content":"        public static void writeToFile(String Text) {","lastModifiedDate":"2022-10-09"},{"lineNumber":13,"author":{"gitId":"yuyanen"},"content":"            File f \u003d new File(\"C:\\\\data\\\\duke.txt\");","lastModifiedDate":"2022-10-09"},{"lineNumber":14,"author":{"gitId":"yuyanen"},"content":"            File dirs \u003d new File(\"C:\\\\data\");","lastModifiedDate":"2022-10-18"},{"lineNumber":15,"author":{"gitId":"yuyanen"},"content":"            if(!dirs.exists()){","lastModifiedDate":"2022-10-18"},{"lineNumber":16,"author":{"gitId":"yuyanen"},"content":"                //noinspection ResultOfMethodCallIgnored","lastModifiedDate":"2022-10-24"},{"lineNumber":17,"author":{"gitId":"yuyanen"},"content":"                dirs.mkdirs();","lastModifiedDate":"2022-10-18"},{"lineNumber":18,"author":{"gitId":"yuyanen"},"content":"            }","lastModifiedDate":"2022-10-18"},{"lineNumber":19,"author":{"gitId":"yuyanen"},"content":"","lastModifiedDate":"2022-10-18"},{"lineNumber":20,"author":{"gitId":"yuyanen"},"content":"        try {","lastModifiedDate":"2022-10-09"},{"lineNumber":21,"author":{"gitId":"yuyanen"},"content":"            FileWriter pw \u003d new FileWriter(f);","lastModifiedDate":"2022-10-09"},{"lineNumber":22,"author":{"gitId":"yuyanen"},"content":"            pw.write(Text);","lastModifiedDate":"2022-10-09"},{"lineNumber":23,"author":{"gitId":"yuyanen"},"content":"            pw.close();","lastModifiedDate":"2022-10-09"},{"lineNumber":24,"author":{"gitId":"yuyanen"},"content":"            System.out.println(\"Save file to Hard Drive Successfully !.\");","lastModifiedDate":"2022-10-09"},{"lineNumber":25,"author":{"gitId":"yuyanen"},"content":"","lastModifiedDate":"2022-10-09"},{"lineNumber":26,"author":{"gitId":"yuyanen"},"content":"        }catch(Exception e){","lastModifiedDate":"2022-10-09"},{"lineNumber":27,"author":{"gitId":"yuyanen"},"content":"            System.out.println(\"File is not exist\");","lastModifiedDate":"2022-10-18"},{"lineNumber":28,"author":{"gitId":"yuyanen"},"content":"            }","lastModifiedDate":"2022-10-09"},{"lineNumber":29,"author":{"gitId":"yuyanen"},"content":"    }","lastModifiedDate":"2022-10-09"},{"lineNumber":30,"author":{"gitId":"yuyanen"},"content":"","lastModifiedDate":"2022-10-09"},{"lineNumber":31,"author":{"gitId":"yuyanen"},"content":"}","lastModifiedDate":"2022-10-09"}],"authorContributionMap":{"yuyanen":31}},{"path":"src/main/java/task/Deadline.java","fileType":"java","lines":[{"lineNumber":1,"author":{"gitId":"yuyanen"},"content":"package task;","lastModifiedDate":"2022-10-18"},{"lineNumber":2,"author":{"gitId":"yuyanen"},"content":"","lastModifiedDate":"2022-10-18"},{"lineNumber":3,"author":{"gitId":"yuyanen"},"content":"","lastModifiedDate":"2022-10-18"},{"lineNumber":4,"author":{"gitId":"yuyanen"},"content":"import static utility.Method.DateTime;","lastModifiedDate":"2022-10-19"},{"lineNumber":5,"author":{"gitId":"yuyanen"},"content":"","lastModifiedDate":"2022-10-19"},{"lineNumber":6,"author":{"gitId":"yuyanen"},"content":"","lastModifiedDate":"2022-10-18"},{"lineNumber":7,"author":{"gitId":"yuyanen"},"content":"/**","lastModifiedDate":"2022-10-18"},{"lineNumber":8,"author":{"gitId":"yuyanen"},"content":" * deadline task is handle all task with \"deadline\"","lastModifiedDate":"2022-10-18"},{"lineNumber":9,"author":{"gitId":"yuyanen"},"content":" */","lastModifiedDate":"2022-10-18"},{"lineNumber":10,"author":{"gitId":"yuyanen"},"content":"public class Deadline extends Task {","lastModifiedDate":"2022-10-18"},{"lineNumber":11,"author":{"gitId":"yuyanen"},"content":"        private String by;","lastModifiedDate":"2022-10-18"},{"lineNumber":12,"author":{"gitId":"yuyanen"},"content":"","lastModifiedDate":"2022-10-18"},{"lineNumber":13,"author":{"gitId":"yuyanen"},"content":"    public Deadline(String description,String by){","lastModifiedDate":"2022-10-18"},{"lineNumber":14,"author":{"gitId":"yuyanen"},"content":"        super(description);","lastModifiedDate":"2022-10-18"},{"lineNumber":15,"author":{"gitId":"yuyanen"},"content":"        this.by \u003d by;","lastModifiedDate":"2022-10-18"},{"lineNumber":16,"author":{"gitId":"yuyanen"},"content":"    }","lastModifiedDate":"2022-10-18"},{"lineNumber":17,"author":{"gitId":"yuyanen"},"content":"      public String getData() {","lastModifiedDate":"2022-10-18"},{"lineNumber":18,"author":{"gitId":"yuyanen"},"content":"          return \"D\" + super.getData() + \"|\" + by ;","lastModifiedDate":"2022-10-24"},{"lineNumber":19,"author":{"gitId":"yuyanen"},"content":"      }","lastModifiedDate":"2022-10-18"},{"lineNumber":20,"author":{"gitId":"yuyanen"},"content":"      public String toString()  {","lastModifiedDate":"2022-10-18"},{"lineNumber":21,"author":{"gitId":"yuyanen"},"content":"          return \"[D]\" + super.toString() + \" (by: \" + DateTime(by) + \")\";","lastModifiedDate":"2022-10-19"},{"lineNumber":22,"author":{"gitId":"yuyanen"},"content":"      }","lastModifiedDate":"2022-10-18"},{"lineNumber":23,"author":{"gitId":"yuyanen"},"content":"","lastModifiedDate":"2022-10-18"},{"lineNumber":24,"author":{"gitId":"yuyanen"},"content":"}","lastModifiedDate":"2022-10-18"}],"authorContributionMap":{"yuyanen":24}},{"path":"src/main/java/task/Events.java","fileType":"java","lines":[{"lineNumber":1,"author":{"gitId":"yuyanen"},"content":"package task;","lastModifiedDate":"2022-10-18"},{"lineNumber":2,"author":{"gitId":"yuyanen"},"content":"","lastModifiedDate":"2022-10-10"},{"lineNumber":3,"author":{"gitId":"yuyanen"},"content":"public class Events extends Task {","lastModifiedDate":"2022-09-13"},{"lineNumber":4,"author":{"gitId":"yuyanen"},"content":"    protected String by;","lastModifiedDate":"2022-09-13"},{"lineNumber":5,"author":{"gitId":"yuyanen"},"content":"","lastModifiedDate":"2022-09-13"},{"lineNumber":6,"author":{"gitId":"yuyanen"},"content":"    public Events(String description, String by) {","lastModifiedDate":"2022-09-13"},{"lineNumber":7,"author":{"gitId":"yuyanen"},"content":"        super(description);","lastModifiedDate":"2022-09-13"},{"lineNumber":8,"author":{"gitId":"yuyanen"},"content":"        this.by \u003d by;","lastModifiedDate":"2022-09-13"},{"lineNumber":9,"author":{"gitId":"yuyanen"},"content":"    }","lastModifiedDate":"2022-09-13"},{"lineNumber":10,"author":{"gitId":"yuyanen"},"content":"","lastModifiedDate":"2022-09-13"},{"lineNumber":11,"author":{"gitId":"yuyanen"},"content":"    public String getData() { return \"E\" + super.getData() + \"|\" + by;}","lastModifiedDate":"2022-10-09"},{"lineNumber":12,"author":{"gitId":"yuyanen"},"content":"    public String toString() {","lastModifiedDate":"2022-09-13"},{"lineNumber":13,"author":{"gitId":"yuyanen"},"content":"        return \"[E]\" + super.toString() + \" (at: \" + by + \")\";","lastModifiedDate":"2022-09-13"},{"lineNumber":14,"author":{"gitId":"yuyanen"},"content":"    }","lastModifiedDate":"2022-09-13"},{"lineNumber":15,"author":{"gitId":"yuyanen"},"content":"","lastModifiedDate":"2022-09-13"},{"lineNumber":16,"author":{"gitId":"yuyanen"},"content":"}","lastModifiedDate":"2022-09-13"}],"authorContributionMap":{"yuyanen":16}},{"path":"src/main/java/task/Task.java","fileType":"java","lines":[{"lineNumber":1,"author":{"gitId":"yuyanen"},"content":"package task;","lastModifiedDate":"2022-10-18"},{"lineNumber":2,"author":{"gitId":"yuyanen"},"content":"","lastModifiedDate":"2022-10-10"},{"lineNumber":3,"author":{"gitId":"yuyanen"},"content":"public class Task {","lastModifiedDate":"2022-09-07"},{"lineNumber":4,"author":{"gitId":"yuyanen"},"content":"","lastModifiedDate":"2022-09-07"},{"lineNumber":5,"author":{"gitId":"yuyanen"},"content":"      public String description;","lastModifiedDate":"2022-10-23"},{"lineNumber":6,"author":{"gitId":"yuyanen"},"content":"      protected boolean isDone;","lastModifiedDate":"2022-09-04"},{"lineNumber":7,"author":{"gitId":"yuyanen"},"content":"      public Task(String description){","lastModifiedDate":"2022-09-04"},{"lineNumber":8,"author":{"gitId":"yuyanen"},"content":"          this.description \u003d description;","lastModifiedDate":"2022-09-04"},{"lineNumber":9,"author":{"gitId":"yuyanen"},"content":"          this.isDone \u003d false;","lastModifiedDate":"2022-09-04"},{"lineNumber":10,"author":{"gitId":"yuyanen"},"content":"      }","lastModifiedDate":"2022-09-04"},{"lineNumber":11,"author":{"gitId":"yuyanen"},"content":"","lastModifiedDate":"2022-09-07"},{"lineNumber":12,"author":{"gitId":"yuyanen"},"content":"      public String getStatusIcon(){","lastModifiedDate":"2022-10-16"},{"lineNumber":13,"author":{"gitId":"yuyanen"},"content":"          return (isDone ? \"x\":\" \"); //mark done task with X","lastModifiedDate":"2022-09-04"},{"lineNumber":14,"author":{"gitId":"yuyanen"},"content":"      }","lastModifiedDate":"2022-09-04"},{"lineNumber":15,"author":{"gitId":"yuyanen"},"content":"      public void markAsDone(){","lastModifiedDate":"2022-09-04"},{"lineNumber":16,"author":{"gitId":"yuyanen"},"content":"          this.isDone \u003d true;","lastModifiedDate":"2022-09-07"},{"lineNumber":17,"author":{"gitId":"yuyanen"},"content":"      }","lastModifiedDate":"2022-09-04"},{"lineNumber":18,"author":{"gitId":"yuyanen"},"content":"      public void markAsNotdone(){","lastModifiedDate":"2022-09-08"},{"lineNumber":19,"author":{"gitId":"yuyanen"},"content":"        this.isDone \u003d false;","lastModifiedDate":"2022-09-08"},{"lineNumber":20,"author":{"gitId":"yuyanen"},"content":"    }","lastModifiedDate":"2022-09-08"},{"lineNumber":21,"author":{"gitId":"yuyanen"},"content":"","lastModifiedDate":"2022-09-07"},{"lineNumber":22,"author":{"gitId":"yuyanen"},"content":"      public String getData(){","lastModifiedDate":"2022-10-09"},{"lineNumber":23,"author":{"gitId":"yuyanen"},"content":"          if (this.isDone) {","lastModifiedDate":"2022-10-16"},{"lineNumber":24,"author":{"gitId":"yuyanen"},"content":"              return (\"|1|\" + this.description);","lastModifiedDate":"2022-10-09"},{"lineNumber":25,"author":{"gitId":"yuyanen"},"content":"          } else {","lastModifiedDate":"2022-10-09"},{"lineNumber":26,"author":{"gitId":"yuyanen"},"content":"              return (\"|0|\" + this.description);","lastModifiedDate":"2022-10-09"},{"lineNumber":27,"author":{"gitId":"yuyanen"},"content":"          }","lastModifiedDate":"2022-10-09"},{"lineNumber":28,"author":{"gitId":"yuyanen"},"content":"      }","lastModifiedDate":"2022-10-09"},{"lineNumber":29,"author":{"gitId":"yuyanen"},"content":"      public String toString(){","lastModifiedDate":"2022-09-07"},{"lineNumber":30,"author":{"gitId":"yuyanen"},"content":"          return \"[\" + getStatusIcon() + \"]\" + this.description;","lastModifiedDate":"2022-10-09"},{"lineNumber":31,"author":{"gitId":"yuyanen"},"content":"      }","lastModifiedDate":"2022-09-04"},{"lineNumber":32,"author":{"gitId":"yuyanen"},"content":"","lastModifiedDate":"2022-09-04"},{"lineNumber":33,"author":{"gitId":"yuyanen"},"content":"}","lastModifiedDate":"2022-09-04"}],"authorContributionMap":{"yuyanen":33}},{"path":"src/main/java/task/Todo.java","fileType":"java","lines":[{"lineNumber":1,"author":{"gitId":"yuyanen"},"content":"package task;","lastModifiedDate":"2022-10-18"},{"lineNumber":2,"author":{"gitId":"yuyanen"},"content":"","lastModifiedDate":"2022-10-10"},{"lineNumber":3,"author":{"gitId":"yuyanen"},"content":"public class Todo extends Task{","lastModifiedDate":"2022-09-13"},{"lineNumber":4,"author":{"gitId":"yuyanen"},"content":"    protected boolean isDone;","lastModifiedDate":"2022-09-13"},{"lineNumber":5,"author":{"gitId":"yuyanen"},"content":"","lastModifiedDate":"2022-09-13"},{"lineNumber":6,"author":{"gitId":"yuyanen"},"content":"    public Todo(String description) {","lastModifiedDate":"2022-09-13"},{"lineNumber":7,"author":{"gitId":"yuyanen"},"content":"        super(description);","lastModifiedDate":"2022-09-13"},{"lineNumber":8,"author":{"gitId":"yuyanen"},"content":"    }","lastModifiedDate":"2022-09-13"},{"lineNumber":9,"author":{"gitId":"yuyanen"},"content":"","lastModifiedDate":"2022-10-09"},{"lineNumber":10,"author":{"gitId":"yuyanen"},"content":"    public String getData() { return \"T\" + super.getData();}","lastModifiedDate":"2022-10-09"},{"lineNumber":11,"author":{"gitId":"yuyanen"},"content":"    public String toString() {","lastModifiedDate":"2022-09-13"},{"lineNumber":12,"author":{"gitId":"yuyanen"},"content":"        return \"[T]\" + super.toString();","lastModifiedDate":"2022-09-13"},{"lineNumber":13,"author":{"gitId":"yuyanen"},"content":"    }","lastModifiedDate":"2022-09-13"},{"lineNumber":14,"author":{"gitId":"yuyanen"},"content":"","lastModifiedDate":"2022-09-13"},{"lineNumber":15,"author":{"gitId":"yuyanen"},"content":"}","lastModifiedDate":"2022-09-13"}],"authorContributionMap":{"yuyanen":15}},{"path":"src/main/java/utility/Method.java","fileType":"java","lines":[{"lineNumber":1,"author":{"gitId":"yuyanen"},"content":"package utility;","lastModifiedDate":"2022-10-19"},{"lineNumber":2,"author":{"gitId":"yuyanen"},"content":"","lastModifiedDate":"2022-10-19"},{"lineNumber":3,"author":{"gitId":"yuyanen"},"content":"import storeage.StoreFile;","lastModifiedDate":"2022-10-24"},{"lineNumber":4,"author":{"gitId":"yuyanen"},"content":"import task.Deadline;","lastModifiedDate":"2022-10-24"},{"lineNumber":5,"author":{"gitId":"yuyanen"},"content":"import task.Events;","lastModifiedDate":"2022-10-24"},{"lineNumber":6,"author":{"gitId":"yuyanen"},"content":"import task.Task;","lastModifiedDate":"2022-10-24"},{"lineNumber":7,"author":{"gitId":"yuyanen"},"content":"import task.Todo;","lastModifiedDate":"2022-10-24"},{"lineNumber":8,"author":{"gitId":"yuyanen"},"content":"","lastModifiedDate":"2022-10-24"},{"lineNumber":9,"author":{"gitId":"yuyanen"},"content":"import java.time.LocalDate;","lastModifiedDate":"2022-10-19"},{"lineNumber":10,"author":{"gitId":"yuyanen"},"content":"import java.time.LocalDateTime;","lastModifiedDate":"2022-10-19"},{"lineNumber":11,"author":{"gitId":"yuyanen"},"content":"import java.time.format.DateTimeFormatter;","lastModifiedDate":"2022-10-19"},{"lineNumber":12,"author":{"gitId":"yuyanen"},"content":"import java.time.format.DateTimeParseException;","lastModifiedDate":"2022-10-19"},{"lineNumber":13,"author":{"gitId":"yuyanen"},"content":"import java.util.ArrayList;","lastModifiedDate":"2022-10-24"},{"lineNumber":14,"author":{"gitId":"yuyanen"},"content":"","lastModifiedDate":"2022-10-19"},{"lineNumber":15,"author":{"gitId":"yuyanen"},"content":"","lastModifiedDate":"2022-10-19"},{"lineNumber":16,"author":{"gitId":"yuyanen"},"content":"public class Method {","lastModifiedDate":"2022-10-19"},{"lineNumber":17,"author":{"gitId":"yuyanen"},"content":"","lastModifiedDate":"2022-10-19"},{"lineNumber":18,"author":{"gitId":"yuyanen"},"content":"        public static boolean isNumeric(String str) {","lastModifiedDate":"2022-10-19"},{"lineNumber":19,"author":{"gitId":"yuyanen"},"content":"            try {","lastModifiedDate":"2022-10-19"},{"lineNumber":20,"author":{"gitId":"yuyanen"},"content":"                String strNum\u003dstr;","lastModifiedDate":"2022-10-19"},{"lineNumber":21,"author":{"gitId":"yuyanen"},"content":"                if(str.contains(\" \")){","lastModifiedDate":"2022-10-19"},{"lineNumber":22,"author":{"gitId":"yuyanen"},"content":"                    String[] array \u003d str.split(\" \");","lastModifiedDate":"2022-10-19"},{"lineNumber":23,"author":{"gitId":"yuyanen"},"content":"                    strNum \u003d array[0];","lastModifiedDate":"2022-10-19"},{"lineNumber":24,"author":{"gitId":"yuyanen"},"content":"","lastModifiedDate":"2022-10-19"},{"lineNumber":25,"author":{"gitId":"yuyanen"},"content":"                }","lastModifiedDate":"2022-10-19"},{"lineNumber":26,"author":{"gitId":"yuyanen"},"content":"                String[] num \u003d strNum.split(\"/\");","lastModifiedDate":"2022-10-19"},{"lineNumber":27,"author":{"gitId":"yuyanen"},"content":"                if(num.length\u003d\u003d1){","lastModifiedDate":"2022-10-19"},{"lineNumber":28,"author":{"gitId":"yuyanen"},"content":"                    Integer.parseInt(str);","lastModifiedDate":"2022-10-19"},{"lineNumber":29,"author":{"gitId":"yuyanen"},"content":"                }","lastModifiedDate":"2022-10-19"},{"lineNumber":30,"author":{"gitId":"yuyanen"},"content":"                if(num.length\u003d\u003d2){","lastModifiedDate":"2022-10-19"},{"lineNumber":31,"author":{"gitId":"yuyanen"},"content":"                    Integer.parseInt(num[0]);","lastModifiedDate":"2022-10-19"},{"lineNumber":32,"author":{"gitId":"yuyanen"},"content":"                    Integer.parseInt(num[1]);","lastModifiedDate":"2022-10-19"},{"lineNumber":33,"author":{"gitId":"yuyanen"},"content":"                }","lastModifiedDate":"2022-10-19"},{"lineNumber":34,"author":{"gitId":"yuyanen"},"content":"                if(num.length\u003d\u003d3){","lastModifiedDate":"2022-10-19"},{"lineNumber":35,"author":{"gitId":"yuyanen"},"content":"                    Integer.parseInt(num[0]);","lastModifiedDate":"2022-10-19"},{"lineNumber":36,"author":{"gitId":"yuyanen"},"content":"                    Integer.parseInt(num[1]);","lastModifiedDate":"2022-10-19"},{"lineNumber":37,"author":{"gitId":"yuyanen"},"content":"                    Integer.parseInt(num[2]);","lastModifiedDate":"2022-10-19"},{"lineNumber":38,"author":{"gitId":"yuyanen"},"content":"                }","lastModifiedDate":"2022-10-19"},{"lineNumber":39,"author":{"gitId":"yuyanen"},"content":"                return true;","lastModifiedDate":"2022-10-19"},{"lineNumber":40,"author":{"gitId":"yuyanen"},"content":"            } catch(NumberFormatException e){","lastModifiedDate":"2022-10-19"},{"lineNumber":41,"author":{"gitId":"yuyanen"},"content":"                return false;","lastModifiedDate":"2022-10-19"},{"lineNumber":42,"author":{"gitId":"yuyanen"},"content":"            }","lastModifiedDate":"2022-10-19"},{"lineNumber":43,"author":{"gitId":"yuyanen"},"content":"        }","lastModifiedDate":"2022-10-19"},{"lineNumber":44,"author":{"gitId":"yuyanen"},"content":"","lastModifiedDate":"2022-10-19"},{"lineNumber":45,"author":{"gitId":"yuyanen"},"content":"","lastModifiedDate":"2022-10-19"},{"lineNumber":46,"author":{"gitId":"yuyanen"},"content":"            /**","lastModifiedDate":"2022-10-19"},{"lineNumber":47,"author":{"gitId":"yuyanen"},"content":"             * Returns String of Date and time.","lastModifiedDate":"2022-10-26"},{"lineNumber":48,"author":{"gitId":"yuyanen"},"content":"             * If input format is not year/month/day, returned year/month/day.","lastModifiedDate":"2022-10-26"},{"lineNumber":49,"author":{"gitId":"yuyanen"},"content":"             * \u003cp\u003e","lastModifiedDate":"2022-10-26"},{"lineNumber":50,"author":{"gitId":"yuyanen"},"content":"             * This method always returns year/month/day whether user input correct","lastModifiedDate":"2022-10-26"},{"lineNumber":51,"author":{"gitId":"yuyanen"},"content":"             * format or not.When user input day/month/year, it will automatical","lastModifiedDate":"2022-10-26"},{"lineNumber":52,"author":{"gitId":"yuyanen"},"content":"             * convert to year/month/day.","lastModifiedDate":"2022-10-26"},{"lineNumber":53,"author":{"gitId":"yuyanen"},"content":"             * @param InputDate user input string date","lastModifiedDate":"2022-10-26"},{"lineNumber":54,"author":{"gitId":"yuyanen"},"content":"             * @return year/month/day or year/month/day/time","lastModifiedDate":"2022-10-26"},{"lineNumber":55,"author":{"gitId":"yuyanen"},"content":"             */","lastModifiedDate":"2022-10-19"},{"lineNumber":56,"author":{"gitId":"yuyanen"},"content":"        public static String convertToValidDate(String InputDate) {","lastModifiedDate":"2022-10-19"},{"lineNumber":57,"author":{"gitId":"yuyanen"},"content":"            String input \u003d InputDate;","lastModifiedDate":"2022-10-24"},{"lineNumber":58,"author":{"gitId":"yuyanen"},"content":"            if (InputDate.contains(\" \")) {","lastModifiedDate":"2022-10-24"},{"lineNumber":59,"author":{"gitId":"yuyanen"},"content":"                String[] stringDate \u003d InputDate.split(\" \");","lastModifiedDate":"2022-10-24"},{"lineNumber":60,"author":{"gitId":"yuyanen"},"content":"                input \u003d stringDate[0];","lastModifiedDate":"2022-10-24"},{"lineNumber":61,"author":{"gitId":"yuyanen"},"content":"            }","lastModifiedDate":"2022-10-24"},{"lineNumber":62,"author":{"gitId":"yuyanen"},"content":"            String[] date \u003d input.split(\"/\");","lastModifiedDate":"2022-10-24"},{"lineNumber":63,"author":{"gitId":"yuyanen"},"content":"                String year \u003d date[0];","lastModifiedDate":"2022-10-19"},{"lineNumber":64,"author":{"gitId":"yuyanen"},"content":"                String month \u003d date[1];","lastModifiedDate":"2022-10-19"},{"lineNumber":65,"author":{"gitId":"yuyanen"},"content":"                String day \u003d date[2];","lastModifiedDate":"2022-10-19"},{"lineNumber":66,"author":{"gitId":"yuyanen"},"content":"","lastModifiedDate":"2022-10-19"},{"lineNumber":67,"author":{"gitId":"yuyanen"},"content":"            try {","lastModifiedDate":"2022-10-19"},{"lineNumber":68,"author":{"gitId":"yuyanen"},"content":"                    if (year.length() !\u003d 4) {","lastModifiedDate":"2022-10-19"},{"lineNumber":69,"author":{"gitId":"yuyanen"},"content":"                        if (date[1].length() \u003d\u003d 4 \u0026\u0026 date[2].length() !\u003d 4) {","lastModifiedDate":"2022-10-19"},{"lineNumber":70,"author":{"gitId":"yuyanen"},"content":"                            year \u003d date[1];","lastModifiedDate":"2022-10-19"},{"lineNumber":71,"author":{"gitId":"yuyanen"},"content":"                        } else if (date[2].length() \u003d\u003d 4 \u0026\u0026 date[1].length() !\u003d 4) {","lastModifiedDate":"2022-10-19"},{"lineNumber":72,"author":{"gitId":"yuyanen"},"content":"                            year \u003d date[2];","lastModifiedDate":"2022-10-19"},{"lineNumber":73,"author":{"gitId":"yuyanen"},"content":"                        }","lastModifiedDate":"2022-10-19"},{"lineNumber":74,"author":{"gitId":"yuyanen"},"content":"                    }","lastModifiedDate":"2022-10-19"},{"lineNumber":75,"author":{"gitId":"yuyanen"},"content":"                    if (Integer.parseInt(day) \u003c 1 || Integer.parseInt(day) \u003e 31) {","lastModifiedDate":"2022-10-24"},{"lineNumber":76,"author":{"gitId":"yuyanen"},"content":"                        if (Integer.parseInt(date[0]) \u003e\u003d 1 \u0026\u0026 Integer.parseInt(date[0]) \u003c\u003d 31) {","lastModifiedDate":"2022-10-19"},{"lineNumber":77,"author":{"gitId":"yuyanen"},"content":"                            day \u003d date[0];","lastModifiedDate":"2022-10-19"},{"lineNumber":78,"author":{"gitId":"yuyanen"},"content":"                        }","lastModifiedDate":"2022-10-19"},{"lineNumber":79,"author":{"gitId":"yuyanen"},"content":"                    }","lastModifiedDate":"2022-10-19"},{"lineNumber":80,"author":{"gitId":"yuyanen"},"content":"                } catch (DateTimeParseException e) {","lastModifiedDate":"2022-10-19"},{"lineNumber":81,"author":{"gitId":"yuyanen"},"content":"                    System.out.println(\"Pls enter valid date or time\");","lastModifiedDate":"2022-10-19"},{"lineNumber":82,"author":{"gitId":"yuyanen"},"content":"                }","lastModifiedDate":"2022-10-19"},{"lineNumber":83,"author":{"gitId":"yuyanen"},"content":"","lastModifiedDate":"2022-10-19"},{"lineNumber":84,"author":{"gitId":"yuyanen"},"content":"                if (month.length() \u003d\u003d 1 ) {","lastModifiedDate":"2022-10-24"},{"lineNumber":85,"author":{"gitId":"yuyanen"},"content":"                    month \u003d \u00270\u0027 + month;","lastModifiedDate":"2022-10-19"},{"lineNumber":86,"author":{"gitId":"yuyanen"},"content":"                }","lastModifiedDate":"2022-10-19"},{"lineNumber":87,"author":{"gitId":"yuyanen"},"content":"","lastModifiedDate":"2022-10-19"},{"lineNumber":88,"author":{"gitId":"yuyanen"},"content":"                if (day.length() \u003d\u003d 1 ) {","lastModifiedDate":"2022-10-24"},{"lineNumber":89,"author":{"gitId":"yuyanen"},"content":"                    day \u003d \u00270\u0027 + day;","lastModifiedDate":"2022-10-19"},{"lineNumber":90,"author":{"gitId":"yuyanen"},"content":"                }","lastModifiedDate":"2022-10-19"},{"lineNumber":91,"author":{"gitId":"yuyanen"},"content":"","lastModifiedDate":"2022-10-19"},{"lineNumber":92,"author":{"gitId":"yuyanen"},"content":"            assert (year.length() \u003d\u003d4 \u0026\u0026 day.length() \u003d\u003d4) : \"Is not valid year\";","lastModifiedDate":"2022-10-24"},{"lineNumber":93,"author":{"gitId":"yuyanen"},"content":"            assert (Integer.parseInt(month)\u003c1 || Integer.parseInt(month)\u003e12) : \"Is not valid month\";","lastModifiedDate":"2022-10-24"},{"lineNumber":94,"author":{"gitId":"yuyanen"},"content":"            assert ((Integer.parseInt(year)\u003c1 || Integer.parseInt(year)\u003e31)) \u0026\u0026 ((Integer.parseInt(day)\u003c1 ||(Integer.parseInt(day)\u003e31))) : \"Is not valid day\";","lastModifiedDate":"2022-10-24"},{"lineNumber":95,"author":{"gitId":"yuyanen"},"content":"","lastModifiedDate":"2022-10-24"},{"lineNumber":96,"author":{"gitId":"yuyanen"},"content":"                if (InputDate.contains(\" \")) {","lastModifiedDate":"2022-10-19"},{"lineNumber":97,"author":{"gitId":"yuyanen"},"content":"                    return year + \"/\" + month + \"/\" + day + InputDate.substring(InputDate.length() - 5);","lastModifiedDate":"2022-10-19"},{"lineNumber":98,"author":{"gitId":"yuyanen"},"content":"                } else {","lastModifiedDate":"2022-10-19"},{"lineNumber":99,"author":{"gitId":"yuyanen"},"content":"                    return year + \"/\" + month + \"/\" + day;","lastModifiedDate":"2022-10-19"},{"lineNumber":100,"author":{"gitId":"yuyanen"},"content":"                }","lastModifiedDate":"2022-10-19"},{"lineNumber":101,"author":{"gitId":"yuyanen"},"content":"","lastModifiedDate":"2022-10-19"},{"lineNumber":102,"author":{"gitId":"yuyanen"},"content":"        }","lastModifiedDate":"2022-10-19"},{"lineNumber":103,"author":{"gitId":"yuyanen"},"content":"","lastModifiedDate":"2022-10-19"},{"lineNumber":104,"author":{"gitId":"yuyanen"},"content":"","lastModifiedDate":"2022-10-19"},{"lineNumber":105,"author":{"gitId":"yuyanen"},"content":"    /**","lastModifiedDate":"2022-10-26"},{"lineNumber":106,"author":{"gitId":"yuyanen"},"content":"     * Returns Date pattern Month/day/year.","lastModifiedDate":"2022-10-26"},{"lineNumber":107,"author":{"gitId":"yuyanen"},"content":"     * This method always returns Date format when user input date as string.","lastModifiedDate":"2022-10-26"},{"lineNumber":108,"author":{"gitId":"yuyanen"},"content":"     *","lastModifiedDate":"2022-10-26"},{"lineNumber":109,"author":{"gitId":"yuyanen"},"content":"     * @param inputDate user input string date.","lastModifiedDate":"2022-10-26"},{"lineNumber":110,"author":{"gitId":"yuyanen"},"content":"     * @return DateFormat date.","lastModifiedDate":"2022-10-26"},{"lineNumber":111,"author":{"gitId":"yuyanen"},"content":"     * @throws DateTimeParseException if year/month/day is not DateFormat","lastModifiedDate":"2022-10-26"},{"lineNumber":112,"author":{"gitId":"yuyanen"},"content":"     */","lastModifiedDate":"2022-10-26"},{"lineNumber":113,"author":{"gitId":"yuyanen"},"content":"        public static String convertToDate(String inputDate) throws DateTimeParseException {","lastModifiedDate":"2022-10-19"},{"lineNumber":114,"author":{"gitId":"yuyanen"},"content":"              String strDate \u003d convertToValidDate(inputDate);","lastModifiedDate":"2022-10-24"},{"lineNumber":115,"author":{"gitId":"yuyanen"},"content":"                    strDate \u003d strDate.replaceAll(\"/\",\"-\");","lastModifiedDate":"2022-10-19"},{"lineNumber":116,"author":{"gitId":"yuyanen"},"content":"                    LocalDate date \u003d LocalDate.parse(strDate);","lastModifiedDate":"2022-10-19"},{"lineNumber":117,"author":{"gitId":"yuyanen"},"content":"                    DateTimeFormatter dateFormat \u003d DateTimeFormatter.ofPattern(\"MMM dd yyyy\");","lastModifiedDate":"2022-10-19"},{"lineNumber":118,"author":{"gitId":"yuyanen"},"content":"                return date.format(dateFormat);","lastModifiedDate":"2022-10-19"},{"lineNumber":119,"author":{"gitId":"yuyanen"},"content":"        }","lastModifiedDate":"2022-10-19"},{"lineNumber":120,"author":{"gitId":"yuyanen"},"content":"","lastModifiedDate":"2022-10-19"},{"lineNumber":121,"author":{"gitId":"yuyanen"},"content":"    /**","lastModifiedDate":"2022-10-19"},{"lineNumber":122,"author":{"gitId":"yuyanen"},"content":"     *Return Date and time pattern  Month/day/year time.","lastModifiedDate":"2022-10-26"},{"lineNumber":123,"author":{"gitId":"yuyanen"},"content":"     * This method always returns DateTime format when user input date and time as string.","lastModifiedDate":"2022-10-26"},{"lineNumber":124,"author":{"gitId":"yuyanen"},"content":"     *","lastModifiedDate":"2022-10-26"},{"lineNumber":125,"author":{"gitId":"yuyanen"},"content":"     * @param inputDate user input string date and time.","lastModifiedDate":"2022-10-26"},{"lineNumber":126,"author":{"gitId":"yuyanen"},"content":"     * @return DateFormat date and time.","lastModifiedDate":"2022-10-26"},{"lineNumber":127,"author":{"gitId":"yuyanen"},"content":"     * @throws DateTimeParseException if year/month/day/time is not DateFormat","lastModifiedDate":"2022-10-26"},{"lineNumber":128,"author":{"gitId":"yuyanen"},"content":"     */","lastModifiedDate":"2022-10-19"},{"lineNumber":129,"author":{"gitId":"yuyanen"},"content":"        public static String convertToTime(String inputDate) throws DateTimeParseException {","lastModifiedDate":"2022-10-19"},{"lineNumber":130,"author":{"gitId":"yuyanen"},"content":"              String str \u003d convertToValidDate(inputDate);","lastModifiedDate":"2022-10-24"},{"lineNumber":131,"author":{"gitId":"yuyanen"},"content":"              String  strDate \u003d str.replaceAll(\"/\", \"-\");","lastModifiedDate":"2022-10-19"},{"lineNumber":132,"author":{"gitId":"yuyanen"},"content":"              for(char c: strDate.toCharArray()){","lastModifiedDate":"2022-10-19"},{"lineNumber":133,"author":{"gitId":"yuyanen"},"content":"                 if(c\u003d\u003d\u0027 \u0027){","lastModifiedDate":"2022-10-19"},{"lineNumber":134,"author":{"gitId":"yuyanen"},"content":"                 strDate \u003d strDate.replace(\" \",\"T\");","lastModifiedDate":"2022-10-19"},{"lineNumber":135,"author":{"gitId":"yuyanen"},"content":"                 int posT \u003d strDate.indexOf(\"T\");","lastModifiedDate":"2022-10-19"},{"lineNumber":136,"author":{"gitId":"yuyanen"},"content":"                 strDate \u003d strDate.substring(0,posT+3)+\":\"+ strDate.substring(posT+3);","lastModifiedDate":"2022-10-19"},{"lineNumber":137,"author":{"gitId":"yuyanen"},"content":"                 }","lastModifiedDate":"2022-10-19"},{"lineNumber":138,"author":{"gitId":"yuyanen"},"content":"              }","lastModifiedDate":"2022-10-19"},{"lineNumber":139,"author":{"gitId":"yuyanen"},"content":"              LocalDateTime date \u003d LocalDateTime.parse(strDate);","lastModifiedDate":"2022-10-19"},{"lineNumber":140,"author":{"gitId":"yuyanen"},"content":"              DateTimeFormatter dateFormat \u003d DateTimeFormatter.ofPattern(\"MMM dd yyyy hhmma\");","lastModifiedDate":"2022-10-19"},{"lineNumber":141,"author":{"gitId":"yuyanen"},"content":"              return date.format(dateFormat);","lastModifiedDate":"2022-10-19"},{"lineNumber":142,"author":{"gitId":"yuyanen"},"content":"        }","lastModifiedDate":"2022-10-19"},{"lineNumber":143,"author":{"gitId":"yuyanen"},"content":"","lastModifiedDate":"2022-10-19"},{"lineNumber":144,"author":{"gitId":"yuyanen"},"content":"","lastModifiedDate":"2022-10-19"},{"lineNumber":145,"author":{"gitId":"yuyanen"},"content":"    /**","lastModifiedDate":"2022-10-19"},{"lineNumber":146,"author":{"gitId":"yuyanen"},"content":"     *Returns String date or datetime.","lastModifiedDate":"2022-10-26"},{"lineNumber":147,"author":{"gitId":"yuyanen"},"content":"     * If user input is year/month/day,date returned","lastModifiedDate":"2022-10-26"},{"lineNumber":148,"author":{"gitId":"yuyanen"},"content":"     * If user input is year/month/day/time, date and time returned","lastModifiedDate":"2022-10-26"},{"lineNumber":149,"author":{"gitId":"yuyanen"},"content":"     *","lastModifiedDate":"2022-10-26"},{"lineNumber":150,"author":{"gitId":"yuyanen"},"content":"     * @param inputDate user input string date","lastModifiedDate":"2022-10-26"},{"lineNumber":151,"author":{"gitId":"yuyanen"},"content":"     * @return string date.","lastModifiedDate":"2022-10-26"},{"lineNumber":152,"author":{"gitId":"yuyanen"},"content":"     */","lastModifiedDate":"2022-10-19"},{"lineNumber":153,"author":{"gitId":"yuyanen"},"content":"    public static String DateTime(String inputDate){","lastModifiedDate":"2022-10-19"},{"lineNumber":154,"author":{"gitId":"yuyanen"},"content":"           String date\u003dinputDate;","lastModifiedDate":"2022-10-19"},{"lineNumber":155,"author":{"gitId":"yuyanen"},"content":"            try {","lastModifiedDate":"2022-10-19"},{"lineNumber":156,"author":{"gitId":"yuyanen"},"content":"               if (isNumeric(inputDate)) {","lastModifiedDate":"2022-10-19"},{"lineNumber":157,"author":{"gitId":"yuyanen"},"content":"                  if(inputDate.contains(\" \")){","lastModifiedDate":"2022-10-19"},{"lineNumber":158,"author":{"gitId":"yuyanen"},"content":"                    date\u003d convertToTime(inputDate);","lastModifiedDate":"2022-10-19"},{"lineNumber":159,"author":{"gitId":"yuyanen"},"content":"                   }else{","lastModifiedDate":"2022-10-19"},{"lineNumber":160,"author":{"gitId":"yuyanen"},"content":"                    date\u003d convertToDate(inputDate);","lastModifiedDate":"2022-10-19"},{"lineNumber":161,"author":{"gitId":"yuyanen"},"content":"                }","lastModifiedDate":"2022-10-19"},{"lineNumber":162,"author":{"gitId":"yuyanen"},"content":"            }","lastModifiedDate":"2022-10-19"},{"lineNumber":163,"author":{"gitId":"yuyanen"},"content":"        }catch(NumberFormatException e){","lastModifiedDate":"2022-10-19"},{"lineNumber":164,"author":{"gitId":"yuyanen"},"content":"            System.out.println(\"Pls enter number as date\");","lastModifiedDate":"2022-10-19"},{"lineNumber":165,"author":{"gitId":"yuyanen"},"content":"        }","lastModifiedDate":"2022-10-19"},{"lineNumber":166,"author":{"gitId":"yuyanen"},"content":"        return date;","lastModifiedDate":"2022-10-19"},{"lineNumber":167,"author":{"gitId":"yuyanen"},"content":"    }","lastModifiedDate":"2022-10-19"},{"lineNumber":168,"author":{"gitId":"yuyanen"},"content":"","lastModifiedDate":"2022-10-19"},{"lineNumber":169,"author":{"gitId":"yuyanen"},"content":"","lastModifiedDate":"2022-10-26"},{"lineNumber":170,"author":{"gitId":"yuyanen"},"content":"    /**","lastModifiedDate":"2022-10-26"},{"lineNumber":171,"author":{"gitId":"yuyanen"},"content":"     * Return a list of item which is contains searching words.","lastModifiedDate":"2022-10-26"},{"lineNumber":172,"author":{"gitId":"yuyanen"},"content":"     * If the task list contain searching words,a list of item contains searching words returned.","lastModifiedDate":"2022-10-26"},{"lineNumber":173,"author":{"gitId":"yuyanen"},"content":"     *","lastModifiedDate":"2022-10-26"},{"lineNumber":174,"author":{"gitId":"yuyanen"},"content":"     * @param listItems a list of task","lastModifiedDate":"2022-10-26"},{"lineNumber":175,"author":{"gitId":"yuyanen"},"content":"     * @param Input searching words","lastModifiedDate":"2022-10-26"},{"lineNumber":176,"author":{"gitId":"yuyanen"},"content":"     */","lastModifiedDate":"2022-10-26"},{"lineNumber":177,"author":{"gitId":"yuyanen"},"content":"     public static void searchWord(ArrayList\u003cTask\u003e listItems, String Input){","lastModifiedDate":"2022-10-24"},{"lineNumber":178,"author":{"gitId":"yuyanen"},"content":"         ArrayList\u003cString\u003e findList \u003d new ArrayList\u003c\u003e();","lastModifiedDate":"2022-10-24"},{"lineNumber":179,"author":{"gitId":"yuyanen"},"content":"         String keyWord \u003d Input.substring(5);","lastModifiedDate":"2022-10-24"},{"lineNumber":180,"author":{"gitId":"yuyanen"},"content":"         for(Task item: listItems){","lastModifiedDate":"2022-10-24"},{"lineNumber":181,"author":{"gitId":"yuyanen"},"content":"             if(item.description.contains(keyWord)){","lastModifiedDate":"2022-10-24"},{"lineNumber":182,"author":{"gitId":"yuyanen"},"content":"                 String find \u003d \".\" + item;","lastModifiedDate":"2022-10-24"},{"lineNumber":183,"author":{"gitId":"yuyanen"},"content":"                 findList.add(find);","lastModifiedDate":"2022-10-24"},{"lineNumber":184,"author":{"gitId":"yuyanen"},"content":"             }","lastModifiedDate":"2022-10-24"},{"lineNumber":185,"author":{"gitId":"yuyanen"},"content":"         }","lastModifiedDate":"2022-10-24"},{"lineNumber":186,"author":{"gitId":"yuyanen"},"content":"         if(!findList.isEmpty()){","lastModifiedDate":"2022-10-24"},{"lineNumber":187,"author":{"gitId":"yuyanen"},"content":"             System.out.println(\"Here are the matching tasks in your list:\");","lastModifiedDate":"2022-10-24"},{"lineNumber":188,"author":{"gitId":"yuyanen"},"content":"             for(String item: findList){","lastModifiedDate":"2022-10-24"},{"lineNumber":189,"author":{"gitId":"yuyanen"},"content":"               System.out.println(findList.indexOf(item) + 1 + item);","lastModifiedDate":"2022-10-24"},{"lineNumber":190,"author":{"gitId":"yuyanen"},"content":"             }","lastModifiedDate":"2022-10-24"},{"lineNumber":191,"author":{"gitId":"yuyanen"},"content":"         }else{","lastModifiedDate":"2022-10-24"},{"lineNumber":192,"author":{"gitId":"yuyanen"},"content":"             System.out.println(\"The searching word is not in your list:\");","lastModifiedDate":"2022-10-24"},{"lineNumber":193,"author":{"gitId":"yuyanen"},"content":"         }","lastModifiedDate":"2022-10-24"},{"lineNumber":194,"author":{"gitId":"yuyanen"},"content":"     }","lastModifiedDate":"2022-10-24"},{"lineNumber":195,"author":{"gitId":"yuyanen"},"content":"","lastModifiedDate":"2022-10-24"},{"lineNumber":196,"author":{"gitId":"yuyanen"},"content":"    public static void eventFunction(ArrayList\u003cTask\u003e listItems, String Input){","lastModifiedDate":"2022-10-24"},{"lineNumber":197,"author":{"gitId":"yuyanen"},"content":"        int Pos \u003d Input.indexOf(\"/\");","lastModifiedDate":"2022-10-24"},{"lineNumber":198,"author":{"gitId":"yuyanen"},"content":"        String eventsTask \u003d Input.substring(6,Pos);","lastModifiedDate":"2022-10-24"},{"lineNumber":199,"author":{"gitId":"yuyanen"},"content":"        String eventsDate \u003d Input.substring(Pos+4);","lastModifiedDate":"2022-10-24"},{"lineNumber":200,"author":{"gitId":"yuyanen"},"content":"        Events taskEvent \u003d new Events(eventsTask,eventsDate);","lastModifiedDate":"2022-10-24"},{"lineNumber":201,"author":{"gitId":"yuyanen"},"content":"        listItems.add(taskEvent);","lastModifiedDate":"2022-10-24"},{"lineNumber":202,"author":{"gitId":"yuyanen"},"content":"        System.out.println(\"Got it. I\u0027ve added this task: \");","lastModifiedDate":"2022-10-24"},{"lineNumber":203,"author":{"gitId":"yuyanen"},"content":"        System.out.println(taskEvent);","lastModifiedDate":"2022-10-24"},{"lineNumber":204,"author":{"gitId":"yuyanen"},"content":"        System.out.println(\"Now you have \" + listItems.size() + \" tasks in the list.\");","lastModifiedDate":"2022-10-24"},{"lineNumber":205,"author":{"gitId":"yuyanen"},"content":"","lastModifiedDate":"2022-10-24"},{"lineNumber":206,"author":{"gitId":"yuyanen"},"content":"    }","lastModifiedDate":"2022-10-24"},{"lineNumber":207,"author":{"gitId":"yuyanen"},"content":"","lastModifiedDate":"2022-10-24"},{"lineNumber":208,"author":{"gitId":"yuyanen"},"content":"    public static void deleteFunction(ArrayList\u003cTask\u003e listItems, String Input){","lastModifiedDate":"2022-10-24"},{"lineNumber":209,"author":{"gitId":"yuyanen"},"content":"        try{","lastModifiedDate":"2022-10-24"},{"lineNumber":210,"author":{"gitId":"yuyanen"},"content":"            String[] userInput \u003d Input.split(\" \");","lastModifiedDate":"2022-10-24"},{"lineNumber":211,"author":{"gitId":"yuyanen"},"content":"            int DeleteNum \u003d Integer.parseInt(userInput[1]);","lastModifiedDate":"2022-10-24"},{"lineNumber":212,"author":{"gitId":"yuyanen"},"content":"            Task t \u003d listItems.get(DeleteNum-1);","lastModifiedDate":"2022-10-24"},{"lineNumber":213,"author":{"gitId":"yuyanen"},"content":"            listItems.remove(DeleteNum-1);","lastModifiedDate":"2022-10-24"},{"lineNumber":214,"author":{"gitId":"yuyanen"},"content":"            System.out.println(\"Noted. I\u0027ve removed this task:\");","lastModifiedDate":"2022-10-24"},{"lineNumber":215,"author":{"gitId":"yuyanen"},"content":"            System.out.println(t);","lastModifiedDate":"2022-10-24"},{"lineNumber":216,"author":{"gitId":"yuyanen"},"content":"            System.out.println(\"Now you have \" + listItems.size() + \" tasks in the list.\");","lastModifiedDate":"2022-10-24"},{"lineNumber":217,"author":{"gitId":"yuyanen"},"content":"        }catch(IndexOutOfBoundsException e){","lastModifiedDate":"2022-10-24"},{"lineNumber":218,"author":{"gitId":"yuyanen"},"content":"            System.out.println(\"☹ OOPS!!! The index out of arraylist length\");","lastModifiedDate":"2022-10-24"},{"lineNumber":219,"author":{"gitId":"yuyanen"},"content":"        }","lastModifiedDate":"2022-10-24"},{"lineNumber":220,"author":{"gitId":"yuyanen"},"content":"    }","lastModifiedDate":"2022-10-24"},{"lineNumber":221,"author":{"gitId":"yuyanen"},"content":"","lastModifiedDate":"2022-10-24"},{"lineNumber":222,"author":{"gitId":"yuyanen"},"content":"    public static void todoFunction(ArrayList\u003cTask\u003e listItems, String Input){","lastModifiedDate":"2022-10-24"},{"lineNumber":223,"author":{"gitId":"yuyanen"},"content":"        String todoTask \u003d Input.substring(5);","lastModifiedDate":"2022-10-24"},{"lineNumber":224,"author":{"gitId":"yuyanen"},"content":"        Todo taskTodo \u003d new Todo(todoTask);","lastModifiedDate":"2022-10-24"},{"lineNumber":225,"author":{"gitId":"yuyanen"},"content":"        listItems.add(taskTodo);","lastModifiedDate":"2022-10-24"},{"lineNumber":226,"author":{"gitId":"yuyanen"},"content":"        System.out.println(\"Got it. I\u0027ve added this task: \");","lastModifiedDate":"2022-10-24"},{"lineNumber":227,"author":{"gitId":"yuyanen"},"content":"        System.out.println(taskTodo);","lastModifiedDate":"2022-10-24"},{"lineNumber":228,"author":{"gitId":"yuyanen"},"content":"        System.out.println(\"Now you have \" + listItems.size() + \" tasks in the list.\");","lastModifiedDate":"2022-10-24"},{"lineNumber":229,"author":{"gitId":"yuyanen"},"content":"    }","lastModifiedDate":"2022-10-24"},{"lineNumber":230,"author":{"gitId":"yuyanen"},"content":"","lastModifiedDate":"2022-10-24"},{"lineNumber":231,"author":{"gitId":"yuyanen"},"content":"    public static void deadlineFunction(ArrayList\u003cTask\u003e listItems, String Input){","lastModifiedDate":"2022-10-24"},{"lineNumber":232,"author":{"gitId":"yuyanen"},"content":"        int divPos \u003d Input.indexOf(\"/\");","lastModifiedDate":"2022-10-24"},{"lineNumber":233,"author":{"gitId":"yuyanen"},"content":"        String deadlineTask \u003d Input.substring(9,divPos);","lastModifiedDate":"2022-10-24"},{"lineNumber":234,"author":{"gitId":"yuyanen"},"content":"        String deadlineDate \u003d Input.substring(divPos+4);","lastModifiedDate":"2022-10-24"},{"lineNumber":235,"author":{"gitId":"yuyanen"},"content":"        Deadline taskDeadline \u003d new Deadline(deadlineTask,deadlineDate);","lastModifiedDate":"2022-10-24"},{"lineNumber":236,"author":{"gitId":"yuyanen"},"content":"        listItems.add(taskDeadline);","lastModifiedDate":"2022-10-24"},{"lineNumber":237,"author":{"gitId":"yuyanen"},"content":"        System.out.println(taskDeadline);","lastModifiedDate":"2022-10-24"},{"lineNumber":238,"author":{"gitId":"yuyanen"},"content":"        System.out.println(\"Got it. I\u0027ve added this task: \");","lastModifiedDate":"2022-10-24"},{"lineNumber":239,"author":{"gitId":"yuyanen"},"content":"        System.out.println(\"Now you have \" + listItems.size() + \" tasks in the list.\");","lastModifiedDate":"2022-10-24"},{"lineNumber":240,"author":{"gitId":"yuyanen"},"content":"    }","lastModifiedDate":"2022-10-24"},{"lineNumber":241,"author":{"gitId":"yuyanen"},"content":"","lastModifiedDate":"2022-10-24"},{"lineNumber":242,"author":{"gitId":"yuyanen"},"content":"    public static void unmarkFunction(ArrayList\u003cTask\u003e listItems, String Input){","lastModifiedDate":"2022-10-24"},{"lineNumber":243,"author":{"gitId":"yuyanen"},"content":"        String[] userInput \u003d Input.split(\" \");","lastModifiedDate":"2022-10-24"},{"lineNumber":244,"author":{"gitId":"yuyanen"},"content":"        int indexUnmark \u003d Integer.parseInt(userInput[1]);","lastModifiedDate":"2022-10-24"},{"lineNumber":245,"author":{"gitId":"yuyanen"},"content":"        Task unmarkTask \u003d listItems.get(indexUnmark-1);","lastModifiedDate":"2022-10-24"},{"lineNumber":246,"author":{"gitId":"yuyanen"},"content":"        unmarkTask.markAsNotdone();","lastModifiedDate":"2022-10-24"},{"lineNumber":247,"author":{"gitId":"yuyanen"},"content":"        System.out.println(\"OK, I\u0027ve marked this task as not done yet:\");","lastModifiedDate":"2022-10-24"},{"lineNumber":248,"author":{"gitId":"yuyanen"},"content":"        System.out.println(unmarkTask);","lastModifiedDate":"2022-10-24"},{"lineNumber":249,"author":{"gitId":"yuyanen"},"content":"    }","lastModifiedDate":"2022-10-24"},{"lineNumber":250,"author":{"gitId":"yuyanen"},"content":"","lastModifiedDate":"2022-10-24"},{"lineNumber":251,"author":{"gitId":"yuyanen"},"content":"    public static void markFunction(ArrayList\u003cTask\u003e listItems, String Input){","lastModifiedDate":"2022-10-24"},{"lineNumber":252,"author":{"gitId":"yuyanen"},"content":"        String[] userInput \u003d Input.split(\" \");","lastModifiedDate":"2022-10-24"},{"lineNumber":253,"author":{"gitId":"yuyanen"},"content":"        int indexMark \u003d Integer.parseInt(userInput[1]);","lastModifiedDate":"2022-10-24"},{"lineNumber":254,"author":{"gitId":"yuyanen"},"content":"        Task markTask \u003d listItems.get(indexMark-1);","lastModifiedDate":"2022-10-24"},{"lineNumber":255,"author":{"gitId":"yuyanen"},"content":"        markTask.markAsDone();","lastModifiedDate":"2022-10-24"},{"lineNumber":256,"author":{"gitId":"yuyanen"},"content":"        System.out.println(\"Nice! I\u0027ve marked this task as done:\");","lastModifiedDate":"2022-10-24"},{"lineNumber":257,"author":{"gitId":"yuyanen"},"content":"        System.out.println(markTask);","lastModifiedDate":"2022-10-24"},{"lineNumber":258,"author":{"gitId":"yuyanen"},"content":"    }","lastModifiedDate":"2022-10-24"},{"lineNumber":259,"author":{"gitId":"yuyanen"},"content":"","lastModifiedDate":"2022-10-24"},{"lineNumber":260,"author":{"gitId":"yuyanen"},"content":"    public static void printList(ArrayList\u003cTask\u003elistItems){","lastModifiedDate":"2022-10-24"},{"lineNumber":261,"author":{"gitId":"yuyanen"},"content":"        for(int i\u003d1;i\u003c\u003dlistItems.size();i++){","lastModifiedDate":"2022-10-24"},{"lineNumber":262,"author":{"gitId":"yuyanen"},"content":"            System.out.println(i + \".\" + listItems.get(i-1));","lastModifiedDate":"2022-10-24"},{"lineNumber":263,"author":{"gitId":"yuyanen"},"content":"        }","lastModifiedDate":"2022-10-24"},{"lineNumber":264,"author":{"gitId":"yuyanen"},"content":"    }","lastModifiedDate":"2022-10-24"},{"lineNumber":265,"author":{"gitId":"yuyanen"},"content":"","lastModifiedDate":"2022-10-24"},{"lineNumber":266,"author":{"gitId":"yuyanen"},"content":"    public static void save(ArrayList\u003cTask\u003e listItems){","lastModifiedDate":"2022-10-24"},{"lineNumber":267,"author":{"gitId":"yuyanen"},"content":"        StringBuilder list \u003d new StringBuilder();","lastModifiedDate":"2022-10-24"},{"lineNumber":268,"author":{"gitId":"yuyanen"},"content":"        for (Task listItem : listItems) {","lastModifiedDate":"2022-10-24"},{"lineNumber":269,"author":{"gitId":"yuyanen"},"content":"            list.append(listItem.getData()).append(\"\\n\");","lastModifiedDate":"2022-10-24"},{"lineNumber":270,"author":{"gitId":"yuyanen"},"content":"        }","lastModifiedDate":"2022-10-24"},{"lineNumber":271,"author":{"gitId":"yuyanen"},"content":"        StoreFile.writeToFile(list.toString());","lastModifiedDate":"2022-10-24"},{"lineNumber":272,"author":{"gitId":"yuyanen"},"content":"    }","lastModifiedDate":"2022-10-24"},{"lineNumber":273,"author":{"gitId":"yuyanen"},"content":"","lastModifiedDate":"2022-10-24"},{"lineNumber":274,"author":{"gitId":"yuyanen"},"content":"}","lastModifiedDate":"2022-10-19"}],"authorContributionMap":{"yuyanen":274}},{"path":"src/test/java/task/DeadlineTest.java","fileType":"java","lines":[{"lineNumber":1,"author":{"gitId":"yuyanen"},"content":"package task;","lastModifiedDate":"2022-10-22"},{"lineNumber":2,"author":{"gitId":"yuyanen"},"content":"","lastModifiedDate":"2022-10-22"},{"lineNumber":3,"author":{"gitId":"yuyanen"},"content":"import org.junit.jupiter.api.Test;","lastModifiedDate":"2022-10-22"},{"lineNumber":4,"author":{"gitId":"yuyanen"},"content":"","lastModifiedDate":"2022-10-22"},{"lineNumber":5,"author":{"gitId":"yuyanen"},"content":"import static org.junit.jupiter.api.Assertions.assertEquals;","lastModifiedDate":"2022-10-22"},{"lineNumber":6,"author":{"gitId":"yuyanen"},"content":"","lastModifiedDate":"2022-10-22"},{"lineNumber":7,"author":{"gitId":"yuyanen"},"content":"public class DeadlineTest {","lastModifiedDate":"2022-10-22"},{"lineNumber":8,"author":{"gitId":"yuyanen"},"content":"    Deadline task \u003d new Deadline(\"return book\",\"2015/5/6 1800\");","lastModifiedDate":"2022-10-22"},{"lineNumber":9,"author":{"gitId":"yuyanen"},"content":"    @Test","lastModifiedDate":"2022-10-22"},{"lineNumber":10,"author":{"gitId":"yuyanen"},"content":"    public void dummyTest(){","lastModifiedDate":"2022-10-22"},{"lineNumber":11,"author":{"gitId":"yuyanen"},"content":"        assertEquals(\"[D][ ]return book (by: May 06 2015 0600PM)\", task.toString(), \"works\");","lastModifiedDate":"2022-10-22"},{"lineNumber":12,"author":{"gitId":"yuyanen"},"content":"    }","lastModifiedDate":"2022-10-22"},{"lineNumber":13,"author":{"gitId":"yuyanen"},"content":"","lastModifiedDate":"2022-10-22"},{"lineNumber":14,"author":{"gitId":"yuyanen"},"content":"    @Test","lastModifiedDate":"2022-10-22"},{"lineNumber":15,"author":{"gitId":"yuyanen"},"content":"    public void anotherDummyTest(){","lastModifiedDate":"2022-10-22"},{"lineNumber":16,"author":{"gitId":"yuyanen"},"content":"        task.markAsDone();","lastModifiedDate":"2022-10-22"},{"lineNumber":17,"author":{"gitId":"yuyanen"},"content":"        assertEquals(\"[D][x]return book (by: May 06 2015 0600PM)\", task.toString(), \" works\");","lastModifiedDate":"2022-10-22"},{"lineNumber":18,"author":{"gitId":"yuyanen"},"content":"    }","lastModifiedDate":"2022-10-22"},{"lineNumber":19,"author":{"gitId":"yuyanen"},"content":"}","lastModifiedDate":"2022-10-22"}],"authorContributionMap":{"yuyanen":19}},{"path":"src/test/java/task/TodoTest.java","fileType":"java","lines":[{"lineNumber":1,"author":{"gitId":"yuyanen"},"content":"package task;","lastModifiedDate":"2022-10-22"},{"lineNumber":2,"author":{"gitId":"yuyanen"},"content":"import org.junit.jupiter.api.Test;","lastModifiedDate":"2022-10-22"},{"lineNumber":3,"author":{"gitId":"yuyanen"},"content":"","lastModifiedDate":"2022-10-22"},{"lineNumber":4,"author":{"gitId":"yuyanen"},"content":"import static org.junit.jupiter.api.Assertions.assertEquals;","lastModifiedDate":"2022-10-22"},{"lineNumber":5,"author":{"gitId":"yuyanen"},"content":"","lastModifiedDate":"2022-10-22"},{"lineNumber":6,"author":{"gitId":"yuyanen"},"content":"public class TodoTest {","lastModifiedDate":"2022-10-22"},{"lineNumber":7,"author":{"gitId":"yuyanen"},"content":"    Todo task \u003d new Todo(\"read book\");","lastModifiedDate":"2022-10-22"},{"lineNumber":8,"author":{"gitId":"yuyanen"},"content":"    @Test","lastModifiedDate":"2022-10-22"},{"lineNumber":9,"author":{"gitId":"yuyanen"},"content":"    public void dummyTest(){","lastModifiedDate":"2022-10-22"},{"lineNumber":10,"author":{"gitId":"yuyanen"},"content":"        assertEquals(\"[T][ ]read book\", task.toString());","lastModifiedDate":"2022-10-22"},{"lineNumber":11,"author":{"gitId":"yuyanen"},"content":"    }","lastModifiedDate":"2022-10-22"},{"lineNumber":12,"author":{"gitId":"yuyanen"},"content":"","lastModifiedDate":"2022-10-22"},{"lineNumber":13,"author":{"gitId":"yuyanen"},"content":"    @Test","lastModifiedDate":"2022-10-22"},{"lineNumber":14,"author":{"gitId":"yuyanen"},"content":"    public void anotherDummyTest(){","lastModifiedDate":"2022-10-22"},{"lineNumber":15,"author":{"gitId":"yuyanen"},"content":"        task.markAsDone();","lastModifiedDate":"2022-10-22"},{"lineNumber":16,"author":{"gitId":"yuyanen"},"content":"        assertEquals(\"[T][x]read book\", task.toString());","lastModifiedDate":"2022-10-22"},{"lineNumber":17,"author":{"gitId":"yuyanen"},"content":"    }","lastModifiedDate":"2022-10-22"},{"lineNumber":18,"author":{"gitId":"yuyanen"},"content":"}","lastModifiedDate":"2022-10-22"}],"authorContributionMap":{"yuyanen":18}}]
