[{"path":"src/main/java/Deadline.java","fileType":"java","lines":[{"lineNumber":1,"author":{"gitId":"yuyanen"},"content":"public class Deadline extends Task{","lastModifiedDate":"2022-09-12"},{"lineNumber":2,"author":{"gitId":"yuyanen"},"content":"      protected String by;","lastModifiedDate":"2022-09-12"},{"lineNumber":3,"author":{"gitId":"yuyanen"},"content":"","lastModifiedDate":"2022-09-12"},{"lineNumber":4,"author":{"gitId":"yuyanen"},"content":"      public Deadline(String description, String by) {","lastModifiedDate":"2022-09-12"},{"lineNumber":5,"author":{"gitId":"yuyanen"},"content":"          super(description);","lastModifiedDate":"2022-09-12"},{"lineNumber":6,"author":{"gitId":"yuyanen"},"content":"          this.by \u003d by;","lastModifiedDate":"2022-09-12"},{"lineNumber":7,"author":{"gitId":"yuyanen"},"content":"      }","lastModifiedDate":"2022-09-12"},{"lineNumber":8,"author":{"gitId":"yuyanen"},"content":"      ","lastModifiedDate":"2022-09-12"},{"lineNumber":9,"author":{"gitId":"yuyanen"},"content":"          public String toString() {","lastModifiedDate":"2022-09-12"},{"lineNumber":10,"author":{"gitId":"yuyanen"},"content":"","lastModifiedDate":"2022-09-13"},{"lineNumber":11,"author":{"gitId":"yuyanen"},"content":"          return \"[D]\" + super.toString() + \" (by: \" + by + \")\";","lastModifiedDate":"2022-09-12"},{"lineNumber":12,"author":{"gitId":"yuyanen"},"content":"          }","lastModifiedDate":"2022-09-12"},{"lineNumber":13,"author":{"gitId":"yuyanen"},"content":"","lastModifiedDate":"2022-09-12"},{"lineNumber":14,"author":{"gitId":"yuyanen"},"content":"","lastModifiedDate":"2022-09-12"},{"lineNumber":15,"author":{"gitId":"yuyanen"},"content":"}","lastModifiedDate":"2022-09-12"}],"authorContributionMap":{"yuyanen":15}},{"path":"src/main/java/Duke.java","fileType":"java","lines":[{"lineNumber":1,"author":{"gitId":"-"},"content":"import java.util.Scanner;","lastModifiedDate":"2021-07-29"},{"lineNumber":2,"author":{"gitId":"yuyanen"},"content":"","lastModifiedDate":"2022-09-04"},{"lineNumber":3,"author":{"gitId":"-"},"content":"public class Duke {","lastModifiedDate":"2019-07-29"},{"lineNumber":4,"author":{"gitId":"yuyanen"},"content":"    private static int count \u003d 0;","lastModifiedDate":"2022-09-07"},{"lineNumber":5,"author":{"gitId":"yuyanen"},"content":"    private static Task[] tasks \u003d new Task[100];","lastModifiedDate":"2022-09-11"},{"lineNumber":6,"author":{"gitId":"yuyanen"},"content":"","lastModifiedDate":"2022-09-07"},{"lineNumber":7,"author":{"gitId":"yuyanen"},"content":"    public static void addList(Task t){","lastModifiedDate":"2022-09-07"},{"lineNumber":8,"author":{"gitId":"yuyanen"},"content":"        tasks[count]\u003dt;","lastModifiedDate":"2022-09-07"},{"lineNumber":9,"author":{"gitId":"yuyanen"},"content":"        count++;","lastModifiedDate":"2022-09-07"},{"lineNumber":10,"author":{"gitId":"yuyanen"},"content":"    }","lastModifiedDate":"2022-09-07"},{"lineNumber":11,"author":{"gitId":"yuyanen"},"content":"    public static void printList(){","lastModifiedDate":"2022-09-07"},{"lineNumber":12,"author":{"gitId":"yuyanen"},"content":"        for(int i\u003d1;i\u003c\u003dcount;i++){","lastModifiedDate":"2022-09-07"},{"lineNumber":13,"author":{"gitId":"yuyanen"},"content":"            System.out.println(i + \".\" + \" \" + tasks[i-1]);","lastModifiedDate":"2022-09-07"},{"lineNumber":14,"author":{"gitId":"yuyanen"},"content":"        }","lastModifiedDate":"2022-09-07"},{"lineNumber":15,"author":{"gitId":"yuyanen"},"content":"    }","lastModifiedDate":"2022-09-07"},{"lineNumber":16,"author":{"gitId":"yuyanen"},"content":"","lastModifiedDate":"2022-09-07"},{"lineNumber":17,"author":{"gitId":"yuyanen"},"content":"","lastModifiedDate":"2022-09-04"},{"lineNumber":18,"author":{"gitId":"-"},"content":"    public static void main(String[] args) {","lastModifiedDate":"2019-07-29"},{"lineNumber":19,"author":{"gitId":"-"},"content":"        String line;","lastModifiedDate":"2021-07-29"},{"lineNumber":20,"author":{"gitId":"-"},"content":"        Scanner in \u003d new Scanner(System.in);","lastModifiedDate":"2021-07-29"},{"lineNumber":21,"author":{"gitId":"-"},"content":"        System.out.println(\"Hello! I\u0027m Duke\");","lastModifiedDate":"2021-07-29"},{"lineNumber":22,"author":{"gitId":"-"},"content":"        System.out.println(\"What can I do for you?\");","lastModifiedDate":"2021-07-29"},{"lineNumber":23,"author":{"gitId":"yuyanen"},"content":"","lastModifiedDate":"2022-09-04"},{"lineNumber":24,"author":{"gitId":"yuyanen"},"content":"        while(true){","lastModifiedDate":"2022-09-07"},{"lineNumber":25,"author":{"gitId":"yuyanen"},"content":"            line \u003d in.nextLine();","lastModifiedDate":"2022-09-07"},{"lineNumber":26,"author":{"gitId":"yuyanen"},"content":"            String[] userInput \u003d line.split(\" \");","lastModifiedDate":"2022-09-13"},{"lineNumber":27,"author":{"gitId":"yuyanen"},"content":"            switch(userInput[0]){","lastModifiedDate":"2022-09-13"},{"lineNumber":28,"author":{"gitId":"yuyanen"},"content":"                case\"bye\":","lastModifiedDate":"2022-09-07"},{"lineNumber":29,"author":{"gitId":"yuyanen"},"content":"                    System.out.println(\"Bye. Hope to see you again soon!\");","lastModifiedDate":"2022-09-07"},{"lineNumber":30,"author":{"gitId":"yuyanen"},"content":"                    break;","lastModifiedDate":"2022-09-07"},{"lineNumber":31,"author":{"gitId":"yuyanen"},"content":"                case\"list\":","lastModifiedDate":"2022-09-07"},{"lineNumber":32,"author":{"gitId":"yuyanen"},"content":"                    printList();","lastModifiedDate":"2022-09-07"},{"lineNumber":33,"author":{"gitId":"yuyanen"},"content":"                    continue;","lastModifiedDate":"2022-09-07"},{"lineNumber":34,"author":{"gitId":"yuyanen"},"content":"                case\"mark\":","lastModifiedDate":"2022-09-07"},{"lineNumber":35,"author":{"gitId":"yuyanen"},"content":"                    if(tasks[count] !\u003dnull) {","lastModifiedDate":"2022-09-13"},{"lineNumber":36,"author":{"gitId":"yuyanen"},"content":"","lastModifiedDate":"2022-09-13"},{"lineNumber":37,"author":{"gitId":"yuyanen"},"content":"                        int indexMark \u003d Integer.parseInt(userInput[1]);","lastModifiedDate":"2022-09-13"},{"lineNumber":38,"author":{"gitId":"yuyanen"},"content":"                        Task markTask \u003d tasks[indexMark-1];","lastModifiedDate":"2022-09-13"},{"lineNumber":39,"author":{"gitId":"yuyanen"},"content":"                        System.out.println(\"Nice! I\u0027ve marked this task as done:\");","lastModifiedDate":"2022-09-07"},{"lineNumber":40,"author":{"gitId":"yuyanen"},"content":"                        markTask.markAsDone();","lastModifiedDate":"2022-09-07"},{"lineNumber":41,"author":{"gitId":"yuyanen"},"content":"                        System.out.println(markTask);","lastModifiedDate":"2022-09-07"},{"lineNumber":42,"author":{"gitId":"yuyanen"},"content":"                    }else{","lastModifiedDate":"2022-09-12"},{"lineNumber":43,"author":{"gitId":"yuyanen"},"content":"                        System.out.println(\"Task list is empty !\");","lastModifiedDate":"2022-09-12"},{"lineNumber":44,"author":{"gitId":"yuyanen"},"content":"                    }","lastModifiedDate":"2022-09-12"},{"lineNumber":45,"author":{"gitId":"yuyanen"},"content":"                    continue;","lastModifiedDate":"2022-09-07"},{"lineNumber":46,"author":{"gitId":"yuyanen"},"content":"                case\"unmark\":","lastModifiedDate":"2022-09-07"},{"lineNumber":47,"author":{"gitId":"yuyanen"},"content":"                    if(tasks[count] !\u003dnull) {","lastModifiedDate":"2022-09-13"},{"lineNumber":48,"author":{"gitId":"yuyanen"},"content":"                        int indexUnmark \u003d Integer.parseInt(userInput[1]);","lastModifiedDate":"2022-09-13"},{"lineNumber":49,"author":{"gitId":"yuyanen"},"content":"                        Task unmarkTask \u003d tasks[indexUnmark-1];","lastModifiedDate":"2022-09-13"},{"lineNumber":50,"author":{"gitId":"yuyanen"},"content":"                        System.out.println(\"OK, I\u0027ve marked this task as not done yet:\");","lastModifiedDate":"2022-09-07"},{"lineNumber":51,"author":{"gitId":"yuyanen"},"content":"                        unmarkTask.markAsNotdone();","lastModifiedDate":"2022-09-13"},{"lineNumber":52,"author":{"gitId":"yuyanen"},"content":"                        System.out.println(unmarkTask);","lastModifiedDate":"2022-09-07"},{"lineNumber":53,"author":{"gitId":"yuyanen"},"content":"                    }else{","lastModifiedDate":"2022-09-12"},{"lineNumber":54,"author":{"gitId":"yuyanen"},"content":"                        System.out.println(\"Task list is empty !\");","lastModifiedDate":"2022-09-12"},{"lineNumber":55,"author":{"gitId":"yuyanen"},"content":"                    }","lastModifiedDate":"2022-09-12"},{"lineNumber":56,"author":{"gitId":"yuyanen"},"content":"                    continue;","lastModifiedDate":"2022-09-07"},{"lineNumber":57,"author":{"gitId":"yuyanen"},"content":"                case\"deadline\":","lastModifiedDate":"2022-09-12"},{"lineNumber":58,"author":{"gitId":"yuyanen"},"content":"                        int divPos \u003d line.indexOf(\"/\");","lastModifiedDate":"2022-09-12"},{"lineNumber":59,"author":{"gitId":"yuyanen"},"content":"                        String deadlineTask \u003d line.substring(9,divPos);","lastModifiedDate":"2022-09-13"},{"lineNumber":60,"author":{"gitId":"yuyanen"},"content":"                        String deadlineDate \u003d line.substring(divPos+4);","lastModifiedDate":"2022-09-13"},{"lineNumber":61,"author":{"gitId":"yuyanen"},"content":"                        Deadline taskDeadline \u003d new Deadline(deadlineTask,deadlineDate);","lastModifiedDate":"2022-09-13"},{"lineNumber":62,"author":{"gitId":"yuyanen"},"content":"                        addList(taskDeadline);","lastModifiedDate":"2022-09-13"},{"lineNumber":63,"author":{"gitId":"yuyanen"},"content":"                        System.out.println(\"Got it. I\u0027ve added this task: \");","lastModifiedDate":"2022-09-12"},{"lineNumber":64,"author":{"gitId":"yuyanen"},"content":"                        System.out.println(taskDeadline);","lastModifiedDate":"2022-09-13"},{"lineNumber":65,"author":{"gitId":"yuyanen"},"content":"                        System.out.println(\"Now you have \" + count + \" tasks in the list.\");","lastModifiedDate":"2022-09-13"},{"lineNumber":66,"author":{"gitId":"yuyanen"},"content":"                    continue;","lastModifiedDate":"2022-09-13"},{"lineNumber":67,"author":{"gitId":"yuyanen"},"content":"                case\"todo\":","lastModifiedDate":"2022-09-13"},{"lineNumber":68,"author":{"gitId":"yuyanen"},"content":"                        String todoTask \u003d line.substring(5);","lastModifiedDate":"2022-09-13"},{"lineNumber":69,"author":{"gitId":"yuyanen"},"content":"                        Todo taskTodo \u003d new Todo(todoTask);","lastModifiedDate":"2022-09-13"},{"lineNumber":70,"author":{"gitId":"yuyanen"},"content":"                        addList(taskTodo);","lastModifiedDate":"2022-09-13"},{"lineNumber":71,"author":{"gitId":"yuyanen"},"content":"                        System.out.println(\"Got it. I\u0027ve added this task: \");","lastModifiedDate":"2022-09-13"},{"lineNumber":72,"author":{"gitId":"yuyanen"},"content":"                        System.out.println(taskTodo);","lastModifiedDate":"2022-09-13"},{"lineNumber":73,"author":{"gitId":"yuyanen"},"content":"                        System.out.println(\"Now you have \" + count + \" tasks in the list.\");","lastModifiedDate":"2022-09-13"},{"lineNumber":74,"author":{"gitId":"yuyanen"},"content":"","lastModifiedDate":"2022-09-13"},{"lineNumber":75,"author":{"gitId":"yuyanen"},"content":"                    continue;","lastModifiedDate":"2022-09-13"},{"lineNumber":76,"author":{"gitId":"yuyanen"},"content":"                case\"event\":","lastModifiedDate":"2022-09-13"},{"lineNumber":77,"author":{"gitId":"yuyanen"},"content":"                        int Pos \u003d line.indexOf(\"/\");","lastModifiedDate":"2022-09-13"},{"lineNumber":78,"author":{"gitId":"yuyanen"},"content":"                        String eventsTask \u003d line.substring(6,Pos);","lastModifiedDate":"2022-09-13"},{"lineNumber":79,"author":{"gitId":"yuyanen"},"content":"                        String eventsDate \u003d line.substring(Pos+4);","lastModifiedDate":"2022-09-13"},{"lineNumber":80,"author":{"gitId":"yuyanen"},"content":"                        Events taskEvent \u003d new Events(eventsTask,eventsDate);","lastModifiedDate":"2022-09-13"},{"lineNumber":81,"author":{"gitId":"yuyanen"},"content":"                        addList(taskEvent);","lastModifiedDate":"2022-09-13"},{"lineNumber":82,"author":{"gitId":"yuyanen"},"content":"                        System.out.println(\"Got it. I\u0027ve added this task: \");","lastModifiedDate":"2022-09-13"},{"lineNumber":83,"author":{"gitId":"yuyanen"},"content":"                        System.out.println(taskEvent);","lastModifiedDate":"2022-09-13"},{"lineNumber":84,"author":{"gitId":"yuyanen"},"content":"                        System.out.println(\"Now you have \" + count + \" tasks in the list.\");","lastModifiedDate":"2022-09-13"},{"lineNumber":85,"author":{"gitId":"yuyanen"},"content":"","lastModifiedDate":"2022-09-13"},{"lineNumber":86,"author":{"gitId":"yuyanen"},"content":"                    continue;","lastModifiedDate":"2022-09-13"},{"lineNumber":87,"author":{"gitId":"yuyanen"},"content":"                default:","lastModifiedDate":"2022-09-07"},{"lineNumber":88,"author":{"gitId":"yuyanen"},"content":"                    addList(new Task(line));","lastModifiedDate":"2022-09-07"},{"lineNumber":89,"author":{"gitId":"yuyanen"},"content":"                    continue;","lastModifiedDate":"2022-09-13"},{"lineNumber":90,"author":{"gitId":"yuyanen"},"content":"            }","lastModifiedDate":"2022-09-07"},{"lineNumber":91,"author":{"gitId":"yuyanen"},"content":"            break;","lastModifiedDate":"2022-09-13"},{"lineNumber":92,"author":{"gitId":"-"},"content":"        }","lastModifiedDate":"2019-07-29"},{"lineNumber":93,"author":{"gitId":"-"},"content":"    }","lastModifiedDate":"2019-07-29"},{"lineNumber":94,"author":{"gitId":"-"},"content":"}","lastModifiedDate":"2022-09-08"},{"lineNumber":95,"author":{"gitId":"yuyanen"},"content":"","lastModifiedDate":"2022-09-04"},{"lineNumber":96,"author":{"gitId":"yuyanen"},"content":"","lastModifiedDate":"2022-09-11"}],"authorContributionMap":{"yuyanen":86,"-":10}},{"path":"src/main/java/Events.java","fileType":"java","lines":[{"lineNumber":1,"author":{"gitId":"yuyanen"},"content":"public class Events extends Task {","lastModifiedDate":"2022-09-13"},{"lineNumber":2,"author":{"gitId":"yuyanen"},"content":"    protected String by;","lastModifiedDate":"2022-09-13"},{"lineNumber":3,"author":{"gitId":"yuyanen"},"content":"","lastModifiedDate":"2022-09-13"},{"lineNumber":4,"author":{"gitId":"yuyanen"},"content":"    public Events(String description, String by) {","lastModifiedDate":"2022-09-13"},{"lineNumber":5,"author":{"gitId":"yuyanen"},"content":"        super(description);","lastModifiedDate":"2022-09-13"},{"lineNumber":6,"author":{"gitId":"yuyanen"},"content":"        this.by \u003d by;","lastModifiedDate":"2022-09-13"},{"lineNumber":7,"author":{"gitId":"yuyanen"},"content":"    }","lastModifiedDate":"2022-09-13"},{"lineNumber":8,"author":{"gitId":"yuyanen"},"content":"","lastModifiedDate":"2022-09-13"},{"lineNumber":9,"author":{"gitId":"yuyanen"},"content":"    public String toString() {","lastModifiedDate":"2022-09-13"},{"lineNumber":10,"author":{"gitId":"yuyanen"},"content":"        return \"  [E]\" + super.toString() + \" (at: \" + by + \")\";","lastModifiedDate":"2022-09-13"},{"lineNumber":11,"author":{"gitId":"yuyanen"},"content":"    }","lastModifiedDate":"2022-09-13"},{"lineNumber":12,"author":{"gitId":"yuyanen"},"content":"","lastModifiedDate":"2022-09-13"},{"lineNumber":13,"author":{"gitId":"yuyanen"},"content":"}","lastModifiedDate":"2022-09-13"}],"authorContributionMap":{"yuyanen":13}},{"path":"src/main/java/Task.java","fileType":"java","lines":[{"lineNumber":1,"author":{"gitId":"yuyanen"},"content":"public class Task {","lastModifiedDate":"2022-09-07"},{"lineNumber":2,"author":{"gitId":"yuyanen"},"content":"","lastModifiedDate":"2022-09-07"},{"lineNumber":3,"author":{"gitId":"yuyanen"},"content":"      protected String description;","lastModifiedDate":"2022-09-04"},{"lineNumber":4,"author":{"gitId":"yuyanen"},"content":"      protected boolean isDone;","lastModifiedDate":"2022-09-04"},{"lineNumber":5,"author":{"gitId":"yuyanen"},"content":"","lastModifiedDate":"2022-09-04"},{"lineNumber":6,"author":{"gitId":"yuyanen"},"content":"      public Task(String description){","lastModifiedDate":"2022-09-04"},{"lineNumber":7,"author":{"gitId":"yuyanen"},"content":"          this.description \u003d description;","lastModifiedDate":"2022-09-04"},{"lineNumber":8,"author":{"gitId":"yuyanen"},"content":"          this.isDone \u003d false;","lastModifiedDate":"2022-09-04"},{"lineNumber":9,"author":{"gitId":"yuyanen"},"content":"      }","lastModifiedDate":"2022-09-04"},{"lineNumber":10,"author":{"gitId":"yuyanen"},"content":"      public String getStatusIcon(){","lastModifiedDate":"2022-09-04"},{"lineNumber":11,"author":{"gitId":"yuyanen"},"content":"","lastModifiedDate":"2022-09-07"},{"lineNumber":12,"author":{"gitId":"yuyanen"},"content":"          return (isDone ? \"x\":\" \"); //mark done task with X","lastModifiedDate":"2022-09-04"},{"lineNumber":13,"author":{"gitId":"yuyanen"},"content":"      }","lastModifiedDate":"2022-09-04"},{"lineNumber":14,"author":{"gitId":"yuyanen"},"content":"","lastModifiedDate":"2022-09-04"},{"lineNumber":15,"author":{"gitId":"yuyanen"},"content":"      public void markAsDone(){","lastModifiedDate":"2022-09-04"},{"lineNumber":16,"author":{"gitId":"yuyanen"},"content":"          this.isDone \u003d true;","lastModifiedDate":"2022-09-07"},{"lineNumber":17,"author":{"gitId":"yuyanen"},"content":"      }","lastModifiedDate":"2022-09-04"},{"lineNumber":18,"author":{"gitId":"yuyanen"},"content":"      public void markAsNotdone(){","lastModifiedDate":"2022-09-08"},{"lineNumber":19,"author":{"gitId":"yuyanen"},"content":"        this.isDone \u003d false;","lastModifiedDate":"2022-09-08"},{"lineNumber":20,"author":{"gitId":"yuyanen"},"content":"    }","lastModifiedDate":"2022-09-08"},{"lineNumber":21,"author":{"gitId":"yuyanen"},"content":"","lastModifiedDate":"2022-09-07"},{"lineNumber":22,"author":{"gitId":"yuyanen"},"content":"      public String toString(){","lastModifiedDate":"2022-09-07"},{"lineNumber":23,"author":{"gitId":"yuyanen"},"content":"          return \"[\" + getStatusIcon() + \"]\" + \" \" + this.description;","lastModifiedDate":"2022-09-07"},{"lineNumber":24,"author":{"gitId":"yuyanen"},"content":"         // return \"added\" + \" \" + description;","lastModifiedDate":"2022-09-07"},{"lineNumber":25,"author":{"gitId":"yuyanen"},"content":"      }","lastModifiedDate":"2022-09-04"},{"lineNumber":26,"author":{"gitId":"yuyanen"},"content":"","lastModifiedDate":"2022-09-04"},{"lineNumber":27,"author":{"gitId":"yuyanen"},"content":"}","lastModifiedDate":"2022-09-04"}],"authorContributionMap":{"yuyanen":27}},{"path":"src/main/java/Todo.java","fileType":"java","lines":[{"lineNumber":1,"author":{"gitId":"yuyanen"},"content":"public class Todo extends Task{","lastModifiedDate":"2022-09-13"},{"lineNumber":2,"author":{"gitId":"yuyanen"},"content":"    protected boolean isDone;","lastModifiedDate":"2022-09-13"},{"lineNumber":3,"author":{"gitId":"yuyanen"},"content":"","lastModifiedDate":"2022-09-13"},{"lineNumber":4,"author":{"gitId":"yuyanen"},"content":"    public Todo(String description) {","lastModifiedDate":"2022-09-13"},{"lineNumber":5,"author":{"gitId":"yuyanen"},"content":"        super(description);","lastModifiedDate":"2022-09-13"},{"lineNumber":6,"author":{"gitId":"yuyanen"},"content":"    }","lastModifiedDate":"2022-09-13"},{"lineNumber":7,"author":{"gitId":"yuyanen"},"content":"    public String toString() {","lastModifiedDate":"2022-09-13"},{"lineNumber":8,"author":{"gitId":"yuyanen"},"content":"        return \"  [T]\" + super.toString();","lastModifiedDate":"2022-09-13"},{"lineNumber":9,"author":{"gitId":"yuyanen"},"content":"    }","lastModifiedDate":"2022-09-13"},{"lineNumber":10,"author":{"gitId":"yuyanen"},"content":"","lastModifiedDate":"2022-09-13"},{"lineNumber":11,"author":{"gitId":"yuyanen"},"content":"}","lastModifiedDate":"2022-09-13"}],"authorContributionMap":{"yuyanen":11}}]
