[{"path":"src/main/java/Deadline.java","fileType":"java","lines":[{"lineNumber":1,"author":{"gitId":"yuyanen"},"content":"public class Deadline extends Task{","lastModifiedDate":"2022-09-12"},{"lineNumber":2,"author":{"gitId":"yuyanen"},"content":"      protected String by;","lastModifiedDate":"2022-09-12"},{"lineNumber":3,"author":{"gitId":"yuyanen"},"content":"","lastModifiedDate":"2022-09-12"},{"lineNumber":4,"author":{"gitId":"yuyanen"},"content":"      public Deadline(String description, String by) {","lastModifiedDate":"2022-09-12"},{"lineNumber":5,"author":{"gitId":"yuyanen"},"content":"          super(description);","lastModifiedDate":"2022-09-12"},{"lineNumber":6,"author":{"gitId":"yuyanen"},"content":"          this.by \u003d by;","lastModifiedDate":"2022-09-12"},{"lineNumber":7,"author":{"gitId":"yuyanen"},"content":"      }","lastModifiedDate":"2022-09-12"},{"lineNumber":8,"author":{"gitId":"yuyanen"},"content":"      ","lastModifiedDate":"2022-09-12"},{"lineNumber":9,"author":{"gitId":"yuyanen"},"content":"          public String toString() {","lastModifiedDate":"2022-09-12"},{"lineNumber":10,"author":{"gitId":"yuyanen"},"content":"","lastModifiedDate":"2022-09-13"},{"lineNumber":11,"author":{"gitId":"yuyanen"},"content":"          return \"[D]\" + super.toString() + \" (by: \" + by + \")\";","lastModifiedDate":"2022-09-12"},{"lineNumber":12,"author":{"gitId":"yuyanen"},"content":"          }","lastModifiedDate":"2022-09-12"},{"lineNumber":13,"author":{"gitId":"yuyanen"},"content":"","lastModifiedDate":"2022-09-12"},{"lineNumber":14,"author":{"gitId":"yuyanen"},"content":"","lastModifiedDate":"2022-09-12"},{"lineNumber":15,"author":{"gitId":"yuyanen"},"content":"}","lastModifiedDate":"2022-09-12"}],"authorContributionMap":{"yuyanen":15}},{"path":"src/main/java/Duke.java","fileType":"java","lines":[{"lineNumber":1,"author":{"gitId":"-"},"content":"import java.util.Scanner;","lastModifiedDate":"2021-07-29"},{"lineNumber":2,"author":{"gitId":"yuyanen"},"content":"","lastModifiedDate":"2022-09-04"},{"lineNumber":3,"author":{"gitId":"yuyanen"},"content":"","lastModifiedDate":"2022-09-19"},{"lineNumber":4,"author":{"gitId":"yuyanen"},"content":"","lastModifiedDate":"2022-09-19"},{"lineNumber":5,"author":{"gitId":"-"},"content":"public class Duke {","lastModifiedDate":"2019-07-29"},{"lineNumber":6,"author":{"gitId":"yuyanen"},"content":"    private static int count \u003d 0;","lastModifiedDate":"2022-09-07"},{"lineNumber":7,"author":{"gitId":"yuyanen"},"content":"    private static Task[] tasks \u003d new Task[100];","lastModifiedDate":"2022-09-11"},{"lineNumber":8,"author":{"gitId":"yuyanen"},"content":"","lastModifiedDate":"2022-09-07"},{"lineNumber":9,"author":{"gitId":"yuyanen"},"content":"    public static void addList(Task t) {","lastModifiedDate":"2022-09-07"},{"lineNumber":10,"author":{"gitId":"yuyanen"},"content":"","lastModifiedDate":"2022-09-18"},{"lineNumber":11,"author":{"gitId":"yuyanen"},"content":"        tasks[count]\u003dt;","lastModifiedDate":"2022-09-07"},{"lineNumber":12,"author":{"gitId":"yuyanen"},"content":"        count++;","lastModifiedDate":"2022-09-07"},{"lineNumber":13,"author":{"gitId":"yuyanen"},"content":"    }","lastModifiedDate":"2022-09-07"},{"lineNumber":14,"author":{"gitId":"yuyanen"},"content":"    public static void printList(){","lastModifiedDate":"2022-09-07"},{"lineNumber":15,"author":{"gitId":"yuyanen"},"content":"        for(int i\u003d1;i\u003c\u003dcount;i++){","lastModifiedDate":"2022-09-07"},{"lineNumber":16,"author":{"gitId":"yuyanen"},"content":"            System.out.println(i + \".\" + \" \" + tasks[i-1]);","lastModifiedDate":"2022-09-07"},{"lineNumber":17,"author":{"gitId":"yuyanen"},"content":"        }","lastModifiedDate":"2022-09-07"},{"lineNumber":18,"author":{"gitId":"yuyanen"},"content":"    }","lastModifiedDate":"2022-09-07"},{"lineNumber":19,"author":{"gitId":"yuyanen"},"content":"","lastModifiedDate":"2022-09-07"},{"lineNumber":20,"author":{"gitId":"yuyanen"},"content":"    public static boolean isNumeric(String str) {","lastModifiedDate":"2022-09-19"},{"lineNumber":21,"author":{"gitId":"yuyanen"},"content":"        try {","lastModifiedDate":"2022-09-19"},{"lineNumber":22,"author":{"gitId":"yuyanen"},"content":"            Double.parseDouble(str);","lastModifiedDate":"2022-09-19"},{"lineNumber":23,"author":{"gitId":"yuyanen"},"content":"            return true;","lastModifiedDate":"2022-09-19"},{"lineNumber":24,"author":{"gitId":"yuyanen"},"content":"        } catch(NumberFormatException e){","lastModifiedDate":"2022-09-19"},{"lineNumber":25,"author":{"gitId":"yuyanen"},"content":"            return false;","lastModifiedDate":"2022-09-19"},{"lineNumber":26,"author":{"gitId":"yuyanen"},"content":"        }","lastModifiedDate":"2022-09-19"},{"lineNumber":27,"author":{"gitId":"yuyanen"},"content":"    }","lastModifiedDate":"2022-09-19"},{"lineNumber":28,"author":{"gitId":"yuyanen"},"content":"","lastModifiedDate":"2022-09-04"},{"lineNumber":29,"author":{"gitId":"-"},"content":"    public static void main(String[] args) {","lastModifiedDate":"2022-09-19"},{"lineNumber":30,"author":{"gitId":"-"},"content":"        String line;","lastModifiedDate":"2021-07-29"},{"lineNumber":31,"author":{"gitId":"-"},"content":"        Scanner in \u003d new Scanner(System.in);","lastModifiedDate":"2021-07-29"},{"lineNumber":32,"author":{"gitId":"-"},"content":"        System.out.println(\"Hello! I\u0027m Duke\");","lastModifiedDate":"2021-07-29"},{"lineNumber":33,"author":{"gitId":"-"},"content":"        System.out.println(\"What can I do for you?\");","lastModifiedDate":"2021-07-29"},{"lineNumber":34,"author":{"gitId":"yuyanen"},"content":"","lastModifiedDate":"2022-09-04"},{"lineNumber":35,"author":{"gitId":"yuyanen"},"content":"        while(true){","lastModifiedDate":"2022-09-07"},{"lineNumber":36,"author":{"gitId":"yuyanen"},"content":"            try {","lastModifiedDate":"2022-09-19"},{"lineNumber":37,"author":{"gitId":"yuyanen"},"content":"                line \u003d in.nextLine();","lastModifiedDate":"2022-09-07"},{"lineNumber":38,"author":{"gitId":"yuyanen"},"content":"                String[] userInput \u003d line.split(\" \");","lastModifiedDate":"2022-09-13"},{"lineNumber":39,"author":{"gitId":"yuyanen"},"content":"                if (extracted(line, userInput)) continue;","lastModifiedDate":"2022-09-19"},{"lineNumber":40,"author":{"gitId":"yuyanen"},"content":"                break;","lastModifiedDate":"2022-09-19"},{"lineNumber":41,"author":{"gitId":"yuyanen"},"content":"            } catch(NullPointerException e){","lastModifiedDate":"2022-09-19"},{"lineNumber":42,"author":{"gitId":"yuyanen"},"content":"                System.out.println(\"☹ OOPS!!! task number is not valid\");","lastModifiedDate":"2022-09-19"},{"lineNumber":43,"author":{"gitId":"yuyanen"},"content":"            } catch(DukeException e){","lastModifiedDate":"2022-09-19"},{"lineNumber":44,"author":{"gitId":"yuyanen"},"content":"              System.out.println(e.getMessage());","lastModifiedDate":"2022-09-19"},{"lineNumber":45,"author":{"gitId":"yuyanen"},"content":"            } catch(NumberFormatException e){","lastModifiedDate":"2022-09-19"},{"lineNumber":46,"author":{"gitId":"yuyanen"},"content":"","lastModifiedDate":"2022-09-19"},{"lineNumber":47,"author":{"gitId":"yuyanen"},"content":"            } catch (StringIndexOutOfBoundsException e){","lastModifiedDate":"2022-09-19"},{"lineNumber":48,"author":{"gitId":"yuyanen"},"content":"","lastModifiedDate":"2022-09-19"},{"lineNumber":49,"author":{"gitId":"yuyanen"},"content":"            }catch (ArrayIndexOutOfBoundsException e){","lastModifiedDate":"2022-09-19"},{"lineNumber":50,"author":{"gitId":"yuyanen"},"content":"                System.out.println(\"☹ OOPS!!! task is empty\");","lastModifiedDate":"2022-09-19"},{"lineNumber":51,"author":{"gitId":"yuyanen"},"content":"            }","lastModifiedDate":"2022-09-19"},{"lineNumber":52,"author":{"gitId":"yuyanen"},"content":"        }","lastModifiedDate":"2022-09-19"},{"lineNumber":53,"author":{"gitId":"yuyanen"},"content":"    }","lastModifiedDate":"2022-09-19"},{"lineNumber":54,"author":{"gitId":"yuyanen"},"content":"","lastModifiedDate":"2022-09-19"},{"lineNumber":55,"author":{"gitId":"yuyanen"},"content":"    private static boolean extracted(String line, String[] userInput) throws DukeException,NullPointerException {","lastModifiedDate":"2022-09-19"},{"lineNumber":56,"author":{"gitId":"yuyanen"},"content":"        switch(userInput[0]){","lastModifiedDate":"2022-09-13"},{"lineNumber":57,"author":{"gitId":"yuyanen"},"content":"            case\"bye\":","lastModifiedDate":"2022-09-07"},{"lineNumber":58,"author":{"gitId":"yuyanen"},"content":"                System.out.println(\"Bye. Hope to see you again soon!\");","lastModifiedDate":"2022-09-07"},{"lineNumber":59,"author":{"gitId":"yuyanen"},"content":"                break;","lastModifiedDate":"2022-09-07"},{"lineNumber":60,"author":{"gitId":"yuyanen"},"content":"            case\"list\":","lastModifiedDate":"2022-09-07"},{"lineNumber":61,"author":{"gitId":"yuyanen"},"content":"                if(tasks[count]\u003d\u003dnull){","lastModifiedDate":"2022-09-19"},{"lineNumber":62,"author":{"gitId":"yuyanen"},"content":"                    throw new DukeException(\"The task list is empty\");","lastModifiedDate":"2022-09-19"},{"lineNumber":63,"author":{"gitId":"yuyanen"},"content":"                }","lastModifiedDate":"2022-09-19"},{"lineNumber":64,"author":{"gitId":"yuyanen"},"content":"                printList();","lastModifiedDate":"2022-09-07"},{"lineNumber":65,"author":{"gitId":"yuyanen"},"content":"                return true;","lastModifiedDate":"2022-09-19"},{"lineNumber":66,"author":{"gitId":"yuyanen"},"content":"            case\"mark\":","lastModifiedDate":"2022-09-07"},{"lineNumber":67,"author":{"gitId":"yuyanen"},"content":"                if(userInput[1]\u003d\u003dnull){","lastModifiedDate":"2022-09-19"},{"lineNumber":68,"author":{"gitId":"yuyanen"},"content":"                    throw new DukeException(\"The mark task is not available,Pls re-input mark task!\");","lastModifiedDate":"2022-09-19"},{"lineNumber":69,"author":{"gitId":"yuyanen"},"content":"                }","lastModifiedDate":"2022-09-19"},{"lineNumber":70,"author":{"gitId":"yuyanen"},"content":"                    int indexMark \u003d Integer.parseInt(userInput[1]);","lastModifiedDate":"2022-09-13"},{"lineNumber":71,"author":{"gitId":"yuyanen"},"content":"                    Task markTask \u003d tasks[indexMark-1];","lastModifiedDate":"2022-09-13"},{"lineNumber":72,"author":{"gitId":"yuyanen"},"content":"                    markTask.markAsDone();","lastModifiedDate":"2022-09-07"},{"lineNumber":73,"author":{"gitId":"yuyanen"},"content":"                    System.out.println(\"Nice! I\u0027ve marked this task as done:\");","lastModifiedDate":"2022-09-18"},{"lineNumber":74,"author":{"gitId":"yuyanen"},"content":"                    System.out.println(markTask);","lastModifiedDate":"2022-09-07"},{"lineNumber":75,"author":{"gitId":"yuyanen"},"content":"","lastModifiedDate":"2022-09-19"},{"lineNumber":76,"author":{"gitId":"yuyanen"},"content":"","lastModifiedDate":"2022-09-19"},{"lineNumber":77,"author":{"gitId":"yuyanen"},"content":"                return true;","lastModifiedDate":"2022-09-19"},{"lineNumber":78,"author":{"gitId":"yuyanen"},"content":"            case\"unmark\":","lastModifiedDate":"2022-09-07"},{"lineNumber":79,"author":{"gitId":"yuyanen"},"content":"                    int indexUnmark \u003d Integer.parseInt(userInput[1]);","lastModifiedDate":"2022-09-13"},{"lineNumber":80,"author":{"gitId":"yuyanen"},"content":"                    Task unmarkTask \u003d tasks[indexUnmark-1];","lastModifiedDate":"2022-09-13"},{"lineNumber":81,"author":{"gitId":"yuyanen"},"content":"                    unmarkTask.markAsNotdone();","lastModifiedDate":"2022-09-13"},{"lineNumber":82,"author":{"gitId":"yuyanen"},"content":"                    System.out.println(\"OK, I\u0027ve marked this task as not done yet:\");","lastModifiedDate":"2022-09-18"},{"lineNumber":83,"author":{"gitId":"yuyanen"},"content":"                    System.out.println(unmarkTask);","lastModifiedDate":"2022-09-07"},{"lineNumber":84,"author":{"gitId":"yuyanen"},"content":"                if(unmarkTask \u003d\u003dnull) {","lastModifiedDate":"2022-09-19"},{"lineNumber":85,"author":{"gitId":"yuyanen"},"content":"                    throw new DukeException(\"The unmark task is not available,Pls re-input unmark task!\");","lastModifiedDate":"2022-09-19"},{"lineNumber":86,"author":{"gitId":"yuyanen"},"content":"                }","lastModifiedDate":"2022-09-12"},{"lineNumber":87,"author":{"gitId":"yuyanen"},"content":"                return true;","lastModifiedDate":"2022-09-19"},{"lineNumber":88,"author":{"gitId":"yuyanen"},"content":"            case\"deadline\":","lastModifiedDate":"2022-09-12"},{"lineNumber":89,"author":{"gitId":"yuyanen"},"content":"                if(userInput.length\u003c2){","lastModifiedDate":"2022-09-19"},{"lineNumber":90,"author":{"gitId":"yuyanen"},"content":"                    throw new DukeException(\"☹ OOPS!!! The description of a deadline cannot be empty.\");","lastModifiedDate":"2022-09-19"},{"lineNumber":91,"author":{"gitId":"yuyanen"},"content":"                }","lastModifiedDate":"2022-09-19"},{"lineNumber":92,"author":{"gitId":"yuyanen"},"content":"                if(isNumeric(userInput[1])){","lastModifiedDate":"2022-09-19"},{"lineNumber":93,"author":{"gitId":"yuyanen"},"content":"                    throw new DukeException(\"☹ OOPS!!! The input of a deadline cannot be number.\");","lastModifiedDate":"2022-09-19"},{"lineNumber":94,"author":{"gitId":"yuyanen"},"content":"                }","lastModifiedDate":"2022-09-19"},{"lineNumber":95,"author":{"gitId":"yuyanen"},"content":"                    int divPos \u003d line.indexOf(\"/\");","lastModifiedDate":"2022-09-12"},{"lineNumber":96,"author":{"gitId":"yuyanen"},"content":"                    String deadlineTask \u003d line.substring(9,divPos);","lastModifiedDate":"2022-09-13"},{"lineNumber":97,"author":{"gitId":"yuyanen"},"content":"                    String deadlineDate \u003d line.substring(divPos+4);","lastModifiedDate":"2022-09-13"},{"lineNumber":98,"author":{"gitId":"yuyanen"},"content":"                    Deadline taskDeadline \u003d new Deadline(deadlineTask,deadlineDate);","lastModifiedDate":"2022-09-13"},{"lineNumber":99,"author":{"gitId":"yuyanen"},"content":"                    addList(taskDeadline);","lastModifiedDate":"2022-09-13"},{"lineNumber":100,"author":{"gitId":"yuyanen"},"content":"                    System.out.println(\"Got it. I\u0027ve added this task: \");","lastModifiedDate":"2022-09-12"},{"lineNumber":101,"author":{"gitId":"yuyanen"},"content":"                    System.out.println(taskDeadline);","lastModifiedDate":"2022-09-13"},{"lineNumber":102,"author":{"gitId":"yuyanen"},"content":"                    System.out.println(\"Now you have \" + count + \" tasks in the list.\");","lastModifiedDate":"2022-09-13"},{"lineNumber":103,"author":{"gitId":"yuyanen"},"content":"                return true;","lastModifiedDate":"2022-09-19"},{"lineNumber":104,"author":{"gitId":"yuyanen"},"content":"            case\"todo\":","lastModifiedDate":"2022-09-13"},{"lineNumber":105,"author":{"gitId":"yuyanen"},"content":"                if(userInput.length\u003c2){","lastModifiedDate":"2022-09-18"},{"lineNumber":106,"author":{"gitId":"yuyanen"},"content":"                    throw new DukeException(\"☹ OOPS!!! The description of a todo cannot be empty.\");","lastModifiedDate":"2022-09-18"},{"lineNumber":107,"author":{"gitId":"yuyanen"},"content":"                }","lastModifiedDate":"2022-09-19"},{"lineNumber":108,"author":{"gitId":"yuyanen"},"content":"                if(isNumeric(userInput[1])){","lastModifiedDate":"2022-09-19"},{"lineNumber":109,"author":{"gitId":"yuyanen"},"content":"                    throw new DukeException(\"☹ OOPS!!! The input of a todo cannot be number.\");","lastModifiedDate":"2022-09-19"},{"lineNumber":110,"author":{"gitId":"yuyanen"},"content":"                }","lastModifiedDate":"2022-09-18"},{"lineNumber":111,"author":{"gitId":"yuyanen"},"content":"                    String todoTask \u003d line.substring(5);","lastModifiedDate":"2022-09-13"},{"lineNumber":112,"author":{"gitId":"yuyanen"},"content":"                    Todo taskTodo \u003d new Todo(todoTask);","lastModifiedDate":"2022-09-13"},{"lineNumber":113,"author":{"gitId":"yuyanen"},"content":"                    addList(taskTodo);","lastModifiedDate":"2022-09-13"},{"lineNumber":114,"author":{"gitId":"yuyanen"},"content":"                    System.out.println(\"Got it. I\u0027ve added this task: \");","lastModifiedDate":"2022-09-13"},{"lineNumber":115,"author":{"gitId":"yuyanen"},"content":"                    System.out.println(taskTodo);","lastModifiedDate":"2022-09-13"},{"lineNumber":116,"author":{"gitId":"yuyanen"},"content":"                    System.out.println(\"Now you have \" + count + \" tasks in the list.\");","lastModifiedDate":"2022-09-13"},{"lineNumber":117,"author":{"gitId":"yuyanen"},"content":"","lastModifiedDate":"2022-09-13"},{"lineNumber":118,"author":{"gitId":"yuyanen"},"content":"                return true;","lastModifiedDate":"2022-09-19"},{"lineNumber":119,"author":{"gitId":"yuyanen"},"content":"            case\"event\":","lastModifiedDate":"2022-09-13"},{"lineNumber":120,"author":{"gitId":"yuyanen"},"content":"                if(userInput.length\u003c2){","lastModifiedDate":"2022-09-19"},{"lineNumber":121,"author":{"gitId":"yuyanen"},"content":"                    throw new DukeException(\"☹ OOPS!!! The description of a event cannot be empty.\");","lastModifiedDate":"2022-09-19"},{"lineNumber":122,"author":{"gitId":"yuyanen"},"content":"                }","lastModifiedDate":"2022-09-19"},{"lineNumber":123,"author":{"gitId":"yuyanen"},"content":"                if(isNumeric(userInput[1])){","lastModifiedDate":"2022-09-19"},{"lineNumber":124,"author":{"gitId":"yuyanen"},"content":"                    throw new DukeException(\"☹ OOPS!!! The input of a event cannot be number.\");","lastModifiedDate":"2022-09-19"},{"lineNumber":125,"author":{"gitId":"yuyanen"},"content":"                }","lastModifiedDate":"2022-09-19"},{"lineNumber":126,"author":{"gitId":"yuyanen"},"content":"                    int Pos \u003d line.indexOf(\"/\");","lastModifiedDate":"2022-09-13"},{"lineNumber":127,"author":{"gitId":"yuyanen"},"content":"                    String eventsTask \u003d line.substring(6,Pos);","lastModifiedDate":"2022-09-13"},{"lineNumber":128,"author":{"gitId":"yuyanen"},"content":"                    String eventsDate \u003d line.substring(Pos+4);","lastModifiedDate":"2022-09-13"},{"lineNumber":129,"author":{"gitId":"yuyanen"},"content":"                    Events taskEvent \u003d new Events(eventsTask,eventsDate);","lastModifiedDate":"2022-09-13"},{"lineNumber":130,"author":{"gitId":"yuyanen"},"content":"                    addList(taskEvent);","lastModifiedDate":"2022-09-13"},{"lineNumber":131,"author":{"gitId":"yuyanen"},"content":"                    System.out.println(\"Got it. I\u0027ve added this task: \");","lastModifiedDate":"2022-09-13"},{"lineNumber":132,"author":{"gitId":"yuyanen"},"content":"                    System.out.println(taskEvent);","lastModifiedDate":"2022-09-13"},{"lineNumber":133,"author":{"gitId":"yuyanen"},"content":"                    System.out.println(\"Now you have \" + count + \" tasks in the list.\");","lastModifiedDate":"2022-09-13"},{"lineNumber":134,"author":{"gitId":"yuyanen"},"content":"","lastModifiedDate":"2022-09-13"},{"lineNumber":135,"author":{"gitId":"yuyanen"},"content":"                return true;","lastModifiedDate":"2022-09-19"},{"lineNumber":136,"author":{"gitId":"yuyanen"},"content":"            default:","lastModifiedDate":"2022-09-07"},{"lineNumber":137,"author":{"gitId":"yuyanen"},"content":"                if(userInput[0].equals((\"blah\"))){","lastModifiedDate":"2022-09-18"},{"lineNumber":138,"author":{"gitId":"yuyanen"},"content":"                    throw new DukeException(\"☹ OOPS!!! I\u0027m sorry, but I don\u0027t know what that means :-(\");","lastModifiedDate":"2022-09-18"},{"lineNumber":139,"author":{"gitId":"yuyanen"},"content":"                }","lastModifiedDate":"2022-09-18"},{"lineNumber":140,"author":{"gitId":"yuyanen"},"content":"                addList(new Task(line));","lastModifiedDate":"2022-09-07"},{"lineNumber":141,"author":{"gitId":"yuyanen"},"content":"","lastModifiedDate":"2022-09-18"},{"lineNumber":142,"author":{"gitId":"yuyanen"},"content":"                return true;","lastModifiedDate":"2022-09-19"},{"lineNumber":143,"author":{"gitId":"-"},"content":"        }","lastModifiedDate":"2019-07-29"},{"lineNumber":144,"author":{"gitId":"yuyanen"},"content":"        return false;","lastModifiedDate":"2022-09-19"},{"lineNumber":145,"author":{"gitId":"-"},"content":"    }","lastModifiedDate":"2019-07-29"},{"lineNumber":146,"author":{"gitId":"-"},"content":"}","lastModifiedDate":"2022-09-08"},{"lineNumber":147,"author":{"gitId":"yuyanen"},"content":"","lastModifiedDate":"2022-09-04"},{"lineNumber":148,"author":{"gitId":"yuyanen"},"content":"","lastModifiedDate":"2022-09-11"}],"authorContributionMap":{"yuyanen":138,"-":10}},{"path":"src/main/java/DukeException.java","fileType":"java","lines":[{"lineNumber":1,"author":{"gitId":"yuyanen"},"content":"public class DukeException extends Exception{","lastModifiedDate":"2022-09-18"},{"lineNumber":2,"author":{"gitId":"yuyanen"},"content":"         public DukeException(){","lastModifiedDate":"2022-09-19"},{"lineNumber":3,"author":{"gitId":"yuyanen"},"content":"","lastModifiedDate":"2022-09-19"},{"lineNumber":4,"author":{"gitId":"yuyanen"},"content":"         }","lastModifiedDate":"2022-09-19"},{"lineNumber":5,"author":{"gitId":"yuyanen"},"content":"         public DukeException(String message){","lastModifiedDate":"2022-09-18"},{"lineNumber":6,"author":{"gitId":"yuyanen"},"content":"","lastModifiedDate":"2022-09-19"},{"lineNumber":7,"author":{"gitId":"yuyanen"},"content":"             super(message);","lastModifiedDate":"2022-09-18"},{"lineNumber":8,"author":{"gitId":"yuyanen"},"content":"         }","lastModifiedDate":"2022-09-18"},{"lineNumber":9,"author":{"gitId":"yuyanen"},"content":"}","lastModifiedDate":"2022-09-18"}],"authorContributionMap":{"yuyanen":9}},{"path":"src/main/java/Events.java","fileType":"java","lines":[{"lineNumber":1,"author":{"gitId":"yuyanen"},"content":"public class Events extends Task {","lastModifiedDate":"2022-09-13"},{"lineNumber":2,"author":{"gitId":"yuyanen"},"content":"    protected String by;","lastModifiedDate":"2022-09-13"},{"lineNumber":3,"author":{"gitId":"yuyanen"},"content":"","lastModifiedDate":"2022-09-13"},{"lineNumber":4,"author":{"gitId":"yuyanen"},"content":"    public Events(String description, String by) {","lastModifiedDate":"2022-09-13"},{"lineNumber":5,"author":{"gitId":"yuyanen"},"content":"        super(description);","lastModifiedDate":"2022-09-13"},{"lineNumber":6,"author":{"gitId":"yuyanen"},"content":"        this.by \u003d by;","lastModifiedDate":"2022-09-13"},{"lineNumber":7,"author":{"gitId":"yuyanen"},"content":"    }","lastModifiedDate":"2022-09-13"},{"lineNumber":8,"author":{"gitId":"yuyanen"},"content":"","lastModifiedDate":"2022-09-13"},{"lineNumber":9,"author":{"gitId":"yuyanen"},"content":"    public String toString() {","lastModifiedDate":"2022-09-13"},{"lineNumber":10,"author":{"gitId":"yuyanen"},"content":"        return \"  [E]\" + super.toString() + \" (at: \" + by + \")\";","lastModifiedDate":"2022-09-13"},{"lineNumber":11,"author":{"gitId":"yuyanen"},"content":"    }","lastModifiedDate":"2022-09-13"},{"lineNumber":12,"author":{"gitId":"yuyanen"},"content":"","lastModifiedDate":"2022-09-13"},{"lineNumber":13,"author":{"gitId":"yuyanen"},"content":"}","lastModifiedDate":"2022-09-13"}],"authorContributionMap":{"yuyanen":13}},{"path":"src/main/java/Task.java","fileType":"java","lines":[{"lineNumber":1,"author":{"gitId":"yuyanen"},"content":"public class Task {","lastModifiedDate":"2022-09-07"},{"lineNumber":2,"author":{"gitId":"yuyanen"},"content":"","lastModifiedDate":"2022-09-07"},{"lineNumber":3,"author":{"gitId":"yuyanen"},"content":"      protected String description;","lastModifiedDate":"2022-09-04"},{"lineNumber":4,"author":{"gitId":"yuyanen"},"content":"      protected boolean isDone;","lastModifiedDate":"2022-09-04"},{"lineNumber":5,"author":{"gitId":"yuyanen"},"content":"","lastModifiedDate":"2022-09-04"},{"lineNumber":6,"author":{"gitId":"yuyanen"},"content":"      public Task(String description){","lastModifiedDate":"2022-09-04"},{"lineNumber":7,"author":{"gitId":"yuyanen"},"content":"          this.description \u003d description;","lastModifiedDate":"2022-09-04"},{"lineNumber":8,"author":{"gitId":"yuyanen"},"content":"          this.isDone \u003d false;","lastModifiedDate":"2022-09-04"},{"lineNumber":9,"author":{"gitId":"yuyanen"},"content":"      }","lastModifiedDate":"2022-09-04"},{"lineNumber":10,"author":{"gitId":"yuyanen"},"content":"      public String getStatusIcon(){","lastModifiedDate":"2022-09-04"},{"lineNumber":11,"author":{"gitId":"yuyanen"},"content":"","lastModifiedDate":"2022-09-07"},{"lineNumber":12,"author":{"gitId":"yuyanen"},"content":"          return (isDone ? \"x\":\" \"); //mark done task with X","lastModifiedDate":"2022-09-04"},{"lineNumber":13,"author":{"gitId":"yuyanen"},"content":"      }","lastModifiedDate":"2022-09-04"},{"lineNumber":14,"author":{"gitId":"yuyanen"},"content":"","lastModifiedDate":"2022-09-04"},{"lineNumber":15,"author":{"gitId":"yuyanen"},"content":"      public void markAsDone(){","lastModifiedDate":"2022-09-04"},{"lineNumber":16,"author":{"gitId":"yuyanen"},"content":"          this.isDone \u003d true;","lastModifiedDate":"2022-09-07"},{"lineNumber":17,"author":{"gitId":"yuyanen"},"content":"      }","lastModifiedDate":"2022-09-04"},{"lineNumber":18,"author":{"gitId":"yuyanen"},"content":"      public void markAsNotdone(){","lastModifiedDate":"2022-09-08"},{"lineNumber":19,"author":{"gitId":"yuyanen"},"content":"        this.isDone \u003d false;","lastModifiedDate":"2022-09-08"},{"lineNumber":20,"author":{"gitId":"yuyanen"},"content":"    }","lastModifiedDate":"2022-09-08"},{"lineNumber":21,"author":{"gitId":"yuyanen"},"content":"","lastModifiedDate":"2022-09-07"},{"lineNumber":22,"author":{"gitId":"yuyanen"},"content":"      public String toString(){","lastModifiedDate":"2022-09-07"},{"lineNumber":23,"author":{"gitId":"yuyanen"},"content":"          return \"[\" + getStatusIcon() + \"]\" + \" \" + this.description;","lastModifiedDate":"2022-09-07"},{"lineNumber":24,"author":{"gitId":"yuyanen"},"content":"         // return \"added\" + \" \" + description;","lastModifiedDate":"2022-09-07"},{"lineNumber":25,"author":{"gitId":"yuyanen"},"content":"      }","lastModifiedDate":"2022-09-04"},{"lineNumber":26,"author":{"gitId":"yuyanen"},"content":"","lastModifiedDate":"2022-09-04"},{"lineNumber":27,"author":{"gitId":"yuyanen"},"content":"}","lastModifiedDate":"2022-09-04"}],"authorContributionMap":{"yuyanen":27}},{"path":"src/main/java/Todo.java","fileType":"java","lines":[{"lineNumber":1,"author":{"gitId":"yuyanen"},"content":"public class Todo extends Task{","lastModifiedDate":"2022-09-13"},{"lineNumber":2,"author":{"gitId":"yuyanen"},"content":"    protected boolean isDone;","lastModifiedDate":"2022-09-13"},{"lineNumber":3,"author":{"gitId":"yuyanen"},"content":"","lastModifiedDate":"2022-09-13"},{"lineNumber":4,"author":{"gitId":"yuyanen"},"content":"    public Todo(String description) {","lastModifiedDate":"2022-09-13"},{"lineNumber":5,"author":{"gitId":"yuyanen"},"content":"        super(description);","lastModifiedDate":"2022-09-13"},{"lineNumber":6,"author":{"gitId":"yuyanen"},"content":"    }","lastModifiedDate":"2022-09-13"},{"lineNumber":7,"author":{"gitId":"yuyanen"},"content":"    public String toString() {","lastModifiedDate":"2022-09-13"},{"lineNumber":8,"author":{"gitId":"yuyanen"},"content":"        return \"  [T]\" + super.toString();","lastModifiedDate":"2022-09-13"},{"lineNumber":9,"author":{"gitId":"yuyanen"},"content":"    }","lastModifiedDate":"2022-09-13"},{"lineNumber":10,"author":{"gitId":"yuyanen"},"content":"","lastModifiedDate":"2022-09-13"},{"lineNumber":11,"author":{"gitId":"yuyanen"},"content":"}","lastModifiedDate":"2022-09-13"}],"authorContributionMap":{"yuyanen":11}}]
