[{"path":"src/main/java/Duke.java","fileType":"java","lines":[{"lineNumber":1,"author":{"gitId":"yuyanen"},"content":"import java.util.ArrayList;","lastModifiedDate":"2022-09-25"},{"lineNumber":2,"author":{"gitId":"-"},"content":"import java.util.Scanner;","lastModifiedDate":"2021-07-29"},{"lineNumber":3,"author":{"gitId":"yuyanen"},"content":"import java.lang.*;","lastModifiedDate":"2022-10-02"},{"lineNumber":4,"author":{"gitId":"yuyanen"},"content":"import TaskPackage.Events;","lastModifiedDate":"2022-10-10"},{"lineNumber":5,"author":{"gitId":"yuyanen"},"content":"import TaskPackage.Task;","lastModifiedDate":"2022-10-10"},{"lineNumber":6,"author":{"gitId":"yuyanen"},"content":"import TaskPackage.Deadline;","lastModifiedDate":"2022-10-10"},{"lineNumber":7,"author":{"gitId":"yuyanen"},"content":"import TaskPackage.Todo;","lastModifiedDate":"2022-10-10"},{"lineNumber":8,"author":{"gitId":"yuyanen"},"content":"","lastModifiedDate":"2022-09-19"},{"lineNumber":9,"author":{"gitId":"yuyanen"},"content":"import static TaskPackage.isNumber.isNumeric;","lastModifiedDate":"2022-10-16"},{"lineNumber":10,"author":{"gitId":"yuyanen"},"content":"","lastModifiedDate":"2022-10-16"},{"lineNumber":11,"author":{"gitId":"yuyanen"},"content":"","lastModifiedDate":"2022-10-16"},{"lineNumber":12,"author":{"gitId":"-"},"content":"public class Duke {","lastModifiedDate":"2019-07-29"},{"lineNumber":13,"author":{"gitId":"yuyanen"},"content":"   // private static int count \u003d 0;","lastModifiedDate":"2022-10-02"},{"lineNumber":14,"author":{"gitId":"yuyanen"},"content":"   // private static TaskPackage.Task[] tasks \u003d new TaskPackage.Task[100];","lastModifiedDate":"2022-10-10"},{"lineNumber":15,"author":{"gitId":"yuyanen"},"content":"","lastModifiedDate":"2022-09-07"},{"lineNumber":16,"author":{"gitId":"yuyanen"},"content":"    public static ArrayList\u003cTask\u003e AddList (ArrayList\u003cTask\u003e listItems,String input){","lastModifiedDate":"2022-10-02"},{"lineNumber":17,"author":{"gitId":"yuyanen"},"content":"            listItems.add(new Task(input));","lastModifiedDate":"2022-10-02"},{"lineNumber":18,"author":{"gitId":"yuyanen"},"content":"            System.out.println(\"\\tadded: \" + input);","lastModifiedDate":"2022-10-02"},{"lineNumber":19,"author":{"gitId":"yuyanen"},"content":"        return listItems;","lastModifiedDate":"2022-10-02"},{"lineNumber":20,"author":{"gitId":"yuyanen"},"content":"","lastModifiedDate":"2022-10-09"},{"lineNumber":21,"author":{"gitId":"yuyanen"},"content":"    }","lastModifiedDate":"2022-09-07"},{"lineNumber":22,"author":{"gitId":"yuyanen"},"content":"","lastModifiedDate":"2022-09-25"},{"lineNumber":23,"author":{"gitId":"yuyanen"},"content":"    public static void printList(ArrayList\u003cTask\u003elistItems){","lastModifiedDate":"2022-10-02"},{"lineNumber":24,"author":{"gitId":"yuyanen"},"content":"        for(int i\u003d1;i\u003c\u003dlistItems.size();i++){","lastModifiedDate":"2022-10-02"},{"lineNumber":25,"author":{"gitId":"yuyanen"},"content":"            System.out.println(i + \".\" + listItems.get(i-1));","lastModifiedDate":"2022-10-02"},{"lineNumber":26,"author":{"gitId":"yuyanen"},"content":"        }","lastModifiedDate":"2022-09-07"},{"lineNumber":27,"author":{"gitId":"yuyanen"},"content":"    }","lastModifiedDate":"2022-09-07"},{"lineNumber":28,"author":{"gitId":"yuyanen"},"content":"","lastModifiedDate":"2022-09-07"},{"lineNumber":29,"author":{"gitId":"yuyanen"},"content":"","lastModifiedDate":"2022-10-02"},{"lineNumber":30,"author":{"gitId":"yuyanen"},"content":"","lastModifiedDate":"2022-10-16"},{"lineNumber":31,"author":{"gitId":"yuyanen"},"content":"","lastModifiedDate":"2022-09-04"},{"lineNumber":32,"author":{"gitId":"yuyanen"},"content":"","lastModifiedDate":"2022-10-09"},{"lineNumber":33,"author":{"gitId":"yuyanen"},"content":"    static void save(ArrayList\u003cTask\u003e listItems){","lastModifiedDate":"2022-10-09"},{"lineNumber":34,"author":{"gitId":"yuyanen"},"content":"        String list\u003d\"\";","lastModifiedDate":"2022-10-09"},{"lineNumber":35,"author":{"gitId":"yuyanen"},"content":"       for(Task listItem: listItems){","lastModifiedDate":"2022-10-09"},{"lineNumber":36,"author":{"gitId":"yuyanen"},"content":"           list+\u003d listItem.getData()+ \"\\n\";","lastModifiedDate":"2022-10-09"},{"lineNumber":37,"author":{"gitId":"yuyanen"},"content":"       }","lastModifiedDate":"2022-10-09"},{"lineNumber":38,"author":{"gitId":"yuyanen"},"content":"        StoreFile.writeToFile(list);","lastModifiedDate":"2022-10-09"},{"lineNumber":39,"author":{"gitId":"yuyanen"},"content":"    }","lastModifiedDate":"2022-10-09"},{"lineNumber":40,"author":{"gitId":"yuyanen"},"content":"","lastModifiedDate":"2022-10-09"},{"lineNumber":41,"author":{"gitId":"yuyanen"},"content":"","lastModifiedDate":"2022-10-09"},{"lineNumber":42,"author":{"gitId":"yuyanen"},"content":"    public static void main(String[] args){","lastModifiedDate":"2022-09-19"},{"lineNumber":43,"author":{"gitId":"-"},"content":"        String line;","lastModifiedDate":"2021-07-29"},{"lineNumber":44,"author":{"gitId":"-"},"content":"        Scanner in \u003d new Scanner(System.in);","lastModifiedDate":"2021-07-29"},{"lineNumber":45,"author":{"gitId":"yuyanen"},"content":"        ArrayList\u003cTask\u003e listItems \u003d new ArrayList\u003cTask\u003e();","lastModifiedDate":"2022-10-02"},{"lineNumber":46,"author":{"gitId":"yuyanen"},"content":"","lastModifiedDate":"2022-10-02"},{"lineNumber":47,"author":{"gitId":"yuyanen"},"content":"        UI.Greeting();","lastModifiedDate":"2022-10-09"},{"lineNumber":48,"author":{"gitId":"yuyanen"},"content":"","lastModifiedDate":"2022-09-04"},{"lineNumber":49,"author":{"gitId":"yuyanen"},"content":"        while(true){","lastModifiedDate":"2022-09-07"},{"lineNumber":50,"author":{"gitId":"yuyanen"},"content":"            try{","lastModifiedDate":"2022-09-19"},{"lineNumber":51,"author":{"gitId":"yuyanen"},"content":"                line \u003d in.nextLine();","lastModifiedDate":"2022-09-07"},{"lineNumber":52,"author":{"gitId":"yuyanen"},"content":"                if (UserInput(listItems, line)) continue;","lastModifiedDate":"2022-10-02"},{"lineNumber":53,"author":{"gitId":"yuyanen"},"content":"                break;","lastModifiedDate":"2022-09-19"},{"lineNumber":54,"author":{"gitId":"yuyanen"},"content":"            }catch(NullPointerException e){","lastModifiedDate":"2022-09-19"},{"lineNumber":55,"author":{"gitId":"yuyanen"},"content":"                System.out.println(\"☹ OOPS!!! task is not exist\");","lastModifiedDate":"2022-09-20"},{"lineNumber":56,"author":{"gitId":"yuyanen"},"content":"            }catch(DukeException e){","lastModifiedDate":"2022-09-19"},{"lineNumber":57,"author":{"gitId":"yuyanen"},"content":"              System.out.println(e.getMessage());","lastModifiedDate":"2022-09-19"},{"lineNumber":58,"author":{"gitId":"yuyanen"},"content":"            }catch(ArrayIndexOutOfBoundsException e){","lastModifiedDate":"2022-09-19"},{"lineNumber":59,"author":{"gitId":"yuyanen"},"content":"                System.out.println(\"☹ OOPS!!! The input task is not valid\");","lastModifiedDate":"2022-09-20"},{"lineNumber":60,"author":{"gitId":"yuyanen"},"content":"            }catch(NumberFormatException e){","lastModifiedDate":"2022-09-20"},{"lineNumber":61,"author":{"gitId":"yuyanen"},"content":"                System.out.println(\"☹ OOPS!!! The input is String,Pls enter number\");","lastModifiedDate":"2022-09-20"},{"lineNumber":62,"author":{"gitId":"yuyanen"},"content":"            }catch(StringIndexOutOfBoundsException e){","lastModifiedDate":"2022-10-02"},{"lineNumber":63,"author":{"gitId":"yuyanen"},"content":"                System.out.println(\"☹ OOPS!!! The input is out of bounds,Pls enter valid String\");","lastModifiedDate":"2022-10-02"},{"lineNumber":64,"author":{"gitId":"yuyanen"},"content":"            }catch(IndexOutOfBoundsException e){","lastModifiedDate":"2022-10-09"},{"lineNumber":65,"author":{"gitId":"yuyanen"},"content":"                System.out.println(\"☹ OOPS!!! The input is out of index,Pls re-enter\");","lastModifiedDate":"2022-10-09"},{"lineNumber":66,"author":{"gitId":"yuyanen"},"content":"            }","lastModifiedDate":"2022-09-19"},{"lineNumber":67,"author":{"gitId":"yuyanen"},"content":"        }","lastModifiedDate":"2022-09-19"},{"lineNumber":68,"author":{"gitId":"yuyanen"},"content":"    }","lastModifiedDate":"2022-09-19"},{"lineNumber":69,"author":{"gitId":"yuyanen"},"content":"","lastModifiedDate":"2022-09-19"},{"lineNumber":70,"author":{"gitId":"yuyanen"},"content":"    public static boolean UserInput(ArrayList\u003cTask\u003e listItems,String Input) throws DukeException{","lastModifiedDate":"2022-10-02"},{"lineNumber":71,"author":{"gitId":"yuyanen"},"content":"            String[] userInput \u003d Input.split(\" \");","lastModifiedDate":"2022-10-02"},{"lineNumber":72,"author":{"gitId":"yuyanen"},"content":"        switch(userInput[0]){","lastModifiedDate":"2022-09-13"},{"lineNumber":73,"author":{"gitId":"yuyanen"},"content":"            case\"bye\":","lastModifiedDate":"2022-09-07"},{"lineNumber":74,"author":{"gitId":"yuyanen"},"content":"                System.out.println(\"Bye. Hope to see you again soon!\");","lastModifiedDate":"2022-09-07"},{"lineNumber":75,"author":{"gitId":"yuyanen"},"content":"                break;","lastModifiedDate":"2022-09-07"},{"lineNumber":76,"author":{"gitId":"yuyanen"},"content":"            case\"list\":","lastModifiedDate":"2022-09-07"},{"lineNumber":77,"author":{"gitId":"yuyanen"},"content":"                if(listItems.isEmpty()){","lastModifiedDate":"2022-10-02"},{"lineNumber":78,"author":{"gitId":"yuyanen"},"content":"                    throw new DukeException(\"☹ OOPS!!! The task list is empty\");","lastModifiedDate":"2022-09-20"},{"lineNumber":79,"author":{"gitId":"yuyanen"},"content":"                }","lastModifiedDate":"2022-09-19"},{"lineNumber":80,"author":{"gitId":"yuyanen"},"content":"                printList(listItems);","lastModifiedDate":"2022-10-02"},{"lineNumber":81,"author":{"gitId":"yuyanen"},"content":"                return true;","lastModifiedDate":"2022-09-19"},{"lineNumber":82,"author":{"gitId":"yuyanen"},"content":"            case\"mark\":","lastModifiedDate":"2022-09-07"},{"lineNumber":83,"author":{"gitId":"yuyanen"},"content":"                    int indexMark \u003d Integer.parseInt(userInput[1]);","lastModifiedDate":"2022-09-13"},{"lineNumber":84,"author":{"gitId":"yuyanen"},"content":"                    //TaskPackage.Task markTask \u003d tasks[indexUnmark-1];","lastModifiedDate":"2022-10-10"},{"lineNumber":85,"author":{"gitId":"yuyanen"},"content":"                    Task markTask \u003d listItems.get(indexMark-1);","lastModifiedDate":"2022-10-02"},{"lineNumber":86,"author":{"gitId":"yuyanen"},"content":"                    markTask.markAsDone();","lastModifiedDate":"2022-09-07"},{"lineNumber":87,"author":{"gitId":"yuyanen"},"content":"                    System.out.println(\"Nice! I\u0027ve marked this task as done:\");","lastModifiedDate":"2022-09-18"},{"lineNumber":88,"author":{"gitId":"yuyanen"},"content":"                    System.out.println(markTask);","lastModifiedDate":"2022-09-07"},{"lineNumber":89,"author":{"gitId":"yuyanen"},"content":"","lastModifiedDate":"2022-09-19"},{"lineNumber":90,"author":{"gitId":"yuyanen"},"content":"","lastModifiedDate":"2022-09-19"},{"lineNumber":91,"author":{"gitId":"yuyanen"},"content":"                return true;","lastModifiedDate":"2022-09-19"},{"lineNumber":92,"author":{"gitId":"yuyanen"},"content":"            case\"unmark\":","lastModifiedDate":"2022-09-07"},{"lineNumber":93,"author":{"gitId":"yuyanen"},"content":"                    int indexUnmark \u003d Integer.parseInt(userInput[1]);","lastModifiedDate":"2022-09-13"},{"lineNumber":94,"author":{"gitId":"yuyanen"},"content":"                   // TaskPackage.Task unmarkTask \u003d tasks[indexUnmark-1];","lastModifiedDate":"2022-10-10"},{"lineNumber":95,"author":{"gitId":"yuyanen"},"content":"                    Task unmarkTask \u003d listItems.get(indexUnmark-1);","lastModifiedDate":"2022-10-02"},{"lineNumber":96,"author":{"gitId":"yuyanen"},"content":"                    unmarkTask.markAsNotdone();","lastModifiedDate":"2022-09-13"},{"lineNumber":97,"author":{"gitId":"yuyanen"},"content":"                    System.out.println(\"OK, I\u0027ve marked this task as not done yet:\");","lastModifiedDate":"2022-09-18"},{"lineNumber":98,"author":{"gitId":"yuyanen"},"content":"                    System.out.println(unmarkTask);","lastModifiedDate":"2022-09-07"},{"lineNumber":99,"author":{"gitId":"yuyanen"},"content":"                return true;","lastModifiedDate":"2022-09-19"},{"lineNumber":100,"author":{"gitId":"yuyanen"},"content":"            case\"deadline\":","lastModifiedDate":"2022-09-12"},{"lineNumber":101,"author":{"gitId":"yuyanen"},"content":"                if(userInput.length\u003c2){","lastModifiedDate":"2022-09-19"},{"lineNumber":102,"author":{"gitId":"yuyanen"},"content":"                    throw new DukeException(\"☹ OOPS!!! The description of a deadline cannot be empty.\");","lastModifiedDate":"2022-09-19"},{"lineNumber":103,"author":{"gitId":"yuyanen"},"content":"                }","lastModifiedDate":"2022-09-19"},{"lineNumber":104,"author":{"gitId":"yuyanen"},"content":"                if(isNumeric(userInput[1])){","lastModifiedDate":"2022-09-19"},{"lineNumber":105,"author":{"gitId":"yuyanen"},"content":"                    throw new DukeException(\"☹ OOPS!!! The input of a deadline cannot be number.\");","lastModifiedDate":"2022-09-19"},{"lineNumber":106,"author":{"gitId":"yuyanen"},"content":"                }","lastModifiedDate":"2022-09-19"},{"lineNumber":107,"author":{"gitId":"yuyanen"},"content":"                    int divPos \u003d Input.indexOf(\"/\");","lastModifiedDate":"2022-10-02"},{"lineNumber":108,"author":{"gitId":"yuyanen"},"content":"                    String deadlineTask \u003d Input.substring(9,divPos);","lastModifiedDate":"2022-10-02"},{"lineNumber":109,"author":{"gitId":"yuyanen"},"content":"                    String deadlineDate \u003d Input.substring(divPos+4);","lastModifiedDate":"2022-10-02"},{"lineNumber":110,"author":{"gitId":"yuyanen"},"content":"                    Deadline taskDeadline \u003d new Deadline(deadlineTask,deadlineDate);","lastModifiedDate":"2022-09-13"},{"lineNumber":111,"author":{"gitId":"yuyanen"},"content":"                    listItems.add(taskDeadline);","lastModifiedDate":"2022-10-02"},{"lineNumber":112,"author":{"gitId":"yuyanen"},"content":"                    //System.out.println(\"Got it. I\u0027ve added this task: \");","lastModifiedDate":"2022-10-16"},{"lineNumber":113,"author":{"gitId":"yuyanen"},"content":"                    System.out.println(taskDeadline);","lastModifiedDate":"2022-09-13"},{"lineNumber":114,"author":{"gitId":"yuyanen"},"content":"                System.out.println(\"Got it. I\u0027ve added this task: \");","lastModifiedDate":"2022-10-16"},{"lineNumber":115,"author":{"gitId":"yuyanen"},"content":"                    System.out.println(\"Now you have \" + listItems.size() + \" tasks in the list.\");","lastModifiedDate":"2022-10-02"},{"lineNumber":116,"author":{"gitId":"yuyanen"},"content":"                return true;","lastModifiedDate":"2022-09-19"},{"lineNumber":117,"author":{"gitId":"yuyanen"},"content":"            case\"todo\":","lastModifiedDate":"2022-09-13"},{"lineNumber":118,"author":{"gitId":"yuyanen"},"content":"                if(userInput.length\u003c2){","lastModifiedDate":"2022-09-18"},{"lineNumber":119,"author":{"gitId":"yuyanen"},"content":"                    throw new DukeException(\"☹ OOPS!!! The description of a todo cannot be empty.\");","lastModifiedDate":"2022-09-18"},{"lineNumber":120,"author":{"gitId":"yuyanen"},"content":"                }","lastModifiedDate":"2022-09-19"},{"lineNumber":121,"author":{"gitId":"yuyanen"},"content":"                if(isNumeric(userInput[1])){","lastModifiedDate":"2022-09-19"},{"lineNumber":122,"author":{"gitId":"yuyanen"},"content":"                    throw new DukeException(\"☹ OOPS!!! The input of a todo cannot be number.\");","lastModifiedDate":"2022-09-19"},{"lineNumber":123,"author":{"gitId":"yuyanen"},"content":"                }","lastModifiedDate":"2022-09-18"},{"lineNumber":124,"author":{"gitId":"yuyanen"},"content":"                    String todoTask \u003d Input.substring(5);","lastModifiedDate":"2022-10-02"},{"lineNumber":125,"author":{"gitId":"yuyanen"},"content":"                    Todo taskTodo \u003d new Todo(todoTask);","lastModifiedDate":"2022-09-13"},{"lineNumber":126,"author":{"gitId":"yuyanen"},"content":"                    listItems.add(taskTodo);","lastModifiedDate":"2022-10-02"},{"lineNumber":127,"author":{"gitId":"yuyanen"},"content":"                    System.out.println(\"Got it. I\u0027ve added this task: \");","lastModifiedDate":"2022-09-13"},{"lineNumber":128,"author":{"gitId":"yuyanen"},"content":"                    System.out.println(taskTodo);","lastModifiedDate":"2022-09-13"},{"lineNumber":129,"author":{"gitId":"yuyanen"},"content":"                    System.out.println(\"Now you have \" + listItems.size() + \" tasks in the list.\");","lastModifiedDate":"2022-10-02"},{"lineNumber":130,"author":{"gitId":"yuyanen"},"content":"                return true;","lastModifiedDate":"2022-09-19"},{"lineNumber":131,"author":{"gitId":"yuyanen"},"content":"            case\"event\":","lastModifiedDate":"2022-09-13"},{"lineNumber":132,"author":{"gitId":"yuyanen"},"content":"                if(userInput.length\u003c2){","lastModifiedDate":"2022-09-19"},{"lineNumber":133,"author":{"gitId":"yuyanen"},"content":"                    throw new DukeException(\"☹ OOPS!!! The description of a event cannot be empty.\");","lastModifiedDate":"2022-09-19"},{"lineNumber":134,"author":{"gitId":"yuyanen"},"content":"                }","lastModifiedDate":"2022-09-19"},{"lineNumber":135,"author":{"gitId":"yuyanen"},"content":"                if(isNumeric(userInput[1])){","lastModifiedDate":"2022-09-19"},{"lineNumber":136,"author":{"gitId":"yuyanen"},"content":"                    throw new DukeException(\"☹ OOPS!!! The input of a event cannot be number.\");","lastModifiedDate":"2022-09-19"},{"lineNumber":137,"author":{"gitId":"yuyanen"},"content":"                }","lastModifiedDate":"2022-09-19"},{"lineNumber":138,"author":{"gitId":"yuyanen"},"content":"                    int Pos \u003d Input.indexOf(\"/\");","lastModifiedDate":"2022-10-02"},{"lineNumber":139,"author":{"gitId":"yuyanen"},"content":"                    String eventsTask \u003d Input.substring(6,Pos);","lastModifiedDate":"2022-10-02"},{"lineNumber":140,"author":{"gitId":"yuyanen"},"content":"                    String eventsDate \u003d Input.substring(Pos+4);","lastModifiedDate":"2022-10-02"},{"lineNumber":141,"author":{"gitId":"yuyanen"},"content":"                    Events taskEvent \u003d new Events(eventsTask,eventsDate);","lastModifiedDate":"2022-09-13"},{"lineNumber":142,"author":{"gitId":"yuyanen"},"content":"                    listItems.add(taskEvent);","lastModifiedDate":"2022-10-02"},{"lineNumber":143,"author":{"gitId":"yuyanen"},"content":"                    System.out.println(\"Got it. I\u0027ve added this task: \");","lastModifiedDate":"2022-09-13"},{"lineNumber":144,"author":{"gitId":"yuyanen"},"content":"                    System.out.println(taskEvent);","lastModifiedDate":"2022-09-13"},{"lineNumber":145,"author":{"gitId":"yuyanen"},"content":"                    System.out.println(\"Now you have \" + listItems.size() + \" tasks in the list.\");","lastModifiedDate":"2022-10-02"},{"lineNumber":146,"author":{"gitId":"yuyanen"},"content":"                return true;","lastModifiedDate":"2022-10-02"},{"lineNumber":147,"author":{"gitId":"yuyanen"},"content":"            case\"delete\":","lastModifiedDate":"2022-10-02"},{"lineNumber":148,"author":{"gitId":"yuyanen"},"content":"                try{","lastModifiedDate":"2022-10-02"},{"lineNumber":149,"author":{"gitId":"yuyanen"},"content":"                    int DeleteNum \u003d Integer.parseInt(userInput[1]);","lastModifiedDate":"2022-10-02"},{"lineNumber":150,"author":{"gitId":"yuyanen"},"content":"                    Task t \u003d listItems.get(DeleteNum-1);","lastModifiedDate":"2022-10-02"},{"lineNumber":151,"author":{"gitId":"yuyanen"},"content":"                    listItems.remove(DeleteNum-1);","lastModifiedDate":"2022-10-02"},{"lineNumber":152,"author":{"gitId":"yuyanen"},"content":"                    System.out.println(\"Noted. I\u0027ve removed this task:\");","lastModifiedDate":"2022-10-02"},{"lineNumber":153,"author":{"gitId":"yuyanen"},"content":"                    System.out.println(t);","lastModifiedDate":"2022-10-02"},{"lineNumber":154,"author":{"gitId":"yuyanen"},"content":"                    System.out.println(\"Now you have \" + listItems.size() + \" tasks in the list.\");","lastModifiedDate":"2022-10-02"},{"lineNumber":155,"author":{"gitId":"yuyanen"},"content":"                }catch(IndexOutOfBoundsException e){","lastModifiedDate":"2022-10-02"},{"lineNumber":156,"author":{"gitId":"yuyanen"},"content":"                    System.out.println(\"☹ OOPS!!! The index out of arraylist length\");","lastModifiedDate":"2022-10-02"},{"lineNumber":157,"author":{"gitId":"yuyanen"},"content":"                }","lastModifiedDate":"2022-10-02"},{"lineNumber":158,"author":{"gitId":"yuyanen"},"content":"                return true;","lastModifiedDate":"2022-09-19"},{"lineNumber":159,"author":{"gitId":"yuyanen"},"content":"","lastModifiedDate":"2022-10-09"},{"lineNumber":160,"author":{"gitId":"yuyanen"},"content":"            case\"save\":","lastModifiedDate":"2022-10-09"},{"lineNumber":161,"author":{"gitId":"yuyanen"},"content":"                save(listItems);","lastModifiedDate":"2022-10-09"},{"lineNumber":162,"author":{"gitId":"yuyanen"},"content":"                return true;","lastModifiedDate":"2022-10-09"},{"lineNumber":163,"author":{"gitId":"yuyanen"},"content":"            default:","lastModifiedDate":"2022-09-07"},{"lineNumber":164,"author":{"gitId":"yuyanen"},"content":"                if(userInput[0].equals((\"blah\"))){","lastModifiedDate":"2022-09-18"},{"lineNumber":165,"author":{"gitId":"yuyanen"},"content":"                    throw new DukeException(\"☹ OOPS!!! I\u0027m sorry, but I don\u0027t know what that means :-(\");","lastModifiedDate":"2022-09-18"},{"lineNumber":166,"author":{"gitId":"yuyanen"},"content":"                }","lastModifiedDate":"2022-09-18"},{"lineNumber":167,"author":{"gitId":"yuyanen"},"content":"                if(isNumeric(userInput[0])){","lastModifiedDate":"2022-09-20"},{"lineNumber":168,"author":{"gitId":"yuyanen"},"content":"                    throw new DukeException(\"☹ OOPS!!! You have enter a number,Pls re-enter task !\");","lastModifiedDate":"2022-09-20"},{"lineNumber":169,"author":{"gitId":"yuyanen"},"content":"                }","lastModifiedDate":"2022-09-20"},{"lineNumber":170,"author":{"gitId":"yuyanen"},"content":"                AddList(listItems,Input);","lastModifiedDate":"2022-10-02"},{"lineNumber":171,"author":{"gitId":"yuyanen"},"content":"","lastModifiedDate":"2022-09-18"},{"lineNumber":172,"author":{"gitId":"yuyanen"},"content":"                return true;","lastModifiedDate":"2022-09-19"},{"lineNumber":173,"author":{"gitId":"-"},"content":"        }","lastModifiedDate":"2019-07-29"},{"lineNumber":174,"author":{"gitId":"yuyanen"},"content":"        return false;","lastModifiedDate":"2022-09-19"},{"lineNumber":175,"author":{"gitId":"-"},"content":"    }","lastModifiedDate":"2019-07-29"},{"lineNumber":176,"author":{"gitId":"-"},"content":"}","lastModifiedDate":"2022-09-08"},{"lineNumber":177,"author":{"gitId":"yuyanen"},"content":"","lastModifiedDate":"2022-09-04"},{"lineNumber":178,"author":{"gitId":"yuyanen"},"content":"","lastModifiedDate":"2022-09-11"}],"authorContributionMap":{"yuyanen":171,"-":7}},{"path":"src/main/java/DukeException.java","fileType":"java","lines":[{"lineNumber":1,"author":{"gitId":"yuyanen"},"content":"public class DukeException extends Exception{","lastModifiedDate":"2022-09-18"},{"lineNumber":2,"author":{"gitId":"yuyanen"},"content":"         public DukeException(){","lastModifiedDate":"2022-09-19"},{"lineNumber":3,"author":{"gitId":"yuyanen"},"content":"","lastModifiedDate":"2022-09-19"},{"lineNumber":4,"author":{"gitId":"yuyanen"},"content":"         }","lastModifiedDate":"2022-09-19"},{"lineNumber":5,"author":{"gitId":"yuyanen"},"content":"         public DukeException(String message){","lastModifiedDate":"2022-09-18"},{"lineNumber":6,"author":{"gitId":"yuyanen"},"content":"","lastModifiedDate":"2022-09-19"},{"lineNumber":7,"author":{"gitId":"yuyanen"},"content":"             super(message);","lastModifiedDate":"2022-09-18"},{"lineNumber":8,"author":{"gitId":"yuyanen"},"content":"         }","lastModifiedDate":"2022-09-18"},{"lineNumber":9,"author":{"gitId":"yuyanen"},"content":"}","lastModifiedDate":"2022-09-18"}],"authorContributionMap":{"yuyanen":9}},{"path":"src/main/java/StoreFile.java","fileType":"java","lines":[{"lineNumber":1,"author":{"gitId":"yuyanen"},"content":"import java.io.*;","lastModifiedDate":"2022-10-09"},{"lineNumber":2,"author":{"gitId":"yuyanen"},"content":"import java.util.Scanner;","lastModifiedDate":"2022-10-09"},{"lineNumber":3,"author":{"gitId":"yuyanen"},"content":"","lastModifiedDate":"2022-10-09"},{"lineNumber":4,"author":{"gitId":"yuyanen"},"content":"","lastModifiedDate":"2022-10-09"},{"lineNumber":5,"author":{"gitId":"yuyanen"},"content":"public class StoreFile {","lastModifiedDate":"2022-10-09"},{"lineNumber":6,"author":{"gitId":"yuyanen"},"content":"        public static void writeToFile(String Text) {","lastModifiedDate":"2022-10-09"},{"lineNumber":7,"author":{"gitId":"yuyanen"},"content":"            File f \u003d new File(\"C:\\\\data\\\\duke.txt\");","lastModifiedDate":"2022-10-09"},{"lineNumber":8,"author":{"gitId":"yuyanen"},"content":"            try {","lastModifiedDate":"2022-10-09"},{"lineNumber":9,"author":{"gitId":"yuyanen"},"content":"                FileWriter pw \u003d new FileWriter(f);","lastModifiedDate":"2022-10-09"},{"lineNumber":10,"author":{"gitId":"yuyanen"},"content":"                pw.write(Text);","lastModifiedDate":"2022-10-09"},{"lineNumber":11,"author":{"gitId":"yuyanen"},"content":"                pw.close();","lastModifiedDate":"2022-10-09"},{"lineNumber":12,"author":{"gitId":"yuyanen"},"content":"                System.out.println(\"Save file to Hard Drive Successfully !.\");","lastModifiedDate":"2022-10-09"},{"lineNumber":13,"author":{"gitId":"yuyanen"},"content":"","lastModifiedDate":"2022-10-09"},{"lineNumber":14,"author":{"gitId":"yuyanen"},"content":"            }catch(Exception e){","lastModifiedDate":"2022-10-09"},{"lineNumber":15,"author":{"gitId":"yuyanen"},"content":"                System.out.println(\"error\");","lastModifiedDate":"2022-10-09"},{"lineNumber":16,"author":{"gitId":"yuyanen"},"content":"            }","lastModifiedDate":"2022-10-09"},{"lineNumber":17,"author":{"gitId":"yuyanen"},"content":"        }","lastModifiedDate":"2022-10-09"},{"lineNumber":18,"author":{"gitId":"yuyanen"},"content":"","lastModifiedDate":"2022-10-09"},{"lineNumber":19,"author":{"gitId":"yuyanen"},"content":"//        public static void readToFile(){","lastModifiedDate":"2022-10-10"},{"lineNumber":20,"author":{"gitId":"yuyanen"},"content":"//","lastModifiedDate":"2022-10-10"},{"lineNumber":21,"author":{"gitId":"yuyanen"},"content":"//            try{","lastModifiedDate":"2022-10-10"},{"lineNumber":22,"author":{"gitId":"yuyanen"},"content":"//                File f \u003d new File(\"C:\\\\data\\\\duke.txt\");","lastModifiedDate":"2022-10-10"},{"lineNumber":23,"author":{"gitId":"yuyanen"},"content":"//                Scanner s \u003d new Scanner(f);","lastModifiedDate":"2022-10-10"},{"lineNumber":24,"author":{"gitId":"yuyanen"},"content":"//                try{","lastModifiedDate":"2022-10-10"},{"lineNumber":25,"author":{"gitId":"yuyanen"},"content":"//                    while(s.hasNext()){","lastModifiedDate":"2022-10-10"},{"lineNumber":26,"author":{"gitId":"yuyanen"},"content":"//                        System.out.println(s.nextLine());","lastModifiedDate":"2022-10-10"},{"lineNumber":27,"author":{"gitId":"yuyanen"},"content":"//                    }","lastModifiedDate":"2022-10-10"},{"lineNumber":28,"author":{"gitId":"yuyanen"},"content":"//                }","lastModifiedDate":"2022-10-10"},{"lineNumber":29,"author":{"gitId":"yuyanen"},"content":"//                catch(Exception e){","lastModifiedDate":"2022-10-10"},{"lineNumber":30,"author":{"gitId":"yuyanen"},"content":"//                    System.out.println(\"Read file Error\");","lastModifiedDate":"2022-10-10"},{"lineNumber":31,"author":{"gitId":"yuyanen"},"content":"//                }","lastModifiedDate":"2022-10-10"},{"lineNumber":32,"author":{"gitId":"yuyanen"},"content":"//            }","lastModifiedDate":"2022-10-10"},{"lineNumber":33,"author":{"gitId":"yuyanen"},"content":"//            catch (FileNotFoundException e){","lastModifiedDate":"2022-10-10"},{"lineNumber":34,"author":{"gitId":"yuyanen"},"content":"//                System.out.println(\"File is not found\");","lastModifiedDate":"2022-10-10"},{"lineNumber":35,"author":{"gitId":"yuyanen"},"content":"//            }","lastModifiedDate":"2022-10-10"},{"lineNumber":36,"author":{"gitId":"yuyanen"},"content":"//        }","lastModifiedDate":"2022-10-10"},{"lineNumber":37,"author":{"gitId":"yuyanen"},"content":"","lastModifiedDate":"2022-10-09"},{"lineNumber":38,"author":{"gitId":"yuyanen"},"content":"    }","lastModifiedDate":"2022-10-09"}],"authorContributionMap":{"yuyanen":38}},{"path":"src/main/java/TaskPackage/Deadline.java","fileType":"java","lines":[{"lineNumber":1,"author":{"gitId":"yuyanen"},"content":"package TaskPackage;","lastModifiedDate":"2022-10-10"},{"lineNumber":2,"author":{"gitId":"yuyanen"},"content":"import java.time.DateTimeException;","lastModifiedDate":"2022-10-16"},{"lineNumber":3,"author":{"gitId":"yuyanen"},"content":"import java.time.LocalDateTime;","lastModifiedDate":"2022-10-16"},{"lineNumber":4,"author":{"gitId":"yuyanen"},"content":"import java.time.format.DateTimeFormatter;","lastModifiedDate":"2022-10-16"},{"lineNumber":5,"author":{"gitId":"yuyanen"},"content":"import java.time.LocalDate;","lastModifiedDate":"2022-10-16"},{"lineNumber":6,"author":{"gitId":"yuyanen"},"content":"import java.time.format.DateTimeParseException;","lastModifiedDate":"2022-10-16"},{"lineNumber":7,"author":{"gitId":"yuyanen"},"content":"","lastModifiedDate":"2022-10-16"},{"lineNumber":8,"author":{"gitId":"yuyanen"},"content":"import static TaskPackage.isNumber.isNumeric;","lastModifiedDate":"2022-10-16"},{"lineNumber":9,"author":{"gitId":"yuyanen"},"content":"","lastModifiedDate":"2022-10-16"},{"lineNumber":10,"author":{"gitId":"yuyanen"},"content":"","lastModifiedDate":"2022-10-10"},{"lineNumber":11,"author":{"gitId":"yuyanen"},"content":"public class Deadline extends Task {","lastModifiedDate":"2022-09-12"},{"lineNumber":12,"author":{"gitId":"yuyanen"},"content":"//        protected LocalDateTime time;","lastModifiedDate":"2022-10-16"},{"lineNumber":13,"author":{"gitId":"yuyanen"},"content":"//        protected LocalDate date;","lastModifiedDate":"2022-10-16"},{"lineNumber":14,"author":{"gitId":"yuyanen"},"content":"        private String by;","lastModifiedDate":"2022-10-16"},{"lineNumber":15,"author":{"gitId":"yuyanen"},"content":"//      public Deadline(String description, LocalDateTime by){","lastModifiedDate":"2022-10-16"},{"lineNumber":16,"author":{"gitId":"yuyanen"},"content":"//          super(description);","lastModifiedDate":"2022-10-16"},{"lineNumber":17,"author":{"gitId":"yuyanen"},"content":"//          this.time \u003d by;","lastModifiedDate":"2022-10-16"},{"lineNumber":18,"author":{"gitId":"yuyanen"},"content":"//      }","lastModifiedDate":"2022-10-16"},{"lineNumber":19,"author":{"gitId":"yuyanen"},"content":"//","lastModifiedDate":"2022-10-16"},{"lineNumber":20,"author":{"gitId":"yuyanen"},"content":"//      public Deadline(String description,LocalDate by){","lastModifiedDate":"2022-10-16"},{"lineNumber":21,"author":{"gitId":"yuyanen"},"content":"//          super(description);","lastModifiedDate":"2022-10-16"},{"lineNumber":22,"author":{"gitId":"yuyanen"},"content":"//          this.date \u003d by;","lastModifiedDate":"2022-10-16"},{"lineNumber":23,"author":{"gitId":"yuyanen"},"content":"//      }","lastModifiedDate":"2022-10-16"},{"lineNumber":24,"author":{"gitId":"yuyanen"},"content":"","lastModifiedDate":"2022-09-12"},{"lineNumber":25,"author":{"gitId":"yuyanen"},"content":"    public Deadline(String description,String by){","lastModifiedDate":"2022-09-12"},{"lineNumber":26,"author":{"gitId":"yuyanen"},"content":"        super(description);","lastModifiedDate":"2022-09-12"},{"lineNumber":27,"author":{"gitId":"yuyanen"},"content":"        this.by \u003d by;","lastModifiedDate":"2022-09-12"},{"lineNumber":28,"author":{"gitId":"yuyanen"},"content":"    }","lastModifiedDate":"2022-09-12"},{"lineNumber":29,"author":{"gitId":"yuyanen"},"content":"","lastModifiedDate":"2022-09-12"},{"lineNumber":30,"author":{"gitId":"yuyanen"},"content":"","lastModifiedDate":"2022-10-16"},{"lineNumber":31,"author":{"gitId":"yuyanen"},"content":"      public String getData() {","lastModifiedDate":"2022-10-09"},{"lineNumber":32,"author":{"gitId":"yuyanen"},"content":"          return \"D\" + super.getData() + \"|\" + by ;","lastModifiedDate":"2022-10-09"},{"lineNumber":33,"author":{"gitId":"yuyanen"},"content":"      }","lastModifiedDate":"2022-10-09"},{"lineNumber":34,"author":{"gitId":"yuyanen"},"content":"","lastModifiedDate":"2022-09-13"},{"lineNumber":35,"author":{"gitId":"yuyanen"},"content":"//      public String getDate(){","lastModifiedDate":"2022-10-16"},{"lineNumber":36,"author":{"gitId":"yuyanen"},"content":"//          return this.date.format(DateTimeFormatter.ofPattern(\"MMM dd yyyy\"));","lastModifiedDate":"2022-10-16"},{"lineNumber":37,"author":{"gitId":"yuyanen"},"content":"//      }","lastModifiedDate":"2022-10-16"},{"lineNumber":38,"author":{"gitId":"yuyanen"},"content":"//","lastModifiedDate":"2022-10-16"},{"lineNumber":39,"author":{"gitId":"yuyanen"},"content":"//    public String getTime(){","lastModifiedDate":"2022-10-16"},{"lineNumber":40,"author":{"gitId":"yuyanen"},"content":"//        return this.time.format(DateTimeFormatter.ofPattern(\"MMM dd yyyy HHmm\"));","lastModifiedDate":"2022-10-16"},{"lineNumber":41,"author":{"gitId":"yuyanen"},"content":"//    }","lastModifiedDate":"2022-10-16"},{"lineNumber":42,"author":{"gitId":"yuyanen"},"content":"","lastModifiedDate":"2022-10-16"},{"lineNumber":43,"author":{"gitId":"yuyanen"},"content":"    public String convertToDate() throws DateTimeParseException {","lastModifiedDate":"2022-10-16"},{"lineNumber":44,"author":{"gitId":"yuyanen"},"content":"","lastModifiedDate":"2022-10-16"},{"lineNumber":45,"author":{"gitId":"yuyanen"},"content":"           String strDate \u003d by.replaceAll(\"/\",\"-\");","lastModifiedDate":"2022-10-16"},{"lineNumber":46,"author":{"gitId":"yuyanen"},"content":"           LocalDate date \u003d LocalDate.parse(strDate);","lastModifiedDate":"2022-10-16"},{"lineNumber":47,"author":{"gitId":"yuyanen"},"content":"           DateTimeFormatter dateFormat \u003d DateTimeFormatter.ofPattern(\"MMM-dd-yyyy\");","lastModifiedDate":"2022-10-16"},{"lineNumber":48,"author":{"gitId":"yuyanen"},"content":"           return date.format(dateFormat);","lastModifiedDate":"2022-10-16"},{"lineNumber":49,"author":{"gitId":"yuyanen"},"content":"    }","lastModifiedDate":"2022-10-16"},{"lineNumber":50,"author":{"gitId":"yuyanen"},"content":"","lastModifiedDate":"2022-10-16"},{"lineNumber":51,"author":{"gitId":"yuyanen"},"content":"    public String convertToTime() {","lastModifiedDate":"2022-10-16"},{"lineNumber":52,"author":{"gitId":"yuyanen"},"content":"","lastModifiedDate":"2022-10-16"},{"lineNumber":53,"author":{"gitId":"yuyanen"},"content":"            String strDate \u003d by.replaceAll(\"/\", \"-\");","lastModifiedDate":"2022-10-16"},{"lineNumber":54,"author":{"gitId":"yuyanen"},"content":"            for(char c: strDate.toCharArray()){","lastModifiedDate":"2022-10-16"},{"lineNumber":55,"author":{"gitId":"yuyanen"},"content":"                if(c\u003d\u003d\u0027 \u0027){","lastModifiedDate":"2022-10-16"},{"lineNumber":56,"author":{"gitId":"yuyanen"},"content":"                    strDate \u003d strDate.replace(\" \",\"T\");","lastModifiedDate":"2022-10-16"},{"lineNumber":57,"author":{"gitId":"yuyanen"},"content":"                    int posT \u003d strDate.indexOf(\"T\");","lastModifiedDate":"2022-10-16"},{"lineNumber":58,"author":{"gitId":"yuyanen"},"content":"                    strDate \u003d strDate.substring(0,posT+3)+\":\"+ strDate.substring(posT+3);","lastModifiedDate":"2022-10-16"},{"lineNumber":59,"author":{"gitId":"yuyanen"},"content":"","lastModifiedDate":"2022-10-16"},{"lineNumber":60,"author":{"gitId":"yuyanen"},"content":"                }","lastModifiedDate":"2022-10-16"},{"lineNumber":61,"author":{"gitId":"yuyanen"},"content":"            }","lastModifiedDate":"2022-09-12"},{"lineNumber":62,"author":{"gitId":"yuyanen"},"content":"            LocalDateTime  date \u003d LocalDateTime.parse(strDate);","lastModifiedDate":"2022-10-16"},{"lineNumber":63,"author":{"gitId":"yuyanen"},"content":"            DateTimeFormatter dateFormat \u003d DateTimeFormatter.ofPattern(\"MMM-dd-yyyy HHmm\");","lastModifiedDate":"2022-10-16"},{"lineNumber":64,"author":{"gitId":"yuyanen"},"content":"           return date.format(dateFormat);","lastModifiedDate":"2022-10-16"},{"lineNumber":65,"author":{"gitId":"yuyanen"},"content":"","lastModifiedDate":"2022-09-12"},{"lineNumber":66,"author":{"gitId":"yuyanen"},"content":"    }","lastModifiedDate":"2022-10-16"},{"lineNumber":67,"author":{"gitId":"yuyanen"},"content":"","lastModifiedDate":"2022-10-16"},{"lineNumber":68,"author":{"gitId":"yuyanen"},"content":"    public String DateAndTime(){","lastModifiedDate":"2022-10-16"},{"lineNumber":69,"author":{"gitId":"yuyanen"},"content":"        String date\u003dnull;","lastModifiedDate":"2022-10-16"},{"lineNumber":70,"author":{"gitId":"yuyanen"},"content":"        try {","lastModifiedDate":"2022-10-16"},{"lineNumber":71,"author":{"gitId":"yuyanen"},"content":"            if (isNumeric(by)) {","lastModifiedDate":"2022-10-16"},{"lineNumber":72,"author":{"gitId":"yuyanen"},"content":"                if(by.contains(\" \")){","lastModifiedDate":"2022-10-16"},{"lineNumber":73,"author":{"gitId":"yuyanen"},"content":"                    date\u003d convertToTime();","lastModifiedDate":"2022-10-16"},{"lineNumber":74,"author":{"gitId":"yuyanen"},"content":"                }else{","lastModifiedDate":"2022-10-16"},{"lineNumber":75,"author":{"gitId":"yuyanen"},"content":"                    date\u003d convertToDate();","lastModifiedDate":"2022-10-16"},{"lineNumber":76,"author":{"gitId":"yuyanen"},"content":"                }","lastModifiedDate":"2022-10-16"},{"lineNumber":77,"author":{"gitId":"yuyanen"},"content":"            }","lastModifiedDate":"2022-10-16"},{"lineNumber":78,"author":{"gitId":"yuyanen"},"content":"        }catch(NumberFormatException e){","lastModifiedDate":"2022-10-16"},{"lineNumber":79,"author":{"gitId":"yuyanen"},"content":"            System.out.println(\"Pls enter number as date\");","lastModifiedDate":"2022-10-16"},{"lineNumber":80,"author":{"gitId":"yuyanen"},"content":"        }","lastModifiedDate":"2022-10-16"},{"lineNumber":81,"author":{"gitId":"yuyanen"},"content":"        return date;","lastModifiedDate":"2022-10-16"},{"lineNumber":82,"author":{"gitId":"yuyanen"},"content":"    }","lastModifiedDate":"2022-10-16"},{"lineNumber":83,"author":{"gitId":"yuyanen"},"content":"","lastModifiedDate":"2022-10-16"},{"lineNumber":84,"author":{"gitId":"yuyanen"},"content":"","lastModifiedDate":"2022-10-16"},{"lineNumber":85,"author":{"gitId":"yuyanen"},"content":"//      public String toString() {","lastModifiedDate":"2022-10-16"},{"lineNumber":86,"author":{"gitId":"yuyanen"},"content":"//          return \"[D]\" + super.toString() + \" (by: \" + by + \")\";","lastModifiedDate":"2022-10-16"},{"lineNumber":87,"author":{"gitId":"yuyanen"},"content":"//          }","lastModifiedDate":"2022-10-16"},{"lineNumber":88,"author":{"gitId":"yuyanen"},"content":"","lastModifiedDate":"2022-10-16"},{"lineNumber":89,"author":{"gitId":"yuyanen"},"content":"      public String toString()  {","lastModifiedDate":"2022-10-16"},{"lineNumber":90,"author":{"gitId":"yuyanen"},"content":"          return \"[D]\" + super.toString() + \" (by: \" + DateAndTime() + \")\";","lastModifiedDate":"2022-10-16"},{"lineNumber":91,"author":{"gitId":"yuyanen"},"content":"      }","lastModifiedDate":"2022-10-16"},{"lineNumber":92,"author":{"gitId":"yuyanen"},"content":"","lastModifiedDate":"2022-09-12"},{"lineNumber":93,"author":{"gitId":"yuyanen"},"content":"}","lastModifiedDate":"2022-09-12"}],"authorContributionMap":{"yuyanen":93}},{"path":"src/main/java/TaskPackage/Events.java","fileType":"java","lines":[{"lineNumber":1,"author":{"gitId":"yuyanen"},"content":"package TaskPackage;","lastModifiedDate":"2022-10-10"},{"lineNumber":2,"author":{"gitId":"yuyanen"},"content":"","lastModifiedDate":"2022-10-10"},{"lineNumber":3,"author":{"gitId":"yuyanen"},"content":"public class Events extends Task {","lastModifiedDate":"2022-09-13"},{"lineNumber":4,"author":{"gitId":"yuyanen"},"content":"    protected String by;","lastModifiedDate":"2022-09-13"},{"lineNumber":5,"author":{"gitId":"yuyanen"},"content":"","lastModifiedDate":"2022-09-13"},{"lineNumber":6,"author":{"gitId":"yuyanen"},"content":"    public Events(String description, String by) {","lastModifiedDate":"2022-09-13"},{"lineNumber":7,"author":{"gitId":"yuyanen"},"content":"        super(description);","lastModifiedDate":"2022-09-13"},{"lineNumber":8,"author":{"gitId":"yuyanen"},"content":"        this.by \u003d by;","lastModifiedDate":"2022-09-13"},{"lineNumber":9,"author":{"gitId":"yuyanen"},"content":"    }","lastModifiedDate":"2022-09-13"},{"lineNumber":10,"author":{"gitId":"yuyanen"},"content":"","lastModifiedDate":"2022-09-13"},{"lineNumber":11,"author":{"gitId":"yuyanen"},"content":"    public String getData() { return \"E\" + super.getData() + \"|\" + by;}","lastModifiedDate":"2022-10-09"},{"lineNumber":12,"author":{"gitId":"yuyanen"},"content":"    public String toString() {","lastModifiedDate":"2022-09-13"},{"lineNumber":13,"author":{"gitId":"yuyanen"},"content":"        return \"[E]\" + super.toString() + \" (at: \" + by + \")\";","lastModifiedDate":"2022-09-13"},{"lineNumber":14,"author":{"gitId":"yuyanen"},"content":"    }","lastModifiedDate":"2022-09-13"},{"lineNumber":15,"author":{"gitId":"yuyanen"},"content":"","lastModifiedDate":"2022-09-13"},{"lineNumber":16,"author":{"gitId":"yuyanen"},"content":"}","lastModifiedDate":"2022-09-13"}],"authorContributionMap":{"yuyanen":16}},{"path":"src/main/java/TaskPackage/Task.java","fileType":"java","lines":[{"lineNumber":1,"author":{"gitId":"yuyanen"},"content":"package TaskPackage;","lastModifiedDate":"2022-10-10"},{"lineNumber":2,"author":{"gitId":"yuyanen"},"content":"","lastModifiedDate":"2022-10-10"},{"lineNumber":3,"author":{"gitId":"yuyanen"},"content":"public class Task {","lastModifiedDate":"2022-09-07"},{"lineNumber":4,"author":{"gitId":"yuyanen"},"content":"","lastModifiedDate":"2022-09-07"},{"lineNumber":5,"author":{"gitId":"yuyanen"},"content":"      protected String description;","lastModifiedDate":"2022-09-04"},{"lineNumber":6,"author":{"gitId":"yuyanen"},"content":"","lastModifiedDate":"2022-10-02"},{"lineNumber":7,"author":{"gitId":"yuyanen"},"content":"      protected boolean isDone;","lastModifiedDate":"2022-09-04"},{"lineNumber":8,"author":{"gitId":"yuyanen"},"content":"","lastModifiedDate":"2022-09-04"},{"lineNumber":9,"author":{"gitId":"yuyanen"},"content":"      public Task(String description){","lastModifiedDate":"2022-09-04"},{"lineNumber":10,"author":{"gitId":"yuyanen"},"content":"          this.description \u003d description;","lastModifiedDate":"2022-09-04"},{"lineNumber":11,"author":{"gitId":"yuyanen"},"content":"          this.isDone \u003d false;","lastModifiedDate":"2022-09-04"},{"lineNumber":12,"author":{"gitId":"yuyanen"},"content":"","lastModifiedDate":"2022-10-02"},{"lineNumber":13,"author":{"gitId":"yuyanen"},"content":"      }","lastModifiedDate":"2022-09-04"},{"lineNumber":14,"author":{"gitId":"yuyanen"},"content":"      public String getStatusIcon(){","lastModifiedDate":"2022-09-04"},{"lineNumber":15,"author":{"gitId":"yuyanen"},"content":"","lastModifiedDate":"2022-09-07"},{"lineNumber":16,"author":{"gitId":"yuyanen"},"content":"          return (isDone ? \"x\":\" \"); //mark done task with X","lastModifiedDate":"2022-09-04"},{"lineNumber":17,"author":{"gitId":"yuyanen"},"content":"      }","lastModifiedDate":"2022-09-04"},{"lineNumber":18,"author":{"gitId":"yuyanen"},"content":"","lastModifiedDate":"2022-09-04"},{"lineNumber":19,"author":{"gitId":"yuyanen"},"content":"      public void markAsDone(){","lastModifiedDate":"2022-09-04"},{"lineNumber":20,"author":{"gitId":"yuyanen"},"content":"          this.isDone \u003d true;","lastModifiedDate":"2022-09-07"},{"lineNumber":21,"author":{"gitId":"yuyanen"},"content":"      }","lastModifiedDate":"2022-09-04"},{"lineNumber":22,"author":{"gitId":"yuyanen"},"content":"      public void markAsNotdone(){","lastModifiedDate":"2022-09-08"},{"lineNumber":23,"author":{"gitId":"yuyanen"},"content":"        this.isDone \u003d false;","lastModifiedDate":"2022-09-08"},{"lineNumber":24,"author":{"gitId":"yuyanen"},"content":"    }","lastModifiedDate":"2022-09-08"},{"lineNumber":25,"author":{"gitId":"yuyanen"},"content":"","lastModifiedDate":"2022-09-07"},{"lineNumber":26,"author":{"gitId":"yuyanen"},"content":"","lastModifiedDate":"2022-10-09"},{"lineNumber":27,"author":{"gitId":"yuyanen"},"content":"    public String getData(){","lastModifiedDate":"2022-10-09"},{"lineNumber":28,"author":{"gitId":"yuyanen"},"content":"          if (this.isDone \u003d\u003d true) {","lastModifiedDate":"2022-10-09"},{"lineNumber":29,"author":{"gitId":"yuyanen"},"content":"              return (\"|1|\" + this.description);","lastModifiedDate":"2022-10-09"},{"lineNumber":30,"author":{"gitId":"yuyanen"},"content":"          } else {","lastModifiedDate":"2022-10-09"},{"lineNumber":31,"author":{"gitId":"yuyanen"},"content":"              return (\"|0|\" + this.description);","lastModifiedDate":"2022-10-09"},{"lineNumber":32,"author":{"gitId":"yuyanen"},"content":"          }","lastModifiedDate":"2022-10-09"},{"lineNumber":33,"author":{"gitId":"yuyanen"},"content":"      }","lastModifiedDate":"2022-10-09"},{"lineNumber":34,"author":{"gitId":"yuyanen"},"content":"      public String toString(){","lastModifiedDate":"2022-09-07"},{"lineNumber":35,"author":{"gitId":"yuyanen"},"content":"          return \"[\" + getStatusIcon() + \"]\" + this.description;","lastModifiedDate":"2022-10-09"},{"lineNumber":36,"author":{"gitId":"yuyanen"},"content":"      }","lastModifiedDate":"2022-09-04"},{"lineNumber":37,"author":{"gitId":"yuyanen"},"content":"","lastModifiedDate":"2022-09-04"},{"lineNumber":38,"author":{"gitId":"yuyanen"},"content":"}","lastModifiedDate":"2022-09-04"}],"authorContributionMap":{"yuyanen":38}},{"path":"src/main/java/TaskPackage/Todo.java","fileType":"java","lines":[{"lineNumber":1,"author":{"gitId":"yuyanen"},"content":"package TaskPackage;","lastModifiedDate":"2022-10-10"},{"lineNumber":2,"author":{"gitId":"yuyanen"},"content":"","lastModifiedDate":"2022-10-10"},{"lineNumber":3,"author":{"gitId":"yuyanen"},"content":"public class Todo extends Task{","lastModifiedDate":"2022-09-13"},{"lineNumber":4,"author":{"gitId":"yuyanen"},"content":"    protected boolean isDone;","lastModifiedDate":"2022-09-13"},{"lineNumber":5,"author":{"gitId":"yuyanen"},"content":"","lastModifiedDate":"2022-09-13"},{"lineNumber":6,"author":{"gitId":"yuyanen"},"content":"    public Todo(String description) {","lastModifiedDate":"2022-09-13"},{"lineNumber":7,"author":{"gitId":"yuyanen"},"content":"        super(description);","lastModifiedDate":"2022-09-13"},{"lineNumber":8,"author":{"gitId":"yuyanen"},"content":"    }","lastModifiedDate":"2022-09-13"},{"lineNumber":9,"author":{"gitId":"yuyanen"},"content":"","lastModifiedDate":"2022-10-09"},{"lineNumber":10,"author":{"gitId":"yuyanen"},"content":"    public String getData() { return \"T\" + super.getData();}","lastModifiedDate":"2022-10-09"},{"lineNumber":11,"author":{"gitId":"yuyanen"},"content":"    public String toString() {","lastModifiedDate":"2022-09-13"},{"lineNumber":12,"author":{"gitId":"yuyanen"},"content":"        return \"[T]\" + super.toString();","lastModifiedDate":"2022-09-13"},{"lineNumber":13,"author":{"gitId":"yuyanen"},"content":"    }","lastModifiedDate":"2022-09-13"},{"lineNumber":14,"author":{"gitId":"yuyanen"},"content":"","lastModifiedDate":"2022-09-13"},{"lineNumber":15,"author":{"gitId":"yuyanen"},"content":"}","lastModifiedDate":"2022-09-13"}],"authorContributionMap":{"yuyanen":15}},{"path":"src/main/java/TaskPackage/isDate.java","fileType":"java","lines":[{"lineNumber":1,"author":{"gitId":"yuyanen"},"content":"package TaskPackage;","lastModifiedDate":"2022-10-16"},{"lineNumber":2,"author":{"gitId":"yuyanen"},"content":"","lastModifiedDate":"2022-10-16"},{"lineNumber":3,"author":{"gitId":"yuyanen"},"content":"import static TaskPackage.isNumber.isNumeric;","lastModifiedDate":"2022-10-16"},{"lineNumber":4,"author":{"gitId":"yuyanen"},"content":"","lastModifiedDate":"2022-10-16"},{"lineNumber":5,"author":{"gitId":"yuyanen"},"content":"public class isDate {","lastModifiedDate":"2022-10-16"},{"lineNumber":6,"author":{"gitId":"yuyanen"},"content":"    public static boolean isDate(String inputDate){","lastModifiedDate":"2022-10-16"},{"lineNumber":7,"author":{"gitId":"yuyanen"},"content":"        String[] date \u003d inputDate.split(\"/\");","lastModifiedDate":"2022-10-16"},{"lineNumber":8,"author":{"gitId":"yuyanen"},"content":"        if(date.length\u003d\u003d3 || isNumeric(date[0]) || isNumeric(date[1]) || isNumeric(date[2])){","lastModifiedDate":"2022-10-16"},{"lineNumber":9,"author":{"gitId":"yuyanen"},"content":"            return true;","lastModifiedDate":"2022-10-16"},{"lineNumber":10,"author":{"gitId":"yuyanen"},"content":"        }else{","lastModifiedDate":"2022-10-16"},{"lineNumber":11,"author":{"gitId":"yuyanen"},"content":"            return false;","lastModifiedDate":"2022-10-16"},{"lineNumber":12,"author":{"gitId":"yuyanen"},"content":"        }","lastModifiedDate":"2022-10-16"},{"lineNumber":13,"author":{"gitId":"yuyanen"},"content":"    }","lastModifiedDate":"2022-10-16"},{"lineNumber":14,"author":{"gitId":"yuyanen"},"content":"}","lastModifiedDate":"2022-10-16"}],"authorContributionMap":{"yuyanen":14}},{"path":"src/main/java/TaskPackage/isNumber.java","fileType":"java","lines":[{"lineNumber":1,"author":{"gitId":"yuyanen"},"content":"package TaskPackage;","lastModifiedDate":"2022-10-16"},{"lineNumber":2,"author":{"gitId":"yuyanen"},"content":"","lastModifiedDate":"2022-10-16"},{"lineNumber":3,"author":{"gitId":"yuyanen"},"content":"public class isNumber {","lastModifiedDate":"2022-10-16"},{"lineNumber":4,"author":{"gitId":"yuyanen"},"content":"    public static boolean isNumeric(String str) {","lastModifiedDate":"2022-10-16"},{"lineNumber":5,"author":{"gitId":"yuyanen"},"content":"        try {","lastModifiedDate":"2022-10-16"},{"lineNumber":6,"author":{"gitId":"yuyanen"},"content":"            String[] num \u003d str.split(\"/\");","lastModifiedDate":"2022-10-16"},{"lineNumber":7,"author":{"gitId":"yuyanen"},"content":"            if(num.length\u003d\u003d1){","lastModifiedDate":"2022-10-16"},{"lineNumber":8,"author":{"gitId":"yuyanen"},"content":"                Integer.parseInt(str);","lastModifiedDate":"2022-10-16"},{"lineNumber":9,"author":{"gitId":"yuyanen"},"content":"            }","lastModifiedDate":"2022-10-16"},{"lineNumber":10,"author":{"gitId":"yuyanen"},"content":"            if(num.length\u003d\u003d2){","lastModifiedDate":"2022-10-16"},{"lineNumber":11,"author":{"gitId":"yuyanen"},"content":"                Integer.parseInt(num[0]);","lastModifiedDate":"2022-10-16"},{"lineNumber":12,"author":{"gitId":"yuyanen"},"content":"                Integer.parseInt(num[1]);","lastModifiedDate":"2022-10-16"},{"lineNumber":13,"author":{"gitId":"yuyanen"},"content":"            }","lastModifiedDate":"2022-10-16"},{"lineNumber":14,"author":{"gitId":"yuyanen"},"content":"            if(num.length\u003d\u003d3){","lastModifiedDate":"2022-10-16"},{"lineNumber":15,"author":{"gitId":"yuyanen"},"content":"                Integer.parseInt(num[0]);","lastModifiedDate":"2022-10-16"},{"lineNumber":16,"author":{"gitId":"yuyanen"},"content":"                Integer.parseInt(num[1]);","lastModifiedDate":"2022-10-16"},{"lineNumber":17,"author":{"gitId":"yuyanen"},"content":"                Integer.parseInt(num[1]);","lastModifiedDate":"2022-10-16"},{"lineNumber":18,"author":{"gitId":"yuyanen"},"content":"            }","lastModifiedDate":"2022-10-16"},{"lineNumber":19,"author":{"gitId":"yuyanen"},"content":"            return true;","lastModifiedDate":"2022-10-16"},{"lineNumber":20,"author":{"gitId":"yuyanen"},"content":"        } catch(NumberFormatException e){","lastModifiedDate":"2022-10-16"},{"lineNumber":21,"author":{"gitId":"yuyanen"},"content":"            return false;","lastModifiedDate":"2022-10-16"},{"lineNumber":22,"author":{"gitId":"yuyanen"},"content":"        }","lastModifiedDate":"2022-10-16"},{"lineNumber":23,"author":{"gitId":"yuyanen"},"content":"    }","lastModifiedDate":"2022-10-16"},{"lineNumber":24,"author":{"gitId":"yuyanen"},"content":"}","lastModifiedDate":"2022-10-16"}],"authorContributionMap":{"yuyanen":24}},{"path":"src/main/java/UI.java","fileType":"java","lines":[{"lineNumber":1,"author":{"gitId":"yuyanen"},"content":"","lastModifiedDate":"2022-10-09"},{"lineNumber":2,"author":{"gitId":"yuyanen"},"content":"import java.io.File;","lastModifiedDate":"2022-10-09"},{"lineNumber":3,"author":{"gitId":"yuyanen"},"content":"import java.io.IOException;","lastModifiedDate":"2022-10-09"},{"lineNumber":4,"author":{"gitId":"yuyanen"},"content":"import java.nio.file.Files;","lastModifiedDate":"2022-10-09"},{"lineNumber":5,"author":{"gitId":"yuyanen"},"content":"import java.nio.file.Path;","lastModifiedDate":"2022-10-09"},{"lineNumber":6,"author":{"gitId":"yuyanen"},"content":"import java.util.ArrayList;","lastModifiedDate":"2022-10-09"},{"lineNumber":7,"author":{"gitId":"yuyanen"},"content":"import java.util.Scanner;","lastModifiedDate":"2022-10-09"},{"lineNumber":8,"author":{"gitId":"yuyanen"},"content":"","lastModifiedDate":"2022-10-09"},{"lineNumber":9,"author":{"gitId":"yuyanen"},"content":"","lastModifiedDate":"2022-10-09"},{"lineNumber":10,"author":{"gitId":"yuyanen"},"content":"public class UI {","lastModifiedDate":"2022-10-09"},{"lineNumber":11,"author":{"gitId":"yuyanen"},"content":"","lastModifiedDate":"2022-10-09"},{"lineNumber":12,"author":{"gitId":"yuyanen"},"content":"    public static void Greeting() {","lastModifiedDate":"2022-10-09"},{"lineNumber":13,"author":{"gitId":"yuyanen"},"content":"        System.out.println(\"Hello! I\u0027m Duke\");","lastModifiedDate":"2022-10-09"},{"lineNumber":14,"author":{"gitId":"yuyanen"},"content":"        System.out.println(\"Here is your outstanding tasks\");","lastModifiedDate":"2022-10-09"},{"lineNumber":15,"author":{"gitId":"yuyanen"},"content":"        File file \u003d new File(\"C:\\\\data\\\\duke.txt\");","lastModifiedDate":"2022-10-09"},{"lineNumber":16,"author":{"gitId":"yuyanen"},"content":"//        String text \u003d\" \";","lastModifiedDate":"2022-10-09"},{"lineNumber":17,"author":{"gitId":"yuyanen"},"content":"//        try {","lastModifiedDate":"2022-10-09"},{"lineNumber":18,"author":{"gitId":"yuyanen"},"content":"//            text \u003d Files.readString(filename);","lastModifiedDate":"2022-10-09"},{"lineNumber":19,"author":{"gitId":"yuyanen"},"content":"//            //System.out.println(\"read file\");","lastModifiedDate":"2022-10-09"},{"lineNumber":20,"author":{"gitId":"yuyanen"},"content":"//        } catch (IOException e) {","lastModifiedDate":"2022-10-09"},{"lineNumber":21,"author":{"gitId":"yuyanen"},"content":"//            throw new RuntimeException(e);","lastModifiedDate":"2022-10-09"},{"lineNumber":22,"author":{"gitId":"yuyanen"},"content":"//        }","lastModifiedDate":"2022-10-09"},{"lineNumber":23,"author":{"gitId":"yuyanen"},"content":"//        String[] textArray \u003d text.split(\" \\n\");","lastModifiedDate":"2022-10-09"},{"lineNumber":24,"author":{"gitId":"yuyanen"},"content":"","lastModifiedDate":"2022-10-09"},{"lineNumber":25,"author":{"gitId":"yuyanen"},"content":"       try{","lastModifiedDate":"2022-10-09"},{"lineNumber":26,"author":{"gitId":"yuyanen"},"content":"           Scanner s \u003d new Scanner(file);","lastModifiedDate":"2022-10-09"},{"lineNumber":27,"author":{"gitId":"yuyanen"},"content":"           while (s.hasNextLine()) {","lastModifiedDate":"2022-10-09"},{"lineNumber":28,"author":{"gitId":"yuyanen"},"content":"               String line \u003d s.nextLine();","lastModifiedDate":"2022-10-09"},{"lineNumber":29,"author":{"gitId":"yuyanen"},"content":"               if(line.charAt(1)\u003d\u003d\u00270\u0027){","lastModifiedDate":"2022-10-11"},{"lineNumber":30,"author":{"gitId":"yuyanen"},"content":"                   System.out.println(line);","lastModifiedDate":"2022-10-09"},{"lineNumber":31,"author":{"gitId":"yuyanen"},"content":"               }","lastModifiedDate":"2022-10-09"},{"lineNumber":32,"author":{"gitId":"yuyanen"},"content":"           }","lastModifiedDate":"2022-10-09"},{"lineNumber":33,"author":{"gitId":"yuyanen"},"content":"       } catch(Exception e){","lastModifiedDate":"2022-10-09"},{"lineNumber":34,"author":{"gitId":"yuyanen"},"content":"           System.out.println(\"read outstanding file error\");","lastModifiedDate":"2022-10-09"},{"lineNumber":35,"author":{"gitId":"yuyanen"},"content":"       }","lastModifiedDate":"2022-10-09"},{"lineNumber":36,"author":{"gitId":"yuyanen"},"content":"","lastModifiedDate":"2022-10-09"},{"lineNumber":37,"author":{"gitId":"yuyanen"},"content":"        System.out.println(\"What can I do for you?\");","lastModifiedDate":"2022-10-09"},{"lineNumber":38,"author":{"gitId":"yuyanen"},"content":"    }","lastModifiedDate":"2022-10-09"},{"lineNumber":39,"author":{"gitId":"yuyanen"},"content":"}","lastModifiedDate":"2022-10-09"}],"authorContributionMap":{"yuyanen":39}}]
