{"authorDailyContributionsMap":{"yuyanen":[{"date":"2022-08-28","commitResults":[{"hash":"6dc6e74de772d6e88f518f4174a4669b18050e69","messageTitle":"Level-1","messageBody":"","tags":["level-1"],"fileTypesAndContributionMap":{"java":{"insertions":1,"deletions":0}}},{"hash":"32527dbf8e29ca3b7ad2dbf31f4edb6674a96000","messageTitle":"Level-2","messageBody":"","tags":["level-2"],"fileTypesAndContributionMap":{"java":{"insertions":16,"deletions":2}}}]},{"date":"2022-09-04","commitResults":[{"hash":"1185ef6070c3e3130736493f24a695b31c6d8c8b","messageTitle":"edit","messageBody":"","fileTypesAndContributionMap":{"java":{"insertions":78,"deletions":30}}},{"hash":"f6c49c862572a4076f6f99b9447bcddfd290da6d","messageTitle":"Level 3","messageBody":"","fileTypesAndContributionMap":{"java":{"insertions":32,"deletions":0}}}]},{"date":"2022-09-07","commitResults":[{"hash":"178855775247bf10c6327284c5ad46a38d989133","messageTitle":"edit level3","messageBody":"","fileTypesAndContributionMap":{"java":{"insertions":35,"deletions":93}}},{"hash":"4255887406899dceda0d0edeacdc54916455bb37","messageTitle":"edit level 3","messageBody":"","fileTypesAndContributionMap":{"java":{"insertions":31,"deletions":6}}}]},{"date":"2022-09-08","commitResults":[{"hash":"8b41a97275937e716722dc8e56e52a259fd418dc","messageTitle":"edit level 3","messageBody":"","fileTypesAndContributionMap":{"java":{"insertions":34,"deletions":27}}}]},{"date":"2022-09-11","commitResults":[{"hash":"3773eb1057752cce2821d53e72d92c3227162df1","messageTitle":"edit","messageBody":"","fileTypesAndContributionMap":{"java":{"insertions":6,"deletions":15}}},{"hash":"6dfacaa1107b2711c8da189dd9a42ffc872df86c","messageTitle":"level 4","messageBody":"","fileTypesAndContributionMap":{"java":{"insertions":9,"deletions":47}}}]},{"date":"2022-09-12","commitResults":[{"hash":"a569ecac4902fd526561acb53c312dfefc48edbe","messageTitle":"add Deadline task","messageBody":"","fileTypesAndContributionMap":{"java":{"insertions":40,"deletions":9}}}]},{"date":"2022-09-13","commitResults":[{"hash":"15b2183eb3a42918f813d17db097dcdf2d9ae84d","messageTitle":"edit level 4","messageBody":"","fileTypesAndContributionMap":{"java":{"insertions":43,"deletions":10}}},{"hash":"22858507a778549af7e1c23f12c27c85c61f0c8c","messageTitle":"commit level 4","messageBody":"","tags":["level-4"],"fileTypesAndContributionMap":{"java":{"insertions":28,"deletions":13}}}]},{"date":"2022-09-18","commitResults":[{"hash":"71fdc680999465e3a3b04022a92ac7a200be39a7","messageTitle":"level 5","messageBody":"","tags":["level-5"],"fileTypesAndContributionMap":{"java":{"insertions":19,"deletions":7}}}]},{"date":"2022-09-19","commitResults":[{"hash":"db6a7c71acfeaf0f1b290ddaa601aa8fb84e1a30","messageTitle":"commit level 5","messageBody":"","fileTypesAndContributionMap":{"java":{"insertions":122,"deletions":73}}}]},{"date":"2022-09-20","commitResults":[{"hash":"0de3c60617637a480dc00be52b8befc47aff0de6","messageTitle":"commit level 5","messageBody":"","fileTypesAndContributionMap":{"java":{"insertions":17,"deletions":16}}}]},{"date":"2022-09-25","commitResults":[{"hash":"b3fd2705af9e40429dc1c7d2153d99f8dc8141dd","messageTitle":"add ArrayList","messageBody":"","fileTypesAndContributionMap":{"java":{"insertions":12,"deletions":2}}}]},{"date":"2022-10-02","commitResults":[{"hash":"3157ff774a0b513f434432e764f6d4b16ed73b01","messageTitle":"add delete","messageBody":"","fileTypesAndContributionMap":{"java":{"insertions":54,"deletions":48}}},{"hash":"9e3268607598aab3dbe4e8001bee1479ab949fb1","messageTitle":"Revert \"add delete\"","messageBody":"This reverts commit 3157ff774a0b513f434432e764f6d4b16ed73b01.\n","fileTypesAndContributionMap":{"java":{"insertions":48,"deletions":54}}},{"hash":"1476d418b35d5b5bec66b1447173721d0e060993","messageTitle":"Revert \"Revert \"add delete\"\"","messageBody":"This reverts commit 9e3268607598aab3dbe4e8001bee1479ab949fb1.\n","fileTypesAndContributionMap":{"java":{"insertions":54,"deletions":48}}},{"hash":"ab3f7cba5a75a9e74fbabe5e27e52eec856c6961","messageTitle":"level 6 Add delete","messageBody":"","fileTypesAndContributionMap":{"java":{"insertions":2,"deletions":2}}},{"hash":"d9554d7309f3dab556a6f024e9aba18282110aa6","messageTitle":"Level 6 add delete","messageBody":"","fileTypesAndContributionMap":{"java":{"insertions":2,"deletions":2}}},{"hash":"739110ffd7b2b9a2546c36e3c5ef6355dcb6d404","messageTitle":"level 6 add delete","messageBody":"","tags":["level-6"],"fileTypesAndContributionMap":{"java":{"insertions":6,"deletions":6}}}]},{"date":"2022-10-09","commitResults":[{"hash":"3828aac00683e878d2db66f35f9fa85db2435550","messageTitle":"level 7","messageBody":"","fileTypesAndContributionMap":{"java":{"insertions":113,"deletions":6}}},{"hash":"82e569b848659dd070e4498a0da6b4fbe67f91fe","messageTitle":"edit level 7","messageBody":"","tags":["level-7"],"fileTypesAndContributionMap":{"java":{"insertions":8,"deletions":8}}}]},{"date":"2022-10-10","commitResults":[{"hash":"ecf40081ddb97bf20401225ed92bd6969e257719","messageTitle":"add package","messageBody":"","fileTypesAndContributionMap":{"java":{"insertions":34,"deletions":23}}}]},{"date":"2022-10-11","commitResults":[{"hash":"c0b27cfec7bac41ccf2ef4a0b809e69022a8dbe3","messageTitle":"edit level 7","messageBody":"","fileTypesAndContributionMap":{"java":{"insertions":2,"deletions":2}}}]},{"date":"2022-10-16","commitResults":[{"hash":"c48aaa13080b54112a735347df592580478074d7","messageTitle":"level8","messageBody":"","fileTypesAndContributionMap":{"java":{"insertions":125,"deletions":19}}},{"hash":"4d97fd01b607317bdd7c3b0136db1b65056a9e65","messageTitle":"edit level8","messageBody":"","fileTypesAndContributionMap":{"java":{"insertions":1,"deletions":0}}},{"hash":"1cc23d6495b2f4e06d0cbb341720447fd03b33ca","messageTitle":"add JavaDoc","messageBody":"","fileTypesAndContributionMap":{"java":{"insertions":10,"deletions":3}}}]},{"date":"2022-10-17","commitResults":[{"hash":"2d5b6a8869c2d83072542033e759594da64e2d60","messageTitle":"edit level 8","messageBody":"","fileTypesAndContributionMap":{"java":{"insertions":93,"deletions":35}}}]},{"date":"2022-10-18","commitResults":[{"hash":"591ebbab03c39f3a590895d4311a6ffcf94ee0b7","messageTitle":"edit level 8","messageBody":"","tags":["editPackage"],"fileTypesAndContributionMap":{"java":{"insertions":162,"deletions":54}}},{"hash":"0ddf2a0d2b28f1dc1b834ebd743537f50bf1ef5d","messageTitle":"edit level8","messageBody":"","fileTypesAndContributionMap":{"java":{"insertions":56,"deletions":56}}},{"hash":"7f41b7e8bb67912421aaff40da809dd3af8d874e","messageTitle":"add package","messageBody":"","fileTypesAndContributionMap":{"java":{"insertions":153,"deletions":161}}}]},{"date":"2022-10-19","commitResults":[{"hash":"065c51d0947f2481eb706f9b08a24125eadd7170","messageTitle":"edit package","messageBody":"","fileTypesAndContributionMap":{"java":{"insertions":348,"deletions":243}}},{"hash":"24746612cf24ec4906f78a8a681f90e6a6d34956","messageTitle":"edit package","messageBody":"","fileTypesAndContributionMap":{"java":{"insertions":28,"deletions":226}}}]},{"date":"2022-10-22","commitResults":[{"hash":"328fd1fb505181c96f0f9d1aa45afc443d4a9e83","messageTitle":"add Gradle","messageBody":"","fileTypesAndContributionMap":{"gradle":{"insertions":1,"deletions":1}}},{"hash":"158fd55c5cb0bfcfd3262240b84d9f5fda9cd3e6","messageTitle":"Add JUnit","messageBody":"","fileTypesAndContributionMap":{"java":{"insertions":37,"deletions":0}}},{"hash":"f41860f926eec48b6a112180419b8d9185c3e619","messageTitle":"edit","messageBody":"","fileTypesAndContributionMap":{"java":{"insertions":1,"deletions":17}}}]},{"date":"2022-10-23","commitResults":[{"hash":"4da264f7600d11fb189dd88f68f51e629a790b68","messageTitle":"level 9","messageBody":"","fileTypesAndContributionMap":{"java":{"insertions":10,"deletions":1}}}]},{"date":"2022-10-24","commitResults":[{"hash":"d254d7b31e6476afee2e12fbb186f06018a7daa9","messageTitle":"edit level 9","messageBody":"","fileTypesAndContributionMap":{"java":{"insertions":27,"deletions":8}}},{"hash":"18c714009bf65aae38af603660a04f6dc179633d","messageTitle":"coding standard and quality","messageBody":"","fileTypesAndContributionMap":{"java":{"insertions":30,"deletions":87}}},{"hash":"00f9bd1e15107c8d4d88ca9c6b328f0b60636d69","messageTitle":"add assertion","messageBody":"","fileTypesAndContributionMap":{"java":{"insertions":88,"deletions":72}}},{"hash":"ae5f821f48bcd205873529144faada1397b8e90b","messageTitle":"Add JAR","messageBody":"","fileTypesAndContributionMap":{"java":{"insertions":1,"deletions":1}}},{"hash":"1fb8648873558b21472c0795c7ed0c0209478dc1","messageTitle":"edit","messageBody":"","fileTypesAndContributionMap":{"java":{"insertions":22,"deletions":21}}}]}]},"authorFileTypeContributionMap":{"yuyanen":{"java":539,"md":0,"fxml":0,"sh":0,"bat":0,"gradle":1,"txt":0}},"authorContributionVariance":{"yuyanen":17547.086},"authorDisplayNameMap":{"yuyanen":"YU Y..ANEN"}}
