{"authorDailyContributionsMap":{"yuyanen":[{"date":"2022-08-28","commitResults":[{"hash":"6dc6e74de772d6e88f518f4174a4669b18050e69","messageTitle":"Level-1","messageBody":"","fileTypesAndContributionMap":{"java":{"insertions":1,"deletions":0}}},{"hash":"32527dbf8e29ca3b7ad2dbf31f4edb6674a96000","messageTitle":"Level-2","messageBody":"","fileTypesAndContributionMap":{"java":{"insertions":16,"deletions":2}}}]},{"date":"2022-09-04","commitResults":[{"hash":"1185ef6070c3e3130736493f24a695b31c6d8c8b","messageTitle":"edit","messageBody":"","fileTypesAndContributionMap":{"java":{"insertions":78,"deletions":30}}},{"hash":"f6c49c862572a4076f6f99b9447bcddfd290da6d","messageTitle":"Level 3","messageBody":"","fileTypesAndContributionMap":{"java":{"insertions":32,"deletions":0}}}]},{"date":"2022-09-07","commitResults":[{"hash":"178855775247bf10c6327284c5ad46a38d989133","messageTitle":"edit level3","messageBody":"","fileTypesAndContributionMap":{"java":{"insertions":35,"deletions":93}}},{"hash":"4255887406899dceda0d0edeacdc54916455bb37","messageTitle":"edit level 3","messageBody":"","fileTypesAndContributionMap":{"java":{"insertions":31,"deletions":6}}}]},{"date":"2022-09-08","commitResults":[{"hash":"8b41a97275937e716722dc8e56e52a259fd418dc","messageTitle":"edit level 3","messageBody":"","fileTypesAndContributionMap":{"java":{"insertions":34,"deletions":27}}}]},{"date":"2022-09-11","commitResults":[{"hash":"3773eb1057752cce2821d53e72d92c3227162df1","messageTitle":"edit","messageBody":"","fileTypesAndContributionMap":{"java":{"insertions":6,"deletions":15}}},{"hash":"6dfacaa1107b2711c8da189dd9a42ffc872df86c","messageTitle":"level 4","messageBody":"","fileTypesAndContributionMap":{"java":{"insertions":9,"deletions":47}}}]},{"date":"2022-09-12","commitResults":[{"hash":"a569ecac4902fd526561acb53c312dfefc48edbe","messageTitle":"add Deadline task","messageBody":"","fileTypesAndContributionMap":{"java":{"insertions":40,"deletions":9}}}]},{"date":"2022-09-13","commitResults":[{"hash":"15b2183eb3a42918f813d17db097dcdf2d9ae84d","messageTitle":"edit level 4","messageBody":"","fileTypesAndContributionMap":{"java":{"insertions":43,"deletions":10}}},{"hash":"22858507a778549af7e1c23f12c27c85c61f0c8c","messageTitle":"commit level 4","messageBody":"","fileTypesAndContributionMap":{"java":{"insertions":28,"deletions":13}}}]}]},"authorFileTypeContributionMap":{"yuyanen":{"java":152,"md":0,"fxml":0,"sh":0,"bat":0,"gradle":0,"txt":0}},"authorContributionVariance":{"yuyanen":1572.4441},"authorDisplayNameMap":{"yuyanen":"YU Y..ANEN"}}
