{"authorDailyContributionsMap":{"yuyanen":[{"date":"2022-08-28","commitResults":[{"hash":"6dc6e74de772d6e88f518f4174a4669b18050e69","messageTitle":"Level-1","messageBody":"","tags":["level-1"],"fileTypesAndContributionMap":{"java":{"insertions":1,"deletions":0}}},{"hash":"32527dbf8e29ca3b7ad2dbf31f4edb6674a96000","messageTitle":"Level-2","messageBody":"","tags":["level-2"],"fileTypesAndContributionMap":{"java":{"insertions":16,"deletions":2}}}]},{"date":"2022-09-04","commitResults":[{"hash":"1185ef6070c3e3130736493f24a695b31c6d8c8b","messageTitle":"edit","messageBody":"","fileTypesAndContributionMap":{"java":{"insertions":78,"deletions":30}}},{"hash":"f6c49c862572a4076f6f99b9447bcddfd290da6d","messageTitle":"Level 3","messageBody":"","fileTypesAndContributionMap":{"java":{"insertions":32,"deletions":0}}}]},{"date":"2022-09-07","commitResults":[{"hash":"178855775247bf10c6327284c5ad46a38d989133","messageTitle":"edit level3","messageBody":"","fileTypesAndContributionMap":{"java":{"insertions":35,"deletions":93}}},{"hash":"4255887406899dceda0d0edeacdc54916455bb37","messageTitle":"edit level 3","messageBody":"","fileTypesAndContributionMap":{"java":{"insertions":31,"deletions":6}}}]},{"date":"2022-09-08","commitResults":[{"hash":"8b41a97275937e716722dc8e56e52a259fd418dc","messageTitle":"edit level 3","messageBody":"","fileTypesAndContributionMap":{"java":{"insertions":34,"deletions":27}}}]},{"date":"2022-09-11","commitResults":[{"hash":"3773eb1057752cce2821d53e72d92c3227162df1","messageTitle":"edit","messageBody":"","fileTypesAndContributionMap":{"java":{"insertions":6,"deletions":15}}},{"hash":"6dfacaa1107b2711c8da189dd9a42ffc872df86c","messageTitle":"level 4","messageBody":"","fileTypesAndContributionMap":{"java":{"insertions":9,"deletions":47}}}]},{"date":"2022-09-12","commitResults":[{"hash":"a569ecac4902fd526561acb53c312dfefc48edbe","messageTitle":"add Deadline task","messageBody":"","fileTypesAndContributionMap":{"java":{"insertions":40,"deletions":9}}}]},{"date":"2022-09-13","commitResults":[{"hash":"15b2183eb3a42918f813d17db097dcdf2d9ae84d","messageTitle":"edit level 4","messageBody":"","fileTypesAndContributionMap":{"java":{"insertions":43,"deletions":10}}},{"hash":"22858507a778549af7e1c23f12c27c85c61f0c8c","messageTitle":"commit level 4","messageBody":"","tags":["level-4"],"fileTypesAndContributionMap":{"java":{"insertions":28,"deletions":13}}}]},{"date":"2022-09-18","commitResults":[{"hash":"71fdc680999465e3a3b04022a92ac7a200be39a7","messageTitle":"level 5","messageBody":"","tags":["level-5"],"fileTypesAndContributionMap":{"java":{"insertions":19,"deletions":7}}}]},{"date":"2022-09-19","commitResults":[{"hash":"db6a7c71acfeaf0f1b290ddaa601aa8fb84e1a30","messageTitle":"commit level 5","messageBody":"","fileTypesAndContributionMap":{"java":{"insertions":122,"deletions":73}}}]},{"date":"2022-09-20","commitResults":[{"hash":"0de3c60617637a480dc00be52b8befc47aff0de6","messageTitle":"commit level 5","messageBody":"","fileTypesAndContributionMap":{"java":{"insertions":17,"deletions":16}}}]},{"date":"2022-09-25","commitResults":[{"hash":"b3fd2705af9e40429dc1c7d2153d99f8dc8141dd","messageTitle":"add ArrayList","messageBody":"","fileTypesAndContributionMap":{"java":{"insertions":12,"deletions":2}}}]},{"date":"2022-10-02","commitResults":[{"hash":"3157ff774a0b513f434432e764f6d4b16ed73b01","messageTitle":"add delete","messageBody":"","fileTypesAndContributionMap":{"java":{"insertions":54,"deletions":48}}},{"hash":"9e3268607598aab3dbe4e8001bee1479ab949fb1","messageTitle":"Revert \"add delete\"","messageBody":"This reverts commit 3157ff774a0b513f434432e764f6d4b16ed73b01.\n","fileTypesAndContributionMap":{"java":{"insertions":48,"deletions":54}}},{"hash":"1476d418b35d5b5bec66b1447173721d0e060993","messageTitle":"Revert \"Revert \"add delete\"\"","messageBody":"This reverts commit 9e3268607598aab3dbe4e8001bee1479ab949fb1.\n","fileTypesAndContributionMap":{"java":{"insertions":54,"deletions":48}}},{"hash":"ab3f7cba5a75a9e74fbabe5e27e52eec856c6961","messageTitle":"level 6 Add delete","messageBody":"","fileTypesAndContributionMap":{"java":{"insertions":2,"deletions":2}}},{"hash":"d9554d7309f3dab556a6f024e9aba18282110aa6","messageTitle":"Level 6 add delete","messageBody":"","fileTypesAndContributionMap":{"java":{"insertions":2,"deletions":2}}},{"hash":"739110ffd7b2b9a2546c36e3c5ef6355dcb6d404","messageTitle":"level 6 add delete","messageBody":"","tags":["level-6"],"fileTypesAndContributionMap":{"java":{"insertions":6,"deletions":6}}}]},{"date":"2022-10-09","commitResults":[{"hash":"3828aac00683e878d2db66f35f9fa85db2435550","messageTitle":"level 7","messageBody":"","fileTypesAndContributionMap":{"java":{"insertions":113,"deletions":6}}},{"hash":"82e569b848659dd070e4498a0da6b4fbe67f91fe","messageTitle":"edit level 7","messageBody":"","tags":["level-7"],"fileTypesAndContributionMap":{"java":{"insertions":8,"deletions":8}}}]},{"date":"2022-10-10","commitResults":[{"hash":"ecf40081ddb97bf20401225ed92bd6969e257719","messageTitle":"add package","messageBody":"","fileTypesAndContributionMap":{"java":{"insertions":34,"deletions":23}}}]},{"date":"2022-10-11","commitResults":[{"hash":"c0b27cfec7bac41ccf2ef4a0b809e69022a8dbe3","messageTitle":"edit level 7","messageBody":"","fileTypesAndContributionMap":{"java":{"insertions":2,"deletions":2}}}]},{"date":"2022-10-16","commitResults":[{"hash":"c48aaa13080b54112a735347df592580478074d7","messageTitle":"level8","messageBody":"","fileTypesAndContributionMap":{"java":{"insertions":125,"deletions":19}}},{"hash":"4d97fd01b607317bdd7c3b0136db1b65056a9e65","messageTitle":"edit level8","messageBody":"","fileTypesAndContributionMap":{"java":{"insertions":1,"deletions":0}}},{"hash":"1cc23d6495b2f4e06d0cbb341720447fd03b33ca","messageTitle":"add JavaDoc","messageBody":"","fileTypesAndContributionMap":{"java":{"insertions":10,"deletions":3}}}]},{"date":"2022-10-17","commitResults":[{"hash":"2d5b6a8869c2d83072542033e759594da64e2d60","messageTitle":"edit level 8","messageBody":"","fileTypesAndContributionMap":{"java":{"insertions":93,"deletions":35}}}]}]},"authorFileTypeContributionMap":{"yuyanen":{"java":523,"md":0,"fxml":0,"sh":0,"bat":0,"gradle":0,"txt":0}},"authorContributionVariance":{"yuyanen":3343.29},"authorDisplayNameMap":{"yuyanen":"YU Y..ANEN"}}
